Disease,Protein
D012559,P04217
D058186,Q9BQ22
D000544,Q9BQ22
D003110,Q9BQ22
D008103,Q9BQ22
D008175,Q9BQ22
D009404,Q9BQ22
D011471,Q9NRG9
D001321,P80404
D005764,P80404
D012640,P80404
D015179,Q9NP93
D006937,Q9NP93
D006938,Q9NP93
D007676,Q9NP93
D015473,Q9NP93
D015179,Q8WWZ4
D015179,Q86UK0
D013964,Q86UK0
D015179,Q86UQ4
D015179,Q99758
D006976,Q99758
D015179,P78363
D015179,Q6N017
D015179,Q8N139
D017449,Q8N139
D000544,Q8IZY2
D001943,Q49AI9
D015179,Q49AI9
D013964,Q49AI9
D015179,Q8IUA7
D001172,Q6TBL4
D001943,Q6TBL4
D002277,Q6TBL4
D002289,Q6TBL4
D015179,Q6TBL4
D064420,Q6TBL4
D004827,Q6TBL4
D004927,Q6TBL4
D004938,Q6TBL4
D007024,Q6TBL4
D007680,Q6TBL4
D009325,Q6TBL4
D009362,Q6TBL4
D009369,Q6TBL4
D009447,Q6TBL4
D009503,Q6TBL4
D010149,Q6TBL4
D010300,Q6TBL4
D011041,Q6TBL4
D054198,Q6TBL4
D014839,Q6TBL4
D015179,Q9NRK6
D015179,Q53S60
D011537,Q53S60
D015179,Q75MQ5
D007249,Q75MQ5
D008103,Q75MQ5
D008105,Q75MQ5
D015179,Q2M3G0
D008545,Q2M3G0
D015179,Q9NP58
D013964,Q9NP58
D013964,Q9NUT2
D001943,P33527
D015179,P33527
D064420,P33527
D006973,P33527
D013964,Q5T3U5
D064420,Q96J65
D000505,Q92887
D001172,Q92887
D015179,Q92887
D003967,Q92887
D004342,Q92887
D064420,Q92887
D005767,Q92887
D006932,Q92887
D008105,Q92887
D012640,Q92887
D013226,Q92887
D001172,Q86VN9
D015179,Q86VN9
D001172,Q8IWU1
D015179,Q8IWU1
D064420,Q8IWU1
D004715,Q8IWU1
D009362,Q8IWU1
D011471,Q8IWU1
D019966,Q8IWU1
D015179,Q09428
D003924,Q09428
D016889,Q8N4N7
D004715,Q8N4N7
D015179,Q9UBJ2
D015179,P28288
D015179,P61221
D006967,Q5STZ8
D011014,Q5STZ8
D015179,P45844
D007676,P45844
D001172,Q8WZ76
D001943,Q8WZ76
D015179,Q8WZ76
D003967,Q8WZ76
D064420,Q8WZ76
D006073,Q8WZ76
D006333,Q8WZ76
D008105,Q8WZ76
D003324,Q53T83
D003327,Q53T83
D011471,Q53T83
D003324,Q96A01
D000544,Q9P2A4
D004715,Q5JPC9
D001943,Q86Y36
D004938,Q86Y36
D015464,Q86Y36
D008113,Q86Y36
D054198,Q86Y36
D003324,Q9UQ67
D004381,Q9UQ67
D010190,Q9UQ67
D011471,Q9UQ67
D020521,Q9UQ67
D011471,Q12979
D002311,Q8N0Z2
D013274,Q9ULW3
D010003,P42765
D012128,P42765
D006333,Q7Z5W8
D001943,Q4G170
D009765,Q4G170
D013274,Q6ZUS0
D009765,Q5T4U5
D006333,P16219
D001321,P45954
D001172,Q6PID9
D007676,P35610
D012640,P35610
D000544,Q3KRI5
D001145,Q3KRI5
D001281,Q3KRI5
D001321,Q3KRI5
D002545,Q3KRI5
D003324,Q3KRI5
D003327,Q3KRI5
D003371,Q3KRI5
D003928,Q3KRI5
D004342,Q3KRI5
D005776,Q3KRI5
D006333,Q3KRI5
D006973,Q3KRI5
D006976,Q3KRI5
D007022,Q3KRI5
D007235,Q3KRI5
D007248,Q3KRI5
D007674,Q3KRI5
D007676,Q3KRI5
D008175,Q3KRI5
D008589,Q3KRI5
D009203,Q3KRI5
D009362,Q3KRI5
D011225,Q3KRI5
D011471,Q3KRI5
D012128,Q3KRI5
D012140,Q3KRI5
D013203,Q3KRI5
D013274,Q3KRI5
D020521,Q3KRI5
D000022,Q9BYF1
D001008,Q9BYF1
D003928,Q9BYF1
D006333,Q9BYF1
D006973,Q9BYF1
D006976,Q9BYF1
D007249,Q9BYF1
D012128,Q9BYF1
D008545,Q9NUN7
D000544,Q6TQD3
D000686,Q6TQD3
D001943,Q6TQD3
D002292,Q6TQD3
D015179,Q6TQD3
D064420,Q6TQD3
D006130,Q6TQD3
D009765,Q6TQD3
D011041,Q6TQD3
D011471,Q6TQD3
D012640,Q6TQD3
D014202,Q6TQD3
D001749,Q6TQD3
D008288,Q5Y7A4
D001172,P25106
D002277,P25106
D015179,P25106
D007674,P25106
D009362,P25106
D006333,P53396
D009765,P53396
D010003,P21399
D012128,Q71UF1
D008113,Q86TX2
D012559,Q3I5F7
D015451,Q9NUZ1
D009765,P13686
D001171,Q8NEB7
D011471,Q8NEB7
D002277,Q108N2
D009765,Q108N2
D008175,Q08AH1
D011471,Q53FZ2
D001943,Q13707
D003110,Q13707
D004715,Q13707
D007674,Q13707
D008103,Q13707
D009203,Q13707
D012595,Q13707
D002277,Q9UMN3
D004938,Q9UMN3
D008175,Q9UMN3
D010003,Q9UMN3
D002311,P68032
D013274,P68032
D002277,Q96FU6
D003110,P63267
D002277,Q96BG6
D001943,Q53SV1
D010190,P36896
D006976,P37023
D002292,Q03154
D001321,Q16073
D008175,Q16073
D008175,Q9UKQ2
D011471,Q9UKQ2
D001943,Q8N8Z9
D011471,Q13443
D000544,Q8NE26
D001943,Q8NE26
D002289,Q8NE26
D016553,Q96P40
D008113,Q8TE56
D008545,P59510
D012559,Q96AY5
D003324,Q9UKP4
D011471,Q5FWF1
D003924,Q9P2N4
D006130,Q86TH1
D001943,P55265
D010300,Q86X17
D019966,Q86X17
D013375,Q8NFM5
D001249,Q7RTV6
D001714,Q7RTV6
D001171,P51828
D003093,P51828
D015470,P51828
D012559,P51828
D003925,Q4F7X0
D013375,Q4F7X0
D015877,Q53BH1
D011595,Q53BH1
D012640,Q53BH1
D001249,Q6S992
D006973,Q96D30
D001714,Q5VU08
D002545,Q5VU08
D012559,Q8IZF3
D010003,Q8IZP9
D001289,Q9HAR2
D000437,P00325
D002544,P00325
D015179,P00325
D004938,P00325
D009765,P00325
D004938,P40394
D011471,Q9BV57
D001172,Q15848
D002292,Q15848
D003424,Q15848
D003924,Q15848
D003928,Q15848
D006333,Q15848
D006973,Q15848
D007249,Q15848
D007676,Q15848
D009765,Q15848
D011654,Q15848
D007247,Q96A54
D007676,Q96A54
D007247,Q86V24
D008607,P55263
D001321,P35318
D010146,P35318
D018805,P35318
D013276,P35318
D001321,Q6DHZ8
D001919,P30542
D004342,P30542
D064420,P30542
D007022,P30542
D009203,P30542
D013345,P30542
D013375,P30542
D018754,P30542
D001008,P29274
D001172,P29274
D003866,P29274
D004342,P29274
D064420,P29274
D007022,P29274
D016584,P29274
D012640,P29274
D018805,P29274
D007319,P29274
D013375,P29274
D014202,P29274
D018754,P29274
D009362,Q2L7J7
D018805,Q2L7J7
D009203,P0DMS8
D008103,P35348
D007022,P35368
D007674,P35368
D012640,P35368
D004827,P08913
D006973,P08913
D007022,P08913
D016584,P08913
D003490,P18089
D008607,P18089
D006333,Q4W594
D002311,P08588
D006333,P08588
D006973,P08588
D009765,P08588
D013274,P08588
D018754,P08588
D001321,Q9BYZ0
D002311,Q9BYZ0
D007008,Q9BYZ0
D009765,Q9BYZ0
D011471,Q9BYZ0
D013274,Q9BYZ0
D014202,Q9BYZ0
D018487,Q9BYZ0
D006333,P13945
D009765,P13945
D001321,P30566
D003324,Q96IZ2
D002294,Q8N4X5
D001172,P51826
D019966,P51826
D006130,Q8TAX5
D009765,Q8TAX5
D012559,Q8NB90
D058186,P43652
D064420,P43652
D001943,P02771
D013274,P02771
D001321,Q9UPQ3
D001281,Q5VU57
D019966,Q5VU57
D001172,Q71BG7
D001249,Q71BG7
D003925,Q71BG7
D006973,Q71BG7
D007249,Q71BG7
D010003,Q71BG7
D011656,Q71BG7
D019970,Q9UKV8
D001943,Q4JM47
D011471,Q4JM47
D015470,Q96QF9
D001014,Q53YY1
D001145,Q53YY1
D001919,Q53YY1
D003928,Q53YY1
D062787,Q53YY1
D006333,Q53YY1
D006973,Q53YY1
D006974,Q53YY1
D007008,Q53YY1
D007022,Q53YY1
D007249,Q53YY1
D007674,Q53YY1
D008103,Q53YY1
D009203,Q53YY1
D009336,Q53YY1
D011014,Q53YY1
D011225,Q53YY1
D012640,Q53YY1
D013927,Q53YY1
D018487,Q53YY1
D000022,Q6NUP5
D021441,Q6NUP5
D004374,Q6NUP5
D006333,Q6NUP5
D006973,Q6NUP5
D007674,Q6NUP5
D009362,Q6NUP5
D007674,P30556
D006973,P30556
D006973,P50052
D009362,P50052
D013274,P50052
D011471,Q96HN2
D001321,Q9NQN3
D008607,Q9NQN3
D012559,Q9NQN3
D002292,Q9BVU3
D000022,P35869
D001172,P35869
D001943,P35869
D003876,P35869
D006130,P35869
D006973,P35869
D007003,P35869
D007247,P35869
D007248,P35869
D007249,P35869
D007642,P35869
D008103,P35869
D008113,P35869
D009336,P35869
D009362,P35869
D009369,P35869
D009765,P35869
D010190,P35869
D011014,P35869
D011471,P35869
D011537,P35869
D013274,P35869
D014029,P35869
D058186,P02765
D064420,P02765
D001327,Q6QLN7
D001752,Q6QLN7
D007945,Q6QLN7
D006973,Q5STX8
D010300,Q5STX8
D013345,Q5STX8
D014277,Q5STX8
D009103,Q5T3W0
D010003,P27144
D009765,Q92667
D001714,Q9UKA4
D012559,Q9UKA4
D001943,Q86TJ9
D002292,Q12802
D004938,Q12802
D011471,Q12802
D001281,Q13023
D019966,Q6P4D3
D012871,Q6PJH3
D016889,P15121
D004715,P15121
D012128,P15121
D002289,Q04828
D016889,Q04828
D004715,Q04828
D009376,Q04828
D010003,Q04828
D004715,Q1KXY7
D009376,Q1KXY7
D010003,Q1KXY7
D016889,P42330
D004715,P42330
D009376,P42330
D009765,P42330
D011471,P42330
D013274,P42330
D001714,P17516
D011125,P31749
D001943,P31749
D002294,P31749
D015179,P31749
D003924,P31749
D004827,P31749
D015228,P31749
D007249,P31749
D015473,P31749
D008175,P31749
D009765,P31749
D010051,P31749
D010146,P31749
D011471,P31749
D012559,P31749
D001749,P31749
D013119,Q96B36
D001943,Q6P4H3
D003924,Q6P4H3
D011471,Q6P4H3
D002292,P13716
D006402,P13716
D006973,P13716
D007674,P13716
D008103,P13716
D011471,P13716
D012128,P13716
D012640,P13716
D058186,Q6LEH2
D002545,Q6LEH2
D003093,Q6LEH2
D003866,Q6LEH2
D003925,Q6LEH2
D003928,Q6LEH2
D064420,Q6LEH2
D004443,Q6LEH2
D004827,Q6LEH2
D006333,Q6LEH2
D006967,Q6LEH2
D006973,Q6LEH2
D007022,Q6LEH2
D007674,Q6LEH2
D007676,Q6LEH2
D008103,Q6LEH2
D008105,Q6LEH2
D009393,Q6LEH2
D009404,Q6LEH2
D010146,Q6LEH2
D010195,Q6LEH2
D011041,Q6LEH2
D012128,Q6LEH2
D012140,Q6LEH2
D012221,Q6LEH2
D013274,Q6LEH2
D020521,Q6LEH2
D013921,Q6LEH2
D014581,Q6LEH2
D014605,Q6LEH2
D002277,Q13740
D006073,Q8IZ83
D002292,Q5SYQ9
D008545,Q5SYQ9
D020734,Q5SYQ9
D010003,Q9UED3
D020734,Q9UED3
D011471,Q9UED3
D008545,P47895
D013274,P47895
D003110,P30837
D000437,Q9UN17
D001249,Q9UN17
D015179,Q9UN17
D004938,Q9UN17
D007248,Q9UN17
D010300,Q9UN17
D018754,Q9UN17
D008607,Q8N3W7
D009461,Q8N3W7
D009765,Q02252
D013274,P49419
D001943,P04075
D009362,P04075
D013274,P05062
D004827,Q9NP73
D001932,Q580I3
D001943,Q580I3
D002289,Q580I3
D002292,Q580I3
D009362,Q580I3
D009447,Q580I3
D009101,Q6P6C2
D011225,Q6P6C2
D001943,Q96BT7
D002311,Q8TCU4
D001171,P18054
D012871,P18054
D004938,P16050
D006973,P16050
D001172,P09917
D001249,P09917
D002292,P09917
D003110,P09917
D006976,P09917
D015464,P09917
D009362,P09917
D010051,P09917
D011471,P09917
D013274,P09917
D014581,P09917
D011471,Q9BYJ1
D003928,Q96QP1
D006073,Q96QP1
D012640,P05186
D012559,Q60I27
D008175,Q9H161
D015179,Q9UHK6
D011471,Q9UHK6
D058186,P02760
D064420,P02760
D013119,Q9C0C7
D000544,Q6PGR1
D001749,Q6PGR1
D058186,Q9BXJ7
D004487,Q9BXJ7
D005119,Q9BXJ7
D001932,Q4VCS5
D007249,Q15389
D018805,Q15389
D001943,Q9BY76
D002277,Q9BY76
D003324,Q9BY76
D015228,Q9BY76
D009362,Q9BY76
D009765,Q9BY76
D020521,Q01484
D001714,Q12955
D008175,Q12955
D013226,Q12955
D001749,Q9P2R3
D004715,Q9HCJ1
D004715,Q05DQ9
D004827,Q8IVY9
D008175,Q8IVF6
D008175,Q5SQ80
D001943,Q69YU3
D001172,Q3KP44
D003324,Q49AR9
D008103,Q68DC2
D003294,Q9BYT9
D004715,Q32M45
D019966,Q32M45
D013167,Q4KMQ2
D015179,Q6PKH8
D001749,P15144
D010014,Q32Q26
D011471,Q32Q26
D013167,Q32Q26
D002277,Q5TZZ9
D002294,Q5TZZ9
D006973,Q5TZZ9
D007674,Q5TZZ9
D009362,Q5TZZ9
D011471,Q5TZZ9
D010190,Q9UJ72
D002294,P07355
D015470,P07355
D008113,P07355
D008175,P07355
D001749,Q3ZCQ2
D001172,P12429
D008180,P12429
D010051,P12429
D011471,P12429
D002277,Q6P452
D002292,Q6P452
D015470,Q6P452
D008113,Q6P452
D009362,Q6P452
D011471,Q6P452
D002294,P08758
D015470,P08758
D011225,P08758
D013274,P08758
D015470,P08133
D008113,P20073
D006973,P19801
D003928,Q16853
D006973,Q16853
D001171,Q8N6M6
D001281,Q8N6M6
D011471,Q06278
D011565,Q53T10
D003924,Q6PK37
D002292,Q9H0R1
D012871,Q99767
D011125,Q9UM98
D001321,Q9UM98
D002289,Q9UM98
D003110,Q9UM98
D015179,Q9UM98
D005770,Q9UM98
D005909,Q9UM98
D015212,Q9UM98
D008607,Q9UM98
D007964,Q9UM98
D008113,Q9UM98
D008175,Q9UM98
D008527,Q9UM98
D008654,Q9UM98
D011471,Q9UM98
D012004,Q9UM98
D012128,Q9UM98
D013274,Q9UM98
D001943,Q9UNL8
D015179,Q9UNL8
D015212,Q9UNL8
D009765,Q8J025
D003324,P02743
D006333,P02743
D008113,P02743
D008545,Q5TZP7
D011471,Q5TZP7
D012640,Q5TZP7
D013274,Q5TZP7
D000544,Q4R1J8
D007022,Q9ULZ1
D003324,Q6LEJ8
D004487,Q6LEJ8
D006973,Q6LEJ8
D007249,Q6LEJ8
D008175,Q6LEJ8
D013274,Q6LEJ8
D020521,Q6LEJ8
D003093,Q13784
D006938,Q13784
D012559,Q13784
D003324,Q6Q788
D015228,Q6Q788
D003327,Q7Z7Q0
D064420,Q7Z7Q0
D006470,Q7Z7Q0
D006937,Q7Z7Q0
D006938,Q7Z7Q0
D015228,Q7Z7Q0
D001171,P31941
D001943,P31941
D009369,P31941
D001943,Q9UH17
D002294,Q9UH17
D006258,Q9UH17
D009369,Q9UH17
D001749,Q9UH17
D000544,P02654
D006333,P02654
D003324,P02656
D006951,P02656
D006938,P02656
D008175,P02656
D000022,Q8TCZ8
D000544,Q8TCZ8
D000686,Q8TCZ8
D001008,Q8TCZ8
D001161,Q8TCZ8
D003327,Q8TCZ8
D006937,Q8TCZ8
D006938,Q8TCZ8
D006973,Q8TCZ8
D008175,Q8TCZ8
D009103,Q8TCZ8
D009203,Q8TCZ8
D009765,Q8TCZ8
D011565,Q8TCZ8
D012559,Q8TCZ8
D012640,Q8TCZ8
D019970,Q9BQE5
D012559,Q9BQE5
D012559,Q9BRG6
D000544,Q9BYY9
D000686,Q9BYY9
D001008,Q9BYY9
D003704,Q9BYY9
D009336,Q9BYY9
D011471,Q8NEU8
D019966,Q8NEU8
D001943,Q12898
D002292,Q12898
D002277,Q8TCV1
D006973,Q8TCV1
D010146,Q8TCV1
D012772,Q8TCV1
D013119,Q8TCV1
D002294,Q92482
D004938,Q92482
D010051,Q92482
D001749,Q92482
D001321,Q9H3V7
D013119,Q9H3V7
D013226,Q9H3V7
D009765,Q6P5T0
D001171,Q6FGT0
D007938,Q6FGT0
D015470,Q6FGT0
D015473,Q6FGT0
D000505,Q9UKJ6
D001321,Q9UKJ6
D001943,Q9UKJ6
D006973,Q9UKJ6
D007247,Q9UKJ6
D007248,Q9UKJ6
D007938,Q9UKJ6
D008175,Q9UKJ6
D011471,Q9UKJ6
D001943,Q96II5
D000544,Q7LC44
D019970,Q7LC44
D001171,P15514
D001249,P15514
D001943,P15514
D002289,P15514
D002294,P15514
D004715,P15514
D006258,P15514
D010051,P15514
D013274,P15514
D001943,P84077
D013274,Q8N6H7
D001249,P05089
D007896,P05089
D001249,P78540
D021441,P78540
D006333,P78540
D006976,P78540
D009336,P78540
D011471,P78540
D001281,Q86T21
D004715,Q9P2N2
D009369,Q92619
D011225,Q92619
D013274,Q13017
D001943,P52565
D009362,P52565
D008175,Q12774
D011471,Q12774
D004827,Q8NFD5
D009447,Q8NFD5
D011471,Q8WV72
D011471,Q05CG0
D001172,Q14865
D064420,Q14865
D054198,Q14865
D010051,Q969Q4
D008545,P36404
D008545,Q96KC2
D011471,Q15041
D001281,Q5T2E8
D000022,Q9UH46
D015179,Q9UH46
D004715,Q9UH46
D008103,Q9UH46
D008545,Q9UH46
D054198,Q9UH46
D001281,Q86TN1
D008103,P49407
D001943,Q96B67
D001943,Q5T4W7
D003876,Q5T4W7
D011537,Q5T4W7
D001289,Q9HBK9
D008175,Q9HBK9
D012559,Q9HBK9
D001749,Q9HBK9
D001281,Q13510
D001171,Q8WWA4
D014397,Q8WWA4
D001749,Q8WWA4
D002292,Q8WXK1
D008607,P50553
D003110,Q99929
D008545,Q9Y294
D008113,Q9NR48
D011471,Q9NR48
D002545,P78348
D007249,P78348
D001321,Q16515
D007249,Q16515
D007249,Q9UHC3
D002280,P42127
D008545,P42127
D001321,P46597
D008113,P08243
D000707,Q86U10
D002769,Q86U10
D005334,Q86U10
D013921,Q86U10
D014839,Q86U10
D010003,Q6P528
D003925,Q5T6L6
D015473,Q76L82
D015470,Q76L83
D001749,Q76L83
D004827,Q9C0F0
D011471,Q49AP3
D011471,Q5SV16
D009369,P15336
D002289,Q7Z567
D003924,Q7Z567
D008113,Q7Z567
D010051,Q7Z567
D011471,Q7Z567
D009336,Q6ICP0
D013119,Q6ICP0
D006816,Q9Y2D1
D020795,P18850
D013736,Q6VMQ6
D001943,Q9H0Y0
D008175,Q9BSB4
D008103,Q7Z3H3
D009336,Q7Z3H3
D010051,Q7Z3H3
D013119,Q7Z3H3
D001172,P31939
D064420,P31939
D001943,Q96QM9
D002294,Q96QM9
D002311,Q96QM9
D015451,Q96QM9
D008103,Q96QM9
D016410,Q96QM9
D008545,Q96QM9
D009203,Q96QM9
D009369,Q96QM9
D010190,Q96QM9
D011471,Q96QM9
D013274,Q96QM9
D001749,Q96QM9
D018487,Q96QM9
D015179,Q6IBA3
D006973,Q6IBA3
D008175,Q6IBA3
D010300,Q8N4D4
D020734,Q8N4D4
D006929,Q5TC05
D006973,Q5TC05
D009203,Q5TC05
D006973,Q58I22
D006333,Q58I21
D010003,Q58I21
D020734,Q58I21
D018487,Q58I21
D015470,Q6LEU2
D019966,Q6LEU2
D003924,P16615
D006333,P16615
D013226,P16615
D018487,P16615
D003924,Q93084
D003324,Q58F24
D006973,Q58F24
D006929,Q16720
D006973,Q16720
D000544,P25705
D058186,P06576
D001749,P30049
D002277,Q9UII2
D001943,Q52LC2
D013274,Q8N8Y2
D010003,P21281
D003110,Q762B6
D006130,Q762B6
D006976,Q762B6
D009461,Q762B6
D012640,Q762B6
D014202,Q762B6
D001943,Q9HBD9
D002277,Q9HBD9
D015179,Q9HBD9
D007249,Q9HBD9
D007680,Q9HBD9
D008103,Q9HBD9
D008113,Q9HBD9
D010051,Q9HBD9
D011471,Q9HBD9
D019970,Q7Z6L4
D009765,Q5TC12
D011471,Q9H6X2
D006130,Q86U63
D009447,Q86U63
D010190,Q86U63
D001281,Q96FF1
D001943,Q5QPD4
D015179,Q5QPD4
D007680,Q5QPD4
D008545,Q5QPD4
D009447,Q5QPD4
D011471,Q5QPD4
D013274,Q96GD4
D003924,Q75MQ7
D004827,Q75MQ7
D002289,Q9NQS1
D058186,Q9UMM9
D000787,Q9UMM9
D001145,Q9UMM9
D001321,Q9UMM9
D062787,Q9UMM9
D004412,Q9UMM9
D006333,Q9UMM9
D006973,Q9UMM9
D007022,Q9UMM9
D007177,Q9UMM9
D010146,Q9UMM9
D011141,Q9UMM9
D011618,Q9UMM9
D012559,Q9UMM9
D012769,Q9UMM9
D013375,Q9UMM9
D008175,Q5T686
D000312,P37288
D001321,P37288
D000312,P30518
D006130,P30518
D006333,P30518
D002311,Q9BRF5
D003110,Q9BRF5
D015179,Q9BRF5
D002289,P30530
D003928,P30530
D007680,P30530
D009362,P30530
D010190,P30530
D008175,P25311
D011471,P25311
D012852,P25311
D058186,Q16446
D001327,Q16446
D064420,Q16446
D007674,Q16446
D011471,Q16446
D001172,Q9NY97
D001172,Q6UX72
D015470,Q8WXS3
D010051,Q9NWV8
D000544,Q8IYC8
D003424,Q7Z6Q0
D015470,Q7Z6Q0
D007938,Q92934
D011471,Q92934
D001943,Q99933
D010300,Q9UL15
D001172,Q9UHR4
D003110,Q16611
D009203,Q16611
D006333,Q13145
D008103,Q13145
D008180,Q8NDB2
D001943,Q96TC6
D002280,Q96TC6
D002292,Q96TC6
D003110,Q96TC6
D006258,Q96TC6
D007680,Q96TC6
D007938,Q96TC6
D008113,Q96TC6
D008175,Q96TC6
D008654,Q96TC6
D010051,Q96TC6
D010190,Q96TC6
D011471,Q96TC6
D013274,Q96TC6
D013736,Q96TC6
D001749,Q96TC6
D014594,Q96TC6
D001943,Q99728
D009447,Q99728
D002277,P80723
D008545,Q8N1L9
D058186,Q8WXU1
D000544,Q8WXU1
D001943,Q8WXU1
D003110,Q8WXU1
D015179,Q8WXU1
D003924,Q8WXU1
D004938,Q8WXU1
D007248,Q8WXU1
D016410,Q8WXU1
D009203,Q8WXU1
D054198,Q8WXU1
D011471,Q8WXU1
D011471,Q9UIF9
D002545,Q9BXH1
D004938,Q9BXH1
D010190,Q6P5Z4
D011471,Q6P5Z4
D011471,Q05CL3
D000544,Q96HL2
D001049,Q96HL2
D001943,Q96HL2
D002292,Q96HL2
D019970,Q96HL2
D064420,Q96HL2
D004830,Q96HL2
D005909,Q96HL2
D015228,Q96HL2
D009103,Q96HL2
D009447,Q96HL2
D009765,Q96HL2
D011041,Q96HL2
D011183,Q96HL2
D012640,Q96HL2
D008223,Q9C0K0
D000544,Q96PA0
D001249,Q96PA0
D001321,Q96PA0
D001943,Q96PA0
D002277,Q96PA0
D003110,Q96PA0
D015179,Q96PA0
D017449,Q96PA0
D003924,Q96PA0
D007172,Q96PA0
D004938,Q96PA0
D006258,Q96PA0
D006973,Q96PA0
D007248,Q96PA0
D015451,Q96PA0
D015470,Q96PA0
D008228,Q96PA0
D009101,Q96PA0
D009203,Q96PA0
D009336,Q96PA0
D011471,Q96PA0
D012983,Q96PA0
D001749,Q96PA0
D001172,Q16548
D001943,Q16548
D004938,Q16548
D002277,Q9H1R6
D003924,Q9H1R6
D007172,Q9H1R6
D006258,Q9H1R6
D008175,Q9H1R6
D009101,Q9H1R6
D009203,Q9H1R6
D010190,Q9H1R6
D013274,Q9H1R6
D008228,Q16413
D010051,Q1JQ81
D007680,Q6W2J9
D012516,Q6W2J9
D001752,Q6QJE9
D015464,Q6QJE9
D009336,Q6QJE9
D054198,Q6QJE9
D004833,P46663
D007249,P46663
D010146,P46663
D058186,P30411
D001172,P30411
D004833,P30411
D005119,P30411
D006470,P30411
D006973,P30411
D007022,P30411
D007249,P30411
D010146,P30411
D013927,P30411
D000544,Q6YNR1
D001321,Q6YNR1
D001714,Q6YNR1
D002545,Q6YNR1
D019970,Q6YNR1
D003866,Q6YNR1
D004827,Q6YNR1
D004830,Q6YNR1
D007249,Q6YNR1
D008607,Q6YNR1
D010300,Q6YNR1
D011618,Q6YNR1
D012559,Q6YNR1
D012640,Q6YNR1
D013226,Q6YNR1
D013274,Q6YNR1
D013375,Q6YNR1
D014029,Q6YNR1
D003110,Q14457
D008175,Q14457
D009203,Q14457
D013119,Q14457
D013226,Q14457
D002289,Q6ZU67
D001281,Q8N1M1
D001249,P02818
D011471,P02818
D001172,P21810
D001943,P21810
D008175,Q8TAT1
D012893,Q8TAT1
D003924,Q93088
D008228,Q93088
D013274,P55957
D000544,Q9BTH3
D001943,Q13490
D007938,Q13490
D009447,Q13490
D013274,Q13490
D007938,Q13489
D009447,Q13489
D001749,Q13489
D009369,Q9NR09
D002292,Q6R308
D001172,Q05D26
D008180,Q05D26
D008180,Q6BDS2
D013274,P30043
D015451,Q96LC9
D005909,Q5T8Z6
D015465,Q5T8Z6
D012516,Q5T8Z6
D001943,P12643
D015179,P12643
D013274,P12643
D001172,Q53XC5
D001943,Q53XC5
D015179,Q53XC5
D010003,Q53XC5
D001172,Q4VBA3
D017449,Q4VBA3
D010003,Q4VBA3
D004715,Q9NQQ8
D011471,Q9NQQ8
D013274,Q9NQQ8
D009293,Q8N8U9
D001943,Q13873
D006976,Q13873
D010051,Q06HC7
D009101,Q6NVY4
D011471,Q6NVY4
D013274,Q6NVY4
D015179,Q96DN7
D015179,Q8N9W6
D013274,Q6DKJ9
D012559,Q96B45
D019966,Q96DR5
D001749,Q86TN2
D015179,Q75MQ8
D003924,Q75MQ8
D007680,Q75MQ8
D008113,Q75MQ8
D008175,Q75MQ8
D016410,Q75MQ8
D008545,Q75MQ8
D011471,Q75MQ8
D013964,Q75MQ8
D009203,Q7Z569
D001943,Q9UE29
D002277,Q9UE29
D009059,Q9UE29
D009369,Q9UE29
D010051,Q9UE29
D010190,Q9UE29
D011471,Q9UE29
D001943,Q9H4L3
D008175,Q9H4L3
D008527,Q9H4L3
D010051,Q9H4L3
D010190,Q9H4L3
D011471,Q9H4L3
D005909,P25440
D008527,P25440
D000505,Q6PIS5
D003110,Q6PIS5
D005909,Q6PIS5
D006976,Q6PIS5
D008527,Q6PIS5
D012516,Q6PIS5
D011471,Q6PIS5
D013964,Q6PIS5
D004715,Q9H0E9
D001943,Q3SYD8
D001943,Q9P0J6
D010051,Q9P0J6
D009362,Q9HCU9
D011471,P55201
D011628,Q96G97
D002292,Q54A51
D004938,Q54A51
D016778,Q54A51
D008545,Q54A51
D009362,Q54A51
D010190,Q54A51
D010300,Q10588
D012148,Q96Q07
D001321,P43251
D001171,Q6IBC8
D009101,Q6IBC8
D012559,Q6IBC8
D001171,Q6IAU3
D002292,Q6IAU3
D001943,P78410
D015179,Q9BXX5
D008545,Q7L1Q6
D015451,Q9P2W6
D008545,Q9H3H3
D010051,Q9NSK7
D019966,Q8NEA5
D001281,Q5T7R7
D008180,P02745
D008103,Q6LDZ7
D001943,Q07021
D004715,P00736
D001327,P09871
D003924,Q8NCU7
D058186,P01024
D003093,P01024
D003924,P01024
D064420,P01024
D010392,P01024
D001321,Q9UNU2
D001327,Q9UNU2
D010538,P01031
D012772,P21730
D016870,Q05CV2
D001171,Q05CV3
D016870,Q05CV3
D005148,Q9UGI4
D008585,Q9UGI4
D009293,Q9UGI4
D000690,Q96LT7
D001171,Q96LT7
D005128,Q96LT7
D013274,P00915
D008175,Q9NXM9
D013274,P00918
D009765,P07451
D002289,Q16790
D006976,Q16790
D015464,Q16790
D015179,Q8TDN4
D004832,Q9UN69
D001008,Q86XX1
D001145,Q86XX1
D001321,Q86XX1
D001714,Q86XX1
D006973,Q86XX1
D007003,Q86XX1
D011595,Q86XX1
D001714,Q01668
D001919,Q01668
D006327,Q01668
D006929,Q01668
D013617,Q01668
D001321,Q9NYY7
D064420,Q9NYY7
D004832,Q9NYY7
D003110,Q9UIU0
D006973,Q9UIU0
D010146,Q9UIU0
D004832,Q9NY47
D007247,Q9NY47
D015179,Q86Y37
D001321,Q9BY67
D001943,Q9BY67
D003866,Q9BY67
D001321,Q86UW7
D019966,Q86UW7
D007674,P05937
D001321,P06881
D004487,P06881
D006934,P06881
D006973,P06881
D006976,P06881
D007249,P06881
D008607,P06881
D010003,P06881
D011471,P06881
D014277,P06881
D015179,Q13137
D006934,P30988
D001171,Q9NYG1
D001172,Q9NYG1
D001749,Q8IU99
D000544,Q96HY3
D019970,Q96HY3
D019970,Q96HY3
D008175,P27482
D015179,P27797
D011471,P27797
D001281,Q6IAW5
D001289,Q9NYX4
D019970,Q8IWE0
D019970,Q75LA8
D012559,Q75LA8
D001281,Q4G1A8
D019970,Q16566
D010051,Q8IZW1
D011471,Q8IZW1
D012393,Q96JM3
D002292,Q9BPX3
D015470,Q9BPX3
D008545,P07384
D009369,P07384
D003924,Q9HC96
D008607,Q9HC96
D015470,P17655
D011471,P04632
D002277,Q7L4N0
D002292,Q9BXL7
D003876,Q9BXL7
D016410,Q9BXL7
D011565,Q9BXL6
D002289,P57730
D002294,P57730
D006073,Q9Y2G2
D003324,Q9NXV6
D011565,Q86X55
D001008,Q16568
D019970,Q16568
D009765,Q16568
D002277,Q5JS79
D006967,Q5FBZ0
D007249,Q5FBZ0
D007674,Q5FBZ0
D009103,Q5FBZ0
D009765,Q5FBZ0
D011014,Q5FBZ0
D013226,Q5FBZ0
D008228,Q92851
D008545,Q92851
D013274,Q92851
D002292,P42575
D008607,P42575
D000544,P42574
D002545,P42574
D003093,P42574
D003924,P42574
D003925,P42574
D003929,P42574
D004487,P42574
D009175,P42574
D009203,P42574
D018805,P42574
D013119,P42574
D013226,P42574
D013345,P42574
D012559,P49662
D001943,Q5SVL2
D015470,Q5SVL2
D001943,Q6NVI2
D002289,Q6NVI2
D015179,Q6NVI2
D017449,Q6NVI2
D003924,Q6NVI2
D004487,Q6NVI2
D004938,Q6NVI2
D008175,Q6NVI2
D008545,Q6NVI2
D054198,Q6NVI2
D013226,Q6NVI2
D013274,Q6NVI2
D002545,Q5JRU8
D004487,Q5JRU8
D011471,Q5JRU8
D006934,Q86UN7
D006961,Q86UN7
D006996,Q86UN7
D000544,Q9NQ75
D009336,Q86YM9
D018487,Q86YM9
D001281,Q86V15
D011471,Q86V15
D020521,Q86V15
D000014,Q6IB77
D001172,Q6IB77
D001249,Q6IB77
D001321,Q6IB77
D002545,Q6IB77
D001943,Q6IB77
D002289,Q6IB77
D003924,Q6IB77
D003929,Q6IB77
D004409,Q6IB77
D004487,Q6IB77
D006333,Q6IB77
D006973,Q6IB77
D007022,Q6IB77
D007642,Q6IB77
D007676,Q6IB77
D008180,Q6IB77
D008654,Q6IB77
D009203,Q6IB77
D009336,Q6IB77
D009362,Q6IB77
D009369,Q6IB77
D015663,Q6IB77
D010698,Q6IB77
D011565,Q6IB77
D011654,Q6IB77
D011655,Q6IB77
D012640,Q6IB77
D013226,Q6IB77
D013276,Q6IB77
D001749,Q6IB77
D001281,Q2TNI1
D001943,Q2TNI1
D005902,Q2TNI1
D006973,Q2TNI1
D008175,Q2TNI1
D009362,Q2TNI1
D010051,Q2TNI1
D011471,Q2TNI1
D013274,Q2TNI1
D001172,Q53X57
D001281,Q53X57
D005902,Q53X57
D011471,Q53X57
D015470,Q13951
D006130,P22681
D007248,P22681
D014657,P22681
D009103,Q13191
D012559,P27352
D006976,Q8IUK8
D003110,P16152
D007676,P16152
D011471,P16152
D003924,Q5CCK7
D006973,Q5CCK7
D008228,Q5CCK7
D008545,Q5CCK7
D011471,Q9Y654
D015179,Q6I9T7
D008607,Q6UXH8
D008113,Q9H6E4
D012559,Q6PK04
D000544,Q05CP8
D008545,Q8NA47
D003876,Q76M96
D019966,Q05D28
D003327,Q53HC0
D003924,Q53HC0
D011471,Q5STF0
D000855,Q6FG82
D004409,Q6FG82
D005334,Q6FG82
D005767,Q6FG82
D007249,Q6FG82
D010195,Q6FG82
D012640,Q6FG82
D013276,Q6FG82
D019970,P32239
D009771,P32239
D016584,P32239
D013375,P32239
D004715,P22362
D006976,P22362
D001249,Q6I9T4
D002545,Q6I9T4
D003876,Q6I9T4
D004342,Q6I9T4
D004715,Q6I9T4
D006967,Q6I9T4
D007249,Q6I9T4
D011014,Q6I9T4
D003876,Q92583
D006967,Q92583
D011014,Q92583
D008175,P55774
D017449,Q6IBD6
D006967,Q6IBD6
D011014,Q6IBD6
D001249,P13500
D002545,P13500
D002294,P13500
D003324,P13500
D003424,P13500
D003928,P13500
D064420,P13500
D016889,P13500
D006333,P13500
D006967,P13500
D006973,P13500
D006976,P13500
D007249,P13500
D007676,P13500
D008103,P13500
D009101,P13500
D009765,P13500
D011014,P13500
D012128,P13500
D012559,P13500
D013226,P13500
D013964,P13500
D014397,P13500
D001943,P78556
D003093,P78556
D003110,P78556
D006967,P78556
D009103,P78556
D009362,P78556
D010190,P78556
D011014,P78556
D012871,P78556
D001172,Q5VZ73
D002545,P10147
D003110,P10147
D006967,P10147
D007249,P10147
D013226,P10147
D012871,P16619
D002545,Q7M4M2
D064420,Q7M4M2
D006967,Q7M4M2
D007249,Q7M4M2
D011014,Q7M4M2
D012871,Q7M4M2
D001249,P13501
D003876,P13501
D008105,P13501
D006967,Q7Z7Q8
D011014,Q7Z7Q8
D001172,P80075
D006967,P80075
D011014,P80075
D001172,P20248
D008175,P20248
D012595,P20248
D001172,P29279
D006333,P29279
D006973,P29279
D007247,P29279
D008103,P29279
D008175,P29279
D012595,P29279
D008607,P20248
D002289,P14635
D001932,Q6FI00
D001943,Q6FI00
D002277,Q6FI00
D002294,Q6FI00
D003110,Q6FI00
D015179,Q6FI00
D016889,Q6FI00
D004938,Q6FI00
D006961,Q6FI00
D007680,Q6FI00
D007938,Q6FI00
D008113,Q6FI00
D008175,Q6FI00
D009101,Q6FI00
D011471,Q6FI00
D013274,Q6FI00
D013964,Q6FI00
D001749,Q6FI00
D003110,P30279
D015179,P30279
D003924,P30279
D015470,P30279
D010051,P30279
D011471,P30279
D001943,P24864
D008527,P24864
D010051,P24864
D001749,P24864
D004715,Q8WUE3
D008175,P51959
D001943,P51946
D002277,P51946
D002289,P51946
D003110,P51946
D004938,P51946
D005909,P51946
D008113,P51946
D010051,P51946
D011471,P51946
D003110,Q5U003
D006967,Q5U003
D011014,Q5U003
D013226,P46092
D017449,P41597
D006967,P41597
D011014,P41597
D013226,P41597
D003876,Q96T97
D013226,Q96T97
D002545,Q9ULM6
D008113,Q9ULM6
D058186,Q9UN28
D003110,Q9UN28
D015179,Q9UN28
D003876,Q9UN28
D009362,Q9UN28
D009393,Q9UN28
D014901,Q9UN28
D001172,P51684
D003093,P51684
D006967,P51684
D011014,P51684
D003424,P32248
D013226,P32248
D013226,P51685
D006967,Q9UN87
D011014,Q9UN87
D013226,Q9UN87
D019970,Q9C0I3
D001943,P48643
D058186,Q6IBT3
D013274,Q6IBT3
D001943,Q6YHK3
D015179,Q6YHK3
D001171,P08571
D001249,P08571
D003967,P08571
D004485,P08571
D006073,P08571
D008103,P08571
D000022,Q86VB7
D009765,Q86VB7
D008545,Q9NR16
D001172,Q5JVN7
D009404,Q5JVN7
D013927,Q5JVN7
D000022,Q15762
D015179,Q15762
D004715,Q15762
D008180,Q15762
D010190,P25063
D001172,Q9BZW8
D002100,P26842
D002311,P26842
D014777,P26842
D006967,Q9NZQ7
D008175,Q9NZQ7
D008223,Q9NZQ7
D008545,Q9NZQ7
D010051,Q9NZQ7
D013274,Q9NZQ7
D019966,Q9NZQ7
D011471,Q5ZPR3
D001172,P10747
D001327,P10747
D016410,P10747
D000544,Q9Y5K6
D000544,Q546G0
D015470,Q546G0
D002311,Q13965
D003327,Q13965
D017449,Q13965
D003924,Q13965
D006973,Q13965
D008288,Q13965
D013203,Q13965
D017449,P04234
D008105,P04234
D001172,P07766
D007249,P07766
D017088,Q6LCP8
D001172,Q6P2H9
D001943,Q6P2H9
D006689,Q6P2H9
D009103,Q6P2H9
D009765,Q6P2H9
D013226,Q6P2H9
D000690,Q45QX2
D001327,Q45QX2
D003324,Q45QX2
D006689,Q45QX2
D006967,Q45QX2
D006976,Q45QX2
D008180,Q45QX2
D009336,Q45QX2
D011014,Q45QX2
D058186,Q9P2Z2
D011125,Q9P2Z2
D015470,Q9P2Z2
D015473,Q9P2Z2
D009103,Q9P2Z2
D009362,Q9P2Z2
D009447,Q9P2Z2
D010190,Q9P2Z2
D012871,Q9P2Z2
D013274,Q9P2Z2
D001714,Q08722
D001172,P06127
D015451,P06127
D004715,P08174
D009103,Q9BRW0
D007674,Q6FHM9
D009103,Q8N4Q7
D000022,P34810
D007676,P34810
D009765,P34810
D000022,Q6LAB3
D001168,Q6LAB3
D000022,Q29VG3
D002311,P32970
D014777,P32970
D001943,P04233
D002289,P04233
D008105,P33681
D000022,P27701
D009362,P27701
D001171,Q01151
D001172,Q01151
D012871,Q01151
D009101,P42081
D000022,Q96QR6
D002289,P21926
D015179,P21926
D005909,P21926
D015470,P21926
D008103,P21926
D011471,P21926
D009103,Q8WUE2
D001943,Q71UE9
D007248,Q9UNH5
D011471,P30260
D002277,Q5JYX0
D009336,Q5JYX0
D019966,Q9H5V8
D001943,Q9UM11
D002277,Q9UM11
D002294,Q9UM11
D003093,Q9UM11
D015179,Q9UM11
D016889,Q9UM11
D016481,Q9UM11
D007674,Q9UM11
D008103,Q9UM11
D008654,Q9UM11
D009175,Q9UM11
D009362,Q9UM11
D010051,Q9UM11
D010190,Q9UM11
D011471,Q9UM11
D013274,Q9UM11
D001749,Q9UM11
D001321,Q9Y6N8
D011471,P55289
D002289,P55290
D004938,P55290
D008175,P55290
D011471,P55290
D019966,P55290
D001943,P19022
D009362,P19022
D013226,P19022
D013274,P19022
D015179,Q49AS4
D001943,Q4VAI4
D015179,Q4VAI4
D008105,Q4VAI4
D015179,Q9ULB5
D001321,Q32LY1
D001249,Q6ZTQ4
D011471,Q9NYV4
D009103,Q00537
D008545,P24941
D011471,Q6IAV4
D001932,Q96BE9
D002277,Q96BE9
D013274,Q96BE9
D001172,Q00534
D001281,Q00534
D005909,Q00534
D015470,Q00534
D008527,Q00534
D054198,Q00534
D020521,Q00534
D003924,Q5VV42
D009362,Q92772
D001281,P38936
D003110,P38936
D003928,P38936
D007674,P38936
D008113,P38936
D008175,P38936
D011471,P38936
D013274,P38936
D001749,P38936
D001943,Q708J1
D016481,Q708J1
D007680,Q708J1
D008113,Q708J1
D008175,Q708J1
D008654,Q708J1
D010051,Q708J1
D011471,Q708J1
D012004,Q708J1
D013274,Q708J1
D014594,Q708J1
D004714,P49918
D016889,P49918
D008175,P49918
D008545,P49918
D001932,Q9UPB7
D001943,Q9UPB7
D002289,Q9UPB7
D021441,Q9UPB7
D002294,Q9UPB7
D015179,Q9UPB7
D004938,Q9UPB7
D005901,Q9UPB7
D008113,Q9UPB7
D008175,Q9UPB7
D008223,Q9UPB7
D016410,Q9UPB7
D008545,Q9UPB7
D008654,Q9UPB7
D009101,Q9UPB7
D009369,Q9UPB7
D009447,Q9UPB7
D010190,Q9UPB7
D011041,Q9UPB7
D054198,Q9UPB7
D013274,Q9UPB7
D001749,Q9UPB7
D003324,Q8NIA6
D005901,Q8NIA6
D008113,Q8NIA6
D008223,Q8NIA6
D011041,Q8NIA6
D013274,P55273
D003924,Q16878
D002277,Q92903
D003110,Q99626
D013274,Q99626
D000022,Q3KRG8
D008175,Q3KRG8
D000022,P40199
D010300,P40199
D002294,P49715
D006258,P49715
D007247,P49715
D015470,P49715
D015473,P49715
D009765,P49715
D011225,P49715
D002545,Q9BSC0
D007247,Q9BSC0
D013274,Q9BSC0
D015470,Q504X4
D015473,Q15744
D054198,Q15744
D006973,P08217
D011471,Q5VZZ6
D012559,Q5VZZ6
D003324,Q9HCU4
D004714,Q9HCU4
D001943,P49454
D011471,P49454
D001281,Q05C09
D019966,Q6ZMG9
D002289,Q9Y5P4
D004827,Q9Y5P4
D019970,P23141
D006937,P23141
D008175,P23141
D009765,P23141
D009293,P23141
D019970,Q6IPK9
D064420,Q6IPK9
D012128,Q6UWW8
D006951,Q9H4L8
D006938,Q9H4L8
D006973,Q9H4L8
D015228,Q9H4L8
D012559,Q49A14
D003093,P00751
D008180,P00751
D009157,P00751
D004715,P00746
D006333,P00746
D008589,P00746
D016870,P00746
D008589,Q5TFM2
D001943,P23528
D009362,P23528
D001281,Q549N0
D008585,P27918
D015179,Q9UMN4
D003550,Q9UMN4
D007248,Q9UMN4
D010195,Q9UMN4
D012220,Q9UMN4
D012852,Q9UMN4
D019966,Q9UMN4
D001281,Q96QJ4
D008113,Q99674
D009059,Q13112
D015812,Q6LEN6
D012640,Q6LEN6
D019966,Q9NX63
D015179,Q7Z4M7
D011471,Q7Z4M7
D019966,Q86WJ1
D004827,Q8N677
D011471,Q2TAZ1
D001321,Q05CG6
D016889,Q05CG6
D008175,Q05CG6
D012559,Q05CG6
D013274,Q05CG6
D015179,Q8TDI0
D009447,Q8TDI0
D009447,Q8TD26
D011471,Q8TD26
D001749,Q8TD26
D011471,Q9P2D1
D001008,Q9HCK8
D001321,Q9HCK8
D005767,Q9HCK8
D008607,Q9HCK8
D006333,Q8NE62
D001943,Q6W8P8
D002289,Q96EP1
D016889,Q96EP1
D013274,Q96EP1
D002289,P10645
D010673,P10645
D005909,Q9NY41
D010003,Q9NY41
D012559,Q9NY41
D015470,Q9UKJ5
D008607,Q96FC9
D012559,Q96FC9
D010051,Q96CF2
D015470,Q9NZZ3
D008113,Q75MY2
D010300,Q99653
D012128,Q8WUD6
D002545,Q53XZ3
D004827,Q53XZ3
D012640,Q53XZ3
D001919,Q96RH0
D003929,Q96RH0
D004827,Q96RH0
D019966,Q96RH0
D001750,Q96RH0
D001201,Q96RG9
D008103,Q96RG9
D001745,Q96RG9
D002389,Q96RG8
D014202,Q96RG8
D019970,Q8IVW0
D013375,Q8IVW0
D008175,Q15822
D000437,Q6EWN2
D008175,Q6EWN2
D012640,Q6EWN2
D014029,Q6EWN2
D001289,Q5RLM1
D001321,Q5RLM1
D007249,Q5RLM1
D012640,Q5RLM1
D012893,Q5RLM1
D000437,Q6EWN4
D001008,Q6EWN4
D008175,Q6EWN4
D012640,Q6EWN4
D019966,Q6EWN4
D013375,Q6EWN4
D014029,Q6EWN4
D013375,Q15825
D014029,Q15825
D000544,Q693P7
D001321,Q693P7
D008175,Q693P7
D012640,Q693P7
D013375,Q693P7
D014029,Q693P7
D000544,Q5SXY3
D001008,Q5SXY3
D001289,Q5SXY3
D001321,Q5SXY3
D007249,Q5SXY3
D012893,Q5SXY3
D013375,Q5SXY3
D008175,P30926
D012640,P30926
D013375,P30926
D014029,P30926
D011471,Q8NCH0
D008175,Q7LFX5
D001321,Q562E6
D001289,Q96RK0
D008607,Q96RK0
D009362,Q96RK0
D006333,Q8N5P9
D008113,Q8N5P9
D009765,Q8N5P9
D000224,Q6LC19
D001172,Q6LC19
D020268,Q53XX5
D003924,Q8N5K1
D017449,Q9NSE2
D008288,Q9NSE2
D009369,Q99967
D011471,Q5SYW2
D012512,Q5SYW2
D009203,P12277
D013274,P12277
D003110,P06732
D009203,P06732
D008175,Q9UQC9
D006929,P51788
D013274,Q7Z4M4
D006042,P51795
D006973,P51800
D001249,P56856
D010195,P57739
D011471,Q75L79
D013274,Q75L79
D001943,Q75L80
D016778,Q9Y240
D001172,Q5QGZ9
D000224,Q2KHT3
D008105,Q2KHT3
D008180,Q2KHT3
D009103,Q2KHT3
D006967,Q9UMR7
D001943,Q5SRT3
D009362,Q5SRT3
D010003,Q5SRT3
D010003,Q6FIC5
D011471,Q6FIC5
D013274,Q9UP10
D007249,Q9NWW5
D008545,P54105
D002280,Q96KA5
D002289,Q96KA5
D007945,Q96KA5
D008175,Q96KA5
D011471,Q96KA5
D001749,Q96KA5
D008113,Q9H4D0
D008175,P09497
D058186,Q8IWM0
D000544,Q8IWM0
D001171,Q8IWM0
D064420,Q8IWM0
D007674,Q8IWM0
D008180,Q8IWM0
D008545,Q8IWM0
D010003,Q8IWM0
D011471,Q8IWM0
D012640,Q8IWM0
D001943,Q15846
D006973,Q4FEB5
D009103,Q9Y471
D001943,Q9NRP2
D003924,Q8IY22
D003928,Q96KN2
D008607,Q96KN2
D009461,Q96KN2
D003928,Q96KP4
D004715,Q8TBE1
D003924,Q8WXI2
D002292,Q6FHE4
D002277,Q9BWY6
D011471,Q9BWY6
D008545,Q9NRU3
D001145,Q9H8M5
D007674,Q9H8M5
D012640,Q9H8M5
D015179,Q9BV87
D013274,Q9Y2B0
D001008,Q9BYY6
D001289,Q9BYY6
D019970,Q9BYY6
D016889,Q9BYY6
D004715,Q9BYY6
D004833,Q9BYY6
D006816,Q9BYY6
D007022,Q9BYY6
D008103,Q9BYY6
D009103,Q9BYY6
D009128,Q9BYY6
D009765,Q9BYY6
D010146,Q9BYY6
D010190,Q9BYY6
D010195,Q9BYY6
D012208,Q9BYY6
D012559,Q9BYY6
D012595,Q9BYY6
D012640,Q9BYY6
D013226,Q9BYY6
D013313,Q9BYY6
D019966,Q9BYY6
D013375,Q9BYY6
D001943,P34972
D003866,P34972
D003967,P34972
D016889,P34972
D015212,P34972
D015470,P34972
D008103,P34972
D010190,P34972
D010195,P34972
D012595,P34972
D013313,P34972
D001321,Q9P232
D017449,Q9P232
D001321,Q8IWV2
D006130,Q8IWV2
D001321,Q9UDV4
D004827,Q9UDV4
D010300,Q9UDV4
D012559,Q9UDV4
D001281,Q9UP83
D015812,Q5XNW2
D011471,P39059
D010300,Q5JVU1
D000022,Q9UNF2
D001327,Q9UNF2
D006973,Q9UNF2
D008103,Q9UNF2
D009404,Q9UNF2
D000022,Q7KZ71
D008103,Q7KZ71
D010003,Q7KZ71
D012595,Q7KZ71
D019970,Q96P44
D001168,Q2V4X9
D001172,Q2V4X9
D004487,Q2V4X9
D007249,Q2V4X9
D008545,Q2V4X9
D010003,Q2V4X9
D006937,P02461
D006973,P02461
D008103,P02461
D012559,P02461
D003928,Q14051
D009404,Q14051
D009404,P08572
D000022,Q9UML4
D002277,Q9UML4
D011471,Q9UML4
D000022,Q5PR22
D008103,Q5PR22
D011471,P25940
D000022,Q05BT9
D008175,Q05BT9
D010003,Q6FHW5
D000022,P12111
D001943,Q02388
D002289,Q02388
D015179,Q02388
D019966,Q5KU26
D064420,Q8N668
D006967,Q8N668
D008103,Q8N668
D010003,P49747
D000437,P21964
D001289,P21964
D001321,P21964
D001714,P21964
D001943,P21964
D019970,P21964
D010146,P21964
D016584,P21964
D010673,P21964
D011471,P21964
D012559,P21964
D001321,Q8NHY2
D001168,P53621
D001327,P53621
D004715,P61201
D013274,Q567U8
D002277,P31146
D014376,P31146
D002289,Q9ULV4
D001943,Q14019
D002277,Q9B2W6
D008175,Q14061
D009447,Q9B2U8
D009765,P15954
D058186,Q6NSB2
D001172,Q6NSB2
D001321,Q6NSB2
D003110,Q6NSB2
D003704,Q6NSB2
D064420,Q6NSB2
D020820,Q6NSB2
D008103,Q6NSB2
D008545,Q6NSB2
D010300,Q6NSB2
D011225,Q6NSB2
D011565,Q6NSB2
D012559,Q6NSB2
D015179,Q6NVW5
D000568,Q96IY4
D009765,Q96IY4
D008175,P16870
D009765,P16870
D015451,Q9BZB8
D001714,Q6PUV4
D011618,Q6PUV4
D012559,Q6PUV4
D004715,P14384
D011471,Q05DL8
D017119,P36551
D002292,Q9Y646
D010547,Q5R211
D013274,Q10570
D001943,Q8WZ48
D003924,Q8WZ48
D007676,Q8WZ48
D008113,Q92523
D009290,Q92523
D008545,Q8TCG5
D000544,Q9HC55
D008288,Q9HC55
D016778,Q9HC55
D008180,Q5SR47
D002292,P29762
D008113,P29762
D010051,Q5SYZ4
D002292,Q8IY43
D000014,Q96SW2
D009101,Q96SW2
D019970,Q5U0J5
D009203,Q5U0J5
D009362,Q5U0J5
D013375,Q5U0J5
D011471,Q5T4L2
D001281,Q02930
D002294,Q4G0V0
D011471,Q4G0V0
D001749,Q4G0V0
D001171,Q9BYY5
D017449,Q9BYY5
D003925,Q9BYY5
D009203,Q9BYY5
D000505,P06850
D000544,P06850
D000855,P06850
D001008,P06850
D001919,P06850
D019970,P06850
D003480,P06850
D003866,P06850
D005334,P06850
D007022,P06850
D010146,P06850
D011628,P06850
D012640,P06850
D013036,P06850
D013226,P06850
D013375,P06850
D019970,P24387
D000855,Q8WXR7
D001008,Q8WXR7
D001943,Q8WXR7
D019970,Q8WXR7
D010149,Q8WXR7
D000855,Q99432
D001008,Q99432
D019970,Q99432
D006973,Q99432
D007249,Q99432
D054198,Q9HC73
D001008,Q5VVP7
D001172,Q5VVP7
D003324,Q5VVP7
D003424,Q5VVP7
D006333,Q5VVP7
D006973,Q5VVP7
D015228,Q5VVP7
D007249,Q5VVP7
D007676,Q5VVP7
D007896,Q5VVP7
D007898,Q5VVP7
D008175,Q5VVP7
D008180,Q5VVP7
D008288,Q5VVP7
D009765,Q5VVP7
D011565,Q5VVP7
D013375,Q5VVP7
D013927,Q5VVP7
D015464,Q16526
D015464,Q49AN0
D001327,Q71V83
D014605,Q71V83
D002292,P02511
D002294,P02511
D003110,P02511
D004938,P02511
D011471,P02511
D001327,P43320
D014605,P43320
D008545,Q96QW7
D011471,Q9Y2S2
D006333,Q14894
D006333,Q0QEL2
D009765,Q0QEL2
D001943,P09603
D001943,Q14085
D015470,Q14085
D009362,Q14085
D009369,Q14085
D001172,P04141
D001943,P04141
D002277,P04141
D015179,P04141
D064420,P04141
D006333,P04141
D007249,P04141
D007898,P04141
D015470,P04141
D008113,P04141
D008228,P04141
D008545,P04141
D009101,P04141
D009503,P04141
D010146,P04141
D011014,P04141
D011565,P04141
D012509,P04141
D013921,P04141
D013964,P04141
D020246,P04141
D000022,Q8N4W3
D001943,Q8N4W3
D002277,Q8N4W3
D002289,Q8N4W3
D002311,Q8N4W3
D003866,Q8N4W3
D003967,Q8N4W3
D064420,Q8N4W3
D004938,Q8N4W3
D005334,Q8N4W3
D005767,Q8N4W3
D006261,Q8N4W3
D006258,Q8N4W3
D006333,Q8N4W3
D006689,Q8N4W3
D006932,Q8N4W3
D007674,Q8N4W3
D015470,Q8N4W3
D008113,Q8N4W3
D008228,Q8N4W3
D008545,Q8N4W3
D009101,Q8N4W3
D009362,Q8N4W3
D009503,Q8N4W3
D010146,Q8N4W3
D011041,Q8N4W3
D018805,Q8N4W3
D012983,Q8N4W3
D013203,Q8N4W3
D013921,Q8N4W3
D001749,Q8N4W3
D014594,Q8N4W3
D018487,Q8N4W3
D007964,Q99062
D008180,P41240
D011565,Q96PZ7
D019966,Q96PZ7
D001321,Q7Z407
D002292,Q7Z407
D019966,Q7Z407
D002277,P61201
D002277,Q9UNS2
D002294,Q5U5J2
D002294,P19784
D002294,Q5SRQ6
D002311,Q96S65
D000022,Q8WYN3
D019966,Q8WYN3
D004714,P21291
D011471,P21291
D019966,P50461
D011471,P01037
D013274,P01037
D058186,P01034
D000544,P01034
D064420,P01034
D007674,P01034
D015470,P01034
D011041,P01034
D001943,Q6IBD2
D002289,Q6IBD2
D008545,Q6IBD2
D011471,Q6IBD2
D005909,P01040
D009362,P01040
D005909,Q76LA1
D015179,Q6IP95
D011471,P56545
D016410,P49711
D006937,Q16619
D007022,Q16619
D007674,Q16619
D009336,Q16619
D009765,Q16619
D008545,Q96IQ7
D001171,Q6GR94
D001172,Q6GR94
D001249,Q6GR94
D006086,Q6GR94
D008180,Q6GR94
D016410,Q6GR94
D008545,Q6GR94
D015470,Q16370
D013274,Q49AD3
D001249,Q8WW10
D019966,Q8WW10
D001943,P35222
D002311,P35222
D003110,P35222
D015179,P35222
D008103,P35222
D008113,P35222
D008175,P35222
D008527,P35222
D009362,P35222
D010051,P35222
D010190,P35222
D011471,P35222
D013964,P35222
D018487,P35222
D005909,Q9UQB3
D002292,Q8TAC7
D005909,Q8TAC7
D009336,Q8TAC7
D011471,Q8TAC7
D017449,P53634
D013274,P53634
D001172,P07339
D002292,P07339
D003928,P07339
D007674,P07339
D010003,P07339
D011471,P07339
D015470,Q6IBC3
D005909,Q6FHN2
D010003,Q6FHN2
D013274,Q9HBQ7
D009765,P25774
D015470,Q9UBR2
D001171,Q14247
D002294,Q14247
D001943,Q7Z7A3
D009362,Q7Z7A3
D001943,Q2VPK5
D009362,Q2VPK5
D008545,Q96RV0
D008545,Q53S54
D011471,Q53S54
D001281,Q13619
D001943,Q93034
D001321,Q14999
D002292,Q14999
D008175,Q9H720
D006967,Q6I9S9
D011014,Q6I9S9
D011471,Q6I9S9
D003327,P49238
D001171,P09341
D006967,P09341
D008113,P09341
D011014,P09341
D000022,P02778
D002545,P02778
D003110,P02778
D003876,P02778
D008105,P02778
D013964,P02778
D001943,P48061
D003324,P48061
D003872,P48061
D009362,P48061
D011471,P48061
D018487,P48061
D004715,Q53X90
D001172,P19875
D001943,P19875
D017449,P19875
D004938,P19875
D006333,P19875
D006973,P19875
D007249,P19875
D010003,P19875
D012871,P19875
D001943,P19876
D012871,P19876
D006967,Q6I9S7
D011014,Q6I9S7
D001172,P80162
D010003,P80162
D000789,P10145
D001172,P10145
D001943,P10145
D002100,P10145
D002289,P10145
D002294,P10145
D003093,P10145
D015179,P10145
D064420,P10145
D004487,P10145
D016889,P10145
D004942,P10145
D015818,P10145
D005334,P10145
D005764,P10145
D005909,P10145
D006333,P10145
D006976,P10145
D007249,P10145
D007634,P10145
D007898,P10145
D010051,P10145
D010148,P10145
D010190,P10145
D010391,P10145
D011018,P10145
D011471,P10145
D013203,P10145
D013274,P10145
D013964,P10145
D014029,P10145
D001749,P10145
D001943,Q07325
D004715,Q07325
D006967,Q07325
D008105,Q07325
D011014,Q07325
D001171,Q6LCZ7
D003093,Q6LCZ7
D006967,Q6LCZ7
D006973,Q6LCZ7
D011014,Q6LCZ7
D018805,Q6LCZ7
D001327,P49682
D003876,P49682
D006967,P49682
D007249,P49682
D011014,P49682
D020521,P49682
D001171,Q5MIL4
D001172,Q5MIL4
D001943,Q5MIL4
D009362,Q5MIL4
D008105,Q2YD84
D004715,P00167
D009765,P00167
D012128,P00167
D003490,P00387
D003924,Q86SL0
D006973,Q86SL0
D007676,Q86SL0
D008103,Q86SL0
D001172,P04839
D006333,P04839
D006973,P04839
D007674,P04839
D007676,P04839
D002545,P99999
D009765,P99999
D013921,P99999
D008105,Q8WWM9
D002289,Q9NQC7
D008088,Q9NQC7
D000309,Q2HZF3
D016889,Q2HZF3
D012640,Q2HZF3
D006929,Q16316
D011471,Q16316
D000312,Q1HB44
D000568,Q1HB44
D001943,Q1HB44
D006974,Q1HB44
D007006,Q1HB44
D007247,Q1HB44
D007248,Q1HB44
D011471,Q1HB44
D001749,Q1HB44
D000568,Q8IYG4
D001321,Q8IYG4
D001943,Q8IYG4
D004715,Q8IYG4
D004938,Q8IYG4
D007006,Q8IYG4
D007247,Q8IYG4
D009362,Q8IYG4
D011471,Q8IYG4
D000022,Q5J9B1
D001919,Q5J9B1
D001943,Q5J9B1
D017449,Q5J9B1
D003876,Q5J9B1
D006967,Q5J9B1
D006973,Q5J9B1
D007248,Q5J9B1
D007680,Q5J9B1
D016491,Q5J9B1
D011471,Q5J9B1
D002294,P05177
D015179,P05177
D003924,P05177
D064420,P05177
D006130,P05177
D008103,P05177
D008175,P05177
D017119,P05177
D054198,P05177
D001943,Q53TK1
D002294,Q53TK1
D015179,Q53TK1
D008175,Q53TK1
D008545,Q53TK1
D009765,Q53TK1
D010051,Q53TK1
D054198,Q53TK1
D011471,Q53TK1
D000022,Q07973
D001943,Q07973
D006934,Q07973
D008175,Q07973
D009059,Q9NR63
D009765,Q9NR63
D008103,Q96T86
D006934,Q9UP42
D018288,P11509
D015179,P11509
D006509,P11509
D008175,P11509
D009889,P11509
D011471,P11509
D011656,P11509
D013274,P11509
D014029,P11509
D007676,Q9UNX8
D011471,Q2XN56
D058186,Q767A3
D001281,Q767A3
D007676,Q767A3
D016649,Q767A3
D011471,Q767A3
D013927,Q767A3
D064420,P10632
D007674,P10632
D054198,P10632
D058186,Q9UQ59
D001932,Q9UQ59
D004342,Q9UQ59
D064420,Q9UQ59
D006470,Q9UQ59
D058186,Q6NWU0
D000544,Q6NWU0
D001919,Q6NWU0
D001943,Q6NWU0
D064420,Q6NWU0
D004830,Q6NWU0
D009127,Q6NWU0
D010300,Q6NWU0
D019966,Q6NWU0
D014202,Q6NWU0
D000437,Q6NWT7
D001249,Q6NWT7
D002289,Q6NWT7
D064420,Q6NWT7
D008113,Q6NWT7
D008175,Q6NWT7
D008228,Q6NWT7
D009336,Q6NWT7
D009765,Q6NWT7
D010300,Q6NWT7
D054198,Q6NWT7
D011471,Q6NWT7
D008103,Q6VVX0
D011565,Q96SQ9
D001943,Q7Z448
D012516,Q7Z448
D011471,Q7Z448
D016171,Q7Z448
D011471,Q9HB51
D007674,Q96RK8
D011471,Q96RK8
D013927,Q96RK8
D000544,Q9Y6A2
D008103,Q02928
D001749,Q8WWV1
D006973,P78329
D011041,Q08477
D006937,P22680
D011471,Q05C57
D004342,Q9Y271
D004342,Q5KU17
D001281,Q15438
D008175,Q5VWQ8
D009203,Q5VWQ8
D016491,Q5VWQ8
D011471,Q5VWQ8
D011655,Q5VWQ8
D015179,Q9NYF0
D008113,Q5SW24
D011471,Q9UMK9
D001321,P19801
D012559,P19801
D012559,Q8IWM3
D001943,P51398
D001171,P53355
D001932,P53355
D002289,P53355
D002292,P53355
D015470,P53355
D008175,P53355
D009362,P53355
D012140,P53355
D015473,Q1RMF4
D010003,Q9UN19
D010190,Q4VX54
D009447,Q5T382
D010673,Q5T382
D002277,P07108
D011471,Q58WW2
D008545,Q8N8Z6
D013274,Q96IX0
D015179,Q49AK4
D004938,Q49AK4
D008607,Q49AK4
D008545,Q49AK4
D008113,P81605
D015179,Q5VZY9
D016889,Q6FH10
D004715,Q9H295
D007040,Q6AWB1
D020734,Q6AWB1
D003550,Q9UJW0
D011552,Q9UJW0
D009765,Q7Z4W1
D011471,Q7Z4W1
D003324,Q5SSV3
D011225,Q5SSV3
D013274,Q16531
D010300,Q6IBS8
D020734,Q6IBS8
D010673,Q6IBS8
D001171,Q53YD1
D001943,Q53YD1
D009203,Q53YD1
D009765,Q53YD1
D009798,Q53YD1
D013119,Q53YD1
D014456,Q53YD1
D001172,Q9NX09
D007938,Q9NX09
D009059,Q9NX09
D010300,Q9NX09
D008545,Q96D03
D008175,Q96T62
D011471,Q96T62
D004714,Q92499
D019966,Q92499
D004715,P17844
D008113,Q8TDD1
D001172,P26196
D010300,P12838
D008180,Q9H4E7
D015473,Q6EZE9
D003093,Q01523
D003110,Q01523
D015212,Q01523
D011471,P60022
D001943,P35659
D009362,P35659
D003424,Q96AX6
D008105,Q96AX6
D001943,Q9NTK1
D004715,Q9NTK1
D001281,Q5RLN2
D001943,Q5RLN2
D002277,Q5RLN2
D013274,Q5RLN2
D010051,Q9BSY9
D002289,Q05D60
D005909,Q05D60
D003967,Q9BRH5
D012559,Q8IWC8
D001281,Q9Y6T7
D003924,Q53SV4
D003928,Q86XP1
D009203,Q7Z5X8
D000544,Q15392
D001321,Q9UBM7
D015473,Q9UBM7
D008103,Q9UBM7
D011471,Q9UQ10
D000022,P00374
D000749,P00374
D001172,P00374
D001321,P00374
D001943,P00374
D015179,P00374
D064420,P00374
D005494,P00374
D007247,P00374
D009362,P00374
D012516,P00374
D014029,Q9Y394
D011471,Q7L2E3
D002545,Q502X2
D006816,Q502X2
D011471,Q502X2
D004715,Q5D0K5
D008113,Q5D0K5
D004715,Q9NZL0
D008654,Q9NZL0
D001943,P55073
D009362,P55073
D064420,Q96IB4
D001321,Q8NDZ4
D001008,Q9NRI2
D001321,Q9NRI2
D003866,Q9NRI2
D008607,Q9NRI2
D010146,Q9NRI2
D012559,Q9NRI2
D001008,Q155Q3
D001321,Q155Q3
D001714,Q155Q3
D003866,Q155Q3
D012559,Q155Q3
D015179,Q45XF9
D009369,Q45XF9
D010051,Q45XF9
D013274,Q45XF9
D012559,Q6PJH1
D008545,Q15700
D001321,Q9P1A6
D001943,Q9NR61
D001321,Q53SU3
D001321,Q53QU7
D003110,Q9UGM3
D002311,Q9UPB5
D009336,Q9UPB5
D009362,Q9UPB5
D013226,Q9UPB5
D018754,Q9UPB5
D013736,Q9Y5R6
D001281,Q8IVF4
D003327,Q75MY1
D001249,Q8TE73
D019970,Q8IZR0
D019966,Q8IZR0
D008175,Q6TDU7
D008545,Q5T1X2
D009369,Q8N4C5
D011471,Q8N4C5
D008545,Q9Y5T4
D011471,Q13217
D000402,P24855
D008180,P24855
D018357,P24855
D011471,Q92874
D001172,Q13609
D008175,Q13609
D008180,Q13609
D002292,Q96M86
D004827,Q05193
D010300,Q32Q67
D007680,Q9UQ16
D001008,P26358
D001249,P26358
D001943,P26358
D002277,P26358
D021441,P26358
D003110,P26358
D003704,P26358
D008527,P26358
D011471,P26358
D013274,P26358
D001943,Q8WVA9
D003424,Q8WVA9
D006130,Q8WVA9
D008607,Q8WVA9
D015470,Q8WVA9
D015473,Q8WVA9
D008175,Q8WVA9
D016410,Q8WVA9
D001943,Q2PJS8
D002277,Q2PJS8
D007247,Q2PJS8
D011471,Q2PJS8
D013274,Q2PJS8
D019966,Q14185
D001321,Q75MU6
D008607,Q86XD0
D009447,Q86XD0
D008175,Q2TA81
D010051,Q2TA81
D008175,Q7L591
D015179,Q9NYP3
D015179,Q8TEK3
D011471,Q8TEK3
D015179,Q9H3H5
D013274,Q9H3H5
D003093,Q6I9V1
D010003,Q6I9V1
D001281,Q92784
D008113,Q53TB1
D009336,Q9UHL4
D001321,Q12882
D001943,Q12882
D003110,Q12882
D015179,Q12882
D006258,Q12882
D008175,Q12882
D009362,Q12882
D009503,Q12882
D009765,Q12882
D010190,Q12882
D012559,Q12882
D013274,Q12882
D000544,Q16555
D010003,Q16555
D012563,Q16555
D008545,Q14919
D010300,Q8NBI3
D001321,Q6FH34
D001714,Q6FH34
D019970,Q6FH34
D004409,Q6FH34
D007022,Q6FH34
D010300,Q6FH34
D012559,Q6FH34
D012640,Q6FH34
D001008,Q6LDH7
D001289,Q6LDH7
D001919,Q6LDH7
D019970,Q6LDH7
D004409,Q6LDH7
D020820,Q6LDH7
D006966,Q6LDH7
D006973,Q6LDH7
D007022,Q6LDH7
D010146,Q6LDH7
D010300,Q6LDH7
D020734,Q6LDH7
D012559,Q6LDH7
D012640,Q6LDH7
D019966,Q6LDH7
D013375,Q6LDH7
D014029,Q6LDH7
D001321,Q9NY31
D019970,Q9NY31
D004409,Q9NY31
D012559,Q9NY31
D012640,Q9NY31
D005879,Q9NY31
D019958,Q8WXP7
D001289,Q8WXP7
D012559,Q8WXP7
D001289,P21918
D001714,P21918
D001764,P21918
D003866,P21918
D011618,P21918
D014103,P21918
D008545,Q9HB00
D001943,Q9HAX1
D019966,Q8WY19
D003872,Q712V6
D006967,Q712V6
D002294,Q9NZW4
D006333,P60981
D012559,Q96EV8
D001932,Q75MM6
D001943,Q8N9I9
D001171,P28562
D004715,P28562
D007249,Q6IAR2
D009103,Q4G0W2
D002289,P51452
D006973,Q16690
D002277,Q689E8
D005909,Q689E8
D054198,Q9UBX2
D001943,Q49AI6
D002545,Q6FGH9
D004827,Q13627
D010190,Q13627
D010051,Q9Y463
D001171,Q7Z6P1
D001943,Q01094
D002289,Q01094
D008545,Q01094
D009369,Q01094
D002289,Q14209
D002289,Q499G5
D002289,Q15329
D002289,Q6Q9Z7
D002289,Q96AV8
D008175,Q96CJ1
D011471,Q96CJ1
D012128,Q9UH73
D013274,Q14213
D003924,P42892
D006973,P42892
D008545,Q9NTX5
D009765,P30084
D013274,P30084
D000022,Q2QKP8
D003093,Q2QKP8
D013274,Q2QKP8
D008545,Q92838
D012559,Q9BV94
D058186,Q6FH53
D001145,Q6FH53
D001249,Q6FH53
D001281,Q6FH53
D001919,Q6FH53
D003924,Q6FH53
D007172,Q6FH53
D005767,Q6FH53
D006333,Q6FH53
D006937,Q6FH53
D006973,Q6FH53
D006976,Q6FH53
D007022,Q6FH53
D007249,Q6FH53
D007674,Q6FH53
D009404,Q6FH53
D019226,Q6FH53
D010146,Q6FH53
D010300,Q6FH53
D010437,Q6FH53
D011225,Q6FH53
D012128,Q6FH53
D020521,Q6FH53
D013345,Q6FH53
D016055,Q6FH53
D001919,P20800
D007022,P20800
D001919,Q6LDQ8
D006973,Q6LDQ8
D007022,Q6LDQ8
D003924,P25101
D007172,P25101
D006333,P25101
D006973,P25101
D010051,P25101
D020521,P25101
D001943,P24530
D003924,P24530
D006333,P24530
D006976,P24530
D013345,P24530
D002277,Q96EB3
D013274,Q96EB3
D004827,Q05639
D013274,Q05639
D001943,P24534
D008607,P24534
D009362,P24534
D001943,Q6PK56
D002292,Q6PK56
D008175,Q6PK56
D009362,Q6PK56
D010003,Q6PK56
D001943,Q580Q6
D002277,Q580Q6
D015179,Q580Q6
D008175,Q580Q6
D010190,Q580Q6
D011471,Q6FH22
D004832,Q5JVL4
D001943,P20827
D007249,P98172
D009765,P98172
D008113,Q2PDH7
D008175,Q2PDH7
D001171,Q6QBS2
D001321,Q6QBS2
D001943,Q6QBS2
D003872,Q6QBS2
D005909,Q6QBS2
D007674,Q6QBS2
D009362,Q6QBS2
D011471,Q6QBS2
D013276,Q6QBS2
D058186,Q9H3D0
D011125,Q9H3D0
D001943,Q9H3D0
D002277,Q9H3D0
D002289,Q9H3D0
D002294,Q9H3D0
D002311,Q9H3D0
D003110,Q9H3D0
D015179,Q9H3D0
D003872,Q9H3D0
D003924,Q9H3D0
D004715,Q9H3D0
D004938,Q9H3D0
D005909,Q9H3D0
D006258,Q9H3D0
D008175,Q9H3D0
D008654,Q9H3D0
D009362,Q9H3D0
D012516,Q9H3D0
D010051,Q9H3D0
D010190,Q9H3D0
D011471,Q9H3D0
D012004,Q9H3D0
D013274,Q9H3D0
D001749,Q9H3D0
D008113,Q3T1B0
D001171,Q546S1
D001327,Q546S1
D002545,Q546S1
D019970,Q546S1
D007249,Q546S1
D008175,Q546S1
D008654,Q546S1
D011014,Q546S1
D011471,Q546S1
D001321,P11161
D012512,P11161
D011471,Q8NDI1
D015470,Q9NZN3
D011471,Q9NZC4
D011471,Q08426
D019966,Q08426
D008527,Q9H9B1
D054198,Q9H9B1
D019970,Q96KQ7
D007246,Q96KQ7
D015470,Q96KQ7
D008175,Q96KQ7
D009362,Q96KQ7
D054198,Q96KQ7
D008654,Q9Y6B2
D008545,Q8N9N8
D009362,P47813
D012128,Q9BQI3
D011471,Q8IW76
D013226,Q8IW76
D013226,Q9NZJ5
D006976,Q9P2K8
D000544,Q53XC0
D012516,Q53XC0
D013226,Q53XC0
D001943,Q6IBR8
D011471,Q7Z5T5
D015179,Q6IB98
D011471,Q6IB98
D003110,Q5U0F4
D009362,Q9NZE6
D001321,Q32Q75
D007249,Q13541
D007680,Q13541
D015470,Q13541
D001321,Q96I65
D012559,Q6IBU0
D002277,Q8WXQ9
D001943,P56537
D019966,Q53HC9
D011471,Q9BQ52
D009503,P08246
D004715,Q15717
D001943,P41970
D003928,Q92556
D006973,Q9UMK5
D011656,Q9UMK5
D002292,Q15369
D006333,Q9H5J4
D001943,Q9H9T3
D009362,Q9H9T3
D017449,Q6PCB8
D001932,Q583U9
D002289,Q583U9
D009362,Q583U9
D000022,Q8WWD6
D011471,Q8WWD6
D011471,Q6IBD3
D001943,Q7Z589
D003876,Q7Z589
D008175,Q04743
D001321,P19622
D015470,Q8N8S7
D003550,Q96CG0
D000544,P06733
D001172,P06733
D001943,P06733
D002277,P06733
D002289,P06733
D002294,P06733
D004938,P06733
D007248,P06733
D010003,P06733
D013274,P06733
D002289,Q6FHV6
D015470,Q6FHV6
D010300,Q6FHV6
D001749,Q6FHV6
D009369,Q32ND0
D003928,Q07075
D003924,P22413
D004715,P22413
D009765,P22413
D009362,Q13822
D013964,Q13822
D011471,Q9UJA9
D008105,Q9Y5L3
D009765,Q5QPJ7
D001943,Q7Z6C1
D002294,Q7Z6C1
D015179,Q7Z6C1
D016889,Q7Z6C1
D008545,Q7Z6C1
D009765,Q7Z6C1
D001749,Q7Z6C1
D002292,Q53ST6
D008545,Q4VB87
D001943,Q96HL7
D003924,Q52LR7
D002277,P16422
D010051,P16422
D010190,P16422
D011471,P16422
D000544,P21709
D015179,P21709
D009369,Q96HF4
D001281,Q6P4R6
D064420,Q15375
D006470,Q15375
D001943,Q96L35
D000014,Q6FGZ3
D002277,Q6FGZ3
D005334,Q6FGZ3
D015470,Q6FGZ3
D008175,Q6FGZ3
D008223,Q6FGZ3
D008228,Q6FGZ3
D009101,Q6FGZ3
D054198,Q6FGZ3
D011225,Q6FGZ3
D011471,Q6FGZ3
D011656,Q6FGZ3
D058186,P34913
D064420,P34913
D006333,P34913
D012559,P34913
D018487,P34913
D008545,Q9H6B9
D013274,Q9H6B9
D058186,P11678
D003324,P11678
D005221,P11678
D006973,P11678
D007249,P11678
D007674,P11678
D007676,P11678
D008545,P11678
D009203,P11678
D009362,P11678
D011041,P11678
D011655,P11678
D012770,P11678
D013226,P11678
D013276,P11678
D017180,P11678
D013921,P11678
D013927,P11678
D013964,P11678
D020246,P11678
D014693,P11678
D001943,P19235
D008545,P19235
D009362,P19235
D013964,P19235
D011471,Q8TE67
D006973,Q9NZ08
D011565,Q9NZ08
D013167,Q9NZ08
D001943,Q9UK79
D002280,Q9UK79
D002292,Q9UK79
D003110,Q9UK79
D004938,Q9UK79
D005770,Q9UK79
D008175,Q9UK79
D008527,Q9UK79
D009362,Q9UK79
D010051,Q9UK79
D011471,Q9UK79
D013274,Q9UK79
D001749,Q9UK79
D001943,P21860
D008175,P21860
D009362,P21860
D011471,P21860
D000690,Q580Q7
D001281,Q580Q7
D008545,Q580Q7
D002289,Q8WWH8
D008175,Q8WWH8
D008545,Q8WWH8
D009362,Q8WWH8
D009369,Q8WWH8
D013274,Q8WWH8
D013736,Q8WWH8
D002294,Q2TB79
D015179,Q2TB79
D011471,Q2TB79
D012871,Q2TB79
D013274,Q2TB79
D013471,Q2TB79
D001749,Q2TB79
D009362,Q92889
D013736,Q92889
D001749,Q92889
D015179,Q9NR54
D006130,Q03468
D008175,Q03468
D011471,P50548
D007938,Q7LDT7
D015470,Q7LDT7
D054198,Q7LDT7
D011471,Q7LDT7
D002289,Q5JWS2
D008175,Q5JWS2
D009362,P30040
D011471,P30040
D011471,Q9BS26
D004715,Q9UJM3
D012559,Q96AP7
D007680,Q56NI9
D010003,P10768
D008113,Q9NQ30
D001749,Q14674
D000544,Q9UE35
D001943,Q9UE35
D002277,Q9UE35
D003324,Q9UE35
D016889,Q9UE35
D007247,Q9UE35
D007248,Q9UE35
D007938,Q9UE35
D008113,Q9UE35
D008175,Q9UE35
D008654,Q9UE35
D009203,Q9UE35
D009362,Q9UE35
D009447,Q9UE35
D009765,Q9UE35
D011471,Q9UE35
D001749,Q9UE35
D001145,Q7LCB3
D001281,Q7LCB3
D001943,Q7LCB3
D002277,Q7LCB3
D019970,Q7LCB3
D015179,Q7LCB3
D003324,Q7LCB3
D003327,Q7LCB3
D016889,Q7LCB3
D004715,Q7LCB3
D007247,Q7LCB3
D008527,Q7LCB3
D011471,Q7LCB3
D001749,Q7LCB3
D000690,Q96I02
D001943,Q96I02
D012516,Q96I02
D010190,Q9NY74
D010003,P13804
D009765,Q547S8
D003924,Q6FG54
D008180,Q6FG54
D001943,P15036
D017449,P15036
D015179,P50549
D011471,P50549
D011471,P41162
D001943,P43268
D009362,P43268
D011471,P43268
D011471,P41161
D001171,Q9UME7
D015470,Q9UME7
D054198,Q9UME7
D019966,Q9UME7
D013921,Q9UME7
D001943,Q499Z9
D015179,Q499Z9
D011471,Q01844
D012512,Q01844
D001943,Q5T399
D015179,Q5T399
D008113,Q13868
D013274,Q9NQT4
D001321,Q16394
D015179,Q96CJ7
D001943,Q75MQ0
D016889,Q75MQ0
D012516,Q75MQ0
D010051,Q75MQ0
D011471,Q75MQ0
D002277,Q6NUR7
D009362,Q6NUR7
D010003,Q6NUR7
D011471,Q6NUR7
D001778,Q5JVE8
D013927,Q5JVE8
D006973,Q9UEG0
D006973,Q1JR85
D013923,Q1JR85
D017449,Q9NZ69
D009203,Q9NZ69
D020246,Q9NZ69
D020246,P05160
D000544,Q8TD58
D001172,Q8TD58
D001778,Q8TD58
D002545,Q8TD58
D006470,Q8TD58
D007020,Q8TD58
D008103,Q8TD58
D009203,Q8TD58
D009765,Q8TD58
D012559,Q8TD58
D020521,Q8TD58
D013923,Q8TD58
D013927,Q8TD58
D020246,Q8TD58
D007249,P25116
D008103,P25116
D013274,P25116
D005759,P55085
D007249,P55085
D008545,P55085
D011537,P55085
D001943,P13726
D015473,P13726
D008103,P13726
D009404,P13726
D013927,P13726
D020246,P13726
D011125,Q8IUL1
D001778,Q8IUL1
D002545,Q8IUL1
D003110,Q8IUL1
D008103,Q8IUL1
D009203,Q8IUL1
D020521,Q8IUL1
D013923,Q8IUL1
D013927,Q8IUL1
D020246,Q8IUL1
D006470,P08709
D009203,P08709
D011183,P08709
D013923,P08709
D020246,P08709
D001327,Q2VF45
D020246,Q2VF45
D013927,Q86XR9
D006816,Q7L5A8
D009765,Q7L5A8
D012640,Q7L5A8
D019966,Q7L5A8
D013375,Q7L5A8
D002292,Q6GMR7
D007676,Q6FGL7
D009336,Q6IBD7
D002277,P15090
D007674,P15090
D009362,Q6LCG1
D011471,Q96CS3
D002292,Q6SJ93
D013274,Q92567
D004715,Q6UWF9
D019966,Q6P9G8
D019966,Q9ULE4
D003924,Q9H0X4
D012559,Q96BQ1
D010051,Q86UY5
D005909,Q9H4H8
D001749,Q9Y500
D019966,Q9Y4F1
D001327,Q9UET8
D002311,Q9UET8
D003924,Q9UET8
D006402,Q9UET8
D015470,Q9UET8
D008175,Q9UET8
D016410,Q9UET8
D016778,Q9UET8
D009157,Q9UET8
D009336,Q9UET8
D009393,Q9UET8
D001749,Q9UET8
D018487,Q9UET8
D009336,P48023
D001172,Q53ZZ1
D002289,Q53ZZ1
D002311,Q53ZZ1
D003925,Q53ZZ1
D004342,Q53ZZ1
D008175,Q53ZZ1
D008545,Q53ZZ1
D009103,Q53ZZ1
D011471,Q53ZZ1
D001943,Q6PJJ3
D002311,Q6PJJ3
D006333,Q6PJJ3
D008607,Q6PJJ3
D007676,Q6PJJ3
D008545,Q6PJJ3
D009369,Q6PJJ3
D009765,Q6PJJ3
D010051,Q6PJJ3
D012559,Q7L8L6
D002289,Q14517
D015179,Q14517
D005909,Q14517
D006258,Q14517
D008545,Q6V0I7
D013274,Q6V0I7
D001327,Q96BS4
D001943,Q96BS4
D004715,P23142
D011471,P23142
D015179,Q86V58
D006333,Q9UBX5
D006976,Q9UBX5
D011471,Q9UBX5
D012128,Q9UBX5
D012141,Q9UBX5
D004715,Q75N89
D008103,Q75N89
D015179,P35556
D003110,Q5VZC3
D010300,Q5VZC3
D013274,Q5VZC3
D001281,Q9HCM7
D011565,Q6PCT2
D001281,Q498Y9
D001321,Q9UH90
D011471,Q9H4M3
D003928,Q494Z1
D001943,Q969H0
D002280,Q969H0
D016889,Q969H0
D001749,Q8N3Y1
D004342,Q6GU38
D014581,Q6GU38
D004342,P30273
D010300,Q30219
D013274,Q9Y6R7
D001171,P12314
D001172,P12318
D003093,P12318
D003550,P12318
D008180,P12318
D008288,P12318
D013921,P12318
D013927,P12318
D001327,Q8NIA0
D008180,Q8NIA0
D008288,Q8NIA0
D009503,Q8NIA0
D019970,Q6IAX1
D015179,Q6FHX6
D008175,Q6FHX6
D015812,Q96AC1
D001749,Q96AC1
D006470,Q86UX7
D003324,Q4JFK8
D064420,Q8WW76
D007674,Q8WW76
D011655,Q8WW76
D020521,Q8WW76
D013927,Q8WW76
D010300,P02675
D001289,P98174
D006130,P98174
D001943,Q6ZNL6
D013274,Q6ZNL6
D007022,P05230
D007938,P05230
D008654,P05230
D010051,P05230
D001943,Q8NFI9
D011471,Q8NFI9
D009362,Q9Y643
D010190,Q9Y643
D019970,P09038
D003866,P09038
D004830,P09038
D007249,P09038
D007674,P09038
D008103,P09038
D008654,P09038
D009404,P09038
D011471,P09038
D012640,P09038
D013920,P09038
D003924,Q9NSA1
D006973,Q9NSA1
D009765,Q9NSA1
D001943,P11487
D001943,P08620
D001281,P12034
D000022,Q6RK68
D008103,Q6RK68
D011470,Q6RK68
D002289,P31371
D008175,P31371
D013736,P31371
D001943,P11362
D002289,P11362
D002294,P11362
D003866,P11362
D008175,P11362
D012559,P11362
D001943,P21802
D016889,P21802
D008607,P21802
D008103,P21802
D008175,P21802
D012871,P21802
D013274,P21802
D015179,Q9NRB6
D009101,Q9NRB6
D001749,Q9NRB6
D011471,P22455
D012128,P22455
D013274,P02679
D009765,Q96C11
D017449,Q14314
D008545,Q5W0V4
D002277,Q71VB2
D002289,Q71VB2
D008113,Q71VB2
D008175,Q71VB2
D008654,Q71VB2
D011471,Q71VB2
D013274,Q71VB2
D019966,Q71VB2
D001943,Q6I9R8
D015470,Q6I9R8
D015179,Q9P100
D019966,Q8IVF7
D007680,Q6PIW4
D013274,Q7Z7B0
D006333,Q6UN15
D017681,Q6UN15
D001932,Q86VR8
D019966,Q5T1M5
D013274,Q53XJ5
D001172,Q2TA84
D004715,Q2TA84
D001943,Q9UIM3
D004417,Q9H9S5
D001943,Q96Q35
D002292,Q8NFG4
D015179,Q8NFG4
D008113,Q8NFG4
D003872,Q4JFL9
D003876,Q4JFL9
D004485,Q4JFL9
D008527,Q9UEE3
D012512,Q9UEE3
D001943,Q6NXF2
D004827,Q6NXF2
D015179,Q14315
D001943,P17948
D002292,P17948
D008103,P17948
D008545,P17948
D009362,P17948
D011225,P17948
D015470,P36888
D015473,P36888
D007964,P36888
D054198,P36888
D013927,P36888
D002292,Q96L17
D004715,Q99518
D011125,P31513
D001008,Q8IXW7
D001321,Q8IXW7
D008607,Q8IXW7
D016649,Q8IXW7
D000022,Q7L553
D001943,Q7L553
D002277,Q7L553
D003424,Q7L553
D003928,Q7L553
D005909,Q7L553
D006973,Q7L553
D064420,Q53EP0
D005902,Q53EP0
D015473,Q53EP0
D006973,Q8NAU1
D007249,Q8NAU1
D018487,Q8NAU1
D008103,Q5VW36
D011471,Q2VPJ0
D003110,P15328
D004827,P15328
D008607,P15328
D012516,P15328
D010051,P15328
D001008,Q6FG41
D001171,Q6FG41
D001943,Q6FG41
D019970,Q6FG41
D004715,Q6FG41
D004827,Q6FG41
D006470,Q6FG41
D006973,Q6FG41
D008175,Q6FG41
D009765,Q6FG41
D012640,Q6FG41
D013226,Q6FG41
D013375,Q6FG41
D014277,Q6FG41
D001171,Q6FGK6
D019970,Q6FGK6
D004409,Q6FGK6
D004827,Q6FGK6
D008113,Q6FGK6
D008175,Q6FGK6
D001171,Q9H5M2
D005909,Q9H5M2
D008175,Q9H5M2
D001943,P55317
D002289,P55317
D002294,P55317
D011471,P55317
D011471,P55318
D005902,Q12948
D011471,Q12948
D013771,Q12948
D013771,Q99958
D008175,Q6VB84
D008175,Q5VV16
D020521,Q12947
D004827,P55316
D008607,P55316
D012640,P55316
D015179,Q53ZD3
D001943,Q53Y49
D002289,Q53Y49
D007938,Q53Y49
D008175,Q53Y49
D006976,Q12778
D015470,Q12778
D011471,Q12778
D001171,Q12778
D004715,Q12778
D001171,Q6IAJ1
D001321,Q6IAJ1
D010190,Q6IAJ1
D001321,Q8NFT3
D001172,Q9BZS1
D001249,Q9BZS1
D001943,Q9BZS1
D006967,Q9BZS1
D008175,Q9BZS1
D011471,Q96AP5
D001943,Q9C009
D001172,Q96LE4
D015179,Q96LE4
D008228,Q96LE4
D054198,Q96LE4
D019966,Q5T376
D001281,Q6PEW6
D008607,Q5TBA9
D010003,Q53QT6
D013274,Q9BTV5
D000437,Q27RP3
D000568,Q27RP3
D005334,Q27RP3
D007006,Q27RP3
D007247,Q27RP3
D007248,Q27RP3
D000022,Q6FHE1
D001943,Q6FHE1
D008113,Q6FHE1
D013274,Q6FHE1
D058186,Q12841
D012595,Q12841
D001714,Q8N475
D003866,Q6NZ44
D003866,Q6S4P3
D009362,Q6S4P3
D009765,Q6S4P3
D010003,Q6S4P3
D001943,Q9C0B1
D003924,Q9C0B1
D008545,Q9C0B1
D009765,Q9C0B1
D008175,Q6PJY1
D002277,P09958
D003324,P09958
D013927,P22083
D006973,Q58I17
D008275,Q58I17
D010190,Q14802
D015470,Q9H0Q3
D013274,Q14342
D003110,Q86UZ8
D002277,P27469
D058186,Q2VF42
D008288,Q2VF42
D018754,P10253
D008545,Q9UQC2
D009362,Q9UQC2
D000437,Q8IW08
D001321,Q8IW08
D019970,Q8IW08
D001321,P14867
D020329,P14867
D006501,P14867
D012640,P14867
D000437,Q8TBI4
D001008,Q8TBI4
D001321,Q8TBI4
D019970,Q8TBI4
D001321,P34903
D001321,P48169
D001321,P31644
D012640,P31644
D012559,Q16445
D001321,P18505
D006501,P18505
D012128,P18505
D004827,P47870
D012559,P47870
D001321,P28472
D004827,P28472
D004832,P28472
D007319,P28472
D000437,P18507
D019970,P18507
D006501,P18507
D003294,P18507
D001321,Q8IVA8
D001714,Q8IVA8
D019970,Q8IVA8
D004409,Q8IVA8
D006966,Q8IVA8
D006973,Q8IVA8
D012559,Q8IVA8
D001714,Q5VZ31
D019970,Q5VZ31
D012559,Q5VZ31
D012640,Q5VZ31
D001171,P24522
D010051,P24522
D010190,P24522
D011471,P24522
D013274,P24522
D012871,Q6IX74
D008113,Q6ZQY3
D010190,Q05DQ1
D010300,Q3B835
D006973,Q8N6F7
D007249,Q8N6F7
D007249,Q96I49
D015179,Q68VJ1
D001943,Q68VJ8
D010051,Q68VJ6
D011471,Q68VJ6
D012871,Q7Z4T8
D008607,Q14353
D012640,Q14353
D003110,Q5U058
D013226,Q5U058
D002294,Q0QET7
D015179,Q0QET7
D004938,Q0QET7
D009336,Q0QET7
D010003,Q0QET7
D020734,Q0QET7
D006402,Q9NY12
D001172,Q71VH3
D015470,Q99501
D058186,Q14393
D003928,Q14393
D013923,Q14393
D013927,Q14393
D009765,Q29RX5
D003110,P01350
D005767,P01350
D008175,P01350
D010437,P01350
D013274,P01350
D013921,P15976
D001161,P23769
D015470,P23769
D014657,P23769
D001172,P23771
D002277,P23771
D006689,P23771
D007249,P23771
D007676,P23771
D009447,P23771
D054198,P23771
D000437,P43694
D001281,P43694
D015179,P43694
D064420,P43694
D006470,P43694
D009203,P43694
D013771,P43694
D015179,Q9BWX5
D064420,Q05CA6
D006470,Q05CA6
D008175,Q05CA6
D013771,Q05CA6
D013274,Q86YP4
D002277,P50440
D006333,P50440
D007674,P50440
D009336,P50440
D005776,P04062
D006976,P04062
D010300,P04062
D020734,P04062
D019966,Q9H227
D058186,P38435
D001172,P38435
D064420,P38435
D006501,P38435
D008103,P38435
D008175,P38435
D009103,P38435
D012559,P38435
D012772,P38435
D019970,Q96CN9
D000855,P01275
D001919,P01275
D003110,P01275
D003248,P01275
D003924,P01275
D006333,P01275
D006973,P01275
D007022,P01275
D009765,P01275
D011041,P01275
D013035,P01275
D004409,P30793
D006973,P30793
D009127,P30793
D010146,P30793
D003924,Q53Y25
D003924,Q14397
D015228,Q14397
D002289,Q14TF0
D003924,Q14TF0
D006973,Q14TF0
D008175,Q14TF0
D009203,Q14TF0
D003924,P48507
D009203,P48507
D011471,Q02742
D002277,Q5SZC6
D013771,P27539
D001943,P55107
D008654,P55107
D002100,Q99988
D003324,Q99988
D005770,Q99988
D006333,Q99988
D008545,Q99988
D009059,Q99988
D009362,Q99988
D011471,Q99988
D006976,Q9UK05
D004487,Q9NR23
D001172,Q2NKW7
D010003,Q2NKW7
D019970,P39905
D004409,P39905
D004806,P39905
D005909,P39905
D006816,P39905
D009461,P39905
D010300,P39905
D020734,P39905
D010673,P39905
D013226,P39905
D000690,P14136
D004827,P14136
D010300,P14136
D014277,P14136
D058186,P55789
D015470,Q99684
D003324,Q9NXC2
D009765,Q06210
D001778,P38435
D003324,P38435
D001172,Q92820
D015179,Q92820
D001749,Q92820
D000437,Q6NZY2
D002277,Q6NZY2
D009203,Q6NZY2
D011471,Q6NZY2
D000172,Q6IYF1
D006130,Q6IYF1
D009765,Q6IYF1
D001321,Q9NRZ8
D011471,Q9NRZ8
D011654,P01286
D002100,Q9UBU3
D019970,Q9UBU3
D003093,Q9UBU3
D003866,Q9UBU3
D004938,Q9UBU3
D006333,Q9UBU3
D009765,Q9UBU3
D012640,Q9UBU3
D013276,Q9UBU3
D001172,Q9NXP7
D000855,P09681
D002289,Q4VBP1
D001289,Q9BSI3
D001145,P17302
D001321,P17302
D001943,P17302
D006973,P17302
D008175,P17302
D011471,P17302
D006973,Q5JW71
D001281,P36382
D006973,P36382
D002292,P08034
D008113,P08034
D008175,P08034
D009362,P08034
D002481,P29033
D007634,P29033
D011565,P29033
D006973,Q5H9P2
D013274,Q53YU7
D015473,P08151
D001749,P08151
D002280,Q6RSW2
D015473,Q6RSW2
D013274,P10071
D007674,Q9BZE0
D003924,Q1PHK4
D015812,Q1PHK4
D001008,Q04760
D001321,Q04760
D003866,Q04760
D008545,Q04760
D003924,P43220
D006973,P43220
D009369,P43220
D000022,Q53TX0
D010003,Q53TX0
D006501,P15104
D009765,P15104
D002277,Q8IVK1
D013274,Q86SZ5
D008545,P29992
D003093,Q03113
D013375,P63096
D001919,Q99061
D001943,Q99061
D002277,Q99061
D004827,Q8N6I9
D013375,Q8N6I9
D001778,P50148
D008545,P50148
D000172,Q5JWE9
D006973,Q5JWE9
D008607,Q5JWE9
D009447,Q5JWE9
D009765,Q5JWE9
D011629,Q5JWE9
D012120,Q5JWE9
D013375,Q5JWE9
D001008,P62873
D003866,P62873
D054198,P62873
D003324,P16520
D003924,P16520
D006973,P16520
D009765,P16520
D012640,P16520
D001281,Q9HAV0
D015179,Q9HAV0
D015179,Q96F32
D011471,P63218
D008113,Q14749
D011471,Q14749
D009765,Q8TDQ7
D001919,P01148
D006261,P01148
D006966,P01148
D006973,P01148
D007006,P01148
D007248,P01148
D011629,P01148
D012128,P01148
D014839,P01148
D011471,Q86W71
D012871,Q86W71
D001281,Q9HD26
D008545,Q9HD26
D006973,P07359
D013927,P07359
D001171,P13224
D013921,P13224
D003924,Q8N1A3
D013921,P14770
D008545,Q8N1G6
D003248,Q8TDU6
D003424,Q8TDU6
D008654,Q8IYG2
D009404,P78333
D009362,Q9NPB8
D003924,Q53T76
D001943,Q99527
D008113,Q99527
D008545,Q96T91
D000437,Q9NQX3
D019970,Q9NQX3
D015473,Q9NQX3
D001943,P06744
D058186,Q96F58
D001943,Q96F58
D021441,Q96F58
D015179,Q96F58
D002289,Q8IZ08
D010051,Q8NGU9
D012559,Q6NV75
D001321,Q49AJ5
D006937,Q13304
D009765,Q13304
D015228,Q9Y2T6
D009369,Q9Y2T6
D001172,Q8NFJ5
D019970,Q86YR5
D001321,Q7L4Q3
D002545,Q7L4Q3
D001943,Q7L4Q3
D002294,Q7L4Q3
D002311,Q7L4Q3
D003924,Q7L4Q3
D004827,Q7L4Q3
D006258,Q7L4Q3
D006973,Q7L4Q3
D008175,Q7L4Q3
D009765,Q7L4Q3
D010300,Q7L4Q3
D001749,Q7L4Q3
D001943,P18283
D008113,P18283
D009362,P18283
D004715,Q6NXQ3
D008113,Q6NXQ3
D008175,Q6NXQ3
D009369,Q6NXQ3
D009765,Q6NXQ3
D011471,Q6NXQ3
D001943,Q6PJX4
D015179,Q6PJX4
D006333,Q6PJX4
D007248,Q6PJX4
D003924,Q53QQ0
D001943,Q14451
D002292,Q14451
D008175,Q14451
D011471,Q14451
D004715,Q6IPM5
D011471,Q6IPM5
D011471,Q5M7Z5
D001321,P42261
D019970,P42261
D007022,P42261
D013375,P42261
D019970,P42262
D013226,P42262
D013375,P42262
D019966,Q1WWK6
D015179,Q9ULK0
D012640,Q9UNN1
D001321,Q9BZ15
D001714,Q9BZ15
D001943,Q9BZ15
D002289,Q9BZ15
D003110,Q9BZ15
D004938,Q9BZ15
D005909,Q9BZ15
D008113,Q9BZ15
D010051,Q9BZ15
D012559,Q9BZ15
D019966,Q9BZ15
D012559,Q16478
D019970,Q5VSF9
D010146,Q5VSF9
D011618,Q5VSF9
D014277,Q5VSF9
D001321,Q547U9
D001714,Q547U9
D015179,Q547U9
D004827,Q547U9
D008545,Q547U9
D013375,Q547U9
D004827,Q13224
D007022,Q13224
D008607,Q13224
D012559,Q13224
D007172,Q8TCU5
D001172,P25098
D017449,P25098
D006333,P25098
D006973,P25098
D001714,P35626
D001172,Q96AD6
D001289,Q13255
D004827,Q13255
D004833,Q13255
D013226,Q13255
D004833,Q14416
D012559,Q14416
D004833,Q14832
D008545,Q14832
D012559,Q14832
D004833,Q14833
D012516,Q14833
D001289,P41594
D019970,P41594
D003929,P41594
D004833,P41594
D013226,P41594
D019966,P41594
D001289,Q14831
D019966,Q14831
D003704,P28799
D006258,Q6LDX5
D011537,Q6LDX5
D011471,P30550
D001249,Q8TAX9
D001714,P49840
D003866,P49840
D012559,P49840
D058186,Q86TM2
D000544,Q86TM2
D001714,Q86TM2
D001943,Q86TM2
D003866,Q86TM2
D006333,Q86TM2
D006973,Q86TM2
D009203,Q86TM2
D010538,Q86TM2
D011041,Q86TM2
D011471,Q86TM2
D012559,Q86TM2
D001749,Q86TM2
D008654,Q5T0I0
D000690,P00390
D004487,P00390
D007003,P00390
D020734,P00390
D002277,P48637
D009059,P48637
D058186,P08263
D064420,P08263
D011471,P08263
D001161,Q5JW88
D010300,Q5JW88
D006973,Q7RTV2
D011471,Q8NEC7
D010003,Q6FII1
D011471,Q6FII1
D001249,Q16041
D001321,Q16041
D002292,Q16041
D002294,Q16041
D015179,Q16041
D003924,Q16041
D004342,Q16041
D007938,Q16041
D008113,Q16041
D008175,Q16041
D008654,Q16041
D010300,Q16041
D011471,Q16041
D011928,Q16041
D012871,Q16041
D001749,Q16041
D014581,Q16041
D058186,Q0D2I8
D002289,Q0D2I8
D015179,Q6FGJ9
D011471,Q6FGJ9
D003110,Q5T8R2
D007938,Q5TA02
D009369,Q5TA02
D011471,Q5TA02
D012871,Q5TA02
D001749,Q9H4Y5
D058186,Q5D6A5
D000690,Q5D6A5
D001249,Q5D6A5
D001321,Q5D6A5
D001943,Q5D6A5
D002277,Q5D6A5
D002289,Q5D6A5
D002292,Q5D6A5
D004342,Q5D6A5
D020329,Q5D6A5
D006689,Q5D6A5
D006973,Q5D6A5
D007674,Q5D6A5
D015464,Q5D6A5
D008175,Q5D6A5
D009336,Q5D6A5
D012516,Q5D6A5
D010300,Q5D6A5
D011471,Q5D6A5
D012509,Q5D6A5
D013274,Q5D6A5
D001749,Q5D6A5
D002277,Q4W252
D002292,Q4W252
D005909,Q4W252
D006973,Q4W252
D007680,Q4W252
D008175,Q4W252
D009101,Q4W252
D009369,Q4W252
D011471,Q4W252
D011928,Q4W252
D006973,Q6ICJ4
D001281,Q499G6
D015470,Q499G6
D007676,Q16661
D009404,Q16661
D011471,Q96NT3
D003110,Q6PJR4
D003324,Q6PJR4
D006973,Q6PJR4
D013927,Q6PJR4
D001943,P33402
D015179,P33402
D015179,P25092
D003967,P25092
D001145,Q8N5Y3
D008288,Q9UM93
D008288,Q8WWP0
D001281,P04921
D008288,P04921
D001321,P10144
D001943,P10144
D004342,P10144
D015470,P07305
D001943,P16403
D015470,P16403
D001943,P16104
D005909,P16104
D001943,P62807
D001171,P62807
D011471,P62807
D005909,P84243
D005909,P68431
D002277,P84243
D006130,P62805
D008607,P62805
D011471,P62805
D009765,Q16836
D010003,P40939
D001943,P55084
D007676,Q6KC15
D007680,Q6KC15
D001281,Q3T1D5
D006333,Q3T1D5
D009447,Q3T1D5
D013771,Q3T1D5
D011471,Q9UJM8
D001172,P10915
D015179,P10915
D001943,Q86UW8
D001327,P12081
D002292,P12081
D010051,Q5VY60
D058186,Q96D42
D064420,Q96D42
D007674,Q96D42
D009336,Q96D42
D002277,Q9NQT3
D002544,Q9NQT3
D003924,Q9NQT3
D011087,Q9NQT3
D003490,Q9Y6D8
D004443,Q9Y6D8
D008288,Q9Y6D8
D016778,Q9Y6D8
D011087,Q9Y6D8
D058186,Q1HK36
D001171,Q1HK36
D004715,Q1HK36
D004830,Q1HK36
D007676,Q1HK36
D013274,Q1HK36
D010300,Q14412
D011471,Q14412
D058186,Q9UNL6
D011471,Q9UNL6
D002294,Q8TDS4
D011565,Q8TDS4
D012559,Q8TDS4
D002294,P49019
D008113,Q05C05
D001327,P08631
D009369,P08631
D054198,P08631
D001172,P14317
D004827,Q86WJ6
D012640,Q86WJ6
D001281,Q9Y3Q4
D009101,Q6MZN7
D001172,Q6IT96
D002294,Q6IT96
D004715,Q6IT96
D002294,Q92769
D004715,Q92769
D008103,Q92769
D008545,Q92769
D019970,P56524
D008607,P56524
D001749,P56524
D001714,Q9UQL6
D019970,Q9UQL6
D012595,Q9UQL6
D002311,Q9BRX7
D008545,Q9BRX7
D012516,Q9BRX7
D010051,Q9BRX7
D011471,Q9BRX7
D020521,Q9Y6V1
D005879,Q9UBI9
D001321,Q96CF6
D008113,Q5THN1
D003324,Q9Y4D8
D003924,Q9Y4D8
D001281,Q15751
D008113,Q4W5H5
D004715,Q9UII4
D011471,Q15011
D001943,Q8IXV0
D002289,Q8IXV0
D021441,Q8IXV0
D003110,Q8IXV0
D005909,Q8IXV0
D008175,Q8IXV0
D001932,Q5M8T3
D058186,Q5URX0
D001943,Q9Y5J3
D021441,Q9Y5J3
D005909,Q9Y5J3
D008175,Q9Y5J3
D001943,Q5TF93
D021441,Q5TF93
D001943,Q9NQ87
D000544,Q9UK37
D010300,Q9UK37
D017119,Q9UK37
D002294,P14210
D003929,P14210
D015470,P14210
D008103,P14210
D008113,P14210
D009362,P14210
D009447,P14210
D010146,P14210
D010195,P14210
D010300,P14210
D013927,P14210
D003424,Q04756
D001943,Q03014
D003924,Q03014
D015179,Q96QV1
D003324,Q96JK4
D010003,Q6NVY1
D001943,Q70SM2
D005770,Q70SM2
D008527,Q70SM2
D002545,Q16665
D001943,Q16665
D002277,Q16665
D002289,Q16665
D005909,Q16665
D006333,Q16665
D006973,Q16665
D006976,Q16665
D008103,Q16665
D008105,Q16665
D010190,Q16665
D011471,Q16665
D011833,Q16665
D013119,Q16665
D013964,Q16665
D001749,Q16665
D020246,Q16665
D008113,Q9BW72
D008545,Q53FT3
D013274,Q53FT3
D008175,Q9Y5L2
D012559,P49773
D058186,Q5SQL3
D003924,P78542
D009765,Q53SG7
D001321,Q9UQU5
D009101,Q9UQU5
D013921,Q9UQU5
D003872,Q9Y4H6
D004342,Q9Y4H6
D064420,Q9Y4H6
D006967,Q9Y4H6
D009157,Q9Y4H6
D009393,Q9Y4H6
D013167,Q9Y4H6
D064420,Q9UQT3
D011565,Q9UQT3
D001172,Q9UM37
D001249,Q9UM37
D004715,Q9UM37
D009103,Q9UM37
D009157,Q9UM37
D014581,Q9UM37
D001249,Q9UEF5
D003872,Q9UEF5
D006967,Q9UEF5
D007898,Q9UEF5
D008180,Q9UEF5
D010195,Q9UEF5
D001172,Q76NI6
D001249,Q9TQE4
D006967,Q9TQE4
D009103,Q9TQE4
D009290,Q9TQE4
D012595,Q9TQE4
D014581,Q9TQE4
D009103,Q30125
D010300,Q30125
D012772,Q30125
D001172,Q9Y4H8
D001249,Q9Y4H8
D001321,Q9Y4H8
D003093,Q9Y4H8
D003424,Q9Y4H8
D004342,Q9Y4H8
D006967,Q9Y4H8
D007898,Q9Y4H8
D008180,Q9Y4H8
D008228,Q9Y4H8
D009103,Q9Y4H8
D009290,Q9Y4H8
D009404,Q9Y4H8
D010195,Q9Y4H8
D012559,Q9Y4H8
D014435,Q9Y4H8
D014581,Q9Y4H8
D006967,Q9UM28
D000544,Q9TPE2
D003924,Q9TPE2
D006967,Q9TPE2
D010300,Q9TPE2
D001249,Q9TP14
D054198,Q16534
D007680,Q05DQ5
D003924,Q9NP66
D003924,Q6IPL9
D014594,Q6IPL9
D009369,Q1M183
D064420,Q5T7C4
D005334,Q5T7C4
D006973,Q5T7C4
D007249,Q5T7C4
D009203,Q5T7C4
D009336,Q5T7C4
D018805,Q5T7C4
D009765,P26583
D011471,P26583
D001327,P04035
D006937,P04035
D006938,P04035
D007676,P04035
D003110,P54868
D006333,P54868
D011471,Q5JSL0
D001749,Q5JSL0
D001943,Q6PIR6
D015464,Q6PIR6
D058186,Q96DI8
D000544,Q96DI8
D001249,Q96DI8
D001778,Q96DI8
D001943,Q96DI8
D003324,Q96DI8
D003924,Q96DI8
D003925,Q96DI8
D064420,Q96DI8
D018589,Q96DI8
D006130,Q96DI8
D006333,Q96DI8
D006973,Q96DI8
D007249,Q96DI8
D007676,Q96DI8
D007898,Q96DI8
D008113,Q96DI8
D008175,Q96DI8
D009765,Q96DI8
D010300,Q96DI8
D011014,Q96DI8
D011225,Q96DI8
D011471,Q96DI8
D011656,Q96DI8
D013226,Q96DI8
D013274,Q96DI8
D013927,Q96DI8
D002292,P20823
D003327,P20823
D003924,P20823
D007003,P20823
D002292,P35680
D003924,P35680
D011471,P35680
D003093,Q8NHY1
D003924,Q8NHY1
D001249,Q9P1Y0
D004342,Q9P1Y0
D012220,Q9P1Y0
D014581,Q9P1Y0
D002277,P09651
D012559,P51991
D011471,P31943
D001943,Q5T6W2
D001943,Q6NTA2
D013274,Q6NTA2
D004827,Q5RI18
D001321,Q1KMD3
D019970,Q86YM6
D064420,Q86YM6
D004409,Q86YM6
D019970,Q9NSB8
D001321,P49639
D016889,Q5I0Y5
D016889,P31270
D007674,P31270
D015470,P31269
D008545,P31269
D001749,P31269
D001943,Q4KR72
D008545,Q4KR72
D011471,Q4KR72
D009765,P09067
D009771,P17481
D001943,P17482
D010051,P17482
D011471,P17482
D014594,P17482
D015179,Q96CA4
D010051,Q96CA4
D010146,Q96CA4
D001172,P28358
D005909,P28358
D001172,Q14DW8
D001321,Q14DW8
D001943,Q14DW8
D007248,Q14DW8
D007674,Q14DW8
D010051,Q14DW8
D008545,P35452
D001172,P35453
D009503,P35453
D011471,P31249
D054198,P09016
D015179,P28356
D010051,P28356
D058186,Q6PEJ8
D001168,Q6PEJ8
D001327,Q6PEJ8
D001943,Q6PEJ8
D003093,Q6PEJ8
D003924,Q6PEJ8
D003925,Q6PEJ8
D064420,Q6PEJ8
D006509,Q6PEJ8
D019698,Q6PEJ8
D006967,Q6PEJ8
D006973,Q6PEJ8
D007938,Q6PEJ8
D008288,Q6PEJ8
D009203,Q6PEJ8
D012559,Q6PEJ8
D014376,Q6PEJ8
D020176,P32754
D018276,P15428
D011471,P15428
D013964,P15428
D011471,P05981
D001943,Q9Y251
D008545,Q9Y251
D009362,Q9Y251
D058186,P02790
D001327,P02790
D003924,P02790
D064420,P02790
D001321,P78460
D001932,P78460
D001943,P78460
D002277,P78460
D002294,P78460
D008113,P78460
D008175,P78460
D008545,P78460
D009447,P78460
D011471,P78460
D013274,P78460
D013964,P78460
D001749,P78460
D001943,P04196
D005119,P35367
D007022,P35367
D010146,P35367
D011537,P35367
D012220,P35367
D012559,P35367
D013375,P35367
D006973,P25021
D009362,P25021
D013375,P25021
D006973,Q8WY01
D011537,Q9H3N8
D013274,Q9H3N8
D004715,Q9Y662
D008545,Q96QI5
D001172,P28845
D017449,P28845
D006973,P28845
D009765,P28845
D001249,P80365
D006973,P80365
D008103,P80365
D009203,P80365
D009404,P80365
D000022,P14061
D004715,P14061
D011471,P14061
D016889,P37059
D004715,P37059
D011471,Q6FH62
D011471,P14060
D000312,Q5QP01
D011471,Q5QP01
D008113,Q6YN16
D009369,Q00613
D001281,Q9BS48
D009203,Q12988
D001943,Q96HX7
D009362,Q96HX7
D011471,Q6PK50
D011471,Q96GW1
D058186,P0DMV8
D021441,P0DMV8
D004342,P0DMV8
D008545,P0DMV8
D009362,P0DMV8
D010300,P0DMV8
D011471,P0DMV8
D001943,P0DMV9
D021441,P0DMV9
D012871,P0DMV9
D004342,Q53FA3
D003110,P54652
D015464,P11021
D009203,P11021
D009765,P11021
D002294,Q96IS6
D013274,Q96IS6
D001327,Q8N1C8
D002292,Q8N1C8
D010300,Q8N1C8
D014605,Q8N1C8
D002292,P04792
D002294,P04792
D003110,P04792
D006333,P04792
D015470,P04792
D009101,P04792
D013226,P04792
D013274,P04792
D002292,Q53SE2
D013274,Q53SE2
D001281,Q2VPA1
D001321,P15515
D001049,Q5ZGX3
D001919,Q5ZGX3
D019970,Q5ZGX3
D005334,Q5ZGX3
D010146,Q5ZGX3
D012640,Q5ZGX3
D013274,Q5ZGX3
D014202,Q5ZGX3
D001321,P28222
D019970,P28222
D007022,P28222
D011618,P28222
D012640,P28222
D001321,P28221
D007022,P28221
D009771,P28221
D000437,Q9P2Q9
D001249,Q9P2Q9
D001321,Q9P2Q9
D001714,Q9P2Q9
D019970,Q9P2Q9
D020820,Q9P2Q9
D005334,Q9P2Q9
D009765,Q9P2Q9
D009771,Q9P2Q9
D011618,Q9P2Q9
D012559,Q9P2Q9
D064420,Q7Z580
D006333,Q7Z580
D006973,Q7Z580
D006976,Q7Z580
D009765,Q7Z579
D013375,Q7Z579
D001321,P46098
D001321,Q8WXA8
D000312,Q13639
D000855,Q13639
D001145,Q13639
D001281,Q13639
D020521,Q13639
D001321,Q86UN1
D012559,P50406
D001008,P34969
D003866,P34969
D010146,P34969
D012559,P34969
D012893,P34969
D008175,Q05DJ8
D006816,P42858
D008607,Q9BYI3
D019966,Q9BYI3
D003924,P10997
D013276,P10997
D001943,P21815
D009362,P21815
D010014,P21815
D003324,Q96Q33
D001161,Q5NKV8
D001249,Q5NKV8
D002545,Q5NKV8
D003093,Q5NKV8
D003110,Q5NKV8
D003924,Q5NKV8
D006689,Q5NKV8
D006937,Q5NKV8
D006973,Q5NKV8
D007249,Q5NKV8
D015212,Q5NKV8
D008288,Q5NKV8
D009103,Q5NKV8
D009203,Q5NKV8
D009765,Q5NKV8
D011471,Q5NKV8
D018357,Q5NKV8
D020521,Q5NKV8
D014581,Q5NKV8
D013274,Q9NZC6
D008105,Q5NKU1
D001943,Q8TAM9
D015179,Q8TAM9
D019970,Q659A1
D003924,P41134
D009362,P41134
D009369,P41134
D015470,Q53T66
D012871,Q53T66
D002277,Q02535
D003110,Q02535
D008175,Q02535
D011471,Q02535
D002277,P47928
D013274,P47928
D000544,P14735
D015470,Q9H302
D015473,Q9H302
D054198,Q9H302
D011471,Q9H302
D006130,P48735
D015470,P48735
D015473,P48735
D010003,P48735
D012640,P48735
D018487,P48735
D010003,Q9H326
D001943,P14902
D004715,P14902
D007249,P14902
D009765,P14902
D008103,Q6ZQW0
D008175,Q14603
D008175,Q9BTL4
D006973,Q5ST79
D012871,Q5ST79
D017449,Q96P99
D015470,Q96P99
D000022,P80217
D000022,P09912
D008180,Q9BYX4
D011565,Q9BYX4
D004715,P09914
D006333,Q5T765
D019698,Q9UMJ2
D015228,Q9UMJ2
D008545,Q9UMJ2
D001749,Q9UMJ2
D000163,P01562
D015179,P01562
D006509,P01562
D008103,P01562
D008113,P01562
D008545,P01562
D010190,P01562
D058186,P01563
D000855,P01563
D001008,P01563
D002292,P01563
D002294,P01563
D015179,P01563
D003866,P01563
D003967,P01563
D005221,P01563
D005334,P01563
D005909,P01563
D006261,P01563
D006509,P01563
D019698,P01563
D006689,P01563
D015228,P01563
D015464,P01563
D008228,P01563
D008545,P01563
D009101,P01563
D009203,P01563
D009325,P01563
D009503,P01563
D010146,P01563
D010190,P01563
D011087,P01563
D011928,P01563
D018805,P01563
D012871,P01563
D013375,P01563
D013920,P01563
D013921,P01563
D013964,P01563
D001749,P01563
D014839,P01563
D008545,P01569
D010190,P01569
D001943,P01574
D006509,P01574
D008545,P01574
D009103,P01574
D009447,P01574
D012640,P01574
D001749,P01574
D000163,P01579
D001064,P01579
D001172,P01579
D001321,P01579
D001327,P01579
D001943,P01579
D002690,P01579
D003110,P01579
D003424,P01579
D017449,P01579
D003876,P01579
D064420,P01579
D005334,P01579
D006086,P01579
D006323,P01579
D006333,P01579
D006509,P01579
D006967,P01579
D007022,P01579
D007249,P01579
D007877,P01579
D007896,P01579
D007898,P01579
D015473,P01579
D008175,P01579
D008545,P01579
D008654,P01579
D009103,P01579
D009325,P01579
D009336,P01579
D010538,P01579
D011014,P01579
D011833,P01579
D018357,P01579
D012140,P01579
D012509,P01579
D018805,P01579
D014257,P01579
D014839,P01579
D004715,Q7Z687
D016481,Q7Z687
D006509,Q7Z687
D009165,Q7Z687
D001249,Q8IZI9
D003876,Q8IZI9
D005512,Q8IZI9
D007249,Q8IZI9
D011565,Q5VTX9
D012128,Q75MS4
D007674,Q9HBG6
D008113,Q13099
D001943,P78318
D008175,P78318
D000022,Q9NP10
D000172,Q9NP10
D058186,Q9NP10
D000544,Q9NP10
D001321,Q9NP10
D001943,Q9NP10
D002100,Q9NP10
D003424,Q9NP10
D064420,Q9NP10
D004715,Q9NP10
D006973,Q9NP10
D007674,Q9NP10
D007676,Q9NP10
D009362,Q9NP10
D011471,Q9NP10
D011629,Q9NP10
D001749,Q9NP10
D000544,Q3B833
D001171,Q3B833
D001281,Q3B833
D001943,Q3B833
D016889,Q3B833
D006130,Q3B833
D010300,Q3B833
D000022,P01344
D000544,P01344
D001321,P01344
D003110,P01344
D015179,P01344
D006130,P01344
D007003,P01344
D008113,P01344
D009765,P01344
D010300,P01344
D012208,P01344
D003924,Q9Y6M1
D000544,Q13661
D010300,Q13661
D011471,Q13661
D018754,Q13661
D018487,Q13661
D006130,Q8TAY0
D011628,Q8TAY0
D000022,Q6PEY6
D058186,Q6PEY6
D003110,Q6PEY6
D064420,Q6PEY6
D004715,Q6PEY6
D008103,Q6PEY6
D008105,Q6PEY6
D008103,P18065
D009765,P18065
D000022,P17936
D001172,P17936
D001321,P17936
D015179,P17936
D011471,P17936
D013274,P17936
D001749,P17936
D001943,Q96HT5
D001749,Q96HT5
D000022,Q9H2B5
D004715,Q9H2B5
D011471,Q9H2B5
D012128,Q9H2B5
D001943,Q16270
D011471,Q16270
D013274,Q16270
D009220,P01857
D009220,P01859
D009220,P01834
D001749,Q96ID5
D011471,Q9NSI5
D004715,Q4ZFW8
D006973,Q32ND9
D007249,Q32ND9
D011014,Q32ND9
D008175,Q9Y6K9
D003093,Q3T907
D008180,Q3T907
D008223,Q3T907
D054198,Q3T907
D054198,Q9UKS7
D001172,Q9UKT9
D001249,Q9UKT9
D054198,Q9UKT9
D058186,Q71UZ1
D001064,Q71UZ1
D001172,Q71UZ1
D001249,Q71UZ1
D001321,Q71UZ1
D001943,Q71UZ1
D002056,Q71UZ1
D002289,Q71UZ1
D003093,Q71UZ1
D003424,Q71UZ1
D017449,Q71UZ1
D003876,Q71UZ1
D004342,Q71UZ1
D064420,Q71UZ1
D004715,Q71UZ1
D006086,Q71UZ1
D007249,Q71UZ1
D015212,Q71UZ1
D043183,Q71UZ1
D007896,Q71UZ1
D007898,Q71UZ1
D008175,Q71UZ1
D008180,Q71UZ1
D009103,Q71UZ1
D009203,Q71UZ1
D011471,Q71UZ1
D011472,Q71UZ1
D018805,Q71UZ1
D002545,Q08334
D006509,Q08334
D000022,P20809
D003556,P20809
D004487,P20809
D006470,P20809
D010051,Q14626
D008105,P29459
D008113,P29459
D009103,P29459
D000022,P29460
D003093,P29460
D003424,P29460
D008105,P29460
D008113,P29460
D008180,P29460
D011565,P29460
D013167,P29460
D002545,P42701
D001249,Q4VB53
D001321,Q4VB53
D002292,Q4VB53
D003872,Q4VB53
D003876,Q4VB53
D004342,Q4VB53
D006967,Q4VB53
D007249,Q4VB53
D011014,Q4VB53
D011565,Q4VB53
D012852,Q4VB53
D003924,Q96BB4
D001321,P40933
D004715,P40933
D000022,Q9UME6
D006967,Q9UME6
D011471,Q9UME6
D001327,Q6NZ94
D002545,Q6NZ94
D006086,Q6NZ94
D006967,Q6NZ94
D007249,Q6NZ94
D015473,Q6NZ94
D009103,Q6NZ94
D009336,Q6NZ94
D011014,Q6NZ94
D011654,Q6NZ94
D002545,Q96F46
D007249,Q96F46
D011471,Q8N2D7
D011471,Q8NFM7
D001172,Q14116
D002545,Q14116
D017449,Q14116
D006967,Q14116
D007896,Q14116
D009362,Q14116
D009369,Q14116
D011014,Q14116
D011471,Q14116
D011833,Q14116
D014581,Q14116
D015451,Q9UHD0
D002545,P01583
D002056,P01583
D017449,P01583
D003967,P01583
D005334,P01583
D007022,P01583
D007249,P01583
D012871,P01583
D000022,P01584
D000544,P01584
D000855,P01584
D001172,P01584
D001249,P01584
D002545,P01584
D001943,P01584
D002056,P01584
D003093,P01584
D003110,P01584
D003876,P01584
D005334,P01584
D005909,P01584
D006073,P01584
D006333,P01584
D006967,P01584
D006973,P01584
D007003,P01584
D007022,P01584
D007249,P01584
D007898,P01584
D007964,P01584
D008175,P01584
D009103,P01584
D009203,P01584
D009336,P01584
D009369,P01584
D009447,P01584
D009503,P01584
D010003,P01584
D015663,P01584
D010437,P01584
D011014,P01584
D011565,P01584
D011833,P01584
D012559,P01584
D012640,P01584
D018805,P01584
D012871,P01584
D012893,P01584
D013274,P01584
D013276,P01584
D020521,P01584
D013345,P01584
D013964,P01584
D014277,P01584
D014581,P01584
D004715,Q6NWP6
D006967,Q6NWP6
D011014,Q6NWP6
D012871,Q6NWP6
D003093,Q6PIW7
D006967,Q6PIW7
D008175,Q6PIW7
D011014,Q6PIW7
D013167,Q6PIW7
D001321,Q7Z2K4
D008545,Q7Z2K4
D001249,Q01638
D000855,P18510
D001171,P18510
D001172,P18510
D001249,P18510
D001321,P18510
D002545,P18510
D003110,P18510
D003967,P18510
D064420,P18510
D005119,P18510
D005334,P18510
D006073,P18510
D007249,P18510
D007674,P18510
D009103,P18510
D009203,P18510
D009220,P18510
D009336,P18510
D010146,P18510
D011471,P18510
D012871,P18510
D013226,P18510
D013274,P18510
D020521,P18510
D000163,Q9C001
D000855,Q9C001
D001321,Q9C001
D001932,Q9C001
D017449,Q9C001
D005334,Q9C001
D005909,Q9C001
D007022,Q9C001
D007680,Q9C001
D007938,Q9C001
D008113,Q9C001
D008175,Q9C001
D008545,Q9C001
D009362,Q9C001
D009369,Q9C001
D009404,Q9C001
D010146,Q9C001
D011471,Q9C001
D001749,Q9C001
D058186,Q9UHF5
D008180,Q9HBE4
D008180,Q9HBE5
D001172,Q9NPF7
D003876,Q9NPF7
D011565,Q9NPF7
D003093,Q5VWK5
D003424,Q5VWK5
D015212,Q5VWK5
D011565,Q5VWK5
D013167,Q5VWK5
D000022,Q13007
D001943,Q13007
D008175,Q13007
D010190,Q13007
D011471,Q13007
D011471,Q8NEV9
D001172,Q5W006
D003424,Q5W006
D017449,Q5W006
D009103,Q5W006
D012559,Q5W006
D001172,P14784
D006967,P14784
D011014,P14784
D064420,Q6NZ79
D013921,Q6NZ79
D003110,P24001
D017449,P24001
D007680,P24001
D013274,P24001
D011565,Q9UBH0
D001249,Q9UPB9
D001321,Q9UPB9
D001327,Q9UPB9
D003872,Q9UPB9
D017449,Q9UPB9
D003876,Q9UPB9
D004342,Q9UPB9
D006967,Q9UPB9
D008180,Q9UPB9
D011014,Q9UPB9
D011565,Q9UPB9
D012220,Q9UPB9
D007249,Q96RQ9
D002292,Q5FC08
D015470,Q5FC08
D004342,P24394
D004485,P24394
D001249,P05113
D001321,P05113
D017449,P05113
D003876,P05113
D000022,Q8NHV7
D006967,Q8NHV7
D011014,Q8NHV7
D000022,Q75MH2
D058186,Q75MH2
D001172,Q75MH2
D001249,Q75MH2
D001321,Q75MH2
D001327,Q75MH2
D002545,Q75MH2
D001943,Q75MH2
D002056,Q75MH2
D002100,Q75MH2
D002280,Q75MH2
D002292,Q75MH2
D002294,Q75MH2
D003424,Q75MH2
D003866,Q75MH2
D003876,Q75MH2
D003924,Q75MH2
D064420,Q75MH2
D004487,Q75MH2
D005334,Q75MH2
D006261,Q75MH2
D006333,Q75MH2
D006934,Q75MH2
D006967,Q75MH2
D006973,Q75MH2
D007022,Q75MH2
D007249,Q75MH2
D015212,Q75MH2
D007676,Q75MH2
D007896,Q75MH2
D007898,Q75MH2
D015451,Q75MH2
D008103,Q75MH2
D008175,Q75MH2
D008180,Q75MH2
D009101,Q75MH2
D009203,Q75MH2
D009336,Q75MH2
D009362,Q75MH2
D009765,Q75MH2
D015663,Q75MH2
D010051,Q75MH2
D010300,Q75MH2
D011014,Q75MH2
D011471,Q75MH2
D011565,Q75MH2
D012514,Q75MH2
D012559,Q75MH2
D012640,Q75MH2
D018805,Q75MH2
D012871,Q75MH2
D013274,Q75MH2
D020521,Q75MH2
D013345,Q75MH2
D013964,Q75MH2
D014029,Q75MH2
D018487,Q75MH2
D001172,P08887
D001249,P08887
D002289,P08887
D002292,P08887
D012559,P08887
D013274,P08887
D001172,Q5FC07
D002277,Q5FC07
D015179,Q5FC07
D006967,Q5FC07
D010051,Q5FC07
D011014,Q5FC07
D011471,Q5FC07
D009103,Q5FBY8
D009765,Q5FBY8
D003093,P16871
D004715,P16871
D008105,P16871
D009103,P16871
D000022,Q6NZ75
D019970,Q13418
D004827,Q13418
D001321,Q96T52
D010003,Q3B7X4
D012640,P29218
D004715,Q9UPE8
D003294,Q9UPE8
D008545,Q9NQS7
D013274,Q9UK53
D015179,Q9UNL4
D011225,P08476
D014594,P08476
D001321,Q6IBG4
D002292,Q9BS68
D015470,Q9BS68
D001749,Q9BS68
D002294,Q9C055
D012559,Q9C055
D012871,Q9C055
D000544,Q92835
D008607,Q2YD81
D009765,Q2YD81
D058186,P01308
D000544,P01308
D001714,P01308
D003924,P01308
D003928,P01308
D004487,P01308
D006323,P01308
D006333,P01308
D006973,P01308
D015228,P01308
D007003,P01308
D007008,P01308
D007022,P01308
D009765,P01308
D010195,P01308
D016584,P01308
D010300,P01308
D011471,P01308
D012640,P01308
D001745,P01308
D018487,P01308
D014693,P01308
D000544,Q86WY9
D003929,Q86WY9
D010300,Q86WY9
D019966,Q86WY9
D011471,Q96HW7
D017449,Q8WWN9
D007945,Q8WWN9
D015179,Q9Y573
D008545,Q86VS3
D000544,Q96FR4
D001932,Q6P1N4
D001932,Q13576
D008175,Q6DN90
D004827,Q5JU85
D001172,P51617
D003324,P51617
D008180,Q7Z6A8
D011471,Q7Z6A8
D008175,Q6FHN8
D013274,Q6FHN8
D020521,Q6FHN8
D015473,Q7Z5L9
D001281,Q9H1B7
D015451,Q15306
D008175,Q15306
D016410,Q15306
D009101,Q15306
D001172,Q64GB0
D003093,Q64GB0
D008180,Q64GB0
D012595,Q64GB0
D007249,Q92985
D001172,Q02556
D009103,Q02556
D003324,P35568
D003327,P35568
D003924,P35568
D009765,P35568
D011471,P35568
D003924,Q9UP29
D008527,Q9UP29
D013274,Q9UP29
D009447,P61371
D001749,P61371
D010003,Q96AB3
D003924,P56199
D004715,Q9NNZ2
D001171,Q6LDK5
D020521,Q6LDK5
D013921,Q6LDK5
D001321,Q6PJE7
D015212,Q6PJE7
D015451,Q6PJE7
D002294,P08648
D013274,P08648
D001172,P23229
D003110,Q13683
D010051,P53708
D013274,P53708
D015212,P20701
D015473,P20701
D017449,P11215
D015473,P11215
D008180,P11215
D009765,P11215
D020521,P06756
D015473,P20702
D002289,Q5T3E6
D002294,Q5T3E6
D002311,Q5T3E6
D004715,Q5T3E6
D006333,Q5T3E6
D009362,Q5T3E6
D001932,Q96PT7
D003872,Q96PT7
D006967,Q96PT7
D015473,Q96PT7
D011014,Q96PT7
D001321,Q1PBM2
D006470,Q1PBM2
D009203,Q1PBM2
D011471,Q1PBM2
D020521,Q1PBM2
D013921,Q1PBM2
D004715,Q13352
D000022,Q2VP98
D002289,Q2VP98
D004820,Q2VP98
D000022,P18564
D001327,P18564
D019698,P18564
D011656,P18564
D004715,Q9BUG9
D015212,Q9BUG9
D001714,P19827
D008113,P19827
D011125,Q14624
D003110,Q14624
D003924,Q5IWS5
D008654,Q5IWS5
D018487,Q5IWS5
D006973,Q9Y287
D013921,Q5NT82
D011471,Q14643
D001321,Q14573
D001321,Q86VI9
D011471,Q86VI9
D001943,Q53TM3
D011471,Q53TM3
D002294,P07476
D011471,Q9Y6Y0
D003924,Q9NQC1
D011471,Q9NQC1
D001943,Q4KMR2
D021441,Q4KMR2
D005909,Q4KMR2
D008175,Q4KMR2
D013771,Q4KMR2
D001943,Q9Y219
D021441,Q9Y219
D005909,Q9Y219
D009503,Q8N5M9
D011471,Q8IV82
D000022,Q8IXP2
D003093,Q8IXP2
D007249,Q8IXP2
D007938,Q8IXP2
D015470,Q8IXP2
D011087,Q8IXP2
D011471,Q8IXP2
D013920,Q8IXP2
D013923,Q8IXP2
D001749,Q8IXP2
D020246,Q8IXP2
D001321,Q96N16
D008545,Q05DV4
D009103,Q92833
D003924,Q86VZ6
D016889,Q86VZ6
D008180,Q86VZ6
D011471,Q86VZ6
D003324,Q9P266
D001171,Q15652
D001321,Q15652
D001943,Q6NYC1
D008545,Q6NYC1
D008654,Q6NYC1
D010051,Q6NYC1
D011471,Q6NYC1
D015179,Q8WXH2
D001171,Q6FHK0
D002545,Q6FHK0
D001943,Q6FHK0
D003110,Q6FHK0
D006973,Q6FHK0
D008113,Q6FHK0
D008175,Q6FHK0
D012516,Q6FHK0
D013226,Q6FHK0
D013274,Q6FHK0
D008175,Q6IBG3
D013226,Q6IBG3
D019970,P17535
D008103,P17535
D008175,P17535
D013226,P17535
D011471,P14923
D008607,Q7Z3B3
D010051,Q7Z3B3
D008527,Q92794
D011471,Q92794
D006333,Q9H7Z6
D008607,P16389
D012640,P16389
D001281,P22460
D006976,P22460
D004827,Q6FG44
D012559,Q2NLD5
D001281,Q9UK17
D001281,Q2N1I3
D003324,Q2N1I3
D014693,Q2N1I3
D001145,Q75MK9
D001281,Q75MK9
D003110,Q75MK9
D009369,Q75MK9
D016171,Q75MK9
D001477,P48048
D006973,P48048
D009103,Q9BXC5
D003924,Q14654
D012640,Q14654
D001749,Q14500
D001145,P63252
D012871,P63252
D017180,P63252
D010300,Q58F07
D001281,Q4QRJ2
D006327,Q4QRJ2
D014693,Q15842
D003924,Q96T55
D003866,Q6ZW95
D004832,Q9NPC2
D001321,Q5SVK5
D002292,Q5SVK5
D006130,Q5SVK5
D006976,Q5SVK5
D009765,Q5SVK5
D013226,Q5SVK5
D006973,Q16558
D001281,Q9H2S1
D001281,Q96DJ3
D003924,P51787
D004827,Q53Y30
D020936,Q53Y30
D012640,Q53Y30
D004828,Q5JUK3
D009765,Q96SI1
D011471,P24390
D001281,Q08EI0
D015179,Q9Y2K7
D012559,Q8NHM5
D008527,Q9H3R0
D008545,Q9H3R0
D003110,Q9UGL1
D001321,P41229
D002292,P41229
D008607,P41229
D001943,P35968
D015179,P35968
D003928,P35968
D004833,P35968
D004938,P35968
D008175,P35968
D010051,P35968
D010190,P35968
D012559,P35968
D020246,P35968
D002289,Q14145
D002292,Q14145
D005767,Q14145
D007642,Q14145
D008105,Q14145
D011471,Q14145
D008545,Q5VWX1
D003324,Q9P266
D008545,Q6NWY8
D001321,Q12756
D009103,Q4R9M9
D009447,Q4R9M9
D001249,Q8IWH8
D001172,Q12840
D002289,Q6P164
D009203,Q5JRK0
D008607,Q2M1P5
D011628,Q15726
D013274,Q15726
D011628,Q969F8
D011629,Q969F8
D013274,Q969F8
D001943,Q9UMA0
D002289,Q9UMA0
D015470,Q9UMA0
D015473,Q9UMA0
D008415,Q9UMA0
D002277,P21583
D021441,P21583
D064420,P21583
D013736,P21583
D001161,Q9UEF7
D003324,Q9UEF7
D003924,Q9UEF7
D006934,Q9UEF7
D007246,Q9UEF7
D007674,Q9UEF7
D012871,Q9UEF7
D006402,Q13351
D012559,Q9Y4X4
D019966,Q9Y4X4
D004715,Q9Y2Y9
D009203,Q9Y2Y9
D003924,Q8TD94
D011471,Q9UIH9
D015179,Q9Y5W3
D002294,Q5T6X2
D015179,Q5T6X2
D008103,Q5T6X2
D010190,Q5T6X2
D013964,Q5T6X2
D001749,Q5T6X2
D011471,Q99612
D013274,Q99612
D004715,Q13886
D001943,Q96G43
D001943,Q5VTJ3
D006689,Q96DZ8
D019970,Q7Z6D5
D009103,Q8WZ60
D058186,Q6T776
D003928,Q6T776
D006973,Q6T776
D009203,Q6T776
D000022,Q6ICR6
D001943,Q6ICR6
D010051,Q6ICR6
D013274,Q6ICR6
D011471,Q6T775
D011470,Q96A30
D011471,Q96A30
D011471,Q6S9W8
D011655,P03952
D013927,P03952
D011471,Q107X0
D008545,Q12918
D008545,Q8WZ67
D017449,Q9BS61
D007938,Q03164
D007945,Q03164
D015470,Q03164
D054198,Q03164
D011471,Q03164
D013274,Q03164
D001749,Q03164
D015470,Q8NEZ4
D011471,Q8NEZ4
D013274,Q8NEZ4
D001749,Q8NEZ4
D007938,Q8IZD2
D058186,Q05CF8
D000707,Q05CF8
D001145,Q05CF8
D001919,Q05CF8
D003371,Q05CF8
D004487,Q05CF8
D005119,Q05CF8
D006967,Q05CF8
D006973,Q05CF8
D007022,Q05CF8
D010146,Q05CF8
D002294,Q9Y448
D012559,Q5BKZ2
D001171,Q71SP6
D001943,Q71SP6
D002277,Q71SP6
D002289,Q71SP6
D021441,Q71SP6
D002294,Q71SP6
D003110,Q71SP6
D015179,Q71SP6
D004715,Q71SP6
D015470,Q71SP6
D007964,Q71SP6
D008113,Q71SP6
D008175,Q71SP6
D008223,Q71SP6
D009362,Q71SP6
D009369,Q71SP6
D009447,Q71SP6
D010051,Q71SP6
D010190,Q71SP6
D011471,Q71SP6
D013274,Q71SP6
D013964,Q71SP6
D001749,Q71SP6
D014594,Q71SP6
D002294,P04264
D007642,P04264
D002294,P13645
D007642,P13645
D001943,P02533
D002294,P02533
D001749,P08779
D002280,Q04695
D001943,P05783
D008103,P05783
D008113,P05783
D009336,P05783
D001249,P08727
D001327,P08727
D013274,P35900
D002292,Q14532
D001943,Q9UEK9
D002277,Q9UEK9
D002280,Q9UEK9
D001943,Q14CN4
D001749,Q14CN4
D002294,P04259
D002292,Q3KNV1
D008105,Q3KNV1
D002277,Q3SY84
D001943,Q969I0
D002292,Q969I0
D008103,Q969I0
D008113,Q969I0
D013274,Q969I0
D003924,Q8WXI2
D010300,P29622
D002277,Q5T278
D007680,Q5T278
D007249,Q53SY0
D002292,Q86SE4
D004827,Q9H9P8
D008607,Q9H9P8
D001943,Q96JM7
D008527,Q96JM7
D009765,P83111
D015179,Q7Z5W6
D008607,Q7Z5W6
D012559,Q7Z5W6
D012559,P24043
D001749,P24043
D001321,Q8TAS6
D003093,Q8TAS6
D004715,Q8TAS6
D011471,P55268
D011471,Q6NVY8
D002289,Q13753
D008103,Q13753
D013226,P13473
D001321,Q14847
D016889,Q14847
D015473,Q9UHI5
D009765,Q8TCF0
D018805,Q8TCF0
D001943,P52954
D011565,Q5TA77
D011565,Q5T5A8
D011565,Q0VAS7
D058186,P80188
D001172,P80188
D064420,P80188
D007249,P80188
D007674,P80188
D009362,P80188
D009369,P80188
D012128,P80188
D014029,Q5TBN5
D012128,Q6Y1I9
D011471,Q9H6V9
D009203,P00338
D010190,P00338
D001943,Q9BYZ2
D001943,Q5U077
D002292,Q5U077
D011471,Q5U077
D007248,P07864
D003324,Q9UH51
D003327,Q9UH51
D006937,Q9UH51
D006938,Q9UH51
D008103,Q9UH51
D009765,Q9UH51
D019966,Q86YD5
D001943,Q9UJU2
D003110,Q9UJU2
D015451,Q9UJU2
D009362,Q9UJU2
D000544,Q6NT58
D001321,Q6NT58
D001943,Q6NT58
D003110,Q6NT58
D003424,Q6NT58
D003924,Q6NT58
D006937,Q6NT58
D006973,Q6NT58
D007006,Q6NT58
D007247,Q6NT58
D007249,Q6NT58
D015473,Q6NT58
D009765,Q6NT58
D019226,Q6NT58
D011141,Q6NT58
D011471,Q6NT58
D012640,Q6NT58
D013276,Q6NT58
D001943,Q4G138
D003924,Q4G138
D003928,Q4G138
D003929,Q4G138
D006973,Q4G138
D006976,Q4G138
D007006,Q4G138
D007246,Q4G138
D007247,Q4G138
D007674,Q4G138
D009393,Q4G138
D009765,Q4G138
D011628,Q4G138
D012141,Q4G138
D018487,Q4G138
D002289,P09382
D008103,P09382
D009393,P09382
D009203,Q6PIT8
D000022,Q6NVH9
D004938,Q6NVH9
D008545,Q6NVH9
D009203,Q6NVH9
D009336,Q6NVH9
D009362,Q6NVH9
D009393,Q6NVH9
D010003,Q6NVH9
D013274,Q6NVH9
D008103,Q08380
D002277,P47929
D002294,P47929
D001943,Q5T508
D002294,Q5T508
D015179,Q5T508
D000437,Q8WXL0
D001919,Q8WXL0
D019970,Q8WXL0
D006966,Q8WXL0
D006973,Q8WXL0
D007006,Q8WXL0
D007247,Q8WXL0
D007248,Q8WXL0
D011628,Q8WXL0
D011629,Q8WXL0
D014029,Q8WXL0
D001172,P50458
D001281,Q9HBU2
D011014,Q6P5Q6
D000022,P15018
D007247,P15018
D011471,P42702
D001749,Q76GR4
D009101,P49917
D015451,P59901
D012128,P55344
D019966,Q6NVB9
D001943,Q9BT23
D009369,Q9H9Z2
D009369,Q6ZN17
D009447,Q6ZN17
D001281,Q96M19
D008113,Q7L985
D003324,Q5T770
D003924,P11150
D006951,P11150
D006938,P11150
D011471,Q99732
D001943,Q15334
D001943,Q6P1M3
D009362,Q6P1M3
D001714,Q9H0V9
D002292,Q9H0V9
D015228,Q96S06
D002311,Q5TCI8
D006327,Q5TCI8
D012848,Q5TCI8
D017180,Q5TCI8
D008175,Q8N9Z9
D003324,P29536
D004715,P29536
D011471,Q8IWU2
D007319,Q6ISE0
D002294,P23490
D006509,Q96PQ9
D006976,Q96PQ9
D008103,Q96PQ9
D008105,Q96PQ9
D012516,Q96PQ9
D008103,Q08397
D001749,Q08397
D001943,Q9Y4K0
D006509,Q9Y4K0
D008105,Q9Y4K0
D001749,Q96JB6
D003324,Q1HP67
D003327,Q1HP67
D006937,Q1HP67
D020521,Q1HP67
D013923,Q1HP67
D020246,Q1HP67
D001943,Q6GPG7
D015179,Q6GPG7
D006130,Q6GPG7
D015470,Q6GPG7
D011471,Q6GPG7
D002277,Q8NEW3
D003110,Q8NEW3
D006937,Q8NEW3
D006938,Q8NEW3
D006973,Q8NEW3
D015228,Q8NEW3
D009336,Q8NEW3
D009765,Q8NEW3
D010195,Q8NEW3
D011471,Q8NEW3
D001171,Q93052
D015470,Q93052
D020521,Q8TAR8
D058186,Q68CK4
D011125,Q68CK4
D003110,Q68CK4
D001281,Q5XWD3
D001281,Q9H2I8
D019966,Q9H2I8
D012559,Q7Z7K9
D002292,Q8WY28
D008545,Q8WY28
D011471,Q8WY28
D058186,Q9NP34
D007674,Q9NP34
D011471,Q9NP34
D009203,Q14114
D001281,Q3KP57
D006333,Q3KP57
D001943,Q96PB8
D015179,Q96PB8
D013274,Q96PB8
D010051,Q96FV0
D002289,Q96AG4
D005909,Q96AG4
D010051,Q96AG4
D019970,Q96NW7
D009103,Q4G0W7
D002292,Q17RV3
D004715,Q17RV3
D010300,Q17RV3
D020734,Q17RV3
D001943,Q9UEV8
D003093,Q9UEV8
D002277,Q9BWS2
D003324,Q6WQV7
D006501,Q6WQV7
D009203,Q6WQV7
D018805,Q6WQV7
D000707,Q15722
D007249,Q15722
D006130,Q9NS15
D010003,Q9NS15
D005909,Q8N2S1
D064420,Q75UT6
D008288,Q75UT6
D004342,Q16873
D015473,Q16873
D002180,P02788
D002181,P02788
D003093,P02788
D003110,P02788
D003967,P02788
D004715,P02788
D006973,P02788
D007022,P02788
D007249,P02788
D007592,P02788
D008113,P02788
D009369,P02788
D008103,P51884
D008545,Q9BS40
D010190,Q16553
D001172,Q9Y6Y9
D002277,Q9Y6Y9
D015179,Q9Y6Y9
D009362,Q9Y6Y9
D007945,P12980
D015470,P12980
D001321,Q8N653
D005909,Q8N653
D004938,Q9Y250
D011471,Q9Y250
D002292,Q6I9U3
D011471,Q6I9U3
D013274,Q6I9U3
D001172,Q9Y586
D009362,Q6ZN28
D001943,Q96GV9
D002289,Q96GV9
D003110,Q96GV9
D004938,Q96GV9
D005909,Q96GV9
D008113,Q96GV9
D010051,Q96GV9
D011471,Q96GV9
D003327,Q8N5G2
D001171,Q9Y6D9
D011471,Q9Y6D9
D003924,Q7L5Y9
D015179,Q71A33
D010300,P20916
D008545,Q8WX99
D002289,Q6FHI5
D001749,P43362
D001321,Q6P3U4
D001008,Q86UL8
D012559,Q86UL8
D001943,Q969V6
D002294,Q969V6
D006258,Q969V6
D012509,Q96JK9
D001943,Q9NTJ4
D019970,Q5SRI9
D001321,Q5ULA9
D004715,Q5ULA9
D006501,Q5ULA9
D006816,Q5ULA9
D007022,Q5ULA9
D010300,Q5ULA9
D010673,Q5ULA9
D000544,Q8TBI1
D000749,Q8TBI1
D001321,Q8TBI1
D003110,Q8TBI1
D004715,Q8TBI1
D006501,Q8TBI1
D006816,Q8TBI1
D007022,Q8TBI1
D010300,Q8TBI1
D010673,Q8TBI1
D012559,Q8TBI1
D013119,Q658J6
D000022,Q6NYC5
D001171,Q6NYC5
D010300,Q6NYC5
D002545,Q02750
D006333,Q02750
D007943,Q02750
D008545,Q02750
D011471,Q02750
D008545,P36507
D011471,P36507
D011471,Q6FI23
D011471,Q13163
D003110,P52564
D004487,P52564
D006967,P52564
D011471,P52564
D001943,Q13233
D011471,Q13233
D004938,Q1PBM3
D016889,Q9Y6R4
D008545,Q99683
D010300,Q99683
D008175,Q6FG25
D008545,P80192
D008175,Q5MD60
D001171,Q499G7
D002545,Q499G7
D002294,Q499G7
D019970,Q499G7
D006258,Q499G7
D006689,Q499G7
D007247,Q499G7
D007680,Q499G7
D008175,Q499G7
D009362,Q499G7
D010051,Q499G7
D011018,Q499G7
D011833,Q499G7
D018805,Q499G7
D013274,Q499G7
D013375,Q499G7
D013964,Q499G7
D014277,Q499G7
D006333,Q499Y8
D015464,Q16539
D008105,Q16539
D008113,Q16539
D008175,Q16539
D001749,Q8TD08
D001321,Q9BWJ1
D002545,Q9BWJ1
D002294,Q9BWJ1
D019970,Q9BWJ1
D006258,Q9BWJ1
D007247,Q9BWJ1
D007680,Q9BWJ1
D008175,Q9BWJ1
D009362,Q9BWJ1
D010051,Q9BWJ1
D011018,Q9BWJ1
D011471,Q9BWJ1
D011833,Q9BWJ1
D018805,Q9BWJ1
D013274,Q9BWJ1
D013375,Q9BWJ1
D014277,Q9BWJ1
D003876,P45983
D013274,P45983
D014277,P45983
D003924,Q6NUQ9
D009362,P45984
D011471,P45984
D014277,P45984
D000544,P10636
D001008,P10636
D001281,P10636
D003704,P10636
D010300,P10636
D020734,P10636
D011595,P10636
D004938,Q5T0T0
D001172,Q6NVI1
D008175,Q6NVI1
D001321,Q9P0L2
D013274,Q9P0L2
D001321,Q7KZI7
D009369,Q9BSK0
D013927,P04201
D003924,Q00266
D003324,P31153
D010673,Q8TAX8
D011471,Q9UIS9
D011471,Q9UBB5
D013274,Q8NHZ7
D001281,Q9P267
D007249,P13727
D011471,Q14703
D002280,Q86YW1
D008545,Q86YW1
D006973,Q01718
D011471,Q01718
D009765,P32245
D009103,Q9NQ41
D011125,P23508
D001321,P23508
D015179,P23508
D008607,P23508
D012004,P23508
D007896,Q03399
D008175,Q03399
D016410,Q03399
D009101,Q03399
D012509,Q03399
D003110,Q9BWF4
D006973,P40925
D012128,P40925
D002277,Q75MT9
D001008,Q2LEK3
D003928,Q2LEK3
D001943,Q9H4C5
D002289,Q9H4C5
D007248,Q9H4C5
D008545,Q9H4C5
D011471,Q9H4C5
D013274,Q9H4C5
D001943,Q68DC0
D005909,Q68DC0
D015473,P48163
D009765,P48163
D001943,Q03112
D003110,Q03112
D007945,Q03112
D015470,Q03112
D010051,Q03112
D001008,P51608
D001321,P51608
D019970,P51608
D004827,P51608
D008607,P51608
D012640,P51608
D004715,Q15648
D001943,Q7Z3Z5
D011471,Q7Z3Z5
D004715,Q9Y2X0
D004715,Q9NVC6
D001943,Q9H204
D009362,Q9H204
D004715,Q5T911
D001321,Q06413
D004827,Q06413
D008607,Q06413
D013226,Q06413
D012127,Q96KG7
D001943,Q9HCQ4
D012148,Q9HCQ4
D007319,Q9HCQ4
D008545,P08582
D010190,Q9GZQ5
D002289,P50221
D017449,P50221
D003110,Q16819
D002277,Q53R53
D011655,Q53R53
D013923,Q53R53
D013927,Q53R53
D001321,Q9UEJ3
D002277,Q9UEJ3
D002289,Q9UEJ3
D002292,Q9UEJ3
D002294,Q9UEJ3
D004938,Q9UEJ3
D005909,Q9UEJ3
D015228,Q9UEJ3
D015470,Q9UEJ3
D008175,Q9UEJ3
D008545,Q9UEJ3
D009362,Q9UEJ3
D009447,Q9UEJ3
D012516,Q9UEJ3
D010051,Q9UEJ3
D011471,Q9UEJ3
D012559,Q9UEJ3
D012852,Q9UEJ3
D013274,Q9UEJ3
D004487,Q9HCE5
D009101,Q9HCE5
D009336,Q9HCE5
D018487,Q9HCE5
D009101,Q86U44
D001943,Q8TCB7
D001171,Q5U5Q3
D001281,Q5U5Q3
D009203,Q9GZY8
D018487,Q9GZY8
D001943,Q08431
D000690,Q5JXC5
D003928,Q5JXC5
D008607,Q5SSK0
D011471,Q8IWI9
D001172,Q8TDB4
D008103,Q99685
D004614,Q5QPE8
D001932,P16455
D005909,P16455
D007938,P16455
D009336,P16455
D000022,P08493
D002277,P08493
D014648,P08493
D013274,Q16674
D003324,Q5JRA6
D009203,Q5JRA6
D012640,Q86YT6
D001008,P14174
D001172,P14174
D001321,P14174
D001943,P14174
D002277,P14174
D003866,P14174
D007249,P14174
D011471,P14174
D018805,P14174
D012871,Q9UNW1
D001281,Q9H1L0
D003327,Q75NE6
D003924,Q75NE6
D006130,Q75NE6
D001171,Q0VDD5
D013274,Q0VDD5
D002292,Q8TF70
D008545,Q8TF70
D001943,Q70L74
D003110,Q70L74
D015179,Q70L74
D010051,Q70L74
D011565,Q70L74
D019966,Q7Z319
D008545,Q16655
D013274,Q2TLE4
D003110,Q6VBB8
D015179,Q6VBB8
D008223,Q6VBB8
D009362,Q6VBB8
D010051,Q6VBB8
D011471,Q6VBB8
D015179,Q6PIC9
D016889,Q6PIC9
D004938,Q6PIC9
D002292,Q5JT35
D015470,Q5JT35
D008545,Q5JT35
D004342,P12872
D007676,Q9NP71
D001943,Q3KQS6
D003929,Q3KQS6
D011471,Q3KQS6
D001172,Q495T6
D008105,Q495T6
D001249,Q96DZ4
D001943,Q96DZ4
D002289,Q96DZ4
D015179,Q96DZ4
D008175,Q96DZ4
D009362,Q96DZ4
D009798,Q96DZ4
D001172,P09238
D001249,P09238
D008175,P09238
D009362,P09238
D013274,P09238
D000022,P24347
D002289,P24347
D000022,P39900
D001172,P39900
D003110,P39900
D011656,P39900
D020521,P39900
D011471,P45452
D001943,P50281
D004938,P50281
D008113,P50281
D000022,P51511
D001172,P08253
D001943,P08253
D002544,P08253
D015179,P08253
D003929,P08253
D005909,P08253
D006973,P08253
D007249,P08253
D008103,P08253
D009203,P08253
D009362,P08253
D012516,P08253
D010190,P08253
D011656,P08253
D001749,P08253
D012871,Q8N119
D009362,Q86VV6
D000022,Q9NRE1
D012871,Q9NRE1
D001943,P08254
D003324,P08254
D003327,P08254
D014397,P08254
D000022,P09237
D003110,P09237
D013274,P09237
D014397,P09237
D008545,P22894
D014397,P22894
D001014,P14780
D001249,P14780
D001929,P14780
D002545,P14780
D001943,P14780
D002289,P14780
D002294,P14780
D002544,P14780
D003093,P14780
D003110,P14780
D003929,P14780
D005909,P14780
D006973,P14780
D007249,P14780
D009203,P14780
D009362,P14780
D009447,P14780
D009765,P14780
D010190,P14780
D011471,P14780
D011656,P14780
D018805,P14780
D013276,P14780
D013345,P14780
D013375,P14780
D001749,P14780
D009765,P22033
D015470,Q10571
D064420,Q96EN8
D014657,Q96EN8
D009290,Q5SSB8
D003924,Q9UQ07
D019966,Q9Y5U8
D058186,Q16771
D000544,Q16771
D001172,Q16771
D002545,Q16771
D002056,Q16771
D003093,Q16771
D007249,Q16771
D007642,Q16771
D007674,Q16771
D008175,Q16771
D010195,Q16771
D011471,Q16771
D014257,Q16771
D001749,Q16771
D014581,Q16771
D008175,Q00013
D019966,Q5T2T1
D008545,Q2VEU1
D002277,Q9UEL6
D003324,Q6FGP0
D003327,Q6FGP0
D003924,Q6FGP0
D017449,P22897
D009765,P22897
D002277,Q9UBG0
D011471,Q9BS79
D001943,Q9BYD1
D002294,Q9BYD1
D013274,Q9BYD1
D001943,P49406
D008545,Q13405
D001943,Q5SZR1
D013274,Q96Q62
D013274,Q9Y676
D001943,Q96Q16
D001943,Q9Y3D9
D001943,Q9Y2Q9
D001714,Q3KRB4
D003324,P82932
D001943,Q96Q63
D002289,P11836
D002294,P11836
D004342,Q01362
D000544,Q96JQ5
D001171,Q96JQ5
D015179,Q6VBB7
D010051,Q6VBB7
D011125,P20585
D016889,P20585
D011471,P20585
D016889,Q3SWU9
D013964,Q3SWU9
D021441,Q13421
D008654,Q13421
D009369,Q13421
D010051,Q13421
D010190,Q13421
D013274,Q13421
D011471,P08118
D001171,Q6PJT4
D010003,Q6PJT4
D007676,P21757
D011471,P21757
D019966,Q9UJ68
D001943,Q49A61
D003093,Q49A61
D003424,Q49A61
D009362,Q49A61
D012516,Q04912
D013274,P28360
D002294,P04731
D001749,P04731
D004938,P13640
D002303,P02795
D008088,P02795
D018805,P02795
D011471,P02795
D012128,P02795
D013274,P02795
D001749,P02795
D001943,P25713
D002289,P25713
D012128,P25713
D012640,P25713
D001749,P25713
D007674,P47944
D004715,Q13330
D010300,Q13330
D008545,Q9NRK7
D011471,Q9NRK7
D015473,Q969Z3
D009765,Q9Y6C9
D001943,Q86UE4
D015179,Q86UE4
D009362,Q86UE4
D001321,Q14872
D006333,P13995
D006689,P13995
D058186,Q9NY63
D000505,Q9NY63
D000544,Q9NY63
D001172,Q9NY63
D001321,Q9NY63
D001714,Q9NY63
D002545,Q9NY63
D001943,Q9NY63
D003110,Q9NY63
D015179,Q9NY63
D003327,Q9NY63
D003424,Q9NY63
D003866,Q9NY63
D003925,Q9NY63
D064420,Q9NY63
D016889,Q9NY63
D005767,Q9NY63
D006086,Q9NY63
D006402,Q9NY63
D006967,Q9NY63
D007247,Q9NY63
D007248,Q9NY63
D007674,Q9NY63
D015451,Q9NY63
D008175,Q9NY63
D008223,Q9NY63
D008228,Q9NY63
D009336,Q9NY63
D009362,Q9NY63
D009503,Q9NY63
D010300,Q9NY63
D054198,Q9NY63
D011471,Q9NY63
D011655,Q9NY63
D012559,Q9NY63
D012871,Q9NY63
D013274,Q9NY63
D020521,Q9NY63
D013921,Q9NY63
D013971,Q9NY63
D001749,Q9NY63
D020246,Q9NY63
D003924,Q8TEV7
D001943,P42345
D002289,P42345
D002292,P42345
D018288,P42345
D003110,P42345
D005909,P42345
D006973,P42345
D008654,P42345
D010051,P42345
D011471,P42345
D012559,P42345
D001749,P42345
D008545,Q5T852
D001943,Q99707
D064420,Q99707
D005767,Q99707
D006402,Q99707
D007248,Q99707
D008223,Q99707
D015179,Q9UBK8
D064420,Q9UBK8
D007248,Q9UBK8
D054198,Q9UBK8
D008654,Q7Z551
D009101,Q7Z551
D013274,Q7Z551
D008175,Q9UKN1
D008175,Q8WXI7
D010051,Q8WXI7
D012004,Q9UMI9
D000022,Q9UP82
D002292,Q9UP82
D011471,Q9UP82
D013274,Q6W3D1
D001249,Q8TAX7
D011125,Q5T418
D003110,Q5T418
D013274,Q5T418
D005334,Q03426
D007249,Q03426
D010003,Q14764
D006333,P20591
D015470,P20591
D013274,P20591
D008545,Q75MY8
D007674,Q5V9L6
D011471,Q5V9L6
D002289,Q9NR99
D001249,Q708E9
D009447,Q708E9
D011471,Q9BQG0
D002277,Q16591
D002289,Q16591
D002294,Q16591
D003110,Q16591
D015179,Q16591
D016889,Q16591
D005909,Q16591
D015470,Q16591
D008113,Q16591
D008175,Q16591
D008527,Q16591
D009362,Q16591
D009369,Q16591
D009447,Q16591
D012516,Q16591
D010051,Q16591
D010190,Q16591
D011471,Q16591
D013274,Q16591
D001749,Q16591
D008527,P12524
D011471,P12524
D002280,P04198
D008527,P04198
D009336,P04198
D009447,P04198
D006973,Q99836
D007249,Q99836
D011014,Q99836
D015470,Q66K75
D010003,Q9UKX3
D011471,Q7Z406
D001281,Q1ED46
D002311,Q1ED46
D001281,Q5GJ54
D002311,Q5GJ54
D006973,Q5GJ54
D009203,Q5GJ54
D001943,Q86XU5
D007676,Q86XU5
D001929,Q6IBG1
D004715,Q5TIA5
D001929,Q3B765
D005767,Q3B765
D005901,Q3B765
D006937,Q3B765
D006967,Q3B765
D009362,Q3B765
D011014,Q3B765
D001281,Q8IUG5
D008175,Q8IUG5
D008654,Q8IUG5
D001281,Q12965
D001321,Q8N618
D003967,Q7Z7A5
D008113,Q7Z7A5
D019966,Q9NQX4
D019966,Q5JVM0
D008545,Q13402
D005901,Q6PKX1
D005902,Q6PKX1
D006333,Q6PKX1
D001281,Q6N065
D001281,Q9UBF9
D001281,Q9NP98
D001281,Q86TC9
D012871,Q92802
D009103,Q96AH0
D001281,Q13765
D009369,Q96RE7
D009362,Q9UJ70
D011471,Q9UJ70
D008607,Q14769
D011471,Q14769
D015179,P43490
D017449,P43490
D009765,P43490
D064420,Q9HAQ5
D009369,Q9HAQ5
D011471,Q9HAQ5
D001749,Q9HAQ5
D001943,Q400I7
D003324,Q400I7
D004342,Q400I7
D064420,Q400I7
D008113,Q400I7
D054198,Q400I7
D011471,Q400I7
D001749,Q400I7
D001281,Q8IVL1
D001321,Q6PJB7
D002292,Q6PJB7
D009293,Q6PJB7
D013274,Q8IW45
D001321,Q5T321
D003324,Q6ZS30
D000022,P13591
D016889,Q6NUR1
D010300,Q86XI2
D009369,Q6PIU2
D001172,P14598
D006937,P14598
D006973,P14598
D007676,P14598
D008180,P14598
D001172,Q0Q616
D003424,Q6FGM9
D009404,P16333
D000544,Q53TG4
D009404,Q53TG4
D001943,Q15788
D004715,Q15788
D009362,Q15788
D011471,Q15788
D001943,Q569J4
D011471,Q569J4
D001943,Q569F6
D002289,Q569F6
D002294,Q569F6
D007938,Q569F6
D011471,Q569F6
D013964,Q13772
D004715,Q1RMZ3
D011471,Q8N4U9
D001943,Q86W52
D004715,Q86W52
D005909,Q86W52
D008113,Q86W52
D011471,Q86W52
D001749,Q86W52
D008288,Q05D23
D000544,Q5T211
D012559,Q9T9Y1
D002277,Q99608
D004715,Q8TB73
D001943,Q92597
D002289,Q92597
D021441,Q92597
D002292,Q92597
D005909,Q92597
D007680,Q92597
D008113,Q92597
D008545,Q92597
D009362,Q92597
D011471,Q92597
D003110,Q9UN36
D008607,P52848
D011471,P52849
D011471,Q9H3R1
D001172,Q9NRX3
D013274,Q9P1A0
D010003,Q08E91
D010003,P49821
D013274,P49821
D001714,Q9UEH5
D012559,Q9UEH5
D001281,Q5JUU8
D000544,Q92692
D001943,Q92692
D006561,Q92692
D015470,Q92692
D009103,Q92692
D009362,Q92692
D010051,Q92692
D010300,Q92692
D011471,Q92692
D012595,Q92692
D001749,Q92692
D004715,Q5XLQ3
D006973,Q5XLQ3
D009103,Q14511
D004715,P07197
D009765,Q7Z3B1
D009765,Q96FI4
D002289,P51955
D007674,Q8TD19
D004830,Q2YDX4
D003924,Q13562
D004827,Q5QGS0
D001321,Q9UMU3
D005354,Q9UMU3
D005909,Q9UMU3
D008607,Q9UMU3
D015470,Q9UMU3
D008545,Q9UMU3
D010673,Q9UMU3
D012509,Q9UMU3
D002292,Q9NRW8
D008654,Q9NRW8
D003924,Q13469
D006976,Q13469
D058186,Q16236
D000690,Q16236
D001943,Q16236
D002289,Q16236
D021441,Q16236
D002294,Q16236
D002303,Q16236
D017449,Q16236
D003928,Q16236
D064420,Q16236
D016889,Q16236
D005767,Q16236
D006333,Q16236
D006973,Q16236
D007642,Q16236
D007674,Q16236
D008103,Q16236
D008105,Q16236
D008113,Q16236
D009336,Q16236
D009362,Q16236
D016649,Q16236
D011471,Q16236
D018487,Q16236
D011471,Q6FI30
D058186,P19838
D002545,P19838
D003110,P19838
D003924,P19838
D007676,P19838
D008105,P19838
D001161,P25963
D002545,P25963
D001943,P25963
D006689,P25963
D010190,P25963
D011565,P25963
D014657,P25963
D001172,Q96F31
D008545,Q96F31
D001172,Q5STV6
D008175,P23511
D019970,P01138
D003320,P01138
D003556,P01138
D004830,P01138
D007249,P01138
D007676,P01138
D010300,P01138
D020734,P01138
D012640,P01138
D013226,P01138
D008545,P08138
D011471,P08138
D012640,P08138
D006973,Q15599
D009765,Q02577
D011471,Q6P499
D001919,Q9Y2I1
D001943,Q9Y2I1
D007022,Q9Y2I1
D012559,Q5M9Q1
D001281,P52952
D002311,P52952
D018636,P52952
D020521,P52952
D013771,P52952
D011471,Q99801
D003924,P78426
D001321,Q8N2Q7
D001321,Q4G160
D001321,Q8N0W4
D002292,P59046
D000152,Q96P20
D000707,Q96P20
D003424,Q96P20
D004342,Q96P20
D005512,Q96P20
D007249,Q96P20
D009103,Q96P20
D011654,Q96P20
D017511,Q96P20
D011537,Q14956
D001943,Q4VBL0
D015179,P15531
D009362,P15531
D015179,Q6FHN3
D008654,Q6FHN3
D010003,Q6FHN3
D010051,Q6FHN3
D019966,Q9Y5B8
D002289,Q16517
D009447,Q16517
D000152,Q7Z597
D003093,Q7Z597
D003424,Q7Z597
D003872,Q7Z597
D015212,Q7Z597
D017511,Q7Z597
D011471,Q76FK4
D008113,Q9Y3C1
D013274,Q9BSN3
D001943,Q86U38
D003866,Q8WY41
D005334,Q8WY41
D006501,Q8WY41
D010300,Q8WY41
D011833,Q8WY41
D012559,Q8WY41
D012640,Q8WY41
D013226,Q8WY41
D058186,P60321
D001249,P60321
D001321,P60321
D001929,P60321
D002545,P60321
D001943,P60321
D002056,P60321
D003110,P60321
D003924,P60321
D004381,P60321
D004938,P60321
D006333,P60321
D006973,P60321
D007249,P60321
D007674,P60321
D008105,P60321
D008175,P60321
D008288,P60321
D009175,P60321
D009203,P60321
D009336,P60321
D011565,P60321
D012640,P60321
D018805,P60321
D012772,P60321
D013226,P60321
D013276,P60321
D020521,P60321
D013345,P60321
D013375,P60321
D014552,P60321
D058186,P60323
D000544,P60323
D001161,P60323
D001281,P60323
D001943,P60323
D003324,P60323
D003924,P60323
D003925,P60323
D003928,P60323
D007172,P60323
D004938,P60323
D006333,P60323
D006973,P60323
D006976,P60323
D006978,P60323
D007248,P60323
D008105,P60323
D009203,P60323
D009369,P60323
D011225,P60323
D011471,P60323
D011654,P60323
D018805,P60323
D013274,P60323
D013276,P60323
D017180,P60323
D018879,P60323
D001943,Q6IAD4
D021441,Q6IAD4
D002294,Q6IAD4
D003110,Q6IAD4
D005909,Q6IAD4
D008223,Q6IAD4
D001943,Q6IQ50
D002294,Q6IQ50
D003924,Q6IQ50
D005909,Q6IQ50
D008175,Q6IQ50
D013274,Q6IQ50
D001943,Q9UM47
D002289,Q9UM47
D021441,Q9UM47
D002294,Q9UM47
D005909,Q9UM47
D008175,Q9UM47
D001943,Q6P3V5
D021441,Q6P3V5
D002294,Q6P3V5
D003110,Q8TCT3
D006333,Q8TCT3
D006937,Q8TCT3
D011471,Q9HBY0
D003110,Q9NPH5
D006333,Q9NPH5
D006973,Q9NPH5
D007676,Q9NPH5
D008545,Q9NZP6
D001321,Q99743
D009404,Q9NP85
D015470,Q9BTI9
D015473,Q9BTI9
D013274,Q9BTI9
D058186,P01160
D018288,P01160
D002311,P01160
D004374,P01160
D006333,P01160
D006973,P01160
D007022,P01160
D008103,P01160
D008175,P01160
D008545,P01160
D009203,P01160
D009362,P01160
D010146,P01160
D011471,P01160
D001281,P16860
D002311,P16860
D003324,P16860
D004417,P16860
D006333,P16860
D006973,P16860
D006976,P16860
D007008,P16860
D007022,P16860
D007249,P16860
D010146,P16860
D011183,P16860
D017180,P16860
D018487,P16860
D006130,P23582
D006333,P16066
D006973,P16066
D007674,P16066
D010146,P16066
D011471,Q60I31
D012559,Q8WTW4
D001008,P0C0P6
D019970,P0C0P6
D001249,Q6W5P4
D006973,Q9UFM8
D013375,P47972
D000437,P01303
D000544,P01303
D000855,P01303
D001008,P01303
D001249,P01303
D002544,P01303
D019970,P01303
D003866,P01303
D004827,P01303
D004833,P01303
D009127,P01303
D012220,P01303
D012640,P01303
D019966,P01303
D013375,P01303
D001008,P25929
D003866,P25929
D009765,P25929
D014098,P25929
D000437,P49146
D019970,P49146
D004827,P49146
D004833,P49146
D013375,P49146
D009765,Q15761
D058186,Q3B792
D001249,Q3B792
D001943,Q3B792
D002289,Q3B792
D015179,Q3B792
D006470,Q3B792
D007674,Q3B792
D009101,Q3B792
D009369,Q3B792
D009765,Q3B792
D010300,Q3B792
D054198,Q3B792
D011471,Q3B792
D001749,Q3B792
D001943,Q5TD07
D007006,P51843
D009765,Q15466
D004715,Q96B66
D003424,Q6IPQ7
D005119,Q6IPQ7
D007248,Q6IPQ7
D007249,Q6IPQ7
D008113,Q6IPQ7
D009336,Q6IPQ7
D004938,Q9H4M8
D007247,Q9H4M8
D009765,Q9H4M8
D012516,Q9H4M8
D008113,Q6GZ88
D009765,Q6GZ88
D004715,P13056
D004715,Q6PHZ7
D001943,P10589
D004715,P24468
D007247,P24468
D001943,P10588
D004715,P10588
D001281,Q3MSN4
D001714,Q3MSN4
D019970,Q3MSN4
D003866,Q3MSN4
D064420,Q3MSN4
D004715,Q3MSN4
D006973,Q3MSN4
D007008,Q3MSN4
D009798,Q3MSN4
D011471,Q3MSN4
D011618,Q3MSN4
D012559,Q3MSN4
D002311,Q4W5E8
D004715,Q4W5E8
D006333,Q4W5E8
D009203,Q4W5E8
D018487,Q4W5E8
D004715,P22736
D007674,P22736
D010190,P22736
D001171,P43354
D015179,P43354
D012871,P43354
D001171,Q92570
D001172,Q92570
D006937,Q92570
D000309,Q5T6F7
D004715,Q5T6F7
D007248,Q5T6F7
D010051,Q5T6F7
D016649,Q5T6F7
D007247,Q9Y5V6
D010190,Q9Y5V6
D001932,Q7Z6K4
D015179,Q5U091
D015470,Q5U091
D015473,Q5U091
D007964,Q5U091
D008223,Q5U091
D008545,Q5U091
D009447,Q5U091
D012004,Q5U091
D001321,Q75ML9
D001943,Q75ML9
D015179,Q75ML9
D019966,Q75ML9
D001171,Q96IB3
D001943,Q96IB3
D006333,Q96IB3
D008175,Q96IB3
D010146,Q96IB3
D012559,Q96IB3
D013276,Q96IB3
D012559,P56975
D012559,Q92686
D001943,P48552
D016889,P48552
D006333,P48552
D009203,P48552
D012559,P48552
D004715,Q9H2E1
D010190,Q9H2E1
D011471,Q9H2E1
D001321,Q96GU8
D012640,Q96GU8
D001749,Q5VTS2
D001321,Q49A31
D008607,Q49A31
D012559,Q49A31
D019966,Q9Y4C0
D001321,Q96L73
D008607,Q96L73
D002277,Q6X4W1
D001943,Q8TEA1
D009362,Q8TEA1
D015179,Q8TCD5
D064420,Q5JUV6
D054198,Q5JUV6
D008545,Q9H2R1
D009447,Q96B60
D013274,Q96B60
D001321,P20783
D003929,P20783
D004830,P20783
D012559,P20783
D013226,P20783
D001321,P34130
D008607,P34130
D001714,Q5IEC7
D015179,Q5IEC7
D012559,Q5IEC7
D001714,Q96CW9
D012559,Q96CW9
D001714,P04629
D009447,P04629
D011618,P04629
D012559,P04629
D001321,Q8WXJ8
D001714,Q8WXJ8
D019970,Q8WXJ8
D009447,Q8WXJ8
D009765,Q8WXJ8
D013226,Q8WXJ8
D004715,Q96CY4
D015470,Q96CY4
D013226,Q96CY4
D001919,Q6FH20
D009127,Q6FH20
D010146,P30989
D012559,P30989
D011471,Q2L696
D001281,Q9H1E3
D008113,Q8IVD9
D001943,P0C025
D001943,P50583
D008113,P0C024
D017449,Q9UNL7
D015473,Q9UNL7
D015470,P35658
D054198,P35658
D015470,Q9HDC8
D009503,Q9HDC8
D003924,Q96E22
D008545,Q96E22
D015179,Q9BXS6
D015179,Q6DKJ4
D008113,P04181
D058186,Q16625
D001943,Q16625
D009369,Q16625
D003110,P11926
D015179,P11926
D006333,Q9ULD0
D002292,Q9HCR7
D003924,Q9HCR7
D006816,Q9HCR7
D007248,Q9HCR7
D008175,Q9HCR7
D008179,Q9HCR7
D008223,Q9HCR7
D009765,Q9HCR7
D011471,Q9HCR7
D012871,Q9HCR7
D009362,Q5TBF5
D011471,Q9BWJ9
D004715,Q6UX06
D001171,P78380
D006333,P78380
D006973,P78380
D009203,P78380
D010051,Q6B0I4
D001281,Q0PJU0
D004827,P41143
D007024,P41143
D019966,P41143
D013375,P41143
D001145,P41145
D019970,P41145
D010146,P41145
D012640,P41145
D013375,P41145
D001145,Q6FGM5
D013375,Q6FGM5
D000437,Q71V90
D019970,Q71V90
D003248,Q71V90
D020820,Q71V90
D004827,Q71V90
D006501,Q71V90
D007024,Q71V90
D009325,Q71V90
D011537,Q71V90
D012640,Q71V90
D019966,Q71V90
D002292,Q8NGP0
D019966,Q8TCB6
D012871,Q8NH18
D001749,Q8NH09
D006973,Q96D31
D058186,P02763
D064420,P02763
D001249,Q9P0R7
D003093,Q9P0R7
D001171,P13725
D021441,P13725
D009362,P13725
D002289,Q99650
D004715,Q8N2R0
D008527,P32243
D001008,P01178
D001321,P01178
D002277,P01178
D003110,P01178
D004412,P01178
D004487,P01178
D004830,P01178
D006261,P01178
D006973,P01178
D007022,P01178
D007249,P01178
D010146,P01178
D011141,P01178
D012640,P01178
D013035,P01178
D001321,P30559
D002289,P30559
D012559,P30559
D004827,Q32MC3
D004827,Q99571
D004833,Q99571
D004833,Q15G98
D015451,Q15G98
D008103,Q15G98
D009103,Q15G98
D013119,Q15G98
D013927,P47900
D006470,Q9H244
D008180,Q9H244
D009203,Q9H244
D013927,Q9H244
D054198,Q86VZ1
D010003,Q8IVL6
D011471,Q96C96
D013274,Q6PIN5
D001943,P11940
D001749,P11940
D001714,Q6VY07
D009765,Q6VY07
D019966,Q6VY07
D001172,Q6EVJ7
D002277,Q6EVJ7
D000022,Q5T6T6
D001943,Q5T6T6
D054198,Q9NWQ8
D012559,Q9NWQ8
D015179,Q6FID7
D001943,Q16512
D002292,Q16512
D013964,Q16512
D001281,Q13177
D012559,Q13177
D011471,Q9NQU5
D001943,Q86YC2
D010190,Q86YC2
D011471,Q86YC2
D010190,Q8WX93
D001008,Q7KYY0
D003924,Q7KYY0
D012640,Q7KYY0
D006333,Q6UXH9
D020521,Q6QHF9
D000789,Q5QFB7
D003324,Q5QFB7
D004715,Q5QFB7
D007247,Q5QFB7
D009203,Q5QFB7
D011471,Q8N4S7
D011471,Q5VWV2
D010300,Q99497
D020734,Q99497
D000505,Q6PJL0
D001249,Q6PJL0
D002545,Q6PJL0
D001943,Q6PJL0
D015179,Q6PJL0
D003872,Q6PJL0
D007249,Q6PJL0
D008607,Q6PJL0
D007674,Q6PJL0
D008545,Q6PJL0
D009101,Q6PJL0
D009765,Q6PJL0
D010195,Q6PJL0
D020734,Q6PJL0
D011014,Q6PJL0
D011471,Q6PJL0
D011654,Q6PJL0
D013119,Q6PJL0
D020760,Q6PJL0
D003110,Q9UKK3
D019966,Q9NVD7
D001321,Q9UEW8
D011471,Q8NI35
D019966,Q8NI35
D016889,Q96IZ0
D011471,Q96IZ0
D004715,Q6YFJ8
D007676,Q6YFJ8
D012509,P23760
D003924,Q3KNR5
D008545,Q3KNR5
D054198,Q9BXX4
D001321,Q8IVH0
D003924,Q8IVH0
D008607,Q8IVH0
D008545,Q8IVH0
D011471,Q8IVH0
D013274,Q8IVH0
D015179,Q06710
D002292,Q86U86
D019966,Q53YC7
D001714,P11498
D001943,Q53SS8
D001321,Q14DV7
D000544,Q9BZA7
D011471,Q9BZA8
D019966,Q96QU1
D004827,Q8TAB3
D008545,Q9UN66
D001943,Q9Y5F9
D006333,P35558
D009765,P35558
D012559,Q9UIS9
D001932,Q7Z6A3
D003110,Q7Z6A3
D008175,Q7Z6A3
D011565,Q7Z6A3
D011833,Q7Z6A3
D008180,Q9H6A9
D008103,Q15113
D003110,P48539
D009765,P29120
D003924,P16519
D007674,Q5JSG7
D003324,Q8NBP7
D006937,Q8NBP7
D008175,Q15116
D008180,Q15116
D008545,Q15116
D009103,Q15116
D008175,Q5VZS7
D010003,Q8WUM4
D019966,Q8TAE4
D001943,Q8IW54
D009203,Q14432
D020521,Q14432
D013927,Q14432
D001321,Q9HC31
D000437,Q07343
D001249,Q07343
D001321,Q07343
D001714,Q07343
D015470,Q07343
D012559,Q07343
D012871,Q07343
D001249,Q08499
D011471,Q08499
D009362,Q9P0K6
D000312,Q3ZCW6
D009127,Q3ZCW6
D001943,Q9UGN0
D002277,Q9UGN0
D008654,Q9UGN0
D013920,Q9UGN0
D013964,Q9UGN0
D013920,P78450
D008654,Q9NRA1
D003324,Q9GZP0
D006333,P16234
D017681,P16234
D008527,P16234
D015179,Q15198
D010003,Q9UNV7
D011471,Q9UNV7
D013274,Q9UNV7
D002292,P11177
D009369,P30101
D011471,P30101
D008175,P50479
D003424,Q96HC4
D011471,Q9P0J1
D008113,Q9NUG6
D011471,Q96DB6
D003924,P52945
D010190,P52945
D002292,Q86XE2
D000437,Q2YEM6
D001919,Q2YEM6
D019970,Q2YEM6
D004409,Q2YEM6
D020820,Q2YEM6
D007022,Q2YEM6
D010146,Q2YEM6
D020734,Q2YEM6
D011537,Q2YEM6
D012120,Q2YEM6
D012640,Q2YEM6
D001943,Q5T2W1
D011471,Q5T2W1
D011471,Q13113
D002277,P30086
D002292,P30086
D006333,P30086
D001321,P16284
D001327,P16284
D003324,P16284
D013921,P16284
D064420,Q53T26
D012871,Q53T26
D008103,Q71UY0
D004409,Q3B7B1
D009290,Q3B7B1
D009293,Q3B7B1
D010146,Q3B7B1
D011471,Q3B7B1
D003924,P12955
D012140,P12955
D001171,Q9H2D0
D001321,Q9H2D0
D015464,Q9H2D0
D013375,Q9H2D0
D001943,Q8TAR6
D015464,Q8TAR6
D013375,Q8TAR6
D009765,Q29R61
D001327,P02776
D006967,P02776
D011014,P02776
D013921,P02776
D013927,P02776
D009765,Q9H178
D012871,Q9H178
D002277,Q6P6D7
D002289,Q6P6D7
D002294,Q6P6D7
D013274,Q6P6D7
D011471,P15259
D012559,Q96JS3
D008175,P53609
D002292,P00558
D015179,Q9H1D2
D001943,Q8NG45
D002277,Q8NG45
D016889,Q8NG45
D004715,Q8NG45
D008654,Q8NG45
D000544,Q6IB11
D011471,Q6IB11
D003324,Q4VY12
D009203,Q4VY12
D001943,P35232
D002277,P35232
D004938,P35232
D012559,P35232
D013274,P35232
D015179,Q8N4B1
D001943,Q8N5M8
D002289,Q8N5M8
D008113,Q8N5M8
D008545,Q8N5M8
D011471,Q8N5M8
D001281,Q8WV24
D017449,Q8WV24
D002289,Q53GA4
D012516,Q53GA4
D009203,Q9Y5J5
D001281,Q8NEI7
D008180,Q9P1Y6
D012871,Q1XBU8
D000544,Q13492
D015470,Q13492
D002292,Q9HB75
D012640,Q9H3S5
D020246,Q9H3S5
D011471,P57054
D013274,Q8TE27
D009362,Q5SWA0
D001943,P42336
D002280,P42336
D002292,P42336
D002294,P42336
D015179,P42336
D006130,P42336
D008175,P42336
D009362,P42336
D010051,P42336
D011471,P42336
D012509,P42336
D013274,P42336
D018487,P42336
D011471,Q6PJ60
D012559,Q6PJ60
D001321,P48736
D003924,P48736
D006333,P48736
D008527,P48736
D002277,P27986
D011471,P27986
D011471,Q96EV4
D000544,Q9UKJ1
D001943,P11309
D017449,P11309
D005909,P11309
D011704,P11309
D015470,Q9P1W9
D001943,Q8NFL2
D009447,Q9BXM7
D010300,Q9BXM7
D020734,Q9BXM7
D012852,P12273
D008545,P48426
D001749,Q99755
D001321,P78337
D001281,Q99697
D020521,Q99697
D019966,Q96J94
D002277,P14618
D008545,Q0IJ49
D001281,Q99959
D011471,Q9Y446
D009336,Q9C011
D015179,Q8NI47
D004715,Q8NI47
D000690,Q14064
D001321,Q14064
D001943,Q14064
D003872,Q14064
D004381,Q14064
D012128,Q14064
D001249,Q13093
D003327,Q13093
D020521,Q13093
D019966,Q13018
D007249,Q9Y263
D013274,Q9UM63
D000402,P00750
D001157,P00750
D001929,P00750
D002545,P00750
D002544,P00750
D017449,P00750
D004617,P00750
D006333,P00750
D006470,P00750
D006973,P00750
D007022,P00750
D002542,P00750
D017116,P00750
D009203,P00750
D009461,P00750
D011655,P00750
D012770,P00750
D020521,P00750
D013923,P00750
D013927,P00750
D020246,P00750
D018487,P00750
D000544,Q9UEJ5
D000787,Q9UEJ5
D000789,Q9UEJ5
D001157,Q9UEJ5
D001249,Q9UEJ5
D001929,Q9UEJ5
D002545,Q9UEJ5
D002544,Q9UEJ5
D003327,Q9UEJ5
D006083,Q9UEJ5
D006470,Q9UEJ5
D007022,Q9UEJ5
D002542,Q9UEJ5
D008103,Q9UEJ5
D009203,Q9UEJ5
D009362,Q9UEJ5
D009393,Q9UEJ5
D010190,Q9UEJ5
D011471,Q9UEJ5
D011655,Q9UEJ5
D013274,Q9UEJ5
D020521,Q9UEJ5
D013923,Q9UEJ5
D013927,Q9UEJ5
D020246,Q9UEJ5
D014693,Q9UEJ5
D001171,Q9UPI5
D001321,Q9UPI5
D002277,Q9UPI5
D007249,Q9UPI5
D009362,Q9UPI5
D009369,Q9UPI5
D011471,Q9UPI5
D001172,Q6P1J6
D002289,Q6P4A8
D003110,Q8IV92
D010146,Q8IV92
D012559,Q8IV92
D008545,Q15147
D010003,P51178
D013274,Q9P212
D000544,P16885
D015212,P16885
D015451,P16885
D012559,Q9UPR0
D001172,Q96BZ4
D001321,Q8N7P1
D001172,P08567
D011471,Q9NYT0
D003924,Q5RGS4
D010051,Q96S99
D001714,Q5T4P9
D009369,Q5SXH7
D058186,Q9UMI2
D064420,Q9UMI2
D006973,Q9UMI2
D020246,Q9UMI2
D013274,Q5SYF5
D007938,P53350
D001171,Q9NYY3
D002277,Q9NYY3
D064420,Q9NYY3
D001281,Q5R352
D009203,Q5R352
D018487,Q5R352
D001171,Q96QU5
D008103,Q96QU5
D010003,Q96QU5
D012640,Q8TBJ4
D008113,Q14651
D010003,P13797
D015228,P55058
D016889,P51805
D015451,Q13794
D019966,Q13794
D009765,P20382
D008545,P40967
D005909,Q9UE85
D015473,Q9UE85
D009362,Q9UE85
D011471,Q9UE85
D012559,Q9UE85
D011471,Q5XG96
D009362,Q5FBX0
D012208,Q5FBX0
D002292,Q8N490
D012640,Q96T60
D007022,Q9BYY3
D010146,Q9BYY3
D020734,Q9BYY3
D013375,Q9BYY3
D006333,Q96AD5
D018487,Q96AD5
D013226,Q9NVS9
D003110,P06746
D015451,P06746
D001749,P06746
D015179,P28340
D016889,P28340
D007006,P28340
D015179,Q8WUF6
D015179,Q96IE1
D004827,Q6LCA9
D007248,Q6LCA9
D020734,Q6LCA9
D012640,Q6LCA9
D005909,Q9UBT6
D011471,Q9UBT6
D019966,Q7Z776
D013274,Q9P1U0
D013274,Q9Y2Y1
D058186,Q6LDP0
D015210,Q6LDP0
D001321,Q6LDP0
D001714,Q6LDP0
D001919,Q6LDP0
D002056,Q6LDP0
D002292,Q6LDP0
D002547,Q6LDP0
D019970,Q6LDP0
D003248,Q6LDP0
D003480,Q6LDP0
D003556,Q6LDP0
D003866,Q6LDP0
D004487,Q6LDP0
D004827,Q6LDP0
D004830,Q6LDP0
D005128,Q6LDP0
D005158,Q6LDP0
D005334,Q6LDP0
D005767,Q6LDP0
D006333,Q6LDP0
D006470,Q6LDP0
D006628,Q6LDP0
D006973,Q6LDP0
D006996,Q6LDP0
D007008,Q6LDP0
D007022,Q6LDP0
D007674,Q6LDP0
D008545,Q6LDP0
D009103,Q6LDP0
D009157,Q6LDP0
D009325,Q6LDP0
D009336,Q6LDP0
D009765,Q6LDP0
D010146,Q6LDP0
D011014,Q6LDP0
D011183,Q6LDP0
D012148,Q6LDP0
D012640,Q6LDP0
D012893,Q6LDP0
D013036,Q6LDP0
D013375,Q6LDP0
D014552,Q6LDP0
D000690,Q96P91
D001172,Q96P91
D001321,Q96P91
D001932,Q96P91
D015179,Q96P91
D003248,Q96P91
D003324,Q96P91
D003327,Q96P91
D003866,Q96P91
D003928,Q96P91
D006333,Q96P91
D006484,Q96P91
D006937,Q96P91
D006951,Q96P91
D006938,Q96P91
D007248,Q96P91
D008175,Q96P91
D008223,Q96P91
D011471,Q96P91
D001749,Q96P91
D006938,Q6PJZ2
D010051,P0DMW2
D000312,Q63HL4
D000568,Q63HL4
D006333,Q63HL4
D001749,Q63HL4
D015179,Q15063
D004342,Q15063
D008103,Q15063
D007945,Q5MJ35
D008545,Q5MJ35
D001172,Q03052
D001714,P20265
D010003,P20264
D015470,Q01851
D001321,P78424
D002277,Q86SF0
D003424,Q86SF0
D003876,Q86SF0
D003924,Q86SF0
D064420,Q86SF0
D006951,Q86SF0
D006973,Q86SF0
D015228,Q86SF0
D007003,Q86SF0
D007249,Q86SF0
D007674,Q86SF0
D007676,Q86SF0
D008113,Q86SF0
D009369,Q86SF0
D009765,Q86SF0
D011471,Q86SF0
D008545,Q03181
D009765,Q03181
D058186,Q86WD1
D000544,Q86WD1
D003110,Q86WD1
D015179,Q86WD1
D003424,Q86WD1
D003924,Q86WD1
D003928,Q86WD1
D006333,Q86WD1
D006973,Q86WD1
D007249,Q86WD1
D015473,Q86WD1
D008113,Q86WD1
D008545,Q86WD1
D009765,Q86WD1
D010003,Q86WD1
D010190,Q86WD1
D011225,Q86WD1
D011565,Q86WD1
D013274,Q86WD1
D013345,Q86WD1
D013964,Q86WD1
D000690,Q9UBK2
D003924,Q9UBK2
D006333,Q9UBK2
D009203,Q9UBK2
D010300,Q9UBK2
D000690,Q8TAL0
D001943,Q8TAL0
D009765,Q8TAL0
D006967,P02775
D006973,P02775
D008175,P02775
D011471,Q8ND30
D002289,P62937
D002294,P62937
D009362,P62937
D013274,P62937
D013274,P45877
D014456,P30405
D001943,Q8NEA7
D015179,Q96MI6
D006333,Q8N3J5
D009765,Q5SGD2
D015179,Q96TC9
D010051,Q9UPN1
D001943,Q6GQY8
D007938,Q8WUF5
D015179,Q96A00
D008654,Q96A00
D008545,Q96C90
D001145,Q13522
D006333,Q13522
D020820,Q9UD71
D003924,Q16821
D012852,Q96HI8
D001249,Q6I9T8
D010003,P30153
D013274,P30153
D008175,P30154
D011471,P63151
D001281,Q6P0N9
D015451,Q96B13
D010195,Q08209
D011471,Q08209
D001749,P48454
D002280,Q5T1S7
D008545,Q5T1S7
D009369,Q5T0S4
D006130,Q4VY28
D002289,P78395
D002292,P78395
D006258,P78395
D007938,P78395
D015464,P78395
D008527,P78395
D008545,P78395
D009101,P78395
D012509,P78395
D002292,Q96FT4
D001172,Q5T4E8
D003093,Q5T4E8
D008180,Q5T4E8
D054198,Q9GZV8
D003324,Q9HAZ2
D013964,Q13029
D001749,Q13029
D002289,Q06830
D004938,Q06830
D008175,Q06830
D002277,P32119
D004938,P32119
D008545,P32119
D012516,P32119
D011471,P32119
D017449,Q13162
D013274,P30044
D008175,P30041
D012128,P30041
D013274,Q5JRX3
D001321,P14222
D008228,P14222
D008113,Q7Z3G6
D016481,Q96E92
D013274,Q96E92
D020521,P54646
D018487,P54646
D013274,Q9Y478
D003480,P22694
D011471,P22694
D000312,Q96P62
D000505,Q96P62
D003480,Q96P62
D015473,Q96P62
D009765,Q96P62
D006333,Q75MP1
D009765,Q75MP1
D011141,Q7Z727
D001321,P05771
D015179,P05771
D003924,P05771
D013274,P05771
D005334,Q05655
D006973,Q05655
D020734,Q05655
D012640,Q05655
D015179,Q53RT0
D003928,Q53RT0
D008113,Q53RT0
D009203,Q53RT0
D019966,Q53RT0
D008607,P05129
D014277,P05129
D009765,Q9BVQ0
D019966,Q9BVQ0
D001321,P41743
D001172,Q04759
D016410,Q04759
D007938,Q05513
D011471,Q05513
D015179,Q1KKQ2
D015451,Q9BZL6
D002294,P78527
D006501,P78527
D011041,P78527
D011471,P78527
D006976,Q13976
D000568,Q5THQ0
D001321,Q5THQ0
D001919,Q5THQ0
D019970,Q5THQ0
D004715,Q5THQ0
D007172,Q5THQ0
D005334,Q5THQ0
D006177,Q5THQ0
D006333,Q5THQ0
D006966,Q5THQ0
D007006,Q5THQ0
D007022,Q5THQ0
D007247,Q5THQ0
D008180,Q5THQ0
D020734,Q5THQ0
D010698,Q5THQ0
D011470,Q5THQ0
D013375,Q5THQ0
D000022,Q8WWV7
D001321,Q8WWV7
D002277,Q8WWV7
D004715,Q8WWV7
D006966,Q8WWV7
D019970,Q96LA8
D000544,Q86XR1
D009103,Q86XR1
D009336,Q86XR1
D009362,Q86XR1
D011471,Q86XR1
D013274,Q86XR1
D002544,Q8J009
D006973,Q8J009
D018805,Q8J009
D013923,Q8J009
D013927,Q8J009
D020246,Q8J009
D003324,Q9UNN8
D007249,Q9UNN8
D010146,Q8TCW9
D001171,Q8J011
D012128,Q8J011
D013923,Q8J011
D013927,Q8J011
D003924,Q92786
D009362,Q92786
D013274,Q9UMS4
D019966,Q6IAP9
D020521,Q6P2Q9
D002289,Q9NZ81
D001281,P54821
D011471,P54821
D010195,Q86W20
D001749,Q8N2U3
D011471,Q16651
D012871,Q16651
D002294,Q9NRG1
D010051,Q9NRG1
D015464,P24158
D002289,Q9Y617
D000544,Q6F4C0
D000686,Q6F4C0
D002311,Q6F4C0
D000544,P49810
D002311,P49810
D001172,Q15238
D015470,Q8N4N4
D002277,P25789
D008113,P25789
D012128,P25789
D009203,Q9BZ93
D010003,P20618
D001749,P49721
D001281,Q6IBT1
D011471,Q9P2W1
D003924,Q15008
D002277,Q6FHU3
D009101,Q5SQ83
D003324,Q5T2Z1
D003424,P25105
D002277,P26599
D012516,P26599
D001932,Q13635
D002280,Q13635
D008527,Q13635
D010190,Q13635
D012208,Q13635
D001321,Q96NR3
D008607,Q96NR3
D001249,P60484
D001321,P60484
D001943,P60484
D002277,P60484
D002292,P60484
D004714,P60484
D016889,P60484
D006973,P60484
D008607,P60484
D007938,P60484
D008103,P60484
D008175,P60484
D008223,P60484
D008545,P60484
D009362,P60484
D010051,P60484
D010190,P60484
D011471,P60484
D012871,P60484
D008113,Q96BW5
D008545,Q96BW5
D001249,Q9Y5Y4
D002294,Q05C32
D004715,P43116
D007246,P43116
D004342,Q6TTN3
D013927,Q6TTN3
D004715,P35408
D007249,P35408
D008223,P35408
D013167,P35408
D013964,Q9H7Z7
D000402,Q71UN9
D004715,Q71UN9
D000022,Q6LEN2
D004374,Q6LEN2
D008175,Q6LEN2
D001172,Q6LCE7
D001943,Q6LCE7
D002277,Q6LCE7
D004342,Q6LCE7
D004938,Q6LCE7
D006333,Q6LCE7
D007676,Q6LCE7
D013276,Q6LCE7
D011125,Q9NNY7
D000690,Q9NNY7
D001145,Q9NNY7
D001172,Q9NNY7
D001321,Q9NNY7
D002545,Q9NNY7
D001943,Q9NNY7
D002056,Q9NNY7
D002100,Q9NNY7
D002277,Q9NNY7
D002292,Q9NNY7
D002294,Q9NNY7
D003110,Q9NNY7
D015179,Q9NNY7
D003324,Q9NNY7
D003866,Q9NNY7
D064420,Q9NNY7
D004381,Q9NNY7
D004487,Q9NNY7
D004715,Q9NNY7
D004938,Q9NNY7
D005334,Q9NNY7
D005764,Q9NNY7
D005902,Q9NNY7
D006333,Q9NNY7
D006973,Q9NNY7
D007249,Q9NNY7
D015212,Q9NNY7
D007674,Q9NNY7
D007676,Q9NNY7
D007680,Q9NNY7
D015451,Q9NNY7
D008180,Q9NNY7
D008545,Q9NNY7
D009059,Q9NNY7
D009362,Q9NNY7
D009369,Q9NNY7
D009765,Q9NNY7
D010003,Q9NNY7
D010190,Q9NNY7
D010195,Q9NNY7
D011471,Q9NNY7
D011629,Q9NNY7
D012640,Q9NNY7
D012871,Q9NNY7
D013226,Q9NNY7
D013274,Q9NNY7
D013276,Q9NNY7
D020521,Q9NNY7
D013927,Q9NNY7
D013964,Q9NNY7
D001748,Q9NNY7
D001749,Q9NNY7
D006333,P01270
D006934,P01270
D006973,P01270
D006996,P01270
D015663,P01270
D006961,Q0VGD7
D000022,Q53XY9
D001943,Q53XY9
D002100,Q53XY9
D002289,Q53XY9
D004487,Q53XY9
D006130,Q53XY9
D006934,Q53XY9
D009101,Q53XY9
D010014,Q53XY9
D010190,Q53XY9
D011471,Q53XY9
D006083,P35237
D012769,P35237
D001172,Q05397
D001281,Q05397
D002294,Q05397
D005909,Q05397
D000544,Q14289
D008545,Q14289
D013226,Q14289
D008175,Q9NYD3
D012208,Q9NYD3
D002277,P21246
D013274,Q86YD1
D013274,Q68CR8
D003924,P18031
D006689,P18031
D006973,P18031
D007249,P18031
D009765,P18031
D002294,Q96I26
D007938,Q96I26
D015470,Q96I26
D015473,Q96I26
D009447,Q96I26
D015179,Q05209
D002280,Q6PJC3
D009447,Q6PJC3
D001172,P17706
D003093,P17706
D003424,P17706
D001172,Q9Y2R2
D001327,Q9Y2R2
D015212,Q9Y2R2
D008180,Q9Y2R2
D001172,Q9H3X6
D011471,Q9H3X6
D001289,Q3KPI9
D001943,Q3KPI9
D015179,Q3KPI9
D012148,Q3KPI9
D006333,P10586
D013274,P10586
D013274,Q86TJ8
D015179,Q12913
D008545,Q86WJ2
D011471,Q86WJ2
D008113,Q92729
D008545,Q92729
D011471,Q9Y3E5
D011565,Q6IAL9
D012871,P26022
D008654,Q9UHX1
D009336,Q9UHX1
D004827,Q56A79
D013274,Q9Y606
D001714,P20472
D002292,P20472
D011618,P20472
D012559,P20472
D012640,P20472
D015470,P15151
D011471,P15151
D015470,Q96GF5
D001172,Q32NE9
D008180,Q32NE9
D002289,Q9BTK0
D009362,Q9BTK0
D002289,Q9ULZ3
D018288,Q9ULZ3
D002294,Q9ULZ3
D015179,Q9ULZ3
D007674,Q9ULZ3
D008175,Q9ULZ3
D013274,Q9ULZ3
D001249,Q6K0P9
D011471,Q6K0P9
D000544,P10082
D000855,P10082
D003967,P10082
D009765,P10082
D014839,P10082
D011471,P47897
D017449,Q16769
D015451,Q16769
D008545,Q16769
D001171,Q9Y2K5
D001321,Q9BXF6
D009765,Q9UL25
D001749,Q6IAS8
D017449,Q13637
D001321,Q96DA2
D004827,Q96DA2
D008607,Q96DA2
D006130,P0C0E4
D011471,P61018
D001172,P61006
D010190,Q5HYI8
D002311,P63000
D006333,P63000
D008545,P63000
D009362,P63000
D018487,P63000
D015470,P15153
D008223,P15153
D008545,P15153
D015470,Q9Y6Q9
D002294,P63244
D013274,P54725
D007248,Q5W0S5
D011471,Q5W0S5
D001249,Q32P42
D001943,Q9NZG9
D006258,Q9NZG9
D001943,Q7KZJ0
D010051,Q7KZJ0
D010051,Q7Z790
D002294,Q5DR82
D008175,Q5DR82
D015179,Q9Y620
D008228,Q9Y620
D001943,Q92698
D008228,Q92698
D001943,P04049
D002289,P04049
D002311,P04049
D007680,P04049
D008113,P04049
D008175,P04049
D011471,P04049
D011471,Q9BYY2
D001008,Q7Z5J4
D006130,Q7Z5J4
D008607,Q7Z5J4
D008545,Q7Z5J4
D009765,Q7Z5J4
D011595,Q7Z5J4
D006973,Q15311
D011471,Q15311
D001749,Q5JT61
D001943,Q86SE5
D002277,P62826
D010003,P62826
D007680,P43487
D013274,Q6VN20
D015473,Q5T3T1
D008545,Q5T3T1
D010190,Q5T3T1
D013964,Q5T3T1
D001172,P10114
D058186,Q569L6
D009765,Q569L6
D012282,Q569L6
D001327,Q13702
D001943,Q6I9R7
D015473,Q6I9R7
D001943,Q86UC5
D002294,Q86UC5
D004715,Q86UC5
D006258,Q86UC5
D008175,Q86UC5
D013274,Q86UC5
D013274,P49788
D011225,Q99969
D002277,Q7Z4M2
D002280,Q7Z4M2
D002294,Q7Z4M2
D008545,Q15283
D013274,Q6P4F9
D011471,Q9Y272
D004409,Q8IUU5
D008180,Q8IV61
D015179,Q6T310
D004715,Q6T310
D002289,Q1W2K8
D015212,Q1W2K8
D008175,Q1W2K8
D008527,Q1W2K8
D008654,Q1W2K8
D001745,Q1W2K8
D001749,Q1W2K8
D007680,Q8TEK8
D009447,Q8TEK8
D008545,Q9Y2V3
D002545,Q92728
D001943,Q92728
D002277,Q92728
D002280,Q92728
D002289,Q92728
D018288,Q92728
D009362,Q92728
D012516,Q92728
D010190,Q92728
D054198,Q92728
D011471,Q92728
D001749,Q92728
D001943,Q8TDY2
D012559,Q8TDY2
D001321,Q9NWB1
D012640,Q9NWB1
D015451,Q08999
D010051,Q08999
D011618,Q5JX62
D001281,Q5T481
D001943,Q9H5V0
D015179,Q9H0Z9
D002289,Q6IRX3
D002277,P29374
D013274,P29374
D001327,P10745
D014605,P10745
D000022,Q5VY30
D001943,Q5VY30
D002277,Q5VY30
D006333,Q5VY30
D007674,Q5VY30
D009336,Q5VY30
D013274,Q5VY30
D001172,Q06330
D004715,Q06330
D009103,Q06330
D001172,P53805
D006816,P53805
D008175,Q96BL1
D002277,Q15293
D010003,Q96D15
D003110,Q9UKL0
D009336,Q8NBN7
D012640,Q8WVC0
D002289,Q6P9E2
D003110,Q6P9E2
D005909,Q6P9E2
D009362,Q6P9E2
D001943,P46063
D001281,Q9H902
D001281,Q8WV73
D001321,Q8WV73
D006973,Q6UW15
D013274,Q9BYZ8
D001172,Q04864
D006689,Q04864
D011565,Q04864
D014202,Q04864
D002545,Q96F54
D001932,Q96F54
D001943,Q96F54
D002292,Q96F54
D003093,Q96F54
D003110,Q96F54
D003424,Q96F54
D003556,Q96F54
D003924,Q96F54
D003925,Q96F54
D003928,Q96F54
D006973,Q96F54
D007676,Q96F54
D008105,Q96F54
D009447,Q96F54
D013274,Q96F54
D013345,Q96F54
D000544,Q75MM8
D001321,Q75MM8
D001714,Q75MM8
D003866,Q75MM8
D012559,Q75MM8
D001477,Q693B1
D064420,Q693B1
D006333,Q693B1
D006470,Q693B1
D006973,Q693B1
D006974,Q693B1
D007022,Q693B1
D007674,Q693B1
D008103,Q693B1
D009203,Q693B1
D011565,Q693B1
D013375,Q693B1
D002311,P51606
D001943,Q8NFH8
D012640,Q13127
D018276,Q9UQV8
D015179,Q9UQV8
D010673,Q9UQV8
D013226,Q9UQV8
D013964,Q9UQV8
D003924,Q9HD89
D006333,Q9HD89
D007676,Q9HD89
D015473,Q9HD89
D003110,P41440
D012516,P41440
D011471,Q969G6
D012871,P48380
D008545,Q8HWS3
D011471,Q8HWS3
D001172,Q6NW40
D011471,Q6NW40
D007674,Q15493
D008103,Q15493
D017449,Q08116
D012516,Q08116
D012871,Q08116
D012559,Q8WX96
D001943,Q49A86
D006973,Q49A86
D015470,Q49A86
D013274,Q49A86
D004715,P49798
D008607,Q5T3H5
D020521,Q5T3H5
D004409,Q4QRI4
D012559,Q4QRI4
D010190,Q8TEB9
D019966,Q9Y3P4
D002289,Q6NZ61
D000014,P61586
D000505,P61586
D002277,P61586
D019970,P61586
D016410,P61586
D013274,P61586
D013375,P61586
D001749,P61586
D009362,Q5JR08
D003110,Q9H4E5
D011471,Q9BWJ2
D015179,Q8IUC4
D001943,Q9H4K1
D001943,Q9NPQ8
D001321,Q3ZCW0
D001714,Q3ZCW0
D008545,Q13671
D008175,Q8IUF8
D011471,Q9NVW2
D011471,P04090
D001943,Q9NWS8
D001249,P12724
D016905,P12724
D016908,P12724
D011471,P34096
D011471,Q1RLL8
D011565,Q9Y508
D001943,Q9Y4L5
D011471,Q2HIY3
D006130,Q8IUD6
D002292,Q8WU17
D016889,Q7Z419
D002289,Q8IYW5
D002294,Q8IYW5
D001943,Q8N6D2
D015179,Q8N6D2
D009103,Q3ZCS9
D011471,Q96EP0
D003110,Q969K3
D015179,Q68DV7
D016889,Q68DV7
D011471,Q68DV7
D013274,Q68DV7
D003924,Q9Y252
D004938,Q9Y252
D001321,Q2M1J3
D008175,Q2M1J3
D011471,Q2M1J3
D001321,Q9HCK4
D011471,Q9HCK4
D001321,Q96HH0
D001321,Q8WZ75
D015473,Q49AA3
D006333,Q14DU5
D001943,Q01973
D009362,Q01973
D001321,P35398
D013274,P35398
D004715,Q58EY0
D007249,Q6I9R9
D002289,Q5H8Y1
D008545,Q5H8Y1
D012141,Q9HD28
D005128,Q68CZ1
D007674,Q68CZ1
D001321,Q9GZW2
D011471,Q9GZW2
D011471,Q5VVD0
D011471,P30050
D013274,Q6NZ55
D002292,Q6IPH7
D010300,Q6IPH7
D013274,P61313
D013274,Q0QEW2
D001943,P62750
D010300,P62750
D002277,Q9NY85
D001943,P62899
D001281,Q92901
D018805,P36578
D002277,Q8TBK5
D010300,Q8TBK5
D018805,Q53Z07
D001943,P05387
D011471,Q5JYR7
D008545,Q5VUC9
D011471,Q5VT52
D004938,Q9NS64
D002277,Q15372
D009503,Q15372
D013274,P62841
D011471,P39019
D013274,P39019
D001281,Q9BSW5
D013274,Q9BYK2
D013274,Q75MH1
D008545,Q9NQS8
D001943,Q96IR1
D001943,Q96DV6
D013274,Q96DV6
D001714,Q15349
D009362,Q8TDJ4
D006973,Q4G0X7
D001943,Q9BRS0
D001943,P62081
D001943,Q5JR95
D010300,Q5JR95
D014029,Q8N122
D001943,P55042
D002289,P55042
D011471,P10301
D002289,P23921
D015179,P31350
D007674,Q7LG56
D006333,Q8WXG1
D001943,Q9BXY4
D008175,Q9NZ71
D019966,Q6ICC9
D012559,Q6IPN0
D012559,Q9BZR6
D008113,Q9BQQ7
D012871,Q7L099
D001172,Q2TAM6
D005909,Q2TAM6
D015470,Q2TAM6
D054198,Q2TAM6
D011471,Q2TAM6
D015470,Q71VC3
D001172,Q32MY8
D001943,Q32MY8
D019970,Q32MY8
D010003,Q32MY8
D012516,Q32MY8
D013375,Q32MY8
D004938,Q13761
D005909,Q13761
D015470,Q13761
D008175,Q13761
D011565,Q13761
D013167,Q13761
D013274,Q13761
D004715,Q9HBX9
D011471,Q6P3U7
D013964,Q6P3U7
D001943,Q5STP9
D013274,Q5STP9
D002292,Q8WYM8
D008305,Q8WYM8
D001145,Q92736
D017180,Q92736
D003866,Q6FGE5
D015470,Q6FGE5
D008527,Q6FGE5
D003110,P26447
D008527,P26447
D008545,P26447
D009362,P26447
D010003,P26447
D012128,P26447
D002277,P06703
D003924,P06703
D008527,P06703
D011565,P31151
D003876,P05109
D015470,P05109
D003110,P06702
D012128,P06702
D019958,P04271
D001714,P04271
D001929,P04271
D001932,P04271
D006501,P04271
D009203,P04271
D002277,P21453
D012595,Q9H228
D019966,Q8WW19
D011471,Q5K651
D012559,Q9UHR5
D018357,Q0D2N8
D003324,Q5T5C7
D017449,Q2TM25
D009765,Q2TM25
D015179,Q9UPW6
D011471,Q769H0
D001321,Q7Z6I4
D001321,Q8TAC9
D002277,Q8WTV0
D002292,Q8WTV0
D019970,Q8WTV0
D007676,Q8WTV0
D015179,P05408
D008527,P05408
D007249,P11684
D012120,P11684
D004715,Q96QR1
D001249,Q2L6B3
D001281,Q96GD3
D001281,Q9Y5Y9
D006327,Q9Y5Y9
D014693,Q9Y5Y9
D004827,P35498
D008607,P35498
D003294,P35498
D001321,Q99250
D001714,Q99250
D004827,Q99250
D003294,Q99250
D001281,Q8WWN6
D017180,Q8WWN6
D016171,Q8WWN6
D001321,Q01118
D004827,Q9P2Q6
D008607,Q9P2Q6
D013226,Q9P2Q6
D014202,Q9P2Q6
D011537,Q53QP0
D003550,Q6UP09
D006973,Q6UP09
D011225,Q6UP09
D003550,Q8WY57
D006973,Q8WY57
D011656,Q8WY57
D003550,Q6LCK6
D006973,Q6LCK6
D007022,Q6LCK6
D010003,Q12765
D013274,Q12765
D001321,P09683
D003924,Q8IV17
D002289,P31431
D000022,Q9HCN8
D003424,Q9HCN8
D011471,Q9HCN8
D012559,Q9BRK5
D002311,Q0QF12
D010003,Q0QF12
D010673,Q70SX8
D010003,Q15436
D006130,Q5HYY5
D008175,Q93073
D001281,Q5TI75
D002545,Q5TI75
D017449,Q5TI75
D003876,Q5TI75
D006937,Q5TI75
D009103,Q5TI75
D014581,Q5TI75
D015179,Q9H8A8
D008175,Q9H8A8
D010051,Q9H8A8
D011618,Q9H8A8
D012559,Q9H8A8
D013274,Q9H8A8
D002277,P49908
D015179,P49908
D004715,P49908
D007248,P49908
D008175,P49908
D011471,P49908
D002289,Q9BQE4
D007249,Q9BQE4
D011471,Q9BQE4
D004827,P63302
D009203,Q8WW79
D003866,Q8N1E9
D006967,Q8N1E9
D006973,Q8N1E9
D013927,Q8N1E9
D002294,Q6ZVN7
D016889,Q6PI51
D009447,Q6PI51
D016889,Q13275
D001321,Q13591
D019966,Q8NFY4
D001161,Q9P0U3
D014657,Q9P0U3
D012640,Q9HC62
D011471,Q9GZR1
D005909,Q6ZU15
D012128,Q99719
D015470,Q9UHD8
D013274,Q8NC51
D011471,Q5H936
D058186,P01009
D001008,P01009
D001161,P01009
D001714,P01009
D064420,P01009
D006470,P01009
D007003,P01009
D008103,P01009
D008175,P01009
D009362,P01009
D011656,P01009
D013274,P01009
D014657,P01009
D020246,Q9UK55
D011471,P01011
D008103,P08185
D011471,Q4VAX6
D001943,P05120
D013274,P05120
D000022,P29508
D002294,P29508
D004938,P29508
D001943,P36952
D003110,P36952
D015179,P36952
D009362,P36952
D011565,P50452
D001778,Q8TCE1
D009404,Q8TCE1
D012128,Q8TCE1
D013927,Q8TCE1
D020246,Q8TCE1
D001321,P05121
D003928,P05121
D006333,P05121
D006973,P05121
D007676,P05121
D008113,P05121
D009404,P05121
D009765,P05121
D011225,P05121
D011471,P05121
D013274,P05121
D013927,P05121
D003320,P36955
D003925,P36955
D011471,P36955
D014605,P36955
D008103,Q5UGI6
D008175,Q5UGI6
D008103,P50454
D012128,P50454
D003110,Q53GC0
D015179,P58004
D011471,P58005
D009336,Q5VXV3
D001943,Q9Y6X0
D008607,Q9Y6X0
D001943,Q9BYW2
D002292,Q9BYW2
D007938,Q9BYW2
D011471,Q9BYW2
D008545,Q15047
D011471,Q15047
D001321,Q6UXD5
D008545,Q14820
D015451,Q7Z497
D011471,Q7Z497
D002294,Q9Y3B8
D004938,Q9Y3B8
D012871,Q9BSV4
D001943,Q6ZSL4
D015179,Q6ZSL4
D015212,Q6ZSL4
D001943,Q96HF1
D002292,Q96HF1
D015179,Q96HF1
D015212,Q96HF1
D015179,Q6FHJ7
D003924,Q6FHJ7
D001943,Q5T4F7
D015179,Q5T4F7
D008175,P07988
D008175,Q5T0M2
D015179,Q9H9B4
D001281,Q16586
D010003,Q13326
D012871,Q08AT0
D002277,Q7Z3I4
D003929,Q7Z3I4
D015470,Q7Z3I4
D001145,Q5FBB7
D009765,Q9NRF2
D003324,Q96BA5
D007249,Q96BA5
D008180,Q96BA5
D009203,Q96BA5
D020521,Q96BA5
D015470,Q9BWP4
D003110,Q5JPT2
D001281,Q5TCZ1
D020521,Q5TCZ1
D015179,Q6NVH2
D001008,Q9Y566
D001321,Q9Y566
D002292,Q9Y566
D001321,Q24JS4
D001714,Q24JS4
D008607,Q24JS4
D001321,Q6P5A2
D008607,Q6P5A2
D012559,Q6P5A2
D003872,Q6PJD5
D000437,P04278
D002311,P04278
D003924,P04278
D007172,P04278
D011471,P04278
D008103,Q5T188
D001943,P34896
D064420,P34896
D008228,P34896
D002289,Q5BJF5
D001327,Q9HAT2
D008175,Q24JR2
D000690,Q5T1J1
D019970,Q5T1J1
D012640,Q5T1J1
D001171,P57059
D002311,P57059
D011471,Q9H173
D001943,P81133
D008607,Q96ST3
D008545,Q96FS4
D058186,Q96EB6
D001281,Q96EB6
D001327,Q96EB6
D001932,Q96EB6
D001943,Q96EB6
D003924,Q96EB6
D006333,Q96EB6
D009362,Q96EB6
D009765,Q96EB6
D012516,Q96EB6
D011014,Q96EB6
D011018,Q96EB6
D011471,Q96EB6
D012595,Q96EB6
D013927,Q96EB6
D018487,Q96EB6
D002294,Q9NTG7
D009765,Q9NTG7
D018487,Q8N6T7
D012595,Q9NRC8
D016889,Q15475
D007674,Q8TBA2
D010051,Q86WV1
D001014,Q7Z462
D012871,P12757
D008527,Q13309
D009369,Q13309
D010051,Q13309
D006509,Q14973
D019966,Q12908
D001943,Q3KNW5
D058186,Q9HBK0
D001171,Q9HBK0
D001172,Q9HBK0
D003093,Q9HBK0
D003424,Q9HBK0
D003876,Q9HBK0
D005512,Q9HBK0
D015212,Q9HBK0
D007898,Q9HBK0
D008585,Q9HBK0
D009103,Q9HBK0
D014376,Q9HBK0
D008113,P49281
D002277,Q53ZR1
D004827,Q53ZR1
D004833,Q53ZR1
D006973,Q53ZR1
D011471,Q53ZR1
D006973,P55017
D007674,P55017
D004827,Q9H2X9
D004833,Q9H2X9
D012640,Q9H2X9
D013226,Q9H2X9
D001749,Q9Y666
D008103,Q9UKG4
D008545,Q86UE9
D008180,Q8N697
D003110,Q5T8R5
D008103,Q06495
D008545,Q9NRA2
D012640,Q9P2U7
D010300,Q05940
D020734,Q05940
D001321,P41440
D003110,P41440
D015179,P41440
D064420,P41440
D054198,P41440
D001749,P41440
D004715,P43005
D004827,P43005
D004833,P43005
D012559,P43005
D012640,P43005
D000690,P43004
D019970,P43004
D003924,P43004
D004827,P43004
D013274,P43004
D001321,Q8N169
D004827,Q8N169
D010190,Q71UA6
D004715,Q8WUM9
D002289,Q63ZE4
D005909,Q63ZE4
D010051,Q63ZE4
D058186,Q19PG1
D015179,Q8IZD6
D001943,Q96BI1
D008175,Q96BI1
D007674,Q5T7Q5
D009765,Q5T7Q5
D011041,Q5T7Q5
D058186,Q8N4F4
D003924,Q9NQC0
D009765,Q9NQC0
D011471,Q9NQC0
D019966,Q9NQC0
D001172,Q9H015
D008103,Q8TCC7
D002277,Q9UBX3
D012128,Q6IBH0
D008545,Q8N413
D004427,P50443
D006042,Q75MC7
D011471,Q75MC7
D012559,Q8TE54
D012559,Q96RN1
D001281,Q9Y2P4
D006816,Q99808
D010190,Q99808
D015614,Q9BZD2
D007006,Q9BZD2
D001943,P11166
D002292,P11166
D003110,P11166
D003924,P11166
D008607,P11166
D008113,P11166
D010003,P11166
D010051,P11166
D012640,P11166
D001943,Q8TDC7
D019966,Q86X07
D010300,Q8TDB8
D001943,Q6PAU8
D003924,Q6PAU8
D001171,P11169
D017449,P11169
D000544,P14672
D003924,P14672
D001943,P22732
D006073,Q9NRM0
D012640,Q96KD7
D008103,Q1RMY7
D010300,Q1RMY7
D020734,Q1RMY7
D000544,Q6NXT4
D004938,Q8NEW0
D003924,Q8IWU4
D006976,Q6P708
D008607,Q6P708
D009336,Q6P708
D011471,Q6P708
D006934,Q86VN6
D001281,Q5T1Q4
D008545,Q8TBE7
D010300,Q96QD8
D008113,Q8NBW4
D011471,Q6IAD8
D008545,Q504Y0
D009362,Q6P5W5
D001943,Q13433
D009362,Q13433
D008175,P08195
D001321,Q4PNE6
D004715,Q4PNE6
D008113,Q4PNE6
D002280,Q9UMX9
D002294,Q9UMX9
D008545,Q9UMX9
D019966,Q9UMX9
D007674,Q96FL8
D006402,P02730
D008288,P02730
D004827,Q53SB3
D008607,Q53SB3
D019586,Q53SB3
D008105,Q9UEY6
D011471,Q9UEY6
D005901,Q9Y6R1
D008105,Q86UW1
D008105,Q86UW2
D001714,P53794
D002292,P53794
D003324,P53794
D001943,Q92911
D007680,Q92911
D008545,Q92911
D009369,Q92911
D010051,Q92911
D011471,Q92911
D013964,Q92911
D003110,Q8N695
D008113,Q8N755
D000690,P30531
D004827,P30531
D012559,P30531
D012640,P30531
D013375,P30531
D008545,P48066
D006973,Q9BYZ7
D006973,Q9BW84
D012640,Q9BW84
D008654,Q9NP91
D000437,Q9Y610
D000430,Q9Y610
D001008,Q9Y610
D001289,Q9Y610
D019970,Q9Y610
D003704,Q9Y610
D010300,Q9Y610
D012559,Q9Y610
D012893,Q9Y610
D000437,Q9NYN7
D001008,Q9NYN7
D001321,Q9NYN7
D001714,Q9NYN7
D019970,Q9NYN7
D003866,Q9NYN7
D006976,Q9NYN7
D009771,Q9NYN7
D012559,Q9NYN7
D019966,Q9NYN7
D013375,Q9NYN7
D001049,Q4VAM6
D001321,P48029
D011471,Q5JR49
D009362,Q4W5A5
D017449,Q2MCL6
D008175,Q2MCL6
D004715,Q9UHI5
D007674,P82251
D012640,Q4QQH3
D013226,Q4QQH3
D012640,P57103
D013226,P57103
D004487,P19634
D006333,P19634
D010146,P19634
D004487,Q9UBY0
D003967,P48764
D004487,P48764
D007022,P48764
D003704,Q9Y2E8
D001321,Q8IVB4
D001281,Q4ZJI4
D001943,Q7Z4M3
D064420,Q7Z4M3
D003110,Q6NSD0
D015179,Q6NSD0
D008175,Q6NSD0
D015179,Q92959
D064420,Q92959
D004833,Q4W5N0
D015473,Q4W5N0
D005879,Q96PX8
D009771,Q4QQH1
D019966,Q9H2G2
D019970,Q15797
D013375,Q15797
D001014,P84022
D001171,P84022
D019970,P84022
D015179,P84022
D003424,P84022
D008103,P84022
D010003,P84022
D014594,P84022
D015179,Q9BYG6
D010190,Q9BYG6
D013274,Q9BYG6
D019970,Q68DB7
D003924,Q68DB7
D013375,Q68DB7
D011471,Q86UA8
D000690,Q9HBD4
D018288,Q9HBD4
D019970,Q9HBD4
D010051,Q9HBD4
D012509,Q9HBD4
D011471,Q9H4L7
D008175,Q58EY4
D009503,Q92925
D004827,Q6P2R1
D001749,Q6P2R1
D001749,Q8NDV3
D008175,Q7Z2X1
D003924,Q4W5P6
D001932,Q9NWM0
D002280,Q9NWM0
D007247,Q9NWM0
D015473,Q9NWM0
D020521,Q5TE25
D007674,Q8TEY3
D007938,Q9NY59
D004715,Q92484
D001172,P52788
D019970,Q9HCE7
D013375,Q9HCE7
D004938,Q05C86
D001714,P60880
D003866,P60880
D003924,P60880
D004827,P60880
D011618,P60880
D002289,Q5SQN1
D000437,Q4W5L2
D019970,Q4W5L2
D005776,Q4W5L2
D006333,Q4W5L2
D010300,Q4W5L2
D020734,Q4W5L2
D001943,Q6FHG5
D002277,Q6FHG5
D001321,Q7KZF4
D008175,Q7KZF4
D001281,Q8WVK2
D013274,Q9UIS4
D002277,P62318
D001321,P63162
D013226,Q29RY0
D001321,Q9NY99
D008113,Q8N5Z3
D008607,Q5JRQ0
D001943,Q86XE0
D013274,Q6P5V6
D017449,Q4JHT5
D016889,Q6FI39
D058186,P00441
D000690,P00441
D001249,P00441
D002545,P00441
D003866,P00441
D003924,P00441
D064420,P00441
D005221,P00441
D006333,P00441
D006973,P00441
D007022,P00441
D007249,P00441
D009203,P00441
D009336,P00441
D009765,P00441
D010051,P00441
D010300,P00441
D011833,P00441
D013119,P00441
D020521,P00441
D001749,P00441
D011125,Q7Z7M7
D000544,Q7Z7M7
D000690,Q7Z7M7
D001172,Q7Z7M7
D001327,Q7Z7M7
D002545,Q7Z7M7
D001932,Q7Z7M7
D001943,Q7Z7M7
D002277,Q7Z7M7
D002289,Q7Z7M7
D002292,Q7Z7M7
D002294,Q7Z7M7
D002311,Q7Z7M7
D003110,Q7Z7M7
D015179,Q7Z7M7
D003924,Q7Z7M7
D003928,Q7Z7M7
D004938,Q7Z7M7
D004941,Q7Z7M7
D005334,Q7Z7M7
D006333,Q7Z7M7
D006973,Q7Z7M7
D006976,Q7Z7M7
D007003,Q7Z7M7
D007248,Q7Z7M7
D007674,Q7Z7M7
D007680,Q7Z7M7
D008103,Q7Z7M7
D008654,Q7Z7M7
D009101,Q7Z7M7
D009203,Q7Z7M7
D009336,Q7Z7M7
D009362,Q7Z7M7
D009369,Q7Z7M7
D009404,Q7Z7M7
D009765,Q7Z7M7
D010003,Q7Z7M7
D010051,Q7Z7M7
D010190,Q7Z7M7
D010300,Q7Z7M7
D011471,Q7Z7M7
D011565,Q7Z7M7
D011833,Q7Z7M7
D012128,Q7Z7M7
D012640,Q7Z7M7
D012770,Q7Z7M7
D012871,Q7Z7M7
D013274,Q7Z7M7
D001749,Q7Z7M7
D014605,Q7Z7M7
D018487,Q7Z7M7
D006333,P08294
D006973,P08294
D009336,P08294
D001281,Q92673
D003324,Q99523
D015179,Q2T9L5
D012871,P35713
D001932,P48431
D002294,P48431
D008175,P48431
D012516,P48431
D011471,P48431
D012509,P48431
D001749,P48431
D006333,Q06945
D001281,Q6IBT9
D002277,P48436
D008175,P48436
D009362,P48436
D013274,P48436
D015179,Q15403
D009362,Q15403
D015451,Q7Z2U4
D001714,Q32M51
D012559,Q32M51
D011471,Q6BEB4
D003110,Q6QE20
D015179,Q6QE20
D007674,Q6QE20
D015470,Q6QE20
D008103,Q6QE20
D017116,Q6QE20
D009101,Q6QE20
D009336,Q6QE20
D010051,Q6QE20
D013921,Q6QE20
D004715,Q8N4S1
D004827,Q8N4S1
D001943,Q8TC71
D011471,Q8TC71
D008113,Q5VXG6
D001281,Q4ZFW0
D011471,Q96T58
D003093,Q9BTG7
D007938,Q9BTG7
D006333,Q2M3C7
D015470,P17947
D008105,Q01892
D010190,P00995
D010195,P00995
D011471,P00995
D011471,Q9NQ38
D002277,Q6LEU8
D019966,Q8WW14
D011471,Q08629
D011471,Q9BUD6
D058186,Q3LGB0
D001932,Q3LGB0
D001943,Q3LGB0
D017449,Q3LGB0
D064420,Q3LGB0
D006967,Q3LGB0
D007674,Q3LGB0
D008103,Q3LGB0
D008175,Q3LGB0
D008654,Q3LGB0
D009362,Q3LGB0
D010014,Q3LGB0
D011014,Q3LGB0
D000544,Q7Z698
D001172,Q7Z698
D002294,P35321
D013274,P35326
D001249,P35325
D015470,Q9C004
D002292,Q9H254
D013274,Q9BXG8
D000690,Q13501
D013119,Q13501
D001943,Q71UK5
D003110,Q71UK5
D015179,Q71UK5
D013226,Q71UK5
D001749,Q71UK5
D019970,Q9C0H9
D004715,P18405
D011471,P18405
D000505,P31213
D016889,P31213
D004715,P31213
D011470,P31213
D011471,P31213
D007676,P36956
D009765,P36956
D001943,Q12772
D007676,Q12772
D009362,Q12772
D013274,Q12772
D009369,P11831
D008113,Q9H3Y6
D012871,Q9UHB9
D001714,Q75MW9
D005909,Q9BXP5
D009362,Q07955
D012559,Q07955
D016889,Q6IQ42
D010051,Q6IQ42
D002277,Q01130
D012871,Q96QL6
D001714,P81877
D011471,P81877
D001281,Q14714
D011471,P43308
D000022,P61278
D004715,P61278
D004932,P61278
D004938,P61278
D007008,P61278
D009369,P61278
D010190,P61278
D010195,P61278
D012640,P61278
D010190,P30872
D013226,P30872
D010190,P30874
D012640,P30874
D013226,P30874
D010190,P32745
D013226,P32745
D013226,P31391
D013226,P35346
D011471,Q9NZK4
D011471,Q8WVC1
D017449,P15907
D003924,P15907
D001172,Q9BVH7
D001321,Q4VAZ2
D011471,Q8WWQ8
D008113,Q96MF2
D001749,Q8N3U4
D016889,Q6QNJ9
D011471,Q9Y365
D011471,Q14849
D001943,Q92502
D015179,Q92502
D001714,Q9P2P6
D001172,Q9UK44
D002178,Q9UK44
D003586,Q9UK44
D008103,Q9UK44
D009164,Q9UK44
D009362,Q9UK44
D001171,Q9BXH2
D001327,Q9BXH2
D002545,Q9BXH2
D001943,Q9BXH2
D002277,Q9BXH2
D002289,Q9BXH2
D002294,Q9BXH2
D003093,Q9BXH2
D003110,Q9BXH2
D005334,Q9BXH2
D006333,Q9BXH2
D007249,Q9BXH2
D015470,Q9BXH2
D008113,Q9BXH2
D008527,Q9BXH2
D009362,Q9BXH2
D010051,Q9BXH2
D010190,Q9BXH2
D011471,Q9BXH2
D011565,Q9BXH2
D013274,Q9BXH2
D001749,Q9BXH2
D001172,Q53S87
D001249,Q53S87
D006509,Q53S87
D008105,Q53S87
D008180,Q53S87
D009103,Q53S87
D012595,Q53S87
D001943,Q8WWS9
D002277,Q8WWS9
D008175,Q8WWS9
D016410,P51692
D003876,Q6LCD8
D004487,Q6LCD8
D006258,Q6LCD8
D001321,P02808
D001943,Q6FHC9
D004715,Q6FHC9
D011471,Q687X5
D001171,Q13586
D006973,Q13586
D008175,Q13586
D015179,P31948
D008545,P31948
D021441,Q9NS52
D002294,Q9NS52
D006973,Q9NS52
D008175,Q9NS52
D010190,Q9NS52
D001321,Q9UEW8
D006973,Q9UEW8
D001714,Q13043
D001943,Q96CE4
D002277,Q96CE4
D011471,Q96CE4
D008175,Q9Y6Q2
D008607,Q9BX79
D015179,Q9Y3F4
D001172,Q16244
D001289,Q16244
D007249,Q16244
D009765,Q16244
D008545,Q6NSC7
D001321,Q75ME0
D004827,P61266
D003294,P61266
D011471,Q12846
D004827,P61764
D006470,Q15833
D001943,Q08AL9
D001321,Q8NFX7
D009765,Q7Z503
D013274,Q6IAL5
D004715,Q3ZCW5
D009765,Q3ZCW5
D010190,Q9HAC7
D010051,Q96E28
D004715,Q6DKK3
D001943,P50225
D003110,P50225
D011471,P50225
D011471,Q53X91
D011471,Q06520
D000505,Q8IYB8
D008607,Q15526
D011471,Q5T8U7
D016889,Q15022
D005909,Q15022
D008545,Q15022
D007674,Q7L1I2
D015470,Q569J5
D010190,Q5VXJ5
D001168,P43405
D003872,P43405
D008545,P43405
D008654,P43405
D013274,Q96B47
D012559,Q86VA8
D012640,Q86VA8
D007938,Q05CK9
D001943,Q7RTM4
D015179,Q7RTM4
D019966,Q7RTM4
D001281,Q8WXH0
D002292,Q8WXH0
D001321,Q96PV0
D004827,Q96PV0
D008607,Q96PV0
D001943,Q5TA15
D001281,Q9H987
D002289,P08247
D012559,P08247
D009103,Q5QPU8
D019970,Q7L8C5
D008545,Q9H2B2
D000855,P20366
D001714,P20366
D001919,P20366
D004342,P20366
D004487,P20366
D005119,P20366
D005764,P20366
D006967,P20366
D007022,P20366
D007249,P20366
D009290,P20366
D010146,P20366
D011537,P20366
D012559,P20366
D012798,P20366
D014839,P20366
D001749,Q9Y6A5
D000437,Q53TR1
D001289,Q53TR1
D001714,Q53TR1
D001919,Q53TR1
D006973,Q53TR1
D013375,Q53TR1
D014839,Q53TR1
D000437,Q4VBL9
D019970,Q4VBL9
D007006,Q4VBL9
D004715,P09758
D012516,Q92804
D013274,Q92804
D001321,Q15572
D012871,Q9H5J8
D011471,Q8IZX4
D001008,Q8N3H0
D001943,Q96LR4
D001172,Q8N103
D003424,Q8N103
D011565,Q8N103
D003110,Q6FI52
D004715,Q6FI52
D002292,Q5ZEZ7
D008103,Q5ZEZ7
D054198,P17542
D054198,Q16559
D010300,P37837
D001943,Q6NW12
D011471,Q8TD77
D000690,Q9H256
D009220,P26639
D008545,P59551
D009765,Q7Z6H2
D011471,Q9BYX2
D003324,Q5SZM2
D009362,Q99426
D008607,Q9BTW9
D012640,Q9BTW9
D001424,Q15813
D011471,Q9H2I4
D001321,Q16650
D013771,Q152R5
D006130,Q5JT55
D003324,Q13207
D009447,Q13207
D006333,Q9UMR3
D001249,Q9UL17
D007249,Q9UL17
D007676,Q9UL17
D001281,Q99593
D009336,Q0VAB0
D011655,Q0VAB0
D012220,Q0VAB0
D004342,Q9UDV3
D011471,Q9UDV3
D015470,Q86VL0
D011471,Q9BRU2
D015179,Q5VWI1
D003110,Q9Y242
D054198,Q6PJU3
D008113,Q9NQB0
D012640,Q9NQB0
D003424,P36402
D008180,P36402
D013964,Q53T87
D001171,Q6FHW4
D002311,Q6FHW4
D003110,Q6FHW4
D015179,Q6FHW4
D003327,Q6FHW4
D003924,Q6FHW4
D000749,P20061
D000749,P20062
D001321,P20062
D015179,P20062
D064420,P20062
D011471,P20062
D011471,P17987
D001321,P48775
D005901,Q8NHU6
D007248,Q8NHU6
D015179,Q3Y452
D004833,Q02763
D012559,Q96M29
D019966,Q9NT68
D019970,Q9P273
D001714,Q6N022
D008175,Q99973
D001943,Q9UQ24
D002280,Q9UQ24
D002289,Q9UQ24
D003324,Q9UQ24
D007674,Q9UQ24
D007945,Q9UQ24
D015464,Q9UQ24
D015470,Q9UQ24
D008113,Q9UQ24
D008175,Q9UQ24
D008180,Q9UQ24
D008545,Q9UQ24
D009369,Q9UQ24
D009447,Q9UQ24
D010051,Q9UQ24
D010190,Q9UQ24
D011471,Q9UQ24
D013964,Q9UQ24
D001749,Q9UQ24
D005909,Q9UGI8
D002292,Q6N021
D015179,Q6N021
D015473,Q6N021
D011471,Q6N021
D058186,Q06AH7
D000437,Q06AH7
D000544,Q06AH7
D001321,Q06AH7
D002277,Q06AH7
D064420,Q06AH7
D004443,Q06AH7
D007249,Q06AH7
D009404,Q06AH7
D009765,Q06AH7
D012148,Q06AH7
D000544,Q6LES8
D001943,P05549
D007674,P05549
D004374,Q92481
D013274,Q92754
D002292,P19532
D058186,Q07654
D007674,Q07654
D000402,P10646
D001171,P10646
D020246,P10646
D001172,P48307
D001943,P48307
D015179,P48307
D008545,P48307
D009362,P48307
D010003,P48307
D010190,P48307
D000022,P02786
D001943,P02786
D015179,P02786
D016481,P02786
D007249,P02786
D015451,P02786
D008175,P02786
D008228,P02786
D009765,P02786
D001749,P02786
D001008,Q9NYM1
D001327,Q9NYM1
D003866,Q9NYM1
D006042,Q9NYM1
D013967,Q9NYM1
D002289,Q9UQ91
D006258,Q9UQ91
D006976,Q9UQ91
D007249,Q9UQ91
D008113,Q9UQ91
D011471,Q9UQ91
D011565,Q9UQ91
D011654,Q9UQ91
D013274,Q9UQ91
D000022,Q86YU2
D058186,Q86YU2
D001249,Q86YU2
D002277,Q86YU2
D002294,Q86YU2
D015179,Q86YU2
D003550,Q86YU2
D003924,Q86YU2
D003928,Q86YU2
D003929,Q86YU2
D004381,Q86YU2
D004827,Q86YU2
D006073,Q86YU2
D006967,Q86YU2
D006973,Q86YU2
D007249,Q86YU2
D015212,Q86YU2
D007674,Q86YU2
D007676,Q86YU2
D008103,Q86YU2
D008105,Q86YU2
D008175,Q86YU2
D009203,Q86YU2
D009362,Q86YU2
D009404,Q86YU2
D010003,Q86YU2
D015663,Q86YU2
D010190,Q86YU2
D011014,Q86YU2
D011471,Q86YU2
D011656,Q86YU2
D018805,Q86YU2
D020521,Q86YU2
D013920,Q86YU2
D014581,Q86YU2
D001327,P61812
D003490,P61812
D004715,P61812
D005901,P61812
D000022,Q15582
D003928,Q15582
D018805,Q15582
D000022,Q5T7S2
D058186,Q5T7S2
D015179,Q5T7S2
D008103,Q5T7S2
D001014,P37173
D001932,P37173
D002277,P37173
D003110,P37173
D003928,P37173
D004938,P37173
D005221,P37173
D008175,P37173
D009362,P37173
D011471,P37173
D009362,Q15583
D001932,Q9BXQ0
D001943,Q9BXQ0
D002292,Q9BXQ0
D004938,Q9BXQ0
D005909,Q9BXQ0
D006973,Q9BXQ0
D010003,Q9BXQ0
D010190,Q9BXQ0
D004409,Q9UQ57
D006973,Q9UQ57
D008607,Q9UQ57
D009447,Q9UQ57
D010300,Q9UQ57
D020734,Q9UQ57
D010673,Q9UQ57
D003924,Q6YHU6
D064420,P07204
D015473,P07204
D009203,P07204
D011655,P07204
D012128,P07204
D013274,P07204
D013927,P07204
D001171,P07996
D001943,P07996
D003925,P07996
D008103,P07996
D012559,P07996
D003925,Q5RI53
D001943,Q5TEK2
D007674,Q9NWX6
D004715,Q6FH41
D001281,P10828
D002277,Q92748
D019966,Q6ZMP0
D001714,Q9UPZ6
D011471,Q9P016
D002294,Q13009
D019966,Q8IVF5
D020803,Q8IUC6
D018357,Q8IUC6
D012208,P62072
D001327,Q6FGX5
D003924,Q6FGX5
D006973,Q6FGX5
D007249,Q6FGX5
D012128,Q6FGX5
D014648,Q6FGX5
D000022,P16035
D009203,P16035
D001749,P16035
D000022,P35625
D001249,P35625
D013274,P35625
D001745,P35625
D011471,Q99727
D003928,Q7Z477
D006130,Q9BSI4
D010051,Q05BQ2
D008288,P58753
D011008,P58753
D011471,P58753
D014376,P58753
D011471,Q2VPE5
D015179,P04183
D002277,Q16832
D001172,Q6PRX3
D001943,Q6PRX3
D002277,Q5JSZ2
D064420,Q6FI64
D020803,Q6PCD4
D005334,Q6PCD4
D011471,Q9Y2C9
D017449,Q9NYK1
D003424,Q9NR96
D007249,Q9NR96
D009203,Q9BZW4
D005902,Q9UM00
D008607,Q9UM00
D011471,Q9UIK5
D008545,Q14DG7
D008113,Q14C87
D002289,Q8N605
D005909,Q8N605
D008607,Q8N605
D003924,Q96B42
D009765,Q96B42
D010300,Q5JWB9
D001943,Q86YD3
D008545,Q3MIR4
D002277,Q86SV2
D008175,Q9NWC5
D013274,Q2HIZ8
D008103,Q5HYA8
D006333,Q6P5X7
D011471,Q6PII6
D001321,Q9NVH6
D011471,P28289
D001172,P42167
D002311,P42167
D011471,Q96T73
D019966,Q7RTY8
D017449,P63313
D011471,Q0P5U7
D004715,Q9H8H3
D001249,P24821
D004715,P24821
D008545,P24821
D014648,P24821
D058186,Q5STB3
D000544,Q5STB3
D000855,Q5STB3
D001008,Q5STB3
D001172,Q5STB3
D001249,Q5STB3
D001929,Q5STB3
D002545,Q5STB3
D001943,Q5STB3
D002056,Q5STB3
D002100,Q5STB3
D002690,Q5STB3
D003093,Q5STB3
D003110,Q5STB3
D015179,Q5STB3
D003424,Q5STB3
D017449,Q5STB3
D003924,Q5STB3
D004342,Q5STB3
D064420,Q5STB3
D004487,Q5STB3
D005334,Q5STB3
D006323,Q5STB3
D006333,Q5STB3
D006501,Q5STB3
D006932,Q5STB3
D006934,Q5STB3
D006967,Q5STB3
D006973,Q5STB3
D006976,Q5STB3
D007003,Q5STB3
D007022,Q5STB3
D007249,Q5STB3
D015212,Q5STB3
D007676,Q5STB3
D007896,Q5STB3
D007898,Q5STB3
D008088,Q5STB3
D008113,Q5STB3
D008175,Q5STB3
D008288,Q5STB3
D008545,Q5STB3
D009203,Q5STB3
D009325,Q5STB3
D009336,Q5STB3
D009362,Q5STB3
D009447,Q5STB3
D009765,Q5STB3
D010014,Q5STB3
D015663,Q5STB3
D010146,Q5STB3
D010190,Q5STB3
D010300,Q5STB3
D010996,Q5STB3
D011014,Q5STB3
D011565,Q5STB3
D011654,Q5STB3
D011656,Q5STB3
D011833,Q5STB3
D012140,Q5STB3
D012509,Q5STB3
D012559,Q5STB3
D018805,Q5STB3
D012772,Q5STB3
D012871,Q5STB3
D012983,Q5STB3
D013226,Q5STB3
D013274,Q5STB3
D013276,Q5STB3
D020521,Q5STB3
D013345,Q5STB3
D013927,Q5STB3
D013964,Q5STB3
D014277,Q5STB3
D001749,Q5STB3
D014581,Q5STB3
D018754,Q5STB3
D003928,Q13829
D001172,Q03169
D001172,Q5VXR0
D001327,Q5VXR0
D007249,Q5VXR0
D008180,Q5VXR0
D016410,Q5VXR0
D009103,Q5VXR0
D011565,Q5VXR0
D001171,P98066
D017449,P98066
D012871,P98066
D010190,Q6FH58
D015451,Q9Y6Q6
D058186,Q9NP84
D009203,Q9NP84
D009101,Q4ACX1
D001172,Q92956
D008545,Q9NS68
D000855,Q6Y4Q7
D001327,Q6Y4Q7
D002545,Q6Y4Q7
D002100,Q6Y4Q7
D003550,Q6Y4Q7
D003924,Q6Y4Q7
D005334,Q6Y4Q7
D006333,Q6Y4Q7
D006967,Q6Y4Q7
D008105,Q6Y4Q7
D009103,Q6Y4Q7
D011014,Q6Y4Q7
D001321,Q8IVS6
D002545,Q8IVS6
D003924,Q8IVS6
D006967,Q8IVS6
D008103,Q8IVS6
D009182,Q8IVS6
D009765,Q8IVS6
D011014,Q8IVS6
D000690,Q9NZD9
D011471,Q9NZD9
D001327,P43489
D002311,P43489
D014777,P43489
D017088,Q6GMU3
D002311,Q6GMU3
D006086,Q6GMU3
D006470,Q6GMU3
D006689,Q6GMU3
D009164,Q6GMU3
D014777,Q6GMU3
D002311,Q07011
D003110,Q07011
D007680,Q07011
D013274,Q07011
D014777,Q07011
D000022,Q6JSD9
D001943,Q6JSD9
D002292,Q6JSD9
D003110,Q6JSD9
D015179,Q6JSD9
D016889,Q6JSD9
D005909,Q6JSD9
D007680,Q6JSD9
D007938,Q6JSD9
D015470,Q6JSD9
D008113,Q6JSD9
D009362,Q6JSD9
D009447,Q6JSD9
D010051,Q6JSD9
D010190,Q6JSD9
D011471,Q6JSD9
D006934,Q5T9Y4
D015451,Q5T9Y4
D010014,Q5T9Y4
D001281,Q4ACW9
D000022,Q6FGR7
D015179,Q6FGR7
D002311,Q6FGS4
D007896,Q6FGS4
D008180,Q6FGS4
D009203,Q6FGS4
D014777,Q6FGS4
D002311,Q52M88
D006086,Q52M88
D006689,Q52M88
D017681,Q52M88
D007943,Q52M88
D015451,Q52M88
D015470,Q52M88
D008088,Q52M88
D009101,Q52M88
D009164,Q52M88
D014777,Q52M88
D002311,P41273
D013274,P41273
D014777,P41273
D001171,Q7Z4L4
D012871,Q7Z4L4
D001249,Q15025
D001943,Q15025
D008180,Q15025
D011565,Q15025
D012595,Q15025
D008113,Q07912
D002311,Q6FGX2
D009203,Q6FGX2
D002311,Q8IZA2
D006333,Q8IZA2
D009336,Q8IZA2
D012127,Q8IZA2
D017180,Q8IZA2
D018487,Q8IZA2
D004715,P50616
D064420,Q6PK95
D008113,Q6PK95
D009369,Q6PK95
D001943,P11388
D007938,P11388
D008113,P11388
D011471,P11388
D018805,P11388
D015451,Q05BV8
D058186,Q761V2
D000690,Q761V2
D002545,Q761V2
D001943,Q761V2
D002277,Q761V2
D002280,Q761V2
D002289,Q761V2
D002292,Q761V2
D018288,Q761V2
D002294,Q761V2
D003110,Q761V2
D015179,Q761V2
D004938,Q761V2
D006973,Q761V2
D007247,Q761V2
D007248,Q761V2
D007642,Q761V2
D015451,Q761V2
D008113,Q761V2
D008175,Q761V2
D016410,Q761V2
D008545,Q761V2
D009362,Q761V2
D012516,Q761V2
D010051,Q761V2
D010190,Q761V2
D054198,Q761V2
D011471,Q761V2
D011565,Q761V2
D012509,Q761V2
D012559,Q761V2
D013274,Q761V2
D013964,Q761V2
D001749,Q761V2
D001943,Q3YL84
D002289,Q3YL84
D003110,Q3YL84
D005909,Q3YL84
D010051,Q3YL84
D001943,Q05BL1
D002277,Q53FA7
D002277,Q9H3D4
D002294,Q9H3D4
D015179,Q9H3D4
D008175,Q9H3D4
D009362,Q9H3D4
D010051,Q9H3D4
D010190,Q9H3D4
D001943,Q8WXG0
D007249,Q8WXG0
D008175,Q8WXG0
D011471,Q13641
D011471,P55327
D011471,Q16890
D006976,Q08EN2
D007680,Q08EN2
D012559,Q08EN2
D001289,Q14CC5
D001321,Q14CC5
D003866,Q14CC5
D005334,Q14CC5
D000544,P60174
D002294,P60174
D004938,Q8TCG4
D006973,Q8TCG4
D002277,Q5VU62
D003110,Q5VU62
D013274,Q5VU62
D013964,Q5VU62
D004938,P67936
D009362,P67936
D009503,Q9BS45
D001327,Q6P534
D006042,Q6P534
D000544,Q96AP0
D011471,Q96AP0
D013964,Q9UE33
D043183,Q86UA5
D011537,Q86UA5
D007680,Q5W0H4
D011471,Q5W0H4
D012871,Q549U1
D000022,Q13077
D001172,Q13077
D004374,Q13077
D009103,Q13077
D011471,Q13077
D001172,Q9Y4K3
D003324,Q9Y4K3
D012559,Q9UPV9
D010003,Q9BV61
D013274,Q9BV61
D012871,P48553
D000544,Q5TCX1
D003704,Q5TCX1
D001943,Q05GC8
D007249,Q6IAN5
D008180,Q6IAN5
D001145,P20396
D001919,P20396
D004715,P20396
D006973,P20396
D015470,P20396
D009290,P20396
D010146,P20396
D012640,P20396
D014202,P20396
D003324,Q96RU8
D015473,Q96RU7
D010003,Q9C040
D015179,Q13263
D001943,Q96LD4
D013274,P0CI26
D001943,Q5JY02
D002289,Q5JY02
D003110,Q5JY02
D004938,Q5JY02
D005909,Q5JY02
D008113,Q5JY02
D010051,Q5JY02
D007249,P48995
D001714,Q4W5P7
D006973,Q4W5P7
D006973,Q9UL62
D001714,Q5KTC1
D010300,Q5KTC1
D006333,Q8TD43
D011471,Q8TD43
D012120,Q8TD43
D015179,Q96QT4
D008103,Q96QT4
D002277,Q9UHF7
D003371,Q52PU4
D016889,Q52PU4
D004833,Q52PU4
D004935,Q52PU4
D004941,Q52PU4
D006356,Q52PU4
D007249,Q52PU4
D009369,Q52PU4
D009765,Q52PU4
D010146,Q52PU4
D010195,Q52PU4
D001749,Q52PU4
D016889,Q9Y5S1
D010003,Q9HBA0
D008545,Q8N563
D012559,Q8N563
D001321,Q96RT5
D002292,Q96RT5
D002294,Q96RT5
D004827,Q96RT5
D012640,Q96RT5
D013036,Q96RT5
D001321,Q5HYF7
D002294,Q5HYF7
D004827,Q5HYF7
D007249,Q5HYF7
D007680,Q5HYF7
D015470,Q5HYF7
D008175,Q5HYF7
D010190,Q5HYF7
D012640,Q5HYF7
D013036,Q5HYF7
D002277,Q15714
D007248,Q5JRJ0
D008607,Q8NCE0
D008607,Q9BSV6
D008607,Q7Z6J9
D020820,P43897
D001714,P01222
D002277,Q8NH23
D008175,Q8NH23
D013967,Q8NH23
D013964,Q8NH23
D013971,Q8NH23
D001249,Q969D9
D003876,Q969D9
D007249,Q969D9
D000544,Q8NG11
D012559,Q8WUV1
D012128,P19075
D006501,P30536
D016889,Q9H2G4
D008545,Q9UJ04
D001327,Q9BXA7
D011471,Q16762
D007246,Q6DKK2
D007674,Q7Z4L5
D019966,Q7Z4L5
D008113,Q5SRH9
D009293,Q92623
D011471,Q8N5M4
D008113,Q3SXZ7
D001281,Q8WZ50
D002311,Q8WZ50
D058186,Q13739
D000686,Q13739
D064420,Q13739
D008175,Q13739
D013274,Q8N532
D001281,Q9NY65
D001171,Q13885
D015470,Q13885
D002277,Q9BVA1
D001943,Q9BV28
D010051,Q9BV28
D002311,P07437
D006333,P07437
D004938,P49411
D008223,Q12792
D003324,Q15672
D009362,Q15672
D013274,Q15672
D001943,P10599
D009362,P10599
D001172,Q86UY0
D009362,Q86UY0
D011471,Q86UY0
D001172,Q9H3M7
D003928,Q9H3M7
D004715,Q9H3M7
D013274,Q9H3M7
D015179,Q16881
D004827,Q16881
D006333,Q16881
D008654,Q16881
D010003,Q16881
D005902,Q17RE6
D011471,Q17RE6
D001172,P29597
D001321,P29597
D019970,P29597
D003424,P29597
D008105,P29597
D009103,P29597
D011565,P29597
D002277,P19971
D003110,P19971
D015179,P19971
D009362,P19971
D010190,P19971
D013274,P19971
D001749,P19971
D001943,Q53Y97
D002294,Q53Y97
D003110,Q53Y97
D015179,Q53Y97
D064420,Q53Y97
D006258,Q53Y97
D008175,Q53Y97
D008228,Q53Y97
D010051,Q53Y97
D010190,Q53Y97
D011471,Q53Y97
D012004,Q53Y97
D013274,Q53Y97
D002280,Q9UMA2
D008545,Q9UMA2
D013927,Q8N6J3
D008175,Q6LES1
D008545,Q6LES1
D011471,Q7Z780
D002294,Q5JRS3
D002294,P41226
D001943,Q5TZN3
D001171,P51965
D012871,P51965
D003924,Q96LR5
D001321,Q75MF5
D002277,Q7KZS0
D007680,Q9NPD8
D001321,Q9UBN9
D004827,Q9UBN9
D001943,Q8WVY7
D013274,Q05BV2
D002289,P09936
D004938,P09936
D009362,Q5TBK7
D011471,Q9BZX2
D001008,P55089
D006973,P55089
D007022,P55089
D007249,P55089
D000855,Q96RP3
D006333,Q96RP3
D007249,Q969E3
D002311,Q4KMT7
D006333,Q4KMT7
D009765,Q4KMT7
D002545,P55851
D002277,P55851
D003924,P55851
D006973,P55851
D009765,P55851
D020521,P55851
D009765,P55916
D011471,P55916
D058186,Q9H3F9
D018288,Q9H3F9
D064420,Q9H3F9
D006689,Q9H3F9
D006932,Q9H3F9
D009503,Q9H3F9
D012559,Q8WX91
D058186,Q5DSZ5
D008545,P36537
D011471,Q9UHH3
D001749,Q9HCT7
D013274,Q9BZM5
D009101,Q96C45
D006973,Q8NHW8
D007674,Q8NHW8
D001943,P11172
D002294,P11172
D003110,P11172
D015179,P11172
D011471,P11172
D013274,P11172
D011471,Q70J99
D013345,Q8IZJ1
D002292,Q4W5H4
D020803,Q58F16
D008103,Q58F16
D015179,Q6FHS8
D010300,Q16831
D001321,Q6AHZ8
D013036,Q6AHZ8
D001943,Q6IAS0
D009765,P22695
D013274,Q5T4A9
D008607,Q96N76
D006258,Q71UD5
D017119,Q71UD5
D012871,Q92995
D003929,Q2NL66
D008175,Q9UMW8
D011471,Q96RU2
D001281,Q6JHV3
D001281,Q9P2H5
D003110,Q53GS9
D003924,Q86UV5
D008545,Q96FW8
D011471,Q93009
D001749,Q93009
D001281,Q9Y2C2
D004715,Q9Y2C2
D001919,Q5H8X8
D001068,Q5H8X8
D006973,Q5H8X8
D011471,Q9UBK9
D003324,Q6FG93
D002277,Q9BV40
D003324,Q9BV40
D008527,Q96D37
D006973,Q9UKW4
D011471,Q9UKW4
D001161,P19320
D003093,P19320
D003872,P19320
D006937,P19320
D006973,P19320
D009103,P19320
D014581,P19320
D004715,Q86W61
D003586,Q9HAP1
D011471,Q9HAP1
D003928,P21796
D004827,P21796
D009203,P21796
D018487,P21796
D002294,Q5JSD2
D003928,Q5JSD2
D004827,Q5JSD2
D010003,Q5JSD2
D000505,Q6T928
D001943,Q6T928
D004833,Q6T928
D006973,Q6T928
D015451,Q6T928
D009103,Q6T928
D009369,Q6T928
D011471,Q6T928
D058186,Q96FD9
D000544,Q96FD9
D001172,Q96FD9
D001249,Q96FD9
D001932,Q96FD9
D002289,Q96FD9
D021441,Q96FD9
D002294,Q96FD9
D003110,Q96FD9
D003324,Q96FD9
D003928,Q96FD9
D064420,Q96FD9
D016889,Q96FD9
D004833,Q96FD9
D007172,Q96FD9
D005909,Q96FD9
D006258,Q96FD9
D006333,Q96FD9
D006470,Q96FD9
D007249,Q96FD9
D008103,Q96FD9
D008269,Q96FD9
D009362,Q96FD9
D009369,Q96FD9
D012516,Q96FD9
D011471,Q96FD9
D011565,Q96FD9
D012208,Q96FD9
D013119,Q96FD9
D013226,Q96FD9
D013276,Q96FD9
D001943,Q8TEV2
D010190,Q8TEV2
D001943,Q6FH59
D008545,Q6FH59
D009765,Q05BJ3
D013276,Q05BJ3
D008545,Q8N8G2
D002277,Q9UMS8
D002292,Q9UMS8
D007680,Q9UMS8
D008175,Q9UMS8
D009103,Q9UMS8
D010673,Q9UMS8
D001943,P08670
D007674,P08670
D008103,P08670
D009362,P08670
D010003,P08670
D011471,P08670
D001321,P01282
D004487,P01282
D007172,P01282
D007022,P01282
D008607,P01282
D009362,P01282
D010146,P01282
D011471,P01282
D012220,P01282
D001745,P01282
D012559,P41587
D001778,Q9BQB6
D003327,Q9BQB6
D064420,Q9BQB6
D006470,Q9BQB6
D020521,Q9BQB6
D013927,Q9BQB6
D001321,Q5VVF8
D009765,Q5VVF8
D002292,Q3SXP2
D015470,Q96AW1
D054198,P12018
D010300,Q96QK1
D012559,Q96QK1
D001943,Q96JC1
D012559,Q96JC1
D011471,Q4VXZ2
D015470,Q9Y279
D000544,Q53RT2
D015179,Q96AJ9
D003424,P04004
D008103,P04004
D001281,P04275
D006333,P04275
D006973,P04275
D013927,P04275
D011471,Q9BTA9
D001171,Q5T8P4
D011471,Q5T8P4
D001321,Q6PIM1
D001281,Q53GN4
D007249,Q53GN4
D013921,Q53GN4
D012559,Q9BZH6
D019966,Q9BZH6
D002311,Q53T99
D003324,Q53T99
D009203,Q53T99
D008113,Q8IZU2
D001249,Q8NI36
D005902,Q8NI36
D004827,Q9Y484
D008545,Q6RFH5
D009369,Q6RFH5
D010051,Q9BQA1
D002289,Q86V29
D008545,Q9HC57
D015179,Q9Y5W5
D004938,Q9Y5W5
D013274,Q9Y5W5
D001281,Q2YDC4
D006973,Q9H4A3
D007674,Q9H4A3
D006973,Q96J92
D001321,P09544
D020521,Q5TEH8
D001281,P56703
D009765,P56704
D007674,Q8IUM6
D011471,Q8IUM6
D008175,Q6DK41
D001281,Q9H1J5
D008113,Q658N2
D001943,Q93046
D003110,Q93046
D005909,Q93046
D007938,Q93046
D015464,Q93046
D015470,Q93046
D015473,Q93046
D008175,Q93046
D012516,Q93046
D010190,Q93046
D016649,Q93046
D000544,Q9NZC7
D001171,Q9NZC7
D001943,Q9NZC7
D002294,Q9NZC7
D004938,Q9NZC7
D013274,Q9NZC7
D003110,Q6GPH4
D015179,Q6GPH4
D006333,Q6GPH4
D013274,Q6GPH4
D009103,P17861
D013119,P17861
D001321,Q585T6
D002277,Q585T6
D006073,Q585T6
D006333,Q585T6
D011655,Q585T6
D013921,Q585T6
D004938,P98170
D010051,P98170
D011041,Q702N8
D006402,Q2Z218
D019966,Q5GH76
D002280,P23025
D008113,P23025
D001321,Q01831
D002289,Q01831
D002294,Q01831
D008113,Q01831
D008175,Q01831
D009362,Q01831
D019966,Q96QU8
D001281,Q9UIA9
D007248,P18887
D008654,P18887
D054198,P18887
D011471,P18887
D013274,P18887
D001943,Q53XC8
D002280,Q53XC8
D004938,Q53XC8
D006258,Q53XC8
D008545,Q53XC8
D008654,Q53XC8
D013274,Q53XC8
D001281,Q8NBI6
D019966,Q86Y38
D001932,P46937
D001943,P46937
D015179,P46937
D009362,P46937
D009447,P46937
D010051,P46937
D001943,Q6PKI6
D003110,Q6PKI6
D002292,Q9GZM5
D001749,Q6ZT45
D009101,Q5JXC6
D009362,P62258
D010003,Q53S41
D002277,P63104
D003928,P25490
D008607,P25490
D009101,P25490
D009369,P25490
D015473,Q05516
D011471,Q05516
D011471,Q9HC78
D013274,Q9HC78
D005909,Q8TB76
D015470,Q8TB76
D011471,Q8TB76
D009765,Q96K80
D001943,Q0D2N5
D001157,Q5D1E8
D011565,Q9C0D7
D003324,Q9BWJ8
D003327,Q9BWJ8
D003924,Q9BWJ8
D020521,Q8WYQ9
D001714,Q9BRD4
D064420,Q96KX5
D000505,Q8IUH4
D000686,Q8IUH4
D008113,Q9UIJ5
D001943,Q32Q63
D016889,Q32Q63
D016410,Q32Q63
D010051,Q32Q63
D001171,Q9H8U3
D003924,Q9H8U3
D011471,Q5QPB1
D012871,Q6FIF0
D001281,Q8N2Y6
D009765,Q8N2Y6
D011471,Q8N2Y6
D020521,Q8N2Y6
D000505,P26651
D001168,P26651
D002100,P26651
D003872,P26651
D007249,P26651
D015179,P47974
D011471,P47974
D013964,Q05D65
D009765,Q9UPR6
D015179,Q9BRR0
D012559,Q969J2
D015179,Q149N7
D012516,Q149N7
D011471,Q14202
D001321,Q6PJR5
D011471,Q9HCG1
D013274,Q9HCG1
D009765,Q7Z761
D013274,Q13360
D003924,Q9Y2Q1
D009103,Q14586
D012871,Q14586
D015179,Q6P495
D011471,Q6P495
D012871,Q71QC9
D001943,Q495P1
D003876,Q495P1
D001943,Q0VAH5
D019966,Q0VAH5
D015179,Q7RTV3
D019966,Q9H6B1
D001943,Q494X3
D008545,Q5T427
D001281,Q96JM2
D002289,Q96JM2
D012559,Q7Z2X8
D012559,Q6P9A1
D013274,Q9BR84
D012559,Q8N9K5
D015179,Q5MCW4
D001714,Q92610
D008175,Q8IYB9
D019966,Q8WXB4
D058186,Q8NEI6
D012871,Q5TYW1
D002292,Q7L2R6
D002292,Q7Z570
D012559,Q7Z570
D019966,Q7Z570
D011565,Q0VGE8
D008545,Q5JPB2
D010190,Q96GS9
D001281,Q6X784
D008113,P10073
D002289,Q96LW9
D001943,Q9P217
D015179,Q9BUS0
