protein,protein,combined_score
P13569,P27824,936
P13569,P51168,895
P13569,P04792,780
P13569,P31946,944
P13569,Q9UGI9,901
P13569,P17612,982
P13569,P05787,752
P13569,P55011,816
P13569,P54619,922
P13569,P51170,886
P13569,O43741,944
P13569,P11142,986
P13569,Q9Y478,908
P13569,P07900,986
P13569,P48048,925
P13569,Q9UGJ0,905
P13569,P37088,821
P13569,Q13131,953
P13569,P34932,925
P13569,P55072,938
P13569,P08238,964
P13569,P54646,907
P13569,P63104,917
P13569,P60709,717
P13569,Q9UBN7,848
Q16654,P10515,817
Q16654,P21796,829
Q16654,Q03181,702
Q16654,Q14643,825
Q16654,P08559,881
Q16654,P99999,718
Q16654,P01308,777
Q16654,Q14573,817
Q16654,Q07869,740
O60359,Q08289,779
O60359,P48058,869
O60359,P62955,939
O60359,P54289,978
O60359,O60840,927
O60359,Q05586,830
O60359,P21817,733
O60359,Q13698,916
O60359,Q06432,974
O60359,Q01668,957
O60359,P42263,852
O60359,P42261,867
O60359,Q13936,910
O60359,O00305,958
O60359,P46098,737
O60359,Q14957,788
O60359,Q9UF02,814
O60359,P54652,734
O60359,Q8TCU5,794
O60359,Q8WXS5,913
O60359,Q9UBN1,905
O60359,O60391,769
O60359,P62942,728
O60359,O00555,815
O60359,Q7Z3S7,915
O60359,Q02641,912
O60359,P42262,923
O60359,O15399,748
O60359,Q9BXT2,908
O60359,O95180,818
O60359,P54284,938
O60359,Q12879,794
O60359,Q13224,800
O60359,Q9Y698,756
P53041,P31948,962
P53041,Q15185,985
P53041,P10398,702
P53041,P15056,979
P53041,P11142,724
P53041,P07900,997
P53041,P34932,801
P53041,P08238,997
Q8WUI4,P27348,742
Q8WUI4,Q96EB6,802
Q8WUI4,P03372,707
Q8WUI4,O15379,804
Q8WUI4,P62807,733
Q8WUI4,Q13547,886
Q8WUI4,Q16665,927
Q8WUI4,P00533,711
Q8WUI4,P29590,775
Q8WUI4,Q92769,836
Q8WUI4,Q92793,712
P51787,Q8WWG9,925
P51787,O60266,913
P51787,Q9Y6J6,999
P51787,Q14500,954
P51787,Q14524,973
P51787,Q92736,727
P51787,Q13936,791
P51787,Q14722,717
P51787,O43525,934
P51787,P48050,948
P51787,P48544,745
P51787,Q13303,700
P51787,O15554,936
P51787,Q9Y6H6,999
P51787,Q14654,749
P51787,P55011,950
P51787,Q9NR82,972
P51787,P56696,947
P51787,P63252,992
P51787,Q8IWT1,713
P51787,Q9UJ90,872
P51787,Q12809,983
P51787,P17612,970
P51787,P15382,999
P51787,P0DP23,999
P51787,O43526,967
P51787,O60503,950
P51787,Q9UNX9,917
P11217,P11216,959
P11217,P06744,812
P11217,P04746,970
P11217,O95479,790
P11217,P0DP23,868
P11217,Q9UGI9,708
P11217,P11229,763
P11217,P04075,733
P11217,P02794,783
P11217,O43451,969
P11217,P06733,784
P02533,P13647,999
P02533,P08779,868
P02533,P06401,734
P02533,P02538,732
Q99714,P40939,973
Q99714,P42765,980
Q99714,Q16836,858
Q99714,P05067,881
Q99714,Q08426,965
P08620,P01375,768
P08620,P11362,999
P08620,O95750,848
P08620,P08581,864
P08620,P05230,777
P08620,P22455,997
P08620,P08069,853
P08620,P51858,784
P08620,P01308,821
P08620,Q02763,850
P08620,Q16620,754
P08620,P02751,799
P08620,P09619,893
P08620,P01137,824
P08620,P01133,989
P08620,P22607,969
P08620,P05231,701
P08620,P29317,727
P08620,P35968,932
P08620,P14210,883
P08620,P06213,810
P08620,P00533,922
P08620,P10145,750
P08620,P17948,874
P08620,P27361,734
P08620,Q15303,755
P08620,P02768,780
P08620,P35916,910
P08620,P04629,887
P08620,P36888,803
P08620,P10721,858
P08620,P07333,800
P08620,P12644,853
P08620,P16234,877
P08620,P04626,828
P08620,P21802,999
P21917,P21397,892
P21917,P59768,755
P21917,P23560,817
P21917,P43681,732
P21917,P21964,942
P21917,P17752,805
P21917,P31645,978
P21917,P27338,785
P21917,P09172,784
P21917,P14416,816
P21917,P07101,708
P21917,P35462,943
P21917,Q01959,960
O43570,Q16790,739
O95168,P03905,999
O95168,O00483,993
O95168,P03897,997
O95168,O43674,999
O95168,Q9P0J0,999
O95168,O95298,999
O95168,P00395,869
O95168,P03923,987
O95168,O43676,999
O95168,P56385,936
O95168,O14561,999
O95168,P28331,999
O95168,P19404,999
O95168,P48047,866
O95168,O43677,999
O95168,P03915,999
O95168,Q16795,999
O95168,Q16718,999
O95168,O75964,828
O95168,O95169,999
O95168,Q9NRX3,767
O95168,P56556,999
O95168,O75380,999
O95168,O95178,999
O95168,P36542,757
O95168,Q9UI09,999
O95168,P31930,967
O95168,P03891,998
O95168,P03886,996
O95168,O75489,999
O95168,P49821,999
O95168,P03901,988
O95168,O95167,999
O95168,Q9Y6M9,999
O95168,O15239,999
O95168,Q86Y39,999
O95168,P17568,999
O95168,O43181,999
O95168,O95182,999
O95168,O75438,999
O95168,O75251,999
O95168,O95139,999
O95168,O95299,999
O95168,O00217,999
O95168,P51970,999
O95168,O43678,999
O95168,O43920,999
O95168,O75306,999
O95168,O96000,999
O95168,P56181,999
Q02809,O00469,977
Q02809,P13674,881
Q02809,Q32P28,742
Q02809,O60568,965
P37059,P14061,999
P37059,P51659,928
P37059,P14060,964
P37059,P49888,959
P37059,P18405,977
P37059,P20815,937
P37059,P42330,982
P37059,P05093,972
P37059,P31213,958
P37059,P26439,970
P37059,P56937,961
P37059,P37058,998
P37059,Q16678,941
P37059,P04798,962
P37059,P08684,932
P37059,P11511,966
P37059,Q92506,935
P37059,P51857,931
Q9H015,Q9UM07,775
P31930,O75438,893
P31930,O75251,997
P31930,O95168,967
P31930,O95139,945
P31930,P09622,831
P31930,O95299,996
P31930,O00217,998
P31930,P51970,992
P31930,O43678,992
P31930,O43920,999
P31930,O75306,999
P31930,O96000,986
P31930,P56181,938
P31930,P03891,933
P31930,O43837,766
P31930,P03886,955
P31930,O75489,995
P31930,P49821,999
P31930,P03901,964
P31930,P25705,970
P31930,O95167,939
P31930,Q9Y6M9,996
P31930,O15239,922
P31930,P17568,991
P31930,Q86Y39,969
P31930,Q99623,887
P31930,O43181,993
P31930,P08559,778
P31930,O95182,950
P31930,P40926,921
P31930,P03915,942
P31930,Q16795,998
P31930,Q16718,992
P31930,P30049,968
P31930,P49411,983
P31930,O95169,982
P31930,P99999,925
P31930,P56556,987
P31930,P31040,968
P31930,O75380,990
P31930,O95178,866
P31930,P36542,955
P31930,Q9UI09,999
P31930,P11177,826
P31930,P42858,940
P31930,P03905,971
P31930,O00483,890
P31930,P03897,962
P31930,O43674,967
P31930,Q9P0J0,982
P31930,O95298,944
P31930,P00395,995
P31930,P06576,969
P31930,P00505,718
P31930,P03923,898
P31930,P12235,701
P31930,O43676,940
P31930,O14561,983
P31930,P28331,998
P31930,P19404,996
P31930,P05141,714
P31930,P48047,765
P31930,O43677,894
P09622,P34896,966
P09622,P40926,944
P09622,P08559,999
P09622,P29401,706
P09622,Q96I99,862
P09622,P30038,887
P09622,O43837,890
P09622,P00367,886
P09622,P25705,917
P09622,P06744,736
P09622,Q05329,839
P09622,O75489,784
P09622,Q8N5Z0,909
P09622,Q9Y234,734
P09622,Q02218,999
P09622,O95299,768
P09622,Q99259,849
P09622,P51553,889
P09622,P29803,998
P09622,P10515,999
P09622,P28331,946
P09622,P48728,998
P09622,P21549,934
P09622,P50213,905
P09622,P31930,831
P09622,P34897,968
P09622,P11177,999
P09622,P36542,914
P09622,P49411,713
P09622,P49448,863
P09622,Q16795,820
P09622,P23378,995
P09622,P31040,815
O95255,P02765,724
O95255,Q9BQB6,824
O95255,P08493,898
O95255,P38435,930
P02749,P02649,921
P02749,P02679,910
P02749,P07355,943
P02749,P02656,987
P02749,P05546,806
P02749,P02655,946
P02749,P00739,874
P02749,P02675,804
P02749,O60603,836
P02749,P01008,944
P02749,O14791,904
P02749,P08697,822
P02749,P02776,763
P02749,P02671,871
P02749,P02765,957
P02749,P06727,938
P02749,P02652,989
P02749,P19823,867
P02749,P05090,804
P02749,O00206,842
P02749,P00734,984
P02749,P02763,760
P02749,Q06033,777
P02749,P01023,752
P02749,P10909,911
P02749,P00747,940
P02749,Q14624,851
P02749,P02768,933
P02749,P05067,763
P02749,P27169,870
P02749,P14679,778
P02749,P02647,985
P02749,P01009,845
P02749,P43652,720
P02749,P25311,810
P02749,P01130,707
P02749,P02774,766
P02749,P04004,787
P02749,P02743,766
P07327,P27338,928
P07327,Q06278,942
P07327,P51648,860
P07327,Q03013,701
P07327,P09211,837
P07327,P08263,746
P07327,P09210,740
P07327,P10620,736
P07327,O14880,720
P07327,Q7RTV2,710
P07327,P48448,839
P07327,O95237,932
P07327,P47895,855
P07327,O94788,832
P07327,P49189,864
P07327,P21964,913
P07327,P00325,989
P07327,P00326,983
P07327,P10768,874
P07327,O60760,844
P07327,O15217,713
P07327,P05181,963
P07327,P28161,714
P07327,P78417,700
P07327,P05091,975
P07327,P49419,835
P07327,P30838,846
P07327,Q16772,730
P07327,Q6NUM9,919
P07327,P30837,870
P07327,P43353,815
P07327,P21397,933
P07327,P00352,959
P07327,P09488,750
P07327,O43174,937
P45973,Q9UBC3,932
P45973,Q9Y6K1,875
P45973,P10412,727
P45973,P26358,928
P45973,Q96GD4,855
Q16772,O15217,754
Q16772,P22352,797
Q16772,Q96SL4,803
Q16772,Q99735,781
Q16772,P05181,932
Q16772,P20815,705
Q16772,P19440,749
Q16772,P78417,861
Q16772,P28161,740
Q16772,P00390,933
Q16772,P11712,917
Q16772,P30838,727
Q16772,P11766,703
Q16772,P43353,719
Q16772,P40394,709
Q16772,P07327,730
Q16772,Q9H4Y5,840
Q16772,P09488,735
Q16772,P08684,929
Q16772,P04798,933
Q16772,Q8TED1,782
Q16772,Q03013,728
Q16772,P09211,722
Q16772,O75715,792
Q16772,P08263,947
Q16772,P18283,797
Q16772,P48637,927
Q16772,P10620,880
Q16772,P09210,947
Q16772,P59796,788
Q16772,P05177,933
Q16772,P46439,819
Q16772,O14880,751
Q16772,Q7RTV2,705
Q16772,P48448,716
Q16772,P36969,931
Q16772,P30041,932
Q16772,P21266,732
Q16772,Q16678,919
Q16772,P11509,919
Q16772,P00326,729
Q16772,O60760,784
O15264,P19878,823
O15264,Q92731,908
O15264,P03372,922
O15264,Q15080,729
O15264,P53778,915
O15264,P36507,947
O15264,Q15750,825
O15264,P06401,908
O15264,P17676,928
O15264,P15336,979
O15264,P04637,943
O15264,P05412,968
O15264,P12931,742
O15264,Q02750,954
O15264,P31749,937
O15264,P27361,942
O15264,P01100,958
O15264,P45984,941
O15264,P13498,705
O15264,P28482,907
O15264,P04839,750
O15264,Q15759,765
O15264,P14598,758
O15264,P45983,910
Q96EB6,P31749,873
Q96EB6,P42345,937
Q96EB6,P00491,931
Q96EB6,Q8WUI4,802
Q96EB6,Q9BY41,888
Q96EB6,P29590,777
Q96EB6,Q9UBC3,926
Q96EB6,P11474,798
Q96EB6,P24385,721
Q96EB6,P01100,713
Q96EB6,Q9NUB1,707
Q96EB6,P37231,998
Q96EB6,Q92793,754
Q96EB6,P45983,727
Q96EB6,P09601,733
Q96EB6,Q9UKV0,819
Q96EB6,Q92769,898
Q96EB6,P38936,719
Q96EB6,P03372,733
Q96EB6,Q07869,906
Q96EB6,P01375,706
Q96EB6,P01584,719
Q96EB6,P10636,721
Q96EB6,P10275,728
Q96EB6,O15379,834
Q96EB6,P29474,841
Q96EB6,P10415,744
Q96EB6,P01308,910
Q96EB6,Q9UBN7,782
Q96EB6,P01106,860
Q96EB6,P09874,844
Q96EB6,Q14457,700
Q96EB6,P19838,983
Q96EB6,Q13315,856
Q96EB6,P60709,790
Q96EB6,P04406,892
Q96EB6,P42574,725
Q96EB6,P56524,900
Q96EB6,P36956,870
Q96EB6,P07900,803
Q96EB6,Q13547,993
Q96EB6,Q13423,917
Q96EB6,P16220,781
Q96EB6,Q16665,927
Q96EB6,P68400,835
Q96EB6,P40261,942
Q96EB6,Q04206,995
Q96EB6,P49841,758
Q96EB6,Q969S8,708
Q96EB6,Q10588,937
Q96EB6,P99999,718
Q96EB6,P05412,927
Q96EB6,P04637,999
Q96EB6,P26358,922
Q96EB6,Q96DB2,855
Q96EB6,P05231,726
P30049,Q99437,961
P30049,P25705,999
P30049,O95167,755
P30049,Q9Y6M9,922
P30049,P49821,980
P30049,P27449,985
P30049,P03886,713
P30049,O75489,957
P30049,P00846,999
P30049,P17568,970
P30049,Q86Y39,772
P30049,P40926,853
P30049,O95182,903
P30049,O43181,734
P30049,O75251,992
P30049,O95299,867
P30049,O00217,980
P30049,O95139,887
P30049,O75306,902
P30049,P51970,855
P30049,Q9Y5K8,931
P30049,O96000,925
P30049,O43674,901
P30049,Q9P0J0,934
P30049,O95298,755
P30049,P00492,793
P30049,P06576,999
P30049,P15313,910
P30049,Q16864,938
P30049,Q9BY66,890
P30049,O14561,924
P30049,P19404,944
P30049,P62917,728
P30049,P56385,999
P30049,P15880,748
P30049,P36543,771
P30049,P48047,999
P30049,O75964,999
P30049,P38606,923
P30049,P49411,927
P30049,Q16718,720
P30049,Q16795,761
P30049,P31040,863
P30049,O75380,915
P30049,O95169,935
P30049,P31930,968
P30049,Q9UI09,752
P30049,P21281,913
P30049,P56381,999
P30049,P36542,999
P17568,O95182,999
P17568,O43181,999
P17568,O15239,999
P17568,Q86Y39,999
P17568,O95167,999
P17568,Q9Y6M9,999
P17568,P03886,999
P17568,O75489,999
P17568,P03901,998
P17568,P49821,999
P17568,P03891,999
P17568,P56181,999
P17568,O96000,999
P17568,O75306,999
P17568,O43920,999
P17568,O43678,999
P17568,P51970,999
P17568,P30043,787
P17568,O00217,999
P17568,O95299,999
P17568,O95139,999
P17568,O95168,999
P17568,O75438,998
P17568,O75251,999
P17568,O43677,998
P17568,O14561,999
P17568,P28331,999
P17568,P19404,999
P17568,O43676,999
P17568,P56385,948
P17568,P03923,987
P17568,P00395,877
P17568,O95298,999
P17568,Q9P0J0,999
P17568,O43674,999
P17568,P03897,999
P17568,P03905,999
P17568,O00483,982
P17568,Q9UI09,999
P17568,P31930,991
P17568,P36542,757
P17568,O95178,999
P17568,O95169,999
P17568,P56556,999
P17568,O75380,999
P17568,Q9NRX3,726
P17568,Q16718,999
P17568,P30049,970
P17568,O75964,872
P17568,P03915,999
P17568,Q16795,999
P53778,P29074,736
P53778,P13498,703
P53778,P14598,751
P53778,P45983,911
P53778,Q15759,856
P53778,P28482,927
P53778,P04839,752
P53778,O15264,915
P53778,P31749,937
P53778,Q02750,954
P53778,P45984,909
P53778,P27361,911
P53778,P01100,957
P53778,P17676,929
P53778,P36507,949
P53778,Q15750,828
P53778,P06401,910
P53778,P12931,743
P53778,P04637,946
P53778,P05412,971
P53778,P15336,958
P53778,P19878,808
P53778,Q92731,907
P53778,P03372,923
P53778,Q15080,722
P05546,P19823,712
P05546,P01042,779
P05546,P05156,700
P05546,P02671,960
P05546,P02765,704
P05546,P02749,806
P05546,P07225,801
P05546,P02675,951
P05546,P05160,816
P05546,P01008,837
P05546,P02679,960
P05546,P04070,760
P05546,P04004,762
P05546,P00747,952
P05546,P01023,771
P05546,P00742,823
P05546,P03952,701
P05546,P07204,846
P05546,P00734,999
P14174,P61073,991
P14174,P15531,732
P14174,P00505,929
P14174,P17174,915
P14174,P00441,744
P14174,P13500,836
P14174,P05231,708
P14174,P32754,909
P14174,P04637,731
P14174,Q99497,718
P14174,P17735,910
P28482,P31749,988
P28482,O15264,907
P28482,P15056,949
P28482,P05106,728
P28482,P19634,921
P28482,P10145,735
P28482,Q02750,999
P28482,O75116,919
P28482,Q05513,919
P28482,P51812,989
P28482,P05067,827
P28482,P49585,908
P28482,P47712,970
P28482,P01100,992
P28482,P27361,994
P28482,P09429,792
P28482,P17252,931
P28482,P37231,736
P28482,P05129,911
P28482,P29475,915
P28482,P13498,909
P28482,P09038,780
P28482,P55211,841
P28482,Q92793,803
P28482,Q9NRA0,916
P28482,P05023,943
P28482,P07948,829
P28482,P67775,974
P28482,P14598,923
P28482,P23458,745
P28482,P00519,724
P28482,P45983,747
P28482,P17612,929
P28482,Q15759,906
P28482,P35354,780
P28482,P29350,933
P28482,P15153,942
P28482,P18848,702
P28482,P04839,926
P28482,P31946,795
P28482,P04054,701
P28482,P38936,732
P28482,O60674,794
P28482,P19878,915
P28482,P03372,987
P28482,Q92731,948
P28482,P42336,822
P28482,P01375,757
P28482,P04049,975
P28482,O95644,927
P28482,P10636,952
P28482,P53778,927
P28482,P01308,763
P28482,P10415,969
P28482,Q9Y5K3,905
P28482,P10828,912
P28482,Q15080,924
P28482,P01106,983
P28482,Q13464,922
P28482,Q05655,929
P28482,P42574,961
P28482,P04406,701
P28482,P60709,767
P28482,P05771,928
P28482,Q16539,995
P28482,P19838,790
P28482,P02751,716
P28482,P07900,941
P28482,P17302,943
P28482,Q14790,839
P28482,P32004,819
P28482,P16220,962
P28482,P17676,877
P28482,Q16665,985
P28482,P62714,954
P28482,P36507,999
P28482,Q04206,717
P28482,P49841,742
P28482,P12931,932
P28482,P04637,998
P28482,P23560,845
P28482,P08238,813
P28482,P05412,998
P28482,P99999,775
P28482,P15336,973
P28482,P05231,936
P28482,P01133,789
Q96GD0,O00764,966
Q96GD0,Q9NVS9,964
Q96GD0,Q06278,919
Q96GD0,P23528,894
P09601,P42574,806
P09601,P04406,759
P09601,P60709,785
P09601,P02792,777
P09601,Q16881,756
P09601,P18283,850
P09601,P35225,855
P09601,P00441,741
P09601,P15559,916
P09601,P59796,842
P09601,P10415,856
P09601,P29474,770
P09601,Q8TED1,842
P09601,P01375,792
P09601,P01584,817
P09601,O75715,842
P09601,Q96EB6,733
P09601,P05231,810
P09601,Q14145,934
P09601,P05412,798
P09601,P99999,827
P09601,P34932,778
P09601,P05305,735
P09601,P10599,774
P09601,Q16665,701
P09601,Q8TCT9,791
P09601,P36969,716
P09601,P35228,716
P09601,P00390,761
P09601,Q16595,939
P09601,P00450,942
P09601,Q96SL4,841
P09601,P22352,844
P09601,P31749,796
P09601,P04839,712
P09601,P18848,760
P09601,P53004,995
P09601,P35354,789
P09601,O00206,719
P09601,Q08257,882
P09601,P30043,952
P09601,P37231,784
P09601,P30519,911
Q15750,P25963,801
Q15750,O00206,767
Q15750,Q15759,899
Q15750,O15264,825
Q15750,P00533,809
Q15750,P48051,795
Q15750,P49841,963
Q15750,Q04206,730
Q15750,P07900,704
Q15750,Q16539,999
Q15750,P19838,737
Q15750,P53778,828
Q15750,P98170,999
Q15750,O15111,993
Q15750,P01375,998
Q15750,O14920,994
Q969S8,P62807,709
Q969S8,Q96EB6,708
Q969S8,Q92769,834
P56282,P09884,996
P56282,P39748,883
P56282,P12004,725
P56282,Q9NRF9,999
P56282,Q07864,999
P56282,P18858,841
P56282,Q9NR33,999
P56282,Q14181,991
Q9Y5K8,Q96LB4,986
Q9Y5K8,P36542,932
Q9Y5K8,P20648,830
Q9Y5K8,Q8NEY4,997
Q9Y5K8,Q13488,994
Q9Y5K8,P21281,999
Q9Y5K8,Q9UI12,999
Q9Y5K8,Q8NHE4,971
Q9Y5K8,P30049,931
Q9Y5K8,P38606,999
Q9Y5K8,P36543,999
Q9Y5K8,Q15904,997
Q9Y5K8,P48047,828
Q9Y5K8,Q96A05,999
Q9Y5K8,Q16864,999
Q9Y5K8,P06576,842
Q9Y5K8,P15313,999
Q9Y5K8,Q9HBG4,998
Q9Y5K8,Q93050,999
Q9Y5K8,Q9Y487,995
Q9Y5K8,Q8N8Y2,999
Q9Y5K8,P21283,999
Q9Y5K8,O95670,997
Q9Y5K8,O15342,998
Q9Y5K8,P00846,811
Q9Y5K8,P61421,999
Q9Y5K8,O75348,999
Q9Y5K8,P27449,999
Q9Y5K8,P25705,934
Q9Y5K8,Q99437,999
P25788,P04156,715
P25788,P28065,999
P25788,P28062,999
P25788,P49721,999
P25788,P20618,999
P25788,P62913,706
P25788,Q06323,986
P25788,P55072,748
P25788,P08865,768
P25788,P28074,999
P25788,P40306,999
P25788,P46736,781
P25788,O43674,701
P25788,P54578,991
P25788,P00441,738
P25788,P37840,802
P25788,P17980,999
P25788,P38936,871
P25788,P15880,717
O15270,P34897,849
O15270,O15269,999
O15270,P17405,797
O15270,Q96GA7,839
O15270,Q9GZT4,833
O15270,Q9NUV7,942
O15270,P21549,872
O15270,Q9NRA0,773
O15270,Q16739,826
O15270,P78330,833
O15270,P02763,910
O15270,P20132,847
O15270,P34896,852
P46663,P00734,909
P46663,P05305,929
P46663,P12821,874
P46663,P59768,904
P46663,P30411,969
P46663,P01019,973
P46663,P01042,999
P46663,O75762,744
P25963,P67870,964
P25963,P31749,849
P25963,P14780,704
P25963,Q9NR96,719
P25963,P10145,887
P25963,P01579,714
P25963,P01100,808
P25963,Q00653,995
P25963,P27361,732
P25963,P11142,708
P25963,P19320,787
P25963,Q92793,741
P25963,P11021,711
P25963,P27986,773
P25963,P17252,713
P25963,P04792,724
P25963,O00206,872
P25963,P45983,782
P25963,P17612,965
P25963,P35354,856
P25963,P01584,945
P25963,P01375,967
P25963,O15111,999
P25963,P43405,730
P25963,O14920,999
P25963,P42574,740
P25963,P04406,789
P25963,P19838,999
P25963,P60709,823
P25963,Q16539,829
P25963,P10415,730
P25963,O60603,749
P25963,P13500,754
P25963,P17676,744
P25963,P68400,929
P25963,Q15750,801
P25963,Q16665,735
P25963,P05231,927
P25963,Q04206,999
P25963,P12931,797
P25963,P05412,908
P25963,P04637,915
P25963,P55072,863
O14965,P24941,886
O14965,P06493,951
O14965,P04818,729
O14965,P23258,745
O14965,P03372,769
O14965,P11388,963
O14965,Q9UBN7,944
O14965,O15392,993
O14965,P01106,914
O14965,P11802,704
O14965,P19838,794
O14965,P31350,892
O14965,P02751,945
O14965,P53350,997
O14965,P39748,748
O14965,P49841,769
O14965,P61978,771
O14965,Q96GD4,922
O14965,P04637,998
P11216,O95479,792
P11216,P11217,959
P11216,P04746,972
P11216,P06744,816
P11216,O43451,969
P11216,P0DP23,876
Q9H4B7,Q9BQE3,963
Q9H4B7,P14770,820
Q9H4B7,P68363,979
Q9H4B7,P68366,964
Q9H4B7,Q9NY65,963
Q9H4B7,P08514,704
Q9H4B7,P56381,795
Q9H4B7,P17302,934
Q9H4B7,P10636,924
Q9H4B7,Q71U36,963
P68400,Q96EB6,835
P68400,Q14978,746
P68400,P11388,711
P68400,Q13547,961
P68400,P07900,880
P68400,P04637,959
P68400,P05412,701
P68400,P29590,753
P68400,P67870,999
P68400,Q00987,728
P68400,P25963,929
P68400,Q92769,972
P68400,P04156,939
P23526,P55263,769
P23526,Q9H2M3,979
P23526,P11586,713
P23526,Q14749,769
P23526,Q00266,875
P23526,Q9Y6K1,937
P23526,Q16773,925
P23526,Q6YP21,924
P23526,P20132,855
P23526,P34896,759
P23526,Q9UBC3,950
P23526,P42898,822
P23526,P26358,952
P23526,Q99707,992
P23526,P32929,983
P23526,P34897,857
P23526,Q93088,988
P23526,P31153,848
P23526,P00813,815
P23526,Q96GA7,831
P51553,P49448,904
P51553,P31040,726
P51553,P11177,817
P51553,P36542,774
P51553,P50213,999
P51553,P17174,842
P51553,P00505,886
P51553,P51649,844
P51553,Q02218,983
P51553,P09622,889
P51553,P10515,731
P51553,P24298,838
P51553,O43837,999
P51553,Q96I99,803
P51553,Q8TD30,845
P51553,P00367,897
P51553,P25705,728
P51553,P04424,865
P51553,P40926,818
O00264,P06401,944
O00264,P05177,849
O00264,O43169,766
O00264,P00167,815
O00264,P00533,765
P00740,P38435,972
P00740,P01042,783
P00740,Q9BQB6,748
P00740,P01008,999
P00740,P00748,737
P00740,P04070,720
P00740,P02768,732
P00740,P07204,851
P00740,P03952,706
P00740,P00742,953
P00740,P00734,932
Q9NSA2,Q13303,778
Q9NSA2,Q9UK17,761
Q9NSA2,Q14722,774
P08253,P04626,738
P08253,P35354,764
P08253,P14598,928
P08253,P17936,801
P08253,P04839,957
P08253,P01023,953
P08253,P00747,772
P08253,P09038,802
P08253,P05121,755
P08253,P13498,949
P08253,P24385,738
P08253,P51884,780
P08253,P17948,731
P08253,P10145,814
P08253,P35625,996
P08253,P31749,846
P08253,P06756,835
P08253,P14780,918
P08253,P00749,755
P08253,P14210,760
P08253,P08238,758
P08253,P05305,958
P08253,P12931,972
P08253,P07355,826
P08253,P05231,847
P08253,P01137,962
P08253,P02751,756
P08253,P07900,831
P08253,Q16665,731
P08253,P13500,704
P08253,P15502,873
P08253,Q15080,912
P08253,P10415,716
P08253,P42574,713
P08253,P04406,718
P08253,P19878,917
P08253,P08581,703
P08253,P01375,729
P08253,P01584,745
Q02127,Q86XF0,910
Q02127,P27708,994
Q02127,P12268,720
Q02127,P00387,912
Q02127,P22102,758
Q02127,P00374,888
Q02127,P21589,821
Q02127,Q06203,711
P29372,Q969S2,710
P29372,P16455,849
P23975,P18825,718
P23975,P21397,738
P23975,Q4U2R8,727
P23975,P31639,840
P23975,P08908,788
P23975,Q05940,815
P23975,P09172,723
P23975,P37840,809
P23975,P08913,802
P23975,P07101,771
P23975,P51828,840
P41240,P06241,885
P41240,P06239,912
P41240,P00533,929
P41240,Q05209,808
P41240,P29350,743
P41240,P07948,948
P41240,P03372,810
P41240,P42685,762
P41240,P01133,707
P41240,P12931,998
P41240,P05412,731
P41240,P17302,734
P00750,P01308,727
P00750,P02671,880
P00750,P08697,948
P00750,P05305,739
P00750,P23560,757
P00750,P60903,987
P00750,P07355,997
P00750,P16109,783
P00750,P05231,737
P00750,P01133,762
P00750,P02751,867
P00750,P01008,914
P00750,P19320,756
P00750,P14780,893
P00750,Q03405,851
P00750,P00749,837
P00750,P04004,881
P00750,P00747,998
P00750,Q07954,987
P00750,P36955,818
P00750,P07204,913
P00750,P05120,989
P00750,P05121,999
P00390,P35754,980
P00390,P11177,842
P00390,P36969,980
P00390,P10599,916
P00390,P30041,964
P00390,P42263,770
P00390,P21266,929
P00390,P99999,721
P00390,O60760,964
P00390,P42898,708
P00390,Q14145,712
P00390,P30044,787
P00390,P09211,952
P00390,O75715,998
P00390,Q03013,923
P00390,Q8TED1,997
P00390,P59796,997
P00390,P00441,744
P00390,P15559,835
P00390,P10620,936
P00390,P09210,939
P00390,P48637,961
P00390,P18283,997
P00390,P78352,721
P00390,P08263,945
P00390,Q7RTV2,919
P00390,P47989,733
P00390,O14880,929
P00390,Q9NS18,798
P00390,P46439,921
P00390,P48058,896
P00390,Q06830,703
P00390,Q16772,933
P00390,Q04760,779
P00390,P09601,761
P00390,P42261,817
P00390,P10515,790
P00390,Q02218,707
P00390,P09488,945
P00390,Q9H4Y5,957
P00390,P02774,702
P00390,P22352,996
P00390,P29401,751
P00390,O95479,931
P00390,Q99735,923
P00390,Q96SL4,997
P00390,O15217,939
P00390,P78417,961
P00390,P19440,933
P00390,P28161,941
P00390,P52209,804
P00390,P42262,793
P62714,P36507,921
P62714,P62955,703
P62714,P53350,784
P62714,Q92736,900
P62714,Q04206,935
P62714,P04637,714
P62714,P19429,904
P62714,P19838,918
P62714,P05771,915
P62714,P10415,904
P62714,P14416,913
P62714,P05129,907
P62714,P17252,920
P62714,P28482,954
P62714,P67775,986
P62714,Q02750,928
P62714,P31749,736
P62714,P27361,925
P62714,P06241,726
P62714,Q05513,911
P62714,P41743,915
P14866,P31942,753
P14866,P52597,950
P14866,Q92945,766
P14866,P22626,999
P14866,P31943,982
P14866,P23246,918
P14866,Q07955,945
P14866,P61978,990
P14866,Q13547,775
Q96RP8,Q8TD43,829
Q96RP8,Q07699,711
Q96RP8,Q14722,769
Q96RP8,Q13303,734
Q96RP8,P35499,713
P06732,P02585,767
P06732,P17540,866
P06732,P12277,996
P06732,Q6ZMR3,700
P06732,P0DP23,832
P06732,Q14353,945
Q15428,Q15393,999
Q15428,P10809,720
Q15428,Q07955,980
Q15428,P62312,992
Q15428,P22626,730
Q15428,P55769,991
Q15428,Q12874,999
P51693,P04156,714
P51693,Q9UQF2,731
P01137,P12931,787
P01137,P05412,722
P01137,P35968,734
P01137,P04637,809
P01137,P01138,753
P01137,P01133,904
P01137,P05231,960
P01137,Q9UM73,788
P01137,P02751,969
P01137,P09619,825
P01137,P13500,851
P01137,Q16665,838
P01137,P01308,758
P01137,P60568,763
P01137,P35225,816
P01137,P01019,812
P01137,P01106,796
P01137,P08620,824
P01137,P15502,842
P01137,P08069,744
P01137,P19838,711
P01137,P37023,958
P01137,P60709,773
P01137,P42574,706
P01137,P04406,811
P01137,P34741,899
P01137,P08581,739
P01137,P05230,813
P01137,P61073,794
P01137,P00797,799
P01137,P01584,932
P01137,P01375,941
P01137,O00206,721
P01137,P11047,745
P01137,P08253,962
P01137,P16234,774
P01137,P10721,702
P01137,P10909,745
P01137,P01023,910
P01137,P37231,922
P01137,P05121,798
P01137,P09038,982
P01137,P02768,784
P01137,P05067,895
P01137,P62736,705
P01137,P01579,888
P01137,P27361,721
P01137,P01100,719
P01137,P51884,752
P01137,P14780,968
P01137,P06756,994
P01137,P31749,868
P01137,P00533,975
P01137,P35625,743
P01137,P10145,775
P01137,Q9NZQ7,781
P01137,P05106,764
P01137,P17948,727
P01137,P62942,873
P01137,P04004,787
P01137,P14210,921
P49747,P02751,958
P49747,P08514,902
P49747,P08648,710
P49747,P05106,945
P49747,P06756,911
O14556,P78330,713
O14556,P04075,977
O14556,P06733,754
O14556,P00558,991
O14556,P07864,780
O14556,P06744,962
O14556,P29401,943
O14556,O95479,938
O14556,P60174,999
O14556,P34897,712
O14556,P04406,936
P27169,P02656,933
P27169,P02649,977
P27169,P00739,962
P27169,P05164,774
P27169,P02749,870
P27169,P10909,996
P27169,P02655,884
P27169,P02647,998
P27169,P06727,927
P27169,P02652,967
P27169,P59796,744
P27169,P05067,782
P27169,P18283,747
P27169,P02768,862
P27169,O14791,912
P27169,P06276,799
P27169,O75715,745
P27169,Q8TED1,742
P27169,Q96SL4,743
P27169,P22352,745
P14210,P31749,882
P14210,P00533,980
P14210,P06213,719
P14210,P14780,799
P14210,P17948,908
P14210,P10145,702
P14210,P01579,716
P14210,Q15303,781
P14210,P02768,782
P14210,P35916,886
P14210,P09038,955
P14210,P05121,832
P14210,P04629,997
P14210,P36888,771
P14210,P10721,925
P14210,P16234,841
P14210,P08253,760
P14210,P07333,774
P14210,P21802,906
P14210,P04626,918
P14210,P11362,814
P14210,P61073,812
P14210,P22455,796
P14210,P08581,999
P14210,P05230,802
P14210,P08069,955
P14210,P01308,789
P14210,P08620,883
P14210,Q16620,750
P14210,Q02763,898
P14210,P02751,967
P14210,P01137,921
P14210,P09619,855
P14210,Q04912,936
P14210,P01138,769
P14210,P22607,764
P14210,P05231,860
P14210,P01133,844
P14210,P29317,798
P14210,P12931,867
P14210,P35968,966
P07942,P08648,788
P07942,Q16787,950
P07942,P25391,983
P07942,P05106,838
P07942,P06756,787
P07942,O15230,998
P07942,P11047,999
P20815,Q92887,708
P20815,P33261,959
P20815,Q16772,705
P20815,Q6V0L0,931
P20815,P14061,928
P20815,Q9H4Y5,716
P20815,P10632,956
P20815,O43174,940
P20815,P49888,934
P20815,P09488,852
P20815,P00352,933
P20815,P14060,937
P20815,P28161,740
P20815,P05181,830
P20815,O15217,703
P20815,P24462,968
P20815,P08183,920
P20815,P42330,929
P20815,P11712,960
P20815,O94788,922
P20815,P26439,937
P20815,P56937,922
P20815,P47895,926
P20815,P05093,941
P20815,O75469,820
P20815,P11509,953
P20815,O60760,801
P20815,Q02928,952
P20815,P21266,756
P20815,P51580,757
P20815,P37059,937
P20815,Q92506,923
P20815,P09211,842
P20815,P00167,855
P20815,Q9H244,726
P20815,P04798,971
P20815,Q06278,937
P20815,P08684,950
P20815,P11511,944
P20815,Q9Y6L6,799
P20815,P46439,715
P20815,P05177,960
P20815,Q7RTV2,747
P20815,P08263,800
P20815,Q9BQB6,720
P20815,P09210,738
P05121,P19320,719
P05121,P01579,720
P05121,Q03405,994
P05121,P14780,801
P05121,P00749,999
P05121,P10145,736
P05121,P04070,943
P05121,P14210,832
P05121,P04004,999
P05121,P08253,755
P05121,O00206,721
P05121,P12821,710
P05121,P35354,815
P05121,P02763,795
P05121,P00734,839
P05121,P00747,989
P05121,P01023,804
P05121,Q07954,988
P05121,P37231,732
P05121,P30556,953
P05121,P07204,846
P05121,P09038,741
P05121,P05120,958
P05121,P01308,853
P05121,P04406,745
P05121,P38936,701
P05121,P01375,764
P05121,P01584,746
P05121,P00797,780
P05121,P05305,755
P05121,P07355,790
P05121,P05231,849
P05121,P02751,790
P05121,P01137,798
P05121,P02675,751
P05121,P13500,918
P05121,P00750,999
O60568,O00469,948
O60568,Q02809,965
P01031,P07357,999
P01031,P0C0L5,732
P01031,P21796,901
P01031,P04004,889
P01031,P10145,754
P01031,P00734,921
P01031,P00747,725
P01031,P01024,974
P01031,P00751,774
P01031,P08603,824
P01031,P12235,725
P01031,P10415,742
P01031,P01042,701
P01031,P02748,999
P01031,P05141,725
P01031,P08246,823
P01031,P07358,999
P01031,P07360,997
P01031,P30405,901
O43174,P24462,941
O43174,P10826,739
O43174,P20815,940
O43174,P29762,808
O43174,Q8TC12,952
O43174,P11712,943
O43174,P08319,933
O43174,Q9NYR8,941
O43174,Q6V0L0,930
O43174,P11766,953
O43174,Q6NUM9,933
O43174,O75911,972
O43174,P40394,936
O43174,P10632,945
O43174,P09455,719
O43174,P07327,937
O43174,P00352,968
O43174,P13631,732
O43174,P08684,944
O43174,P04798,945
O43174,Q06278,926
O43174,Q9BTZ2,938
O43174,P05177,944
O43174,O95237,972
O43174,P47895,974
O43174,O94788,991
O43174,P10276,729
O43174,P11509,943
O43174,P00325,921
O43174,Q96NR8,943
O43174,P00326,926
O43174,Q02928,931
P62736,P02774,972
P62736,P06753,741
P62736,P09493,838
P62736,P08670,776
P62736,P01137,705
P62736,P09619,781
P30405,P21796,999
P30405,P07357,900
P30405,P30536,807
P30405,P12236,965
P30405,Q14643,967
P30405,P99999,983
P30405,P08238,982
P30405,P04637,993
P30405,P49841,805
P30405,P01031,901
P30405,P07900,982
P30405,P07358,900
P30405,P12235,998
P30405,P10415,961
P30405,Q02156,916
P30405,Q14573,904
P30405,P48047,989
P30405,P05141,961
P30405,Q07869,761
P30405,P04798,776
P30405,P02748,900
P30405,O15528,791
P05164,P16581,743
P05164,P10145,733
P05164,Q96SL4,715
P05164,P00450,965
P05164,P14780,969
P05164,P02647,924
P05164,P01009,753
P05164,P01579,789
P05164,P02768,887
P05164,P27169,774
P05164,P02788,998
P05164,P09429,774
P05164,P01024,786
P05164,P10721,705
P05164,P04839,767
P05164,P80511,766
P05164,O00206,728
P05164,Q8TED1,717
P05164,P01584,860
P05164,P01375,832
P05164,O75715,716
P05164,P18283,710
P05164,P12724,923
P05164,P59796,715
P05164,Q9UM07,840
P05164,P23141,939
P05164,P08246,999
P05164,P05231,872
P05164,P15144,740
Q93086,Q12879,907
Q93086,P51575,982
Q93086,Q15391,730
Q93086,O15547,971
Q93086,O15399,908
Q93086,Q99571,977
Q93086,Q14957,906
Q93086,P56373,986
Q93086,Q05586,909
Q93086,Q96G91,787
Q93086,P51582,802
Q93086,Q9UBL9,976
Q93086,P41231,804
Q93086,Q9UHC3,723
Q93086,Q9BPV8,708
Q93086,Q99572,948
P11678,P12724,999
P11678,P05113,724
P11678,P13727,838
P84098,P56537,995
P84098,P68104,983
P84098,P62917,999
P84098,P62750,999
P84098,P15880,999
P84098,P60842,827
P84098,P04406,766
P84098,Q9UNX3,997
P84098,P62829,999
P84098,P08865,999
P84098,P63244,999
P84098,P61313,999
P84098,P62913,999
P84098,P07437,884
P84098,P51843,730
P84098,Q6W5P4,959
P84098,Q9UHA3,992
P84098,P55769,892
P84098,Q96L21,993
P84098,P40429,999
P84098,P14618,849
P84098,P39023,999
P84098,P61927,999
P51575,Q05586,915
P51575,P56373,991
P51575,Q14957,917
P51575,Q99571,976
P51575,O15399,913
P51575,Q12879,915
P51575,O15547,995
P51575,Q15391,899
P51575,Q99572,987
P51575,Q9BPV8,809
P51575,P41231,929
P51575,Q9UBL9,914
P51575,P51582,888
P51575,Q96G91,860
P51575,Q93086,982
P51575,Q9H244,976
P51575,P47900,954
Q07021,P04264,949
Q07021,Q05513,762
Q07021,P04004,959
Q07021,Q99623,964
Q07021,Q03405,715
Q07021,P00748,966
Q07021,P05155,800
Q07021,P02746,752
Q07021,P27797,751
Q07021,P01042,998
Q07021,Q07955,814
Q16515,P78352,756
Q16515,P78348,968
Q16515,Q9UHC3,794
P13500,P25963,754
P13500,P18848,814
P13500,O00206,847
P13500,P23458,781
P13500,P07333,860
P13500,P08253,704
P13500,P35354,867
P13500,Q9BYF1,712
P13500,P37231,731
P13500,P09038,732
P13500,P05121,918
P13500,P27487,714
P13500,P01024,737
P13500,P01579,938
P13500,P01100,756
P13500,P27361,747
P13500,P19320,907
P13500,P02768,739
P13500,P05113,862
P13500,P16581,810
P13500,P31749,720
P13500,P00533,725
P13500,P14780,809
P13500,P17948,791
P13500,P10145,999
P13500,P18847,704
P13500,P05231,985
P13500,P16109,710
P13500,P05089,726
P13500,Q04206,987
P13500,P14174,836
P13500,P12931,733
P13500,P05305,791
P13500,P05412,980
P13500,P35968,758
P13500,P02649,746
P13500,O60603,790
P13500,Q02763,713
P13500,P98066,732
P13500,P40933,796
P13500,P02751,723
P13500,P59768,808
P13500,P01137,851
P13500,P04406,729
P13500,P19838,982
P13500,P60568,853
P13500,P01308,780
P13500,P29466,707
P13500,P35225,932
P13500,P02776,998
P13500,P01019,729
P13500,P61073,998
P13500,P01584,970
P13500,P01375,978
P13500,P25024,996
P13500,P42081,737
P54802,P14061,764
P14061,P54802,764
P14061,P11511,984
P14061,P08684,939
P14061,P04798,955
P14061,P37059,999
P14061,Q92506,959
P14061,P05093,852
P14061,P56937,991
P14061,Q16678,958
P14061,P37058,984
P14061,P20815,928
P14061,P42330,975
P14061,P51659,943
P14061,P05108,835
P14061,P14060,880
P14061,P49888,962
Q9UQL6,P31946,762
Q9UQL6,Q92769,751
Q9UQL6,Q92793,812
Q9UQL6,P27348,803
Q9UQL6,O15379,940
Q9UQL6,P62258,803
Q9UQL6,Q15139,899
Q9UQL6,P62807,713
Q9UQL6,P04637,768
Q9UQL6,P56524,973
Q9UQL6,Q13547,818
Q06432,P62942,723
Q06432,O00555,886
Q06432,Q15878,856
Q06432,Q8WXS5,968
Q06432,Q9UBN1,986
Q06432,O43497,780
Q06432,P54652,727
Q06432,Q9NY47,981
Q06432,O60359,974
Q06432,Q9Y698,962
Q06432,P54284,900
Q06432,Q8IZS8,941
Q06432,O95180,817
Q06432,Q00975,875
Q06432,Q9BXT2,754
Q06432,Q02641,997
Q06432,Q7Z3S7,962
Q06432,Q13698,997
Q06432,Q01668,995
Q06432,P35499,820
Q06432,P21817,869
Q06432,O60840,932
Q06432,P54289,998
Q06432,P62955,976
Q06432,Q08289,897
Q06432,Q9UF02,918
Q06432,O00305,935
Q06432,Q13936,950
P04004,P17936,864
P04004,P08603,934
P04004,P10909,962
P04004,P00747,995
P04004,P01024,790
P04004,P09038,852
P04004,Q14624,846
P04004,P05121,999
P04004,P36955,828
P04004,P02768,988
P04004,P0C0L5,733
P04004,P07357,832
P04004,P02647,755
P04004,P01009,718
P04004,P05106,999
P04004,P35625,736
P04004,P00749,998
P04004,P14780,741
P04004,Q03405,999
P04004,P06756,999
P04004,P35968,760
P04004,P02649,989
P04004,P12931,733
P04004,P02679,721
P04004,P01133,812
P04004,P05546,762
P04004,P08514,999
P04004,P05155,719
P04004,P01137,787
P04004,Q07021,959
P04004,P02751,999
P04004,P01031,889
P04004,P02749,787
P04004,P07358,732
P04004,P00750,881
P04004,P01008,949
P04004,P02671,720
P04004,P15502,991
P04004,P08697,885
P04004,P02652,750
P04004,P02765,782
P04004,P19823,758
P04004,P08648,976
P04004,P02748,957
P04004,P01042,803
P43652,P02749,720
P43652,P02743,701
P30968,P22888,744
P30968,P11362,758
P30968,P23945,712
P30968,Q9UHF0,889
P49888,P56937,938
P49888,P14061,962
P49888,O14746,996
P49888,Q92506,921
P49888,P37059,959
P49888,P20815,934
P49888,P04798,948
P49888,P08684,947
P49888,P11511,959
P49888,P42330,936
P19838,P04049,940
P19838,P01375,999
P19838,P01584,996
P19838,O15111,999
P19838,O14920,999
P19838,Q06187,759
P19838,P38936,751
P19838,P60709,766
P19838,Q16539,864
P19838,P42574,821
P19838,P11802,710
P19838,P09874,828
P19838,P01308,875
P19838,P60568,804
P19838,P62714,918
P19838,Q16665,816
P19838,P10599,983
P19838,O60603,992
P19838,Q13547,996
P19838,P04150,878
P19838,Q14145,733
P19838,Q9Y230,702
P19838,P01138,711
P19838,P04637,989
P19838,P08238,845
P19838,P12931,756
P19838,P34932,857
P19838,P49841,713
P19838,P10145,988
P19838,P14780,802
P19838,Q9NR96,828
P19838,P31749,896
P19838,P00533,837
P19838,P27361,881
P19838,P01100,808
P19838,P01579,932
P19838,P51692,741
P19838,P19320,769
P19838,O75116,924
P19838,P11021,704
P19838,P37231,972
P19838,Q00987,719
P19838,P10909,761
P19838,P09429,923
P19838,Q92769,803
P19838,P45983,987
P19838,P67775,931
P19838,O15379,767
P19838,O95644,798
P19838,P61073,734
P19838,Q96EB6,983
P19838,P03372,957
P19838,O14965,794
P19838,P43405,741
P19838,P42081,717
P19838,Q13315,746
P19838,P04406,783
P19838,Q15788,781
P19838,Q04759,953
P19838,Q13464,936
P19838,P29466,826
P19838,P01106,917
P19838,P10415,818
P19838,P08670,736
P19838,Q15750,737
P19838,P13500,982
P19838,P17676,904
P19838,P01137,711
P19838,P16220,773
P19838,P02751,729
P19838,P05231,994
P19838,P05412,994
P19838,Q9NYK1,817
P19838,Q04206,999
P19838,P14778,817
P19838,Q02750,762
P19838,P42345,760
P19838,O14788,768
P19838,Q00653,999
P19838,Q03181,719
P19838,P05067,870
P19838,P45984,943
P19838,Q92793,913
P19838,P17252,716
P19838,P28482,790
P19838,P15153,938
P19838,P25963,999
P19838,P04626,733
P19838,P35354,842
P19838,Q9Y6Y9,725
P19838,P17612,944
P19838,O00206,993
P60568,P09619,757
P60568,P01137,763
P60568,P02751,804
P60568,P40933,958
P60568,P13500,853
P60568,Q99062,735
P60568,P04637,741
P60568,P05412,734
P60568,P32927,808
P60568,Q04206,839
P60568,P01133,814
P60568,P05231,999
P60568,P43405,837
P60568,P15509,775
P60568,O60674,896
P60568,P42081,879
P60568,P26951,898
P60568,P01584,999
P60568,P01375,957
P60568,O95644,775
P60568,P35225,934
P60568,P01106,709
P60568,P14902,808
P60568,P01308,735
P60568,P10415,758
P60568,P01591,922
P60568,P19838,804
P60568,P04406,813
P60568,P09038,740
P60568,P08700,998
P60568,Q9BYF1,963
P60568,P23458,989
P60568,Q16853,726
P60568,O00206,731
P60568,P48551,791
P60568,P16234,733
P60568,P06753,805
P60568,P52333,999
P60568,P00491,779
P60568,P10145,985
P60568,Q9NZQ7,854
P60568,Q9NR96,777
P60568,P00533,851
P60568,P02786,743
P60568,P14778,749
P60568,P05113,999
P60568,P06239,913
P60568,P29597,700
P60568,P02768,718
P60568,P51692,956
P60568,P06744,769
P60568,P01100,828
P60568,P01579,990
P60568,P17181,809
P24385,P11142,945
P24385,P01100,942
P24385,P27361,744
P24385,P15056,864
P24385,P06493,998
P24385,P42345,802
P24385,P31749,923
P24385,P00533,841
P24385,P14780,799
P24385,P24941,999
P24385,Q02750,751
P24385,P04626,904
P24385,P45983,724
P24385,P08253,738
P24385,P00519,742
P24385,P10721,749
P24385,Q9Y6K1,708
P24385,P08758,808
P24385,Q00535,885
P24385,P55211,844
P24385,Q92793,986
P24385,Q00987,926
P24385,P11802,999
P24385,P01106,969
P24385,P09874,724
P24385,Q00534,999
P24385,O15392,751
P24385,P10415,958
P24385,P04406,819
P24385,P42574,847
P24385,P60709,811
P24385,Q15788,774
P24385,P03372,997
P24385,Q96EB6,721
P24385,P11511,712
P24385,P38936,999
P24385,O60674,852
P24385,O15379,900
P24385,Q9UJU2,930
P24385,P10275,955
P24385,P42336,704
P24385,P61073,706
P24385,P05412,919
P24385,P04637,946
P24385,P08238,711
P24385,Q04206,791
P24385,P49841,987
P24385,P12931,875
P24385,P05231,763
P24385,P50613,720
P24385,P01133,731
P24385,P15336,744
P24385,P61024,892
P24385,P16220,949
P24385,P53350,727
P24385,Q13547,833
P24385,P07900,819
P24385,P02751,743
P24385,P56524,920
P24385,P06401,834
P24385,Q16665,876
P24385,P12004,989
P02656,P02766,771
P02656,O60603,963
P02656,P00739,851
P02656,P02675,756
P02656,P01008,870
P02656,P02655,999
P02656,P10909,921
P02656,P02749,987
P02656,P05543,710
P02656,P02679,779
P02656,P00734,889
P02656,P02649,999
P02656,O95477,744
P02656,Q07869,709
P02656,P05090,777
P02656,P02652,999
P02656,P06727,999
P02656,P02647,999
P02656,P02765,882
P02656,P01009,767
P02656,O14791,924
P02656,P02768,912
P02656,P05067,766
P02656,P02671,822
P02656,P27169,933
Q96PD7,P16233,774
Q96PD7,Q16760,725
Q96PD7,O75912,717
Q96PD7,P49327,831
Q96PD7,P36956,778
Q96PD7,P33121,748
P78348,Q16515,968
P78348,Q99571,753
P14920,P34896,962
P14920,Q14749,910
P14920,Q9BYV1,952
P14920,Q9GZT4,903
P14920,P21549,964
P14920,P13196,918
P14920,P22557,913
P14920,P23378,967
P14920,P32929,750
P14920,P34897,960
O15528,P02774,858
O15528,P48443,826
O15528,Q15596,834
O15528,Q15788,920
O15528,P30405,791
O15528,P19793,981
O15528,P12931,807
O15528,Q9UBM7,742
P09960,P09917,992
P09960,P14555,745
P09960,Q16873,992
P08493,O95255,898
P08493,P07225,880
P08493,P00734,752
P08493,P12644,720
P08493,P38435,951
P08493,P02765,977
P08493,P02818,933
P08493,P15502,810
P08493,Q9BQB6,848
P01579,P02768,866
P01579,P51692,823
P01579,Q08881,787
P01579,P19320,748
P01579,P27361,846
P01579,P01100,751
P01579,P17181,989
P01579,Q9NZQ7,899
P01579,P10145,961
P01579,Q9NR96,891
P01579,P14780,751
P01579,P00533,876
P01579,P31749,817
P01579,P14210,716
P01579,P14778,726
P01579,P05113,960
P01579,P29597,878
P01579,P06239,749
P01579,P35354,816
P01579,P23458,993
P01579,Q16853,776
P01579,P12314,716
P01579,O00206,946
P01579,P48551,986
P01579,P16234,784
P01579,P19525,775
P01579,P25963,714
P01579,P08758,716
P01579,Q9NR97,722
P01579,P24298,707
P01579,P09429,792
P01579,P28062,884
P01579,P05121,720
P01579,P28065,880
P01579,P08700,983
P01579,Q9BYF1,724
P01579,P02775,755
P01579,P35225,961
P01579,P14902,930
P01579,P29466,893
P01579,P01308,813
P01579,P10415,795
P01579,P60568,990
P01579,Q16539,769
P01579,P60709,795
P01579,P19838,932
P01579,P42574,825
P01579,P04406,794
P01579,P40306,744
P01579,O60674,998
P01579,P42081,943
P01579,P26951,847
P01579,P01375,991
P01579,P01584,998
P01579,P61073,711
P01579,P02649,838
P01579,P04637,834
P01579,P05412,711
P01579,Q06323,975
P01579,Q9NYK1,867
P01579,P32927,739
P01579,P01133,781
P01579,P05089,801
P01579,P05231,983
P01579,P09619,797
P01579,P01137,888
P01579,P35228,862
P01579,P40933,939
P01579,P05164,789
P01579,O60603,918
P01579,P13500,938
P01579,Q99062,850
P60174,P34897,920
P60174,P07900,700
P60174,P36542,776
P60174,O14556,999
P60174,P30041,743
P60174,P61604,761
P60174,P09467,713
P60174,P17658,766
P60174,Q6ZMR3,700
P60174,P68104,700
P60174,P00505,770
P60174,P23528,755
P60174,P22460,802
P60174,P04406,999
P60174,P00747,723
P60174,P14618,963
P60174,P06733,998
P60174,P07864,716
P60174,P00558,999
P60174,P04075,997
P60174,P18669,989
P60174,P40926,856
P60174,O95479,951
P60174,P29401,980
P60174,P04818,752
P60174,P34896,832
P60174,P52209,787
P60174,P00338,913
P60174,P06744,999
Q16539,P03372,954
Q16539,Q92731,921
Q16539,P19878,736
Q16539,P09769,799
Q16539,P01584,782
Q16539,P01375,839
Q16539,Q15080,765
Q16539,P01106,710
Q16539,P10415,701
Q16539,P01308,757
Q16539,P42574,817
Q16539,P19838,864
Q16539,Q13315,722
Q16539,P16220,706
Q16539,P06401,920
Q16539,Q15750,999
Q16539,P36507,951
Q16539,P17676,961
Q16539,P05412,992
Q16539,P04637,994
Q16539,Q04206,798
Q16539,P12931,818
Q16539,P05231,848
Q16539,P15336,998
Q16539,P31749,990
Q16539,P00533,799
Q16539,Q02750,970
Q16539,P45984,942
Q16539,P06241,749
Q16539,P01100,985
Q16539,P27361,989
Q16539,P47712,823
Q16539,P01579,769
Q16539,Q92945,812
Q16539,P13498,724
Q16539,P35354,774
Q16539,P45983,955
Q16539,O00206,762
Q16539,P14598,800
Q16539,P04839,788
Q16539,P28482,995
Q16539,P04792,910
Q16539,P25963,829
Q9BYV1,P22557,916
Q9BYV1,P51648,937
Q9BYV1,Q6ZQY3,947
Q9BYV1,Q6ZMR3,845
Q9BYV1,Q06278,910
Q9BYV1,Q96GA7,873
Q9BYV1,P14920,952
Q9BYV1,P13196,915
Q9BYV1,P21549,997
Q9BYV1,O94760,852
Q9BYV1,P54687,934
Q9BYV1,P05160,718
Q9BYV1,Q9Y600,948
Q9BYV1,P34897,931
Q9BYV1,P80404,939
Q9BYV1,P32929,935
Q9BYV1,P23378,955
Q9BYV1,O15382,931
Q9BYV1,P49189,942
Q9BYV1,P20132,870
Q9BYV1,P34896,938
Q9BYV1,P16219,851
Q9BYV1,Q02252,933
Q9BYV1,Q8TD30,935
Q9BYV1,Q9NR19,827
Q9BYV1,Q05329,878
Q9BYV1,P00338,842
Q9BYV1,Q9BYZ2,845
Q9BYV1,Q14749,924
Q9BYV1,P30837,938
Q9BYV1,P07864,842
Q9BYV1,P49419,941
Q9BYV1,Q08426,930
Q9BYV1,P24298,929
Q9BYV1,P05091,942
Q9BYV1,Q9NUB1,831
Q9BYV1,P31937,941
Q9BYV1,Q99259,851
P05113,P40933,821
P05113,P09619,730
P05113,Q9Y5Y4,731
P05113,Q99062,728
P05113,P08700,999
P05113,P13500,862
P05113,P16234,775
P05113,P32927,997
P05113,P48551,742
P05113,P11678,724
P05113,P05231,977
P05113,P00533,762
P05113,P42081,773
P05113,O60674,889
P05113,P15509,774
P05113,P10145,932
P05113,P01584,998
P05113,P01375,930
P05113,P26951,937
P05113,P14778,803
P05113,P60568,999
P05113,P12724,840
P05113,P51692,777
P05113,P35225,991
P05113,P17181,768
P05113,P01579,960
P04150,P01100,961
P04150,P11142,757
P04150,Q13882,740
P04150,P28845,852
P04150,Q15596,998
P04150,P51692,835
P04150,Q15185,997
P04150,P00533,870
P04150,P31749,791
P04150,P06850,872
P04150,P01189,854
P04150,P08185,726
P04150,P31948,993
P04150,P17612,700
P04150,Q92769,862
P04150,Q92793,943
P04150,P08235,929
P04150,Q15788,997
P04150,P19838,878
P04150,P80365,816
P04150,Q9UBN7,824
P04150,P10415,767
P04150,P01375,745
P04150,P10275,795
P04150,P07550,727
P04150,P03372,896
P04150,Q04206,850
P04150,P34932,992
P04150,P04637,936
P04150,P23560,788
P04150,P08238,998
P04150,P05412,961
P04150,Q16620,905
P04150,P17676,886
P04150,P06401,733
P04150,Q16665,852
P04150,Q13547,929
P04150,P07900,999
P04150,P16220,924
P02788,P02763,715
P02788,P05109,701
P02788,O00206,827
P02788,Q07954,902
P02788,P10909,993
P02788,P01023,724
P02788,P01024,711
P02788,P02647,829
P02788,P20061,861
P02788,P02768,996
P02788,P00450,971
P02788,P14780,768
P02788,P02786,889
P02788,P08246,997
P02788,P02649,828
P02788,P05164,998
P02788,P02766,803
P02788,P04279,963
P02788,P31025,923
P02788,P06727,709
P02788,P02765,744
P02788,P02671,750
P02788,P01308,815
Q08426,Q9BYV1,930
Q08426,P51648,959
Q08426,P40939,944
Q08426,Q9BTZ2,790
Q08426,Q6NVY1,957
Q08426,Q07869,780
Q08426,Q99714,965
Q08426,Q06278,920
Q08426,P80404,936
Q08426,P49189,946
Q08426,P42765,995
Q08426,P24752,978
Q08426,Q9NR19,913
Q08426,P45954,982
Q08426,Q02252,953
Q08426,P16219,984
Q08426,P31937,942
Q08426,P49419,939
Q08426,P30837,941
Q08426,P51659,988
Q08426,P05091,940
Q08426,Q9NUB1,906
Q96SW2,Q06187,836
Q96SW2,P05412,710
Q96SW2,Q12791,917
Q96SW2,Q00987,700
P09455,Q8TC12,910
P09455,P02753,910
P09455,P10826,710
P09455,O43174,719
P09455,P00352,750
P09455,Q96NR8,707
P09455,O95237,951
P09455,P02766,758
P63316,P06753,968
P63316,P02585,930
P63316,P09493,981
P63316,P19429,999
P19525,P18850,911
P19525,P18848,755
P19525,P11021,871
P19525,P01579,775
P19525,P17181,709
P19525,P04637,775
P19525,Q9NYK1,744
P19525,O14920,966
P19525,O15111,977
P19525,P01584,704
P19525,P01375,796
O75251,P36542,722
O75251,O95178,996
O75251,Q9UI09,999
O75251,P31930,997
O75251,P03915,999
O75251,Q16795,999
O75251,Q16718,999
O75251,P30049,992
O75251,O75964,740
O75251,O95169,999
O75251,P56556,999
O75251,P31040,988
O75251,O75380,999
O75251,O43676,999
O75251,O14561,999
O75251,P28331,999
O75251,P19404,999
O75251,O43677,997
O75251,P03897,999
O75251,P03905,999
O75251,O00483,983
O75251,O95298,999
O75251,Q9P0J0,999
O75251,O43674,999
O75251,P00395,977
O75251,P03923,998
O75251,P51970,999
O75251,P30043,723
O75251,O75306,999
O75251,O43920,999
O75251,O43678,999
O75251,O96000,999
O75251,P56181,999
O75251,O75438,996
O75251,O95168,999
O75251,O95139,999
O75251,O00217,999
O75251,O95299,999
O75251,O75880,835
O75251,O15239,999
O75251,P17568,999
O75251,Q86Y39,999
O75251,P00846,785
O75251,O43181,999
O75251,O95182,999
O75251,P03891,999
O75251,P03886,999
O75251,O75489,999
O75251,P03901,997
O75251,P49821,999
O75251,O95167,999
O75251,Q9Y6M9,999
P38435,P00734,961
P38435,O95255,930
P38435,P00742,808
P38435,P02818,964
P38435,P11712,908
P38435,P04070,839
P38435,P00740,972
P38435,P07225,991
P38435,Q9BQB6,998
P38435,P15559,939
P38435,Q9UIX4,707
P38435,Q8N0U8,954
P38435,P08493,951
P61604,P14625,839
P61604,P11021,725
P61604,P06733,710
P61604,Q92598,870
P61604,P11142,807
P61604,P40926,761
P61604,P08238,928
P61604,P60174,761
P61604,P34932,930
P61604,P07900,942
P61604,P10599,810
P61604,P10809,999
P61604,P04406,702
P61604,O14561,744
P04070,P00742,707
P04070,P01023,931
P04070,P07204,992
P04070,P05121,943
P04070,P03952,707
P04070,P05120,916
P04070,P0DJD9,787
P04070,P00734,987
P04070,P00740,720
P04070,P01009,934
P04070,P07225,859
P04070,P01008,924
P04070,P05160,872
P04070,P02675,730
P04070,P02679,754
P04070,P00748,773
P04070,P05546,760
P04070,P38435,839
P04070,P02671,851
P04070,P08697,972
P11926,P05089,984
P11926,Q9UDR5,813
P11926,P15559,952
P11926,P01106,771
P11926,P31350,744
P11926,P00966,758
P11926,P04181,986
P11926,P78540,987
P11926,P17735,739
P11926,P19801,964
P43007,P30825,752
O60391,P62955,816
O60391,Q9UF02,743
O60391,P42263,791
O60391,Q8TCU5,995
O60391,Q9Y698,845
O60391,P78352,942
O60391,P48058,811
O60391,Q05586,999
O60391,Q14957,996
O60391,P46098,748
O60391,P42261,840
O60391,Q9UBN1,773
O60391,Q8WXS5,758
O60391,Q13224,996
O60391,Q12879,998
O60391,O60359,769
O60391,P42262,787
O60391,O15399,996
P15313,P30049,910
P15313,Q8NHE4,955
P15313,P38606,999
P15313,P21281,989
P15313,Q8NEY4,997
P15313,Q13488,998
P15313,Q9UI12,997
P15313,P20648,927
P15313,P36542,950
P15313,Q96LB4,953
P15313,Q93050,999
P15313,Q9HBG4,999
P15313,P06576,942
P15313,Q16864,999
P15313,Q96A05,999
P15313,P48047,826
P15313,P36543,999
P15313,Q15904,947
P15313,Q9Y5K8,999
P15313,Q9Y487,991
P15313,Q99437,995
P15313,P25705,940
P15313,P61421,999
P15313,P27449,998
P15313,O75348,998
P15313,P00918,841
P15313,O15342,951
P15313,O95670,997
P15313,P21283,998
P15313,Q8N8Y2,999
P41143,P01042,939
P41143,P21964,730
P41143,P59768,816
P41143,P01189,966
P41143,P35372,967
Q32P28,O00469,744
Q32P28,P07237,875
Q32P28,Q8IVL6,758
Q32P28,P13674,774
Q32P28,P36955,700
Q32P28,Q02809,742
P02647,O14791,998
P02647,P02671,902
P02647,P01308,906
P02647,P06576,769
P02647,Q9UHC9,811
P02647,P02652,999
P02647,P06727,989
P02647,P04035,784
P02647,P02765,944
P02647,P19823,793
P02647,Q07869,828
P02647,P05090,960
P02647,P37840,883
P02647,O60494,985
P02647,P02649,999
P02647,P02679,732
P02647,P02656,999
P02647,Q9BXJ7,797
P02647,P45844,997
P02647,P02655,997
P02647,P02749,985
P02647,P02751,845
P02647,P05164,924
P02647,P02766,994
P02647,P00739,997
P02647,P01008,708
P02647,P05067,982
P02647,P02768,998
P02647,P27169,998
P02647,P02753,814
P02647,P01009,927
P02647,P61769,913
P02647,P19652,828
P02647,P04004,755
P02647,P02787,919
P02647,P02743,851
P02647,O95477,999
P02647,P00734,927
P02647,P02763,869
P02647,Q06033,818
P02647,P02788,829
P02647,P10909,998
P02647,P24298,779
P02647,P01023,998
P02647,P69905,705
P02647,P01024,957
P02647,P68871,839
P02647,P06396,874
P31939,Q06203,995
P31939,P23378,756
P31939,Q99707,972
P31939,P13995,992
P31939,P42898,787
P31939,P34897,995
P31939,Q00796,860
P31939,Q9UM73,932
P31939,P20839,979
P31939,Q9UGJ0,822
P31939,P67936,805
P31939,P00374,987
P31939,P48728,964
P31939,P00492,958
P31939,P21589,937
P31939,Q9UGI9,824
P31939,P11586,998
P31939,P06753,809
P31939,Q05932,785
P31939,P49902,910
P31939,P22102,999
P31939,Q86XF0,974
P31939,P12268,991
P31939,P54619,826
P31939,P04818,857
P31939,P34896,998
P02766,P04156,821
P02766,P02763,850
P02766,P09455,758
P02766,P01011,820
P02766,P00734,724
P02766,P10909,885
P02766,P01023,905
P02766,P02788,803
P02766,P01024,782
P02766,P06396,861
P02766,P05067,982
P02766,P10997,842
P02766,P02768,994
P02766,P02647,994
P02766,P02753,999
P02766,P01009,961
P02766,P61769,968
P02766,P00450,827
P02766,P02774,899
P02766,P19652,856
P02766,P02787,817
P02766,P02743,949
P02766,P02649,952
P02766,P02656,771
P02766,P05543,980
P02766,P02671,773
P02766,P41222,704
P02766,P01308,805
P02766,P02652,843
P02766,P06727,857
P02766,P02765,858
P02766,Q14534,721
P02766,P37840,753
P10997,P01308,984
P10997,P05067,938
P10997,P02743,785
P10997,P37840,934
P10997,P43220,796
P10997,P06850,709
P10997,P30988,999
P10997,P61769,754
P10997,P02649,818
P10997,P04156,890
P10997,P02766,842
P10997,P59768,801
Q9UQF2,P05412,992
Q9UQF2,P45983,999
Q9UQF2,Q07954,778
Q9UQF2,P05067,963
Q9UQF2,P45984,993
Q9UQF2,Q06481,730
Q9UQF2,P51693,731
Q9UQF2,P00533,771
Q9UQF2,P31749,754
Q9UQF2,P10636,721
P04040,Q16719,914
P04040,P00441,920
P04040,P51659,954
P28161,Q16772,740
P28161,P33261,820
P28161,P30838,719
P28161,P40394,708
P28161,P09488,999
P28161,P10632,709
P28161,Q9H4Y5,852
P28161,P07327,714
P28161,P20815,740
P28161,O15217,881
P28161,P05181,938
P28161,Q96SL4,806
P28161,Q99735,801
P28161,P22352,822
P28161,P78417,874
P28161,P19440,753
P28161,P00390,941
P28161,P11712,921
P28161,P36969,934
P28161,P30041,933
P28161,P21266,996
P28161,O60760,790
P28161,P11509,926
P28161,Q16678,947
P28161,P08684,948
P28161,P04798,947
P28161,Q03013,973
P28161,O75715,805
P28161,O43708,920
P28161,P09211,769
P28161,Q8TED1,801
P28161,P09210,754
P28161,P10620,832
P28161,P59796,803
P28161,P08263,748
P28161,P18283,814
P28161,P48637,927
P28161,Q7RTV2,709
P28161,P05177,937
P28161,P46439,951
P28161,O14880,858
P0DMS8,P01042,915
P0DMS8,P30542,907
P36888,O00329,940
P36888,P42336,958
P36888,O95750,750
P36888,P05230,759
P36888,P43405,787
P36888,Q9UQQ2,777
P36888,P01308,763
P36888,P08631,716
P36888,P08620,803
P36888,P10276,728
P36888,P01138,710
P36888,P01133,860
P36888,P42338,930
P36888,P04637,722
P36888,P06239,762
P36888,P14210,771
P36888,P42684,710
P36888,P51692,970
P36888,P08700,867
P36888,P09038,881
P36888,P27986,956
P36888,Q9Y6K1,851
P36888,P04626,735
P35869,Q16678,763
P35869,P08238,995
P35869,P07900,992
P35869,Q15788,702
P35869,P05177,866
P35869,P04798,973
P35869,P03372,906
P35869,Q15596,705
P35869,Q15185,908
P51857,O95479,731
P51857,P28845,977
P51857,P42330,983
P51857,P17516,908
P51857,P14060,941
P51857,P18405,988
P51857,P11511,922
P51857,Q92506,924
P51857,P37059,931
P51857,P80365,975
P51857,Q04828,983
P51857,P05093,936
P51857,P08686,919
P51857,P31213,957
P51857,P26439,943
P51857,P37058,933
P16219,Q9NR19,950
P16219,O43772,790
P16219,Q02252,948
P16219,P45954,948
P16219,P31937,884
P16219,Q08426,984
P16219,P05091,906
P16219,Q9NUB1,950
P16219,P51659,723
P16219,P30837,885
P16219,P49419,887
P16219,Q9BYV1,851
P16219,Q06278,833
P16219,Q9BTZ2,865
P16219,P51648,883
P16219,P40939,992
P16219,Q16134,759
P16219,Q16836,875
P16219,P49189,912
P16219,P23786,922
P16219,P80404,816
P16219,P24752,967
P16219,P42765,982
Q01064,P00492,905
Q01064,P33402,727
Q01064,P51828,714
Q01064,O60266,709
Q01064,P54750,911
Q01064,P27707,907
Q01064,O00408,732
Q01064,Q8NFM4,731
Q01064,P40145,741
Q01064,Q08828,720
Q01064,Q96PN6,709
Q01064,P55263,921
Q01064,P0DP23,973
Q01064,O95622,843
Q01064,O60503,708
Q01064,P49419,852
Q01064,P16066,723
Q01064,Q14123,957
Q01064,O43306,798
Q07954,P00533,838
Q07954,P14780,889
Q07954,Q03405,718
Q07954,P02768,714
Q07954,P05067,983
Q07954,P05121,988
Q07954,P09429,798
Q07954,P10909,715
Q07954,P01023,998
Q07954,P02788,902
Q07954,O00206,774
Q07954,P14625,996
Q07954,P04156,806
Q07954,P27797,998
Q07954,P78352,946
Q07954,P00750,987
Q07954,P07900,994
Q07954,P34932,991
Q07954,Q9UQF2,778
Q07954,P08238,990
Q07954,P02649,999
P98066,P02751,830
P98066,P13500,732
P98066,P05231,704
P98066,P01584,752
P98066,P09038,771
P98066,P35354,724
P98066,P10145,933
P63252,Q9NR82,929
P63252,P56696,925
P63252,Q9UNX9,905
P63252,O43526,933
P63252,Q13698,813
P63252,P35499,824
P63252,Q9UK17,732
P63252,P15382,891
P63252,Q12809,930
P63252,Q8IWT1,856
P63252,Q9Y6J6,890
P63252,Q14500,973
P63252,Q99712,815
P63252,P17302,760
P63252,P25101,911
P63252,O43525,933
P63252,P48050,958
P63252,Q13936,853
P63252,P48051,710
P63252,Q14524,896
P63252,Q92736,729
P63252,P51787,992
P20851,P07357,764
P20851,P0C0L5,995
P20851,P07225,874
P20851,P04003,978
P20851,P05156,812
P56381,P56385,999
P56381,P48047,999
P56381,P36543,746
P56381,Q9P0J0,799
P56381,P06576,999
P56381,Q16864,762
P56381,P36542,999
P56381,O75964,999
P56381,P07437,702
P56381,Q16718,817
P56381,P30049,999
P56381,P56556,809
P56381,O75380,797
P56381,Q9H4B7,795
P56381,P00846,999
P56381,O15239,840
P56381,O95670,710
P56381,O95182,795
P56381,Q99437,747
P56381,O95167,791
P56381,Q9Y6M9,828
P56381,P25705,999
P56381,P27449,739
P56381,O43920,759
P56381,O43678,851
P56381,P56181,787
P56381,O96000,805
Q16647,O60760,943
Q16647,Q14534,729
Q16647,P24557,864
Q16647,P41222,956
Q16647,P23219,973
Q16647,P35354,988
Q16647,P43119,832
Q16647,Q15185,961
Q5JTZ9,Q9NSE4,918
Q5JTZ9,P41252,863
Q5JTZ9,P54577,927
Q5JTZ9,P49588,910
P02795,P05090,746
P02795,P02746,729
P00505,Q6YP21,986
P00505,Q05329,831
P00505,P06744,764
P00505,P02768,786
P00505,P00439,943
P00505,Q9BYZ2,972
P00505,P00338,972
P00505,Q16773,979
P00505,P14679,912
P00505,Q16878,933
P00505,P00367,979
P00505,O43837,908
P00505,P27708,931
P00505,Q8TD30,976
P00505,P30038,955
P00505,P40926,999
P00505,Q99259,837
P00505,P51553,886
P00505,Q02218,937
P00505,P24298,978
P00505,P08243,973
P00505,P17735,984
P00505,P07864,970
P00505,P07202,909
P00505,O75306,802
P00505,P06733,707
P00505,P37231,793
P00505,P17174,982
P00505,P50213,889
P00505,P01308,743
P00505,P07101,942
P00505,P04406,754
P00505,P20711,926
P00505,P45381,902
P00505,Q07869,778
P00505,Q6ZMR3,972
P00505,P00966,951
P00505,Q6ZQY3,858
P00505,P60174,770
P00505,P31040,981
P00505,P15144,844
P00505,P32929,942
P00505,P32754,967
P00505,P12104,957
P00505,P14174,929
P00505,P49448,967
P00505,P49411,849
P00505,Q9Y600,865
P00505,P31930,718
P12644,P02751,715
P12644,Q04771,998
P12644,P36896,865
P12644,Q9UJU2,834
P12644,P08493,720
P12644,P08620,853
P12644,P37023,908
P12644,P09038,873
P12644,Q16671,775
P12644,P02818,770
P43116,P01189,906
P43116,P59768,720
P43116,P35354,712
P43116,P35408,962
P01024,P02765,700
P01024,P01019,718
P01024,O75636,844
P01024,P04003,817
P01024,P05156,999
P01024,P01042,804
P01024,P00748,748
P01024,P16109,991
P01024,P02649,732
P01024,P05164,786
P01024,P07358,736
P01024,P02766,782
P01024,P13500,737
P01024,P09871,908
P01024,P05155,954
P01024,P01031,974
P01024,P02647,957
P01024,P01009,859
P01024,P02768,959
P01024,P0C0L5,998
P01024,P05067,887
P01024,P07357,816
P01024,P04004,790
P01024,P10145,783
P01024,P00450,751
P01024,P00749,707
P01024,P19652,772
P01024,P02774,768
P01024,P00736,935
P01024,P00734,874
P01024,P02763,775
P01024,Q14624,745
P01024,P03952,742
P01024,P07204,933
P01024,P02788,711
P01024,P08603,999
P01024,P10909,803
P01024,P00742,755
P01024,P00747,978
P01024,P00751,999
O95977,Q9NRA0,922
O95977,P21453,948
P49356,P49354,999
P49356,P14324,953
P49356,O95749,958
O14842,P37231,702
O14842,Q5NUL3,961
O14842,P43220,713
P27824,P02768,743
P27824,P21796,863
P27824,Q14697,953
P27824,P01009,772
P27824,P61769,853
P27824,Q14643,843
P27824,P14625,990
P27824,P16615,849
P27824,P18850,863
P27824,P30101,999
P27824,P11021,998
P27824,P04406,828
P27824,Q14573,893
P27824,P07237,966
P27824,P27797,999
P27824,P55072,967
P27824,P08238,886
P27824,P34932,882
P27824,P07900,848
P27824,P13569,936
P68366,P07437,994
P68366,Q13885,995
P68366,Q13509,993
P68366,P53350,886
P68366,P17302,930
P68366,P60709,825
P68366,Q71U36,947
P68366,P10636,981
P68366,Q9BQE3,778
P68366,P06733,702
P68366,Q9H4B7,964
P68366,P68371,991
P68366,P04350,983
P04792,P07900,957
P04792,P13569,780
P04792,P34932,992
P04792,P99999,993
P04792,P08238,952
P04792,P04637,955
P04792,Q15139,731
P04792,O14920,877
P04792,P03372,737
P04792,P10636,707
P04792,P37840,853
P04792,Q05655,706
P04792,P63104,766
P04792,Q16539,910
P04792,P42574,867
P04792,O14727,775
P04792,Q92598,872
P04792,P11021,801
P04792,P55211,742
P04792,Q15759,809
P04792,P25963,724
P04792,P00533,794
P04792,P31749,991
P04792,O95479,819
P04792,P11142,988
Q05209,Q14289,884
Q05209,P41240,808
Q05209,P12931,834
Q05209,Q03393,937
Q05209,P01133,808
Q05209,P09619,798
Q05209,P00533,963
Q05209,P04626,935
Q05209,P29350,742
P19440,Q8TED1,734
P19440,Q03013,711
P19440,P09211,781
P19440,Q16873,921
P19440,O75715,746
P19440,P08263,761
P19440,P18283,748
P19440,P48637,960
P19440,P10620,722
P19440,P09210,719
P19440,P59796,746
P19440,P46439,712
P19440,O14880,751
P19440,Q7RTV2,739
P19440,P36969,924
P19440,Q9Y600,907
P19440,P30041,909
P19440,P21266,718
P19440,P15144,946
P19440,Q9NS75,784
P19440,P49448,877
P19440,O60760,771
P19440,O15217,740
P19440,P22352,820
P19440,Q96SL4,747
P19440,P78417,729
P19440,P28161,753
P19440,Q9Y271,787
P19440,Q05329,911
P19440,P00390,933
P19440,P00367,861
P19440,P30038,816
P19440,Q16772,749
P19440,Q99259,915
P19440,Q9H4Y5,728
P19440,P09488,754
Q04917,P56524,769
Q04917,P49674,932
Q04917,Q14524,727
Q04917,P04049,998
Q04917,P37840,821
Q04917,P62258,948
Q04917,P27348,911
Q04917,P63104,972
Q04917,P31946,970
Q04917,P00519,833
Q04917,Q02750,735
Q04917,P10398,988
Q04917,P15056,993
Q99705,P01189,847
Q99705,P01303,817
Q99705,Q99835,775
Q99705,P49146,743
P15153,O14939,939
P15153,P42338,965
P15153,P12931,955
P15153,Q04206,922
P15153,O00329,957
P15153,P42336,947
P15153,P19878,999
P15153,P43405,762
P15153,P19838,938
P15153,Q05655,946
P15153,P63000,823
P15153,Q15080,999
P15153,Q14289,936
P15153,P13498,999
P15153,P27986,934
P15153,P28482,942
P15153,P04839,999
P15153,P05109,740
P15153,P00519,940
P15153,P14598,999
P15153,P45983,953
P15153,P31749,864
P15153,P27361,950
P15153,Q9Y5S8,975
P15153,P41743,927
P15153,Q05513,934
P15153,P42684,926
P15153,P06241,956
P15153,P45984,928
Q99835,P49674,911
Q99835,P59768,922
Q99835,P35626,935
Q99835,P17252,916
Q99835,P25098,990
Q99835,P17612,965
Q99835,Q99705,775
O94788,P24462,923
O94788,P20815,922
O94788,P11712,914
O94788,Q8TC12,949
O94788,P08319,810
O94788,Q9NYR8,942
O94788,Q6V0L0,983
O94788,O75911,956
O94788,P11766,794
O94788,P40394,821
O94788,P07327,832
O94788,P10632,917
O94788,O43174,991
O94788,P00352,915
O94788,P04798,925
O94788,Q06278,938
O94788,P08684,923
O94788,Q9BTZ2,932
O94788,P05177,920
O94788,P47895,903
O94788,Q92781,944
O94788,Q96NR8,964
O94788,P11509,914
O94788,P00325,813
O94788,Q02928,919
O94788,P00326,801
P17752,P28335,844
P17752,P31645,950
P17752,P09417,970
P17752,P27338,756
P17752,P63104,864
P17752,P20711,981
P17752,P15121,935
P17752,P41595,891
P17752,P00374,932
P17752,P14902,957
P17752,P28222,895
P17752,P46597,760
P17752,P21917,805
P17752,P21397,729
P17752,P28223,901
P17752,O60218,902
P17752,P28221,802
P17752,Q86XF0,938
Q9UGN5,P42574,927
Q9UGN5,P09874,965
Q9UGN5,P39748,848
Q9UGN5,P49916,991
Q9UGN5,P06746,995
Q9UGN5,P55211,917
Q9H6Z9,Q16790,764
Q9H6Z9,P18848,776
Q9H6Z9,P14618,793
Q9H6Z9,P05129,901
Q9H6Z9,P17252,906
Q9H6Z9,P05771,919
Q9H6Z9,Q96KS0,954
Q9H6Z9,Q9GZT9,953
Q9H6Z9,Q16665,999
Q16878,Q6ZQY3,976
Q16878,P00505,933
Q16878,P17174,940
Q16878,Q9Y600,984
Q16878,P15144,804
Q16878,P32929,974
Q16878,Q05329,931
Q16878,Q6YP21,907
Q16878,Q16773,904
Q16878,Q99259,932
Q16613,P46597,994
Q16613,P21397,943
Q16613,P27338,937
Q16613,P14902,931
Q16613,P63104,972
Q16613,P20711,967
Q9GZZ6,P28329,774
Q9GZZ6,P02708,728
Q9GZZ6,P30532,746
Q9GZZ6,Q9UGM1,934
P23258,P53350,943
P23258,O14965,745
P23258,P60709,888
P23258,P63261,884
P69905,P02647,705
P69905,P00387,923
P69905,Q9NZD4,995
P69905,P68871,999
P69905,P01308,701
P69905,P15880,905
P69905,P08865,912
P69905,P00739,962
Q7LG56,P12004,702
Q7LG56,P10599,811
Q7LG56,P35754,858
Q7LG56,P04637,992
Q7LG56,P15531,759
Q7LG56,P23921,999
Q7LG56,P31350,997
Q7LG56,P12235,840
Q7LG56,Q00987,750
Q7LG56,P14618,907
Q7LG56,P04818,805
Q7LG56,O00142,821
O43678,O95168,999
O43678,O75251,999
O43678,O75438,999
O43678,O00217,999
O43678,O95299,999
O43678,O95139,999
O43678,O75306,999
O43678,O43920,999
O43678,P30043,782
O43678,P51970,999
O43678,P56181,999
O43678,O96000,999
O43678,P03891,999
O43678,O95167,999
O43678,Q9Y6M9,999
O43678,P03901,998
O43678,P49821,999
O43678,P03886,999
O43678,O75489,999
O43678,Q86Y39,999
O43678,P17568,999
O43678,O15239,999
O43678,O95182,999
O43678,O43181,999
O43678,O75964,844
O43678,Q16718,999
O43678,Q16795,999
O43678,P03915,999
O43678,P56556,999
O43678,O75380,999
O43678,P31040,856
O43678,Q9NRX3,741
O43678,O95169,999
O43678,P31930,992
O43678,Q9UI09,999
O43678,P36542,753
O43678,O95178,999
O43678,P56381,851
O43678,O95298,999
O43678,Q9P0J0,999
O43678,O43674,999
O43678,P03897,999
O43678,O00483,999
O43678,P03905,999
O43678,P03923,993
O43678,P00395,873
O43678,P28331,999
O43678,O14561,999
O43678,P19404,999
O43678,P56385,750
O43678,O43676,999
O43678,O43677,999
P13647,P03372,737
P13647,P02538,915
P13647,P02533,999
P13647,P06401,777
P13647,P04637,737
P13647,P08779,861
P13647,P35908,871
P13647,P00533,885
P13647,P13645,793
P13647,P04264,923
P13647,P04626,796
P04264,P13647,923
P04264,Q03405,700
P04264,P13645,999
P04264,Q07021,949
P04264,P15924,816
P04264,P35908,956
P04264,P01042,927
P22460,Q9Y6J6,872
P22460,P22001,765
P22460,P78352,857
P22460,P16389,982
P22460,P22459,743
P22460,Q14722,986
P22460,P60174,802
P22460,Q13936,710
P22460,P12931,761
P22460,Q14524,838
P22460,Q15842,712
P22460,P06241,734
P22460,O14649,706
P22460,Q13303,974
P22460,P15382,710
P22460,P48549,710
P22460,Q12809,865
P02649,P45844,928
P02649,P02655,999
P02649,P02749,921
P02649,P36956,721
P02649,P02751,712
P02649,P00739,796
P02649,P02766,952
P02649,P13500,746
P02649,P22303,769
P02649,P23560,831
P02649,P49841,703
P02649,P05231,835
P02649,P02656,999
P02649,P42898,843
P02649,P05090,936
P02649,P55055,793
P02649,P02748,817
P02649,P34741,741
P02649,P10636,991
P02649,P29474,777
P02649,P37840,996
P02649,P00797,732
P02649,P01375,806
P02649,P01584,846
P02649,P01019,853
P02649,O14791,965
P02649,P02671,705
P02649,P01308,920
P02649,P04035,806
P02649,P06727,995
P02649,P02652,999
P02649,P02746,705
P02649,P02788,828
P02649,P01023,975
P02649,P10909,999
P02649,P08603,958
P02649,P01024,732
P02649,P00751,700
P02649,P37231,740
P02649,Q07954,999
P02649,P06396,828
P02649,P04156,717
P02649,Q13133,850
P02649,P14625,724
P02649,P12821,876
P02649,O00206,777
P02649,P01011,916
P02649,Q06033,705
P02649,P22352,715
P02649,P61769,803
P02649,P14780,769
P02649,P01130,839
P02649,P04004,989
P02649,P06276,835
P02649,O95477,980
P02649,P02743,933
P02649,P05067,999
P02649,P02768,953
P02649,P10997,818
P02649,P19320,799
P02649,P21796,761
P02649,P27169,977
P02649,Q15303,862
P02649,P02647,999
P02649,P01579,838
P02649,P01009,781
O95299,O43676,999
O95299,P28331,999
O95299,O14561,999
O95299,P19404,999
O95299,O43677,998
O95299,P03897,999
O95299,O00483,988
O95299,P03905,999
O95299,O95298,999
O95299,Q9P0J0,999
O95299,O43674,999
O95299,P00395,909
O95299,P06576,938
O95299,P03923,997
O95299,P36542,919
O95299,O95178,999
O95299,Q9UI09,999
O95299,P31930,996
O95299,P03915,997
O95299,Q16795,999
O95299,Q16718,999
O95299,P30049,867
O95299,P49411,898
O95299,O95169,999
O95299,P56556,999
O95299,P31040,793
O95299,O75380,999
O95299,O15239,999
O95299,P17568,999
O95299,Q86Y39,999
O95299,O43181,999
O95299,P08559,715
O95299,O95182,999
O95299,P03891,999
O95299,P03886,997
O95299,O75489,999
O95299,P03901,990
O95299,P49821,999
O95299,O95167,999
O95299,Q9Y6M9,999
O95299,P25705,759
O95299,P51970,999
O95299,O75306,999
O95299,O43920,999
O95299,O43678,999
O95299,O96000,999
O95299,P56181,999
O95299,O75251,999
O95299,O75438,995
O95299,O95168,999
O95299,O95139,999
O95299,P09622,768
O95299,O00217,999
Q9BXT2,Q9Y698,741
Q9BXT2,O60359,908
Q9BXT2,O95180,754
Q9BXT2,Q8IZS8,756
Q9BXT2,O00305,949
Q9BXT2,P54284,909
Q9BXT2,Q13936,901
Q9BXT2,Q7Z3S7,901
Q9BXT2,Q06432,754
Q9BXT2,Q01668,901
Q9BXT2,Q13698,927
Q9BXT2,P62942,721
Q9BXT2,P21817,747
Q9BXT2,Q9UBN1,915
Q9BXT2,Q8WXS5,912
Q9BXT2,P54289,916
Q9BXT2,O60840,902
Q9BXT2,Q08289,852
Q9BXT2,P54652,720
Q9BXT2,P62955,933
Q8TD43,Q8IWT1,818
Q8TD43,Q9NY46,733
Q8TD43,P35499,766
Q8TD43,P51168,748
Q8TD43,Q15858,763
Q8TD43,Q09428,992
Q8TD43,P51172,734
Q8TD43,P51170,746
Q8TD43,Q9Y5S1,848
Q8TD43,Q9NY72,877
Q8TD43,P37088,776
Q8TD43,Q99250,830
Q8TD43,Q14524,949
Q8TD43,Q9Y5Y9,856
Q8TD43,Q07699,880
Q8TD43,Q8NER1,747
Q8TD43,O60939,877
Q8TD43,Q96RP8,829
Q8TD43,Q9HBA0,846
Q8TD43,Q8NET8,749
Q8TD43,O75762,766
Q9NYX4,P21728,952
O15230,P05106,797
O15230,P06756,777
O15230,P11047,999
O15230,P07942,998
O15230,P08648,778
O15230,Q7L0J3,806
O15230,P02751,790
O15230,Q16787,743
O15230,P25391,951
O15230,P08514,708
P48029,P12532,921
P48029,P12277,859
P48029,Q14353,945
Q9NR19,P16219,950
Q9NR19,Q02252,925
Q9NR19,P49327,770
Q9NR19,Q96I99,834
Q9NR19,Q08426,913
Q9NR19,P05091,954
Q9NR19,Q9NUB1,909
Q9NR19,P30837,944
Q9NR19,P30838,944
Q9NR19,P49419,942
Q9NR19,P29803,837
Q9NR19,P31937,833
Q9NR19,P10515,943
Q9NR19,P43353,947
Q9NR19,Q06278,815
Q9NR19,P51648,947
Q9NR19,Q9BYV1,827
Q9NR19,P11177,876
Q9NR19,P48448,947
Q9NR19,P24752,960
Q9NR19,P42765,933
Q9NR19,P49189,945
Q9NR19,P80404,829
P36543,O95670,998
P36543,P21283,999
P36543,Q8N8Y2,999
P36543,O15342,993
P36543,P25705,871
P36543,P61421,999
P36543,P27449,999
P36543,O75348,999
P36543,Q99437,999
P36543,Q9Y5K8,999
P36543,Q9Y487,994
P36543,Q15904,995
P36543,P48047,745
P36543,Q96A05,902
P36543,P15313,999
P36543,P06576,961
P36543,Q16864,999
P36543,Q93050,999
P36543,Q9HBG4,999
P36543,Q13488,993
P36543,Q8NEY4,995
P36543,P21281,999
P36543,Q9UI12,999
P36543,P56381,746
P36543,Q96LB4,972
P36543,P36542,845
P36543,P30049,771
P36543,Q8NHE4,962
P36543,P38606,999
P00748,P01042,998
P00748,P08697,736
P00748,P01008,969
P00748,P05155,987
P00748,Q07021,966
P00748,P04070,773
P00748,P00740,737
P00748,P03952,972
P00748,P07359,841
P00748,P00747,965
P00748,P01024,748
P00748,P00742,741
P00748,P00734,880
P10276,P00519,719
P10276,O43174,729
P10276,P13631,958
P10276,P36888,728
P10276,Q9Y6K1,715
P10276,Q92793,889
P10276,P37231,848
P10276,Q15596,992
P10276,P51692,777
P10276,P01100,868
P10276,P28702,993
P10276,P48443,983
P10276,P31749,765
P10276,P10826,984
P10276,P29762,792
P10276,P29590,998
P10276,P05412,759
P10276,P26358,764
P10276,P19793,999
P10276,Q13547,874
P10276,P56524,742
P10276,P11274,761
P10276,Q15788,996
O43741,P42345,935
O43741,P54619,999
O43741,Q9UGI9,999
O43741,P17612,765
O43741,P10644,764
O43741,P04035,921
O43741,P54646,999
O43741,Q13131,999
O43741,P04637,774
O43741,Q9UGJ0,999
O43741,P13569,944
O43741,Q9Y478,997
P56937,P20815,922
P56937,P14324,813
P56937,P14061,991
P56937,Q15738,996
P56937,Q15125,961
P56937,P14060,881
P56937,P49888,938
P56937,P11511,961
P56937,P08684,921
P56937,P04798,932
P56937,Q92506,957
P56937,P37059,961
P56937,Q15800,998
P56937,Q14534,854
P56937,P04035,849
P56937,P26439,858
P56937,Q9UBM7,947
P56937,Q16678,932
P36955,P01023,880
P36955,P00747,995
P36955,P00734,804
P36955,P04004,828
P36955,P02768,849
P36955,P01009,744
P36955,P02751,846
P36955,P00750,818
P36955,Q32P28,700
P60880,P37840,779
P60880,O00555,875
P60880,Q05940,710
P60880,P78352,853
P60880,P28222,730
P60880,Q7L0J3,726
P60880,Q01668,736
P60880,Q13936,782
P60880,Q14721,776
P60880,Q05329,895
P60880,P42262,707
P60880,P11142,903
P60880,Q00975,884
P60880,Q99259,773
P60880,P42261,731
P02743,P61769,767
P02743,P43652,701
P02743,P06727,836
P02743,P02647,851
P02743,P02753,775
P02743,P04003,711
P02743,P05067,856
P02743,P10997,785
P02743,P02671,791
P02743,P02766,949
P02743,P06396,711
P02743,P02749,766
P02743,P02751,884
P02743,P02649,933
Q9H2M3,Q05932,770
Q9H2M3,P17735,938
Q9H2M3,Q00266,981
Q9H2M3,P11586,801
Q9H2M3,P20132,843
Q9H2M3,P34896,786
Q9H2M3,Q9UBK8,812
Q9H2M3,P23526,979
Q9H2M3,Q16773,923
Q9H2M3,Q6YP21,940
Q9H2M3,P34897,725
Q9H2M3,P42898,952
Q9H2M3,P23378,810
Q9H2M3,Q99707,950
Q9H2M3,P32929,979
Q9H2M3,P13995,731
Q9H2M3,Q96GA7,842
Q9H2M3,Q93088,967
Q9H2M3,P31153,973
P16499,P18545,998
P16499,Q08828,719
P16499,P40145,737
P16499,P08100,812
P16499,Q8NFM4,719
P16499,O43837,703
P16499,Q13956,757
P16499,O43306,754
P16499,P16066,743
P16499,P35913,982
P16499,Q08462,722
P16499,P49419,702
P16499,O60503,737
P16499,O95622,772
P16499,P21589,741
P16499,O60266,774
P16499,P51828,758
P16499,P33402,782
P16499,P00492,900
P16499,P20839,701
P16499,Q96NR8,788
P20309,P01042,903
P20309,P41594,929
P20309,P08912,933
P20309,P11229,910
O75880,O75251,835
O75880,P99999,808
O75880,P00395,974
O75880,O00244,794
P50613,P12004,909
P50613,P04637,888
P50613,P03372,743
P50613,P11802,739
P50613,P09874,703
P50613,Q00534,746
P50613,P50750,990
P50613,P24941,992
P50613,P06493,976
P50613,P24385,720
P46439,P08684,917
P46439,P04798,920
P46439,Q8TED1,731
P46439,Q03013,954
P46439,O75715,744
P46439,O43708,932
P46439,P09211,763
P46439,P08263,816
P46439,P18283,750
P46439,P48637,918
P46439,P09210,807
P46439,P10620,770
P46439,P59796,738
P46439,P05177,917
P46439,O14880,783
P46439,Q7RTV2,817
P46439,P36969,940
P46439,P30041,928
P46439,P21266,957
P46439,P00325,750
P46439,P11509,906
P46439,Q16678,920
P46439,P00326,738
P46439,O60760,778
P46439,O15217,807
P46439,P05181,921
P46439,Q96SL4,749
P46439,Q99735,777
P46439,P22352,766
P46439,P20815,715
P46439,P28161,951
P46439,P78417,844
P46439,P19440,712
P46439,P00390,921
P46439,P11712,908
P46439,P11766,712
P46439,Q16772,819
P46439,P33261,707
P46439,P40394,706
P46439,Q9H4Y5,832
P46439,P09488,870
Q9H3N8,P06753,702
Q9H3N8,P19113,761
Q9Y6L6,P33261,817
Q9Y6L6,Q92887,842
Q9Y6L6,P10632,940
Q9Y6L6,P53004,760
Q9Y6L6,P20815,799
Q9Y6L6,Q8TCC7,830
Q9Y6L6,O95342,862
Q9Y6L6,O15439,722
Q9Y6L6,P11712,922
Q9Y6L6,P08183,883
Q9Y6L6,O75469,852
Q9Y6L6,P51580,725
Q9Y6L6,P10635,862
Q9Y6L6,P08684,932
Q9Y6L6,P05177,811
Q9Y6L6,Q9BQB6,784
Q04609,P07288,940
Q04609,P15328,817
Q04609,P10275,722
Q04609,P14207,783
Q04609,P45381,934
Q04609,Q7Z2W7,719
Q04609,P27487,758
Q04609,P04626,825
Q04609,P41439,797
Q04609,P00533,782
Q04609,P02768,800
P49286,P48039,945
P49286,Q14654,745
P49286,O95622,911
P49286,P01308,730
P49286,Q9Y6T7,884
P49286,P59768,913
P20061,P02788,861
P16234,P08620,877
P16234,P35225,745
P16234,P60568,733
P16234,P01308,949
P16234,P42336,990
P16234,P11362,715
P16234,O95750,779
P16234,O00329,924
P16234,P05230,819
P16234,O60674,929
P16234,P05231,817
P16234,P01133,987
P16234,P01138,755
P16234,P04637,762
P16234,P23560,860
P16234,P12931,954
P16234,P42338,957
P16234,P09619,989
P16234,P01137,774
P16234,P40933,704
P16234,P01579,784
P16234,P05113,775
P16234,P14210,841
P16234,P00533,986
P16234,P52333,737
P16234,P04626,768
P16234,P23458,919
P16234,P09038,982
P16234,Q00987,843
P16234,P08700,760
P16234,P27986,995
P20132,Q6ZMR3,820
P20132,Q96GA7,906
P20132,Q9NUV7,846
P20132,Q9BYV1,870
P20132,Q9GZT4,941
P20132,P21549,958
P20132,Q93088,862
P20132,P54687,912
P20132,P34897,967
P20132,Q99707,866
P20132,P32929,914
P20132,O15269,844
P20132,O15382,906
P20132,P34896,967
P20132,P23526,855
P20132,Q16773,851
P20132,Q6YP21,841
P20132,P00338,832
P20132,Q9BYZ2,820
P20132,Q04760,824
P20132,P07864,820
P20132,P17735,747
P20132,Q9H2M3,843
P20132,O15270,847
P20132,P78330,951
P21589,P14902,700
P21589,P27707,921
P21589,P16499,741
P21589,P29275,722
P21589,P29274,868
P21589,P00492,932
P21589,P00813,984
P21589,Q13946,769
P21589,P30542,727
P21589,P15144,785
P21589,P99999,869
P21589,P31939,937
P21589,Q13370,709
P21589,Q9UGJ0,715
P21589,P20839,953
P21589,Q00796,830
P21589,P02751,737
P21589,P19320,724
P21589,Q12882,826
P21589,P00491,990
P21589,P54619,715
P21589,P12268,954
P21589,Q02127,821
P21589,P51160,740
P21589,O00142,920
P21589,P04818,927
P21589,Q9NP56,706
P21589,Q9UGI9,715
P21589,P27815,709
P21589,P55263,970
P21589,Q9Y233,700
P21589,P49902,929
P21589,P35913,763
P21589,O76074,733
Q16671,Q04771,942
Q16671,P23945,761
Q16671,P12644,775
Q16671,P22888,700
Q92781,Q06278,910
Q92781,Q96NR8,936
Q92781,P47895,956
Q92781,O95237,975
Q92781,O94788,944
Q92781,Q8TC12,938
Q92781,P08100,766
Q92781,P00352,945
P11802,P24941,998
P11802,P24385,999
P11802,Q00987,884
P11802,Q00535,710
P11802,O14746,756
P11802,P00519,729
P11802,P0DP23,725
P11802,P42336,709
P11802,P38936,999
P11802,P03372,718
P11802,O14965,704
P11802,P42574,750
P11802,P04406,723
P11802,P19838,710
P11802,P60709,712
P11802,Q13315,937
P11802,O15392,857
P11802,P10415,815
P11802,P11388,773
P11802,P01106,966
P11802,P09874,756
P11802,Q00534,999
P11802,P12004,996
P11802,P07900,998
P11802,P53350,789
P11802,P26358,738
P11802,P61024,865
P11802,P50613,739
P11802,P49841,805
P11802,P05412,759
P11802,P04637,966
P11802,P08238,999
P11802,P99999,745
Q86W47,Q16558,951
Q86W47,Q01668,720
Q86W47,Q12791,998
Q86W47,Q9UGI6,982
Q86W47,Q92952,937
Q86W47,P17612,909
Q86W47,Q13936,732
Q86W47,Q9H2S1,964
Q86W47,Q9NPA1,913
Q86W47,Q9Y691,935
Q86W47,O15554,975
Q00987,P24385,926
Q00987,P09936,734
Q00987,P01100,722
Q00987,P51884,903
Q00987,P24941,849
Q00987,P31749,999
Q00987,P00533,897
Q00987,P06493,829
Q00987,P29590,934
Q00987,O14746,797
Q00987,P00519,896
Q00987,P16234,843
Q00987,Q7LG56,750
Q00987,P61927,861
Q00987,P21802,867
Q00987,P14618,722
Q00987,P25098,802
Q00987,Q92793,909
Q00987,P55211,869
Q00987,P10415,953
Q00987,Q9UBN7,701
Q00987,P78352,936
Q00987,P01106,813
Q00987,P11802,884
Q00987,P04271,830
Q00987,P98170,929
Q00987,P08069,981
Q00987,P19838,719
Q00987,Q14457,751
Q00987,Q13315,995
Q00987,P42574,966
Q00987,P04406,741
Q00987,P38936,980
Q00987,P03372,946
Q00987,Q07955,721
Q00987,P22455,747
Q00987,Q96SW2,700
Q00987,P68104,795
Q00987,P10275,998
Q00987,P12931,882
Q00987,P34932,873
Q00987,P49841,703
Q00987,Q04206,746
Q00987,P61978,755
Q00987,P05412,803
Q00987,P08238,753
Q00987,P04637,999
Q00987,P62913,999
Q00987,P18847,942
Q00987,P22607,799
Q00987,P07900,909
Q00987,Q13547,963
Q00987,P53350,772
Q00987,Q14790,750
Q00987,P62829,941
Q00987,O15350,998
Q00987,P26447,706
Q00987,P23297,796
Q00987,Q16665,988
Q00987,P68400,728
P11047,O15230,999
P11047,P06756,888
P11047,P05106,755
P11047,P04156,907
P11047,P08648,865
P11047,P07942,999
P11047,P08514,708
P11047,P02751,700
P11047,P25391,944
P11047,Q16787,931
P11047,P32004,725
P11047,P01137,745
P41595,Q13936,916
P41595,P28223,962
P41595,P17752,891
P41595,P46098,780
P41595,P31645,872
P41595,P28335,977
P41595,O60840,900
P41595,P59768,817
P41595,P30556,746
P41595,Q01668,908
P41595,Q13698,902
P41595,P28222,725
Q07955,P31942,813
Q07955,Q12874,907
Q07955,P11387,912
Q07955,P62312,828
Q07955,P52597,970
Q07955,Q15428,980
Q07955,P22626,972
Q07955,Q00987,721
Q07955,P31943,986
Q07955,P14866,945
Q07955,P23246,872
Q07955,P23921,721
Q07955,P04637,878
Q07955,Q15393,941
Q07955,P61978,966
Q07955,Q04912,849
Q07955,Q07021,814
O43674,P51970,999
O43674,O43920,999
O43674,O75306,999
O43674,O43678,999
O43674,O96000,999
O43674,P56181,999
O43674,O75251,999
O43674,O75438,999
O43674,O95168,999
O43674,O95139,999
O43674,P25788,701
O43674,O00217,999
O43674,O95299,999
O43674,P17568,999
O43674,Q86Y39,999
O43674,O15239,999
O43674,O43181,999
O43674,O95182,999
O43674,P03891,999
O43674,P03901,991
O43674,P49821,999
O43674,O75489,999
O43674,P03886,997
O43674,Q9Y6M9,999
O43674,O95167,999
O43674,P25705,829
O43674,P36542,919
O43674,O95178,998
O43674,P31930,967
O43674,Q9UI09,999
O43674,Q16795,999
O43674,P03915,999
O43674,O75964,865
O43674,P30049,901
O43674,Q16718,999
O43674,O75380,999
O43674,P56556,999
O43674,Q9NRX3,805
O43674,O95169,999
O43674,P56385,956
O43674,O43676,999
O43674,P19404,999
O43674,P28331,999
O43674,O14561,999
O43674,P48047,855
O43674,O43677,999
O43674,P03897,997
O43674,O00483,996
O43674,P03905,999
O43674,Q9P0J0,999
O43674,O95298,999
O43674,P00395,869
O43674,P03923,996
O43674,P06576,729
P02763,O15269,943
P02763,O15270,910
P02763,P02679,791
P02763,P01011,918
P02763,P01024,775
P02763,P02749,760
P02763,P02788,715
P02763,P01023,809
P02763,P10909,854
P02763,P02675,818
P02763,P02766,850
P02763,P05121,795
P02763,P41222,723
P02763,P02768,998
P02763,P02671,747
P02763,P01009,979
P02763,Q9NUV7,912
P02763,P31025,734
P02763,P02765,926
P02763,P02647,869
P02763,P02652,772
P02763,P19652,999
P02763,P25311,787
P02763,P02774,785
P02763,P08684,745
P02763,P00450,923
P02763,P02787,731
O75899,P18507,830
O75899,P47869,890
O75899,O00591,719
O75899,Q9UBS5,999
O75899,P31644,835
O75899,P47870,817
O75899,P48051,962
O75899,P43681,707
O75899,P48549,959
O75899,P18505,884
O75899,Q92806,946
O75899,P24046,738
O75899,P48169,812
O75899,Q9UN88,754
O75899,Q8N1C3,786
O75899,P59768,942
O75899,P48544,911
O75899,P78334,852
O75899,Q13224,741
O75899,O14764,815
O75899,P14867,901
O75899,Q16445,770
O75899,Q99928,774
O75899,P41180,819
O75899,Q14654,910
O75899,P01303,721
O75899,P28472,925
O75899,P30988,748
O75899,Q15822,767
O75899,P34903,804
O60603,P43405,701
O60603,P42081,805
O60603,P37840,906
O60603,P61073,894
O60603,P01375,951
O60603,P01584,969
O60603,P10809,976
O60603,P29466,809
O60603,P35225,702
O60603,P19838,992
O60603,P07900,982
O60603,P02751,917
O60603,P02749,836
O60603,P23297,755
O60603,P06702,861
O60603,P13500,790
O60603,P08238,982
O60603,P34932,992
O60603,Q04206,956
O60603,P02656,963
O60603,P05231,942
O60603,P54652,909
O60603,P10145,883
O60603,P31749,704
O60603,P00533,933
O60603,P14780,802
O60603,Q9NR96,961
O60603,P14778,867
O60603,P21796,788
O60603,P19320,723
O60603,P02768,733
O60603,P11142,953
O60603,P01579,918
O60603,Q9NR97,893
O60603,P09429,998
O60603,P06733,709
O60603,P14625,977
O60603,Q9Y6Y9,997
O60603,P35354,756
O60603,P05109,858
O60603,O00206,999
O60603,P07333,765
O60603,P04839,786
O60603,P25963,749
O95264,P28566,723
O95264,Q8TCU5,721
O95264,A5X5Y0,813
O95264,P46098,999
O95264,Q8WXA8,982
O95264,Q70Z44,986
Q9UHA3,P84098,992
Q9UHA3,P62829,994
Q9UHA3,P61313,994
Q9UHA3,P62913,996
Q9UHA3,P15880,706
Q9UHA3,Q96G91,744
Q9UHA3,P56537,995
Q9UHA3,P62750,993
Q9UHA3,P62917,994
Q9UHA3,Q9UNX3,901
Q9UHA3,P47900,744
Q9UHA3,P50579,700
Q9UHA3,P39023,989
Q9UHA3,P61927,978
Q9UHA3,Q6W5P4,943
Q9UHA3,Q96L21,898
Q9UHA3,P40429,980
Q9UHA3,P55769,836
Q6YP21,Q16881,918
Q6YP21,P17174,940
Q6YP21,Q93088,923
Q6YP21,P00505,986
Q6YP21,Q96GA7,869
Q6YP21,Q16719,982
Q6YP21,P15144,811
Q6YP21,Q99707,932
Q6YP21,P32929,955
Q6YP21,Q16773,909
Q6YP21,Q16878,907
Q6YP21,P23526,924
Q6YP21,P20132,841
Q6YP21,Q9H2M3,940
Q6YP21,Q8N5Z0,960
P11712,P08183,742
P11712,P47712,702
P11712,P05181,936
P11712,Q99735,908
P11712,P09917,955
P11712,P24462,971
P11712,O15217,916
P11712,P20815,960
P11712,P78417,915
P11712,P28161,921
P11712,P35354,936
P11712,Q9H4Y5,912
P11712,P23219,936
P11712,P10632,928
P11712,O43174,943
P11712,P00352,928
P11712,P09488,951
P11712,P16050,921
P11712,Q6V0L0,925
P11712,P33261,988
P11712,Q16772,917
P11712,P08263,947
P11712,P10620,907
P11712,Q9BQB6,980
P11712,P09210,931
P11712,O14880,907
P11712,P05177,947
P11712,P46439,908
P11712,Q9Y6L6,922
P11712,Q7RTV2,920
P11712,P10635,781
P11712,Q06278,964
P11712,P04798,964
P11712,P08684,980
P11712,P09211,951
P11712,P38435,908
P11712,Q03013,908
P11712,P21266,931
P11712,P51580,769
P11712,O75469,850
P11712,P11509,946
P11712,O60760,948
P11712,Q02928,955
P11712,P47895,923
P11712,Q14994,711
P11712,O94788,914
P02708,Q15822,726
P02708,P30532,717
P02708,Q9GZZ6,728
P02708,P30926,767
P02708,P32297,844
P02708,Q15825,759
P02708,Q05901,712
P02708,P17787,762
P02708,Q9UGM1,828
P02708,P43681,812
P06756,P20701,918
P06756,P09429,745
P06756,P08253,835
P06756,P11047,888
P06756,P04004,999
P06756,P05106,999
P06756,O15230,777
P06756,P63261,709
P06756,P19320,716
P06756,P12814,739
P06756,P49747,911
P06756,P02751,999
P06756,Q16787,789
P06756,P25391,724
P06756,P01137,994
P06756,P08514,948
P06756,P12931,946
P06756,P35968,705
P06756,P07942,787
P06756,P08648,946
P06756,P08069,892
P06756,P60709,799
Q9NPD5,O75469,811
Q9NPD5,P53004,742
Q9NPD5,Q92887,817
Q9NPD5,O95342,841
Q9NPD5,O15439,714
Q9NPD5,P08183,844
Q9NPD5,P08684,749
Q9NPD5,Q8TCC7,848
Q9NPD5,Q4U2R8,713
O60706,Q14524,761
O60706,Q09428,898
O60706,Q15842,999
O60706,Q14654,999
P30086,Q06830,729
P30086,P16050,989
P30086,P25098,943
P30086,P31946,756
P30086,P15056,851
P30086,Q02750,805
P30086,P40429,784
P30086,P32119,715
P30086,P04049,988
P30086,P00441,720
Q96EN8,Q96I15,871
Q96EN8,Q9Y697,919
Q96EN8,P00491,714
Q96EN8,Q16595,824
Q96EN8,P99999,795
Q96EN8,P32929,846
Q96EN8,Q06278,978
Q96EN8,P47989,731
P07686,P51606,903
P07686,Q9UJ70,913
P07686,P17050,943
P07686,O60502,815
Q15800,P14324,787
Q15800,Q99720,893
Q15800,P14060,716
Q15800,Q15125,740
Q15800,Q15738,997
Q15800,P04035,902
Q15800,Q14534,992
Q15800,Q9UBM7,925
Q15800,P56937,998
Q15800,P26439,717
P54578,P28065,862
P54578,P28062,831
P54578,P49721,995
P54578,P25788,991
P54578,P20618,991
P54578,P09936,825
P54578,P28074,990
P54578,Q06323,795
P54578,P55072,744
P54578,P10275,905
P54578,P17980,999
P54578,P40306,838
P54578,P46736,702
P13498,P28482,909
P13498,P04839,999
P13498,P15153,999
P13498,Q15759,703
P13498,P08253,949
P13498,P14598,999
P13498,O15264,705
P13498,P14780,941
P13498,P31749,992
P13498,P27361,937
P13498,Q9Y5S8,999
P13498,P19320,938
P13498,P12931,707
P13498,P19878,999
P13498,Q969G6,890
P13498,Q16539,724
P13498,Q05655,917
P13498,P63000,865
P13498,Q15080,999
P13498,P53778,703
P31645,P46098,726
P31645,P21397,942
P31645,P28223,961
P31645,P05091,763
P31645,P21917,978
P31645,P08908,968
P31645,P28221,921
P31645,P21728,763
P31645,P06850,763
P31645,P05106,741
P31645,P17752,950
P31645,P21964,943
P31645,P23560,922
P31645,P28335,914
P31645,P20711,756
P31645,P41595,872
P31645,P35462,787
P31645,P08913,716
P31645,P14416,910
P31645,P28222,932
P31645,P04271,725
P31645,Q05940,886
P31645,P27338,868
P05091,P30038,850
P05091,P08319,979
P05091,Q9NR19,954
P05091,P00367,874
P05091,Q05329,927
P05091,P16219,906
P05091,P40926,738
P05091,P05181,857
P05091,Q02252,961
P05091,P21397,982
P05091,P07327,975
P05091,Q16853,976
P05091,O60218,930
P05091,Q99259,933
P05091,P40394,968
P05091,P31937,939
P05091,P14550,944
P05091,P30837,945
P05091,P11766,965
P05091,Q08426,940
P05091,P46597,915
P05091,Q9NUB1,951
P05091,O75936,924
P05091,P19801,939
P05091,Q9BYV1,942
P05091,P15121,944
P05091,Q6ZQY3,923
P05091,P51648,932
P05091,P27338,975
P05091,P49448,862
P05091,P00326,989
P05091,Q02928,923
P05091,P00325,995
P05091,P80404,945
P05091,P31645,763
P30926,P17787,910
P30926,O60674,900
P30926,P36544,924
P30926,Q9UGM1,920
P30926,P43681,920
P30926,P02708,767
P30926,P30532,919
P30926,Q15822,918
P30926,P32297,998
P30926,Q15825,822
P30926,Q7Z5B4,757
P30926,Q05901,843
P49588,Q5JTZ9,910
P49588,Q9NSE4,942
P49588,P41252,980
P49588,P54577,996
P49588,P08243,840
P49588,P51659,719
P78540,P35228,970
P78540,Q03154,938
P78540,P05089,933
P78540,P00966,877
P78540,P04181,999
P78540,P29474,966
P78540,Q96A70,984
P78540,P14902,707
P78540,P29475,959
P78540,P11926,987
P78540,P04424,975
P78540,P30038,726
P09619,P06241,891
P09619,P51692,726
P09619,P01579,797
P09619,P62736,781
P09619,P00533,998
P09619,Q05209,798
P09619,P05106,727
P09619,P29597,818
P09619,P14210,855
P09619,P05113,730
P09619,P23458,921
P09619,P16234,989
P09619,P04626,874
P09619,P52333,729
P09619,P27986,999
P09619,P08700,766
P09619,P09038,953
P09619,P01308,975
P09619,P60568,757
P09619,P35225,733
P09619,P08620,893
P09619,O60674,954
P09619,P18031,708
P09619,P05230,842
P09619,P04049,742
P09619,O00329,932
P09619,P61073,707
P09619,P42336,976
P09619,O95750,768
P09619,P48736,731
P09619,P12931,999
P09619,P42338,960
P09619,P23560,761
P09619,P35968,986
P09619,P01138,773
P09619,P01133,989
P09619,P05231,894
P09619,P02751,765
P09619,P40933,715
P09619,P01137,825
Q16659,P06493,802
Q16659,P31152,838
Q16659,P05412,846
P35916,P14210,886
P35916,P17948,920
P35916,P09038,942
P35916,P33151,954
P35916,P27986,853
P35916,P04626,722
P35916,O00329,726
P35916,P42336,810
P35916,O95750,772
P35916,P05230,807
P35916,P01308,757
P35916,P08620,910
P35916,P01138,718
P35916,P01133,911
P35916,P12931,708
P35916,P42338,735
P35916,P23560,715
P35916,P35968,994
P06576,O75348,916
P06576,P27449,874
P06576,P49821,891
P06576,P21796,888
P06576,O75489,864
P06576,P25705,999
P06576,P02647,769
P06576,Q86YN6,817
P06576,P12236,815
P06576,P40926,921
P06576,P21283,768
P06576,O95670,783
P06576,P08559,791
P06576,Q15185,773
P06576,P11474,833
P06576,Q99623,712
P06576,P00846,999
P06576,O00217,737
P06576,O95299,938
P06576,Q02218,709
P06576,Q9Y5K8,842
P06576,O75306,970
P06576,Q16864,885
P06576,P10809,821
P06576,P12235,824
P06576,P15313,942
P06576,P04406,759
P06576,O43674,729
P06576,P48047,999
P06576,P36543,961
P06576,P07237,731
P06576,P05141,827
P06576,P56385,999
P06576,P28331,977
P06576,P31040,917
P06576,O95169,885
P06576,P08238,756
P06576,Q16795,950
P06576,P49411,840
P06576,O75964,999
P06576,P38606,960
P06576,P30049,999
P06576,P36542,999
P06576,P56381,999
P06576,Q9UI12,805
P06576,P31930,969
P06576,P21281,980
P06576,Q9UI09,737
P06576,P11177,755
P18846,P17612,791
P18846,P18848,847
P18846,Q92793,746
P18846,P15336,946
P18846,P16220,947
Q9UBN1,P48058,867
Q9UBN1,Q08289,793
Q9UBN1,P62955,951
Q9UBN1,O60840,930
Q9UBN1,P54289,972
Q9UBN1,Q05586,773
Q9UBN1,P21817,729
Q9UBN1,Q01668,986
Q9UBN1,Q06432,986
Q9UBN1,Q13698,918
Q9UBN1,P42263,837
Q9UBN1,Q13936,953
Q9UBN1,P42261,843
Q9UBN1,O00305,934
Q9UBN1,P46098,720
Q9UBN1,Q9UF02,844
Q9UBN1,Q14957,779
Q9UBN1,P54652,720
Q9UBN1,O43497,819
Q9UBN1,Q8TCU5,774
Q9UBN1,Q8WXS5,906
Q9UBN1,O60391,773
Q9UBN1,Q15878,933
Q9UBN1,P62942,723
Q9UBN1,Q7Z3S7,937
Q9UBN1,P42262,907
Q9UBN1,Q02641,928
Q9UBN1,O15399,787
Q9UBN1,Q9BXT2,915
Q9UBN1,Q00975,822
Q9UBN1,O95180,829
Q9UBN1,P54284,962
Q9UBN1,O60359,905
Q9UBN1,Q9Y698,734
Q9UBN1,Q13224,763
Q9UBN1,Q12879,764
Q9UBN1,Q9NY47,837
Q12809,Q13936,891
Q12809,P34932,874
Q12809,P08238,819
Q12809,Q14524,978
Q12809,P51787,983
Q12809,Q92736,746
Q12809,P22459,713
Q12809,P07900,958
Q12809,P16389,816
Q12809,P48544,791
Q12809,Q9H252,883
Q12809,Q8WWG9,857
Q12809,P22001,805
Q12809,P22460,865
Q12809,P08684,730
Q12809,Q9Y6J6,998
Q12809,Q9UK17,855
Q12809,P15382,994
Q12809,P63252,930
Q12809,Q9UJ90,830
Q12809,Q99720,722
Q12809,Q8IWT1,834
Q12809,Q03721,764
Q12809,Q08289,773
Q12809,P35499,746
Q12809,Q9NZV8,798
Q12809,P56696,752
Q12809,P17948,849
Q12809,Q9Y6H6,950
P20618,P28065,999
P20618,P28062,999
P20618,P49721,999
P20618,P25788,999
P20618,P17980,999
P20618,P40306,999
P20618,P46736,703
P20618,P54578,991
P20618,P00441,795
P20618,P28074,999
P20618,Q06323,986
O75762,Q7Z2W7,984
O75762,Q02156,950
O75762,P01042,928
O75762,Q9HBA0,720
O75762,Q8NET8,742
O75762,P01138,916
O75762,Q9Y5Y9,763
O75762,Q8NER1,991
O75762,Q8TD43,766
O75762,P30411,726
O75762,P46663,744
O75762,Q9Y5S1,898
O75762,P0DP23,767
O75762,P56373,732
O75762,Q96QT4,751
O75762,Q15858,749
Q92793,P49336,702
Q92793,Q9BY41,721
Q92793,P29590,829
Q92793,P24941,918
Q92793,P31749,854
Q92793,Q8WUI4,712
Q92793,P27361,701
Q92793,P01100,943
Q92793,P24385,986
Q92793,P05067,781
Q92793,P51692,934
Q92793,Q15596,997
Q92793,P37231,998
Q92793,Q00987,909
Q92793,P18848,987
Q92793,P25963,741
Q92793,P28482,803
Q92793,Q9UKV0,824
Q92793,Q92769,934
Q92793,P17612,835
Q92793,O15111,824
Q92793,P11362,923
Q92793,P18846,746
Q92793,Q9UJU2,961
Q92793,P10275,960
Q92793,O15379,873
Q92793,P38936,904
Q92793,P03372,993
Q92793,Q96EB6,754
Q92793,O14920,801
Q92793,Q07869,838
Q92793,Q15788,999
Q92793,P10827,706
Q92793,P19838,913
Q92793,P10415,739
Q92793,Q9UBN7,742
Q92793,P01106,945
Q92793,P09874,738
Q92793,P10828,709
Q92793,P17676,880
Q92793,Q16665,999
Q92793,P10276,889
Q92793,P56524,745
Q92793,P36956,845
Q92793,P42858,997
Q92793,Q9UQL6,812
Q92793,Q13547,960
Q92793,P16220,999
Q92793,P19793,977
Q92793,Q96DB2,761
Q92793,P15336,992
Q92793,P04150,943
Q92793,P12931,940
Q92793,Q04206,999
Q92793,P05412,994
Q92793,P04637,999
Q92793,P23560,886
P08514,P02776,789
P08514,P02671,928
P08514,P60709,937
P08514,P43405,705
P08514,P08648,729
P08514,Q9H244,778
P08514,P12931,959
P08514,P02679,917
P08514,P16109,965
P08514,P25391,801
P08514,Q16787,707
P08514,P02751,999
P08514,P49747,902
P08514,P12814,750
P08514,P02675,925
P08514,P02768,701
P08514,P63261,904
P08514,O15230,708
P08514,P05106,999
P08514,P06756,948
P08514,P04004,999
P08514,Q9H4B7,704
P08514,P11047,708
P08514,P00734,736
P08514,P10721,727
P08514,P14770,980
P08514,P07359,967
P55011,P13569,816
P55011,P51787,950
P55011,O60266,914
P55011,O60503,907
P55011,P17612,939
O15269,P02763,943
O15269,P78330,835
O15269,Q16739,850
O15269,O15270,999
O15269,Q9NRA0,800
O15269,P34896,848
O15269,P20132,844
O15269,O95477,871
O15269,O95470,705
O15269,P34897,846
O15269,P21549,877
O15269,Q9GZT4,833
O15269,Q9NUV7,998
O15269,P17405,816
O15269,Q96GA7,838
P62917,Q9UNX3,998
P62917,P60842,708
P62917,P15880,999
P62917,P48047,746
P62917,P56537,995
P62917,P68104,986
P62917,P62750,999
P62917,P51843,724
P62917,P08238,739
P62917,P49411,979
P62917,P62913,999
P62917,P30049,728
P62917,P07437,833
P62917,P84098,999
P62917,P36542,787
P62917,P62829,999
P62917,P61313,999
P62917,P63244,999
P62917,P08865,999
P62917,P25705,837
P62917,Q96L21,997
P62917,P40429,999
P62917,P55769,752
P62917,Q6W5P4,949
P62917,P00846,730
P62917,Q9UHA3,994
P62917,P39023,999
P62917,P61927,999
P62917,P55263,802
P62917,P50579,777
P62917,P14618,724
P20648,P08684,738
P20648,P10635,714
P20648,P15313,927
P20648,Q9HBG4,908
P20648,Q93050,893
P20648,Q13488,927
P20648,Q8NHE4,794
P20648,P25021,880
P20648,P00918,797
P20648,P02768,776
P20648,P27449,860
P20648,Q9Y487,838
P20648,Q9Y5K8,830
P20648,P33261,948
P20648,P12821,771
Q06830,P10599,990
Q06830,P07900,753
Q06830,P32119,873
Q06830,P08238,801
Q06830,P04637,723
Q06830,Q8TED1,785
Q06830,O75715,771
Q06830,P09211,787
Q06830,P30044,981
Q06830,P04406,812
Q06830,P18283,796
Q06830,P01106,766
Q06830,Q16881,795
Q06830,P59796,768
Q06830,P23528,704
Q06830,P00441,876
Q06830,Q00535,805
Q06830,P30086,729
Q06830,P06733,724
Q06830,Q99497,717
Q06830,P00519,927
Q06830,Q96SL4,792
Q06830,P22352,794
Q06830,P00390,703
Q06830,P11142,812
P56696,Q14500,934
P56696,Q8WWG9,966
P56696,P48050,936
P56696,O43525,956
P56696,P51787,947
P56696,Q9Y6H6,846
P56696,Q9NR82,975
P56696,O43526,941
P56696,Q9UNX9,917
P56696,Q12809,752
P56696,P63252,925
P56696,P15382,879
P56696,P0DP23,972
P36507,P28482,999
P36507,P31946,943
P36507,P17612,915
P36507,Q15759,947
P36507,P67775,955
P36507,P45983,924
P36507,P10398,996
P36507,P29597,711
P36507,Q02750,996
P36507,P15056,998
P36507,O15264,947
P36507,P27361,990
P36507,P45984,924
P36507,P62714,921
P36507,P49841,935
P36507,P12931,716
P36507,P04049,996
P36507,P62258,704
P36507,Q16539,951
P36507,P27348,713
P36507,Q05655,924
P36507,P53778,949
P27361,P18848,750
P27361,P67775,971
P27361,P29475,936
P27361,P13498,937
P27361,P05129,913
P27361,P09038,888
P27361,P09429,739
P27361,P01579,846
P27361,P14555,738
P27361,P49585,911
P27361,P47712,956
P27361,P01100,994
P27361,P24385,744
P27361,O75116,924
P27361,P51692,800
P27361,P19320,713
P27361,P51812,984
P27361,O15264,942
P27361,P14780,741
P27361,P31749,957
P27361,P15056,960
P27361,P01138,743
P27361,P12931,944
P27361,P99999,788
P27361,P04637,994
P27361,P08238,818
P27361,P62714,925
P27361,Q16665,969
P27361,P07900,823
P27361,Q05655,935
P27361,P60709,844
P27361,Q16539,989
P27361,P19838,881
P27361,P42574,985
P27361,P01308,813
P27361,P53778,911
P27361,Q9Y5K3,905
P27361,P09874,758
P27361,Q15080,938
P27361,P01584,860
P27361,P01375,922
P27361,P04049,962
P27361,P18031,706
P27361,P19878,935
P27361,Q92731,955
P27361,P15153,950
P27361,P25963,732
P27361,P29350,938
P27361,P28482,994
P27361,P04839,955
P27361,P14598,965
P27361,O00206,824
P27361,P07948,832
P27361,P05023,942
P27361,Q15759,910
P27361,P35354,855
P27361,P17612,959
P27361,Q92793,701
P27361,Q9NRA0,945
P27361,P55211,883
P27361,P17252,956
P27361,Q05513,926
P27361,P05067,753
P27361,Q02750,999
P27361,P19634,946
P27361,P42345,762
P27361,P05106,758
P27361,P15336,903
P27361,P01133,841
P27361,P05231,905
P27361,P23560,942
P27361,P05412,987
P27361,P17676,947
P27361,P13500,747
P27361,P36507,990
P27361,P02751,829
P27361,P16220,987
P27361,P01137,721
P27361,P17302,947
P27361,Q14790,709
P27361,P05771,949
P27361,P04406,832
P27361,P10415,985
P27361,Q9UBN7,718
P27361,Q13464,927
P27361,P01019,706
P27361,P10828,916
P27361,P08620,734
P27361,P01106,986
P27361,O95644,947
P27361,P10636,968
P27361,O60674,783
P27361,P03372,981
P27361,P22455,713
P45381,Q04609,934
P45381,Q03154,981
P45381,P49448,801
P45381,P00966,916
P45381,Q6ZQY3,811
P45381,P00505,902
P45381,P17174,915
P45381,P08243,908
P45381,Q99259,822
P45381,Q05329,822
P45381,P00367,815
P45381,P30038,801
P45381,P27708,900
O14939,P84077,991
O14939,P47712,788
O14939,P14555,707
O14939,P52429,768
O14939,Q13393,906
O14939,O75912,743
O14939,Q5KSL6,727
O14939,Q16760,713
O14939,P23743,805
O14939,P15153,939
O14939,P52824,825
O14939,Q9NRA0,931
O14939,P49619,753
O14939,P17252,952
O14939,Q13574,801
O14939,P12931,844
O14939,Q9Y6T7,732
O14939,O60733,733
O14939,Q86XP1,718
P04217,P01009,735
P04217,P02765,849
Q04759,P06241,828
Q04759,P45984,910
Q04759,P06239,940
Q04759,P45983,913
Q04759,P29350,948
Q04759,O15530,905
Q04759,Q02156,907
Q04759,Q05655,935
Q04759,P19838,953
Q04759,P05771,915
Q04759,P42574,782
Q04759,O14920,981
Q04759,O15111,969
Q04759,Q9HBA0,902
Q04759,Q04206,934
O75936,P49189,954
O75936,P51648,921
O75936,P49419,921
O75936,P30837,922
O75936,P05091,924
O15399,O60391,996
O15399,Q8TCU5,998
O15399,Q93086,908
O15399,Q16478,710
O15399,Q9Y698,795
O15399,P78352,976
O15399,P62955,795
O15399,Q99572,902
O15399,Q9UF02,751
O15399,P42263,799
O15399,Q8WXS5,778
O15399,Q9UBN1,787
O15399,Q16099,791
O15399,Q99571,902
O15399,O15547,915
O15399,P51575,913
O15399,O60359,748
O15399,Q13224,998
O15399,Q12879,998
O15399,P42262,800
O15399,P29475,945
O15399,P48058,864
O15399,Q05586,999
O15399,Q14957,998
O15399,P46098,780
O15399,P17612,713
O15399,P0DP23,755
O15399,P04156,779
O15399,P56373,913
O15399,P42261,816
P18858,P49916,785
P18858,P39748,999
P18858,P12004,999
P18858,P09884,761
P18858,P09874,703
P18858,P78527,718
P18858,P56282,841
P18858,P06746,996
P18858,Q07864,931
P56373,P47900,706
P56373,O15399,913
P56373,P51575,991
P56373,O15547,993
P56373,Q12879,917
P56373,Q96G91,758
P56373,Q99571,991
P56373,Q93086,986
P56373,O75762,732
P56373,Q9UBL9,992
P56373,P51582,778
P56373,Q14957,909
P56373,Q8NER1,897
P56373,Q05586,921
P56373,Q99572,979
P56373,P41231,788
P14679,P05771,922
P14679,P20711,962
P14679,P07101,963
P14679,P00505,912
P14679,P17174,904
P14679,P02749,778
P14679,P01189,777
P14679,P00439,938
P14679,P07202,946
P14679,P17735,912
P01584,Q14790,943
P01584,P01137,932
P01584,P02751,869
P01584,P40933,872
P01584,P07900,800
P01584,P35228,803
P01584,P98066,752
P01584,P05164,860
P01584,Q16665,771
P01584,P21462,714
P01584,O60603,969
P01584,P13500,970
P01584,P08238,718
P01584,P23560,844
P01584,P04637,718
P01584,P05412,987
P01584,P02649,846
P01584,P34932,776
P01584,Q04206,990
P01584,P05305,803
P01584,Q9NYK1,865
P01584,P16109,746
P01584,P05089,800
P01584,P05231,996
P01584,P01133,762
P01584,P01138,728
P01584,P18847,709
P01584,Q07869,711
P01584,O14920,865
P01584,Q96EB6,719
P01584,P03372,820
P01584,P42081,863
P01584,P18031,708
P01584,O60674,806
P01584,Q8TED1,760
P01584,P25024,879
P01584,O75715,743
P01584,O15111,833
P01584,P01375,998
P01584,P61073,838
P01584,P01106,778
P01584,P14902,748
P01584,P29466,999
P01584,P01019,731
P01584,P35225,953
P01584,P18283,754
P01584,P60568,999
P01584,P01308,896
P01584,P59796,743
P01584,P10415,808
P01584,P42574,899
P01584,P04406,872
P01584,Q16539,782
P01584,P60709,847
P01584,P19838,996
P01584,P01023,984
P01584,P24298,774
P01584,P08758,716
P01584,Q9NR97,746
P01584,P09429,970
P01584,P09038,896
P01584,P55211,826
P01584,P11021,731
P01584,P05121,746
P01584,Q9BYF1,764
P01584,P37231,858
P01584,P08700,977
P01584,P80511,762
P01584,Q9Y6Y9,723
P01584,P35354,974
P01584,P07948,763
P01584,P09601,817
P01584,P08253,745
P01584,O00206,986
P01584,P45983,845
P01584,P23219,748
P01584,P04839,746
P01584,P19525,704
P01584,P25963,945
P01584,Q96SL4,755
P01584,P10145,994
P01584,Q9NZQ7,735
P01584,P22352,742
P01584,P00533,873
P01584,O14788,854
P01584,P31749,864
P01584,Q9NR96,975
P01584,P06850,738
P01584,P00749,765
P01584,P14780,949
P01584,P05113,998
P01584,P16581,804
P01584,P14778,999
P01584,P19320,830
P01584,P02768,836
P01584,P05067,828
P01584,P01100,894
P01584,P27361,860
P01584,Q00653,771
P01584,P01579,998
P01584,Q13224,773
P30043,Q9UI09,813
P30043,Q16718,791
P30043,P56556,777
P30043,O75380,762
P30043,O95169,786
P30043,O43676,719
P30043,P28331,803
P30043,O14561,707
P30043,P19404,818
P30043,P22557,757
P30043,Q969G6,913
P30043,P03897,714
P30043,P03905,714
P30043,Q9P0J0,772
P30043,P51970,828
P30043,O75306,824
P30043,O43678,782
P30043,P30519,951
P30043,O96000,783
P30043,O75251,723
P30043,P53004,993
P30043,O00217,840
P30043,P09601,952
P30043,P17568,787
P30043,O43181,803
P30043,P49821,842
P30043,P03886,710
P30043,O75489,876
P30043,O95167,704
P30043,Q9Y6M9,797
P02748,P02671,731
P02748,P12235,730
P02748,P10415,750
P02748,P05156,707
P02748,P05141,730
P02748,P02649,817
P02748,P30405,900
P02748,P01031,999
P02748,P07358,989
P02748,P07360,990
P02748,P01008,735
P02748,P02675,702
P02748,P21796,900
P02748,P07357,997
P02748,P04004,957
P02748,P10909,797
P02748,P00747,757
P05129,P42574,921
P05129,Q01959,905
P05129,Q96KS0,901
P05129,P05771,946
P05129,P51828,713
P05129,Q9HBA0,911
P05129,O00555,980
P05129,P04049,903
P05129,Q9H2S1,913
P05129,Q15139,906
P05129,Q15904,900
P05129,Q14573,918
P05129,Q92952,917
P05129,Q13936,916
P05129,Q9GZT9,901
P05129,Q01668,943
P05129,P62714,907
P05129,O60733,900
P05129,O60840,908
P05129,Q14571,909
P05129,P59768,716
P05129,P62955,843
P05129,P16220,758
P05129,P47712,717
P05129,P01100,938
P05129,P27361,913
P05129,Q9H6Z9,901
P05129,P42262,720
P05129,O15554,922
P05129,P40145,736
P05129,Q08828,736
P05129,Q8WXS5,795
P05129,P10398,902
P05129,Q14643,954
P05129,P15056,943
P05129,P19634,901
P05129,P42345,921
P05129,Q9UGI6,911
P05129,P28482,911
P05129,P07948,903
P05129,O95622,722
P05129,P67775,914
P05129,P14598,903
P05129,Q13698,908
P05129,O60503,723
P05129,Q9NRA0,900
P05129,Q08462,726
P05129,P48058,825
P05129,P17252,984
Q16720,O95180,713
Q16720,P0DP23,751
Q16720,P17612,932
Q16720,Q01668,829
Q16720,P48544,878
P13674,Q96C36,908
P13674,Q02809,881
P13674,P30101,719
P13674,P32322,914
P13674,P07237,993
P13674,Q32P28,774
P13674,O00469,853
P13674,Q8IVL5,787
P13674,Q9GZT9,751
P13674,Q16665,716
P31025,P05090,908
P31025,P41222,764
P31025,P07360,799
P31025,P09466,844
P31025,P02753,702
P31025,P02788,923
P31025,P02763,734
P16109,P16581,937
P16109,P05106,928
P16109,P10145,898
P16109,P19320,963
P16109,P02768,720
P16109,P02775,887
P16109,P07204,743
P16109,P20701,760
P16109,P01024,991
P16109,P07359,999
P16109,P09429,788
P16109,P08758,744
P16109,P14770,770
P16109,O00206,885
P16109,Q9H244,827
P16109,P01584,746
P16109,P01375,741
P16109,P02776,921
P16109,P13500,710
P16109,P00750,783
P16109,P02751,778
P16109,P08514,965
P16109,P05231,827
P29074,Q12879,979
P29074,Q03393,853
P29074,Q96RJ0,761
P29074,P53778,736
O75489,P03891,999
O75489,Q96I99,731
O75489,P21796,763
O75489,P03886,999
O75489,P49821,999
O75489,P03901,999
O75489,P25705,932
O75489,O95167,999
O75489,Q9Y6M9,999
O75489,O15239,999
O75489,Q86Y39,999
O75489,P17568,999
O75489,O00142,714
O75489,P00846,805
O75489,O43181,999
O75489,P08559,730
O75489,O95182,999
O75489,O75438,998
O75489,O75251,999
O75489,O95168,999
O75489,O95139,999
O75489,P09622,784
O75489,O95299,999
O75489,O00217,999
O75489,P51970,999
O75489,P30043,876
O75489,O43678,999
O75489,O43920,999
O75489,O75306,999
O75489,O96000,999
O75489,P56181,999
O75489,P03905,999
O75489,O00483,989
O75489,P03897,999
O75489,O43674,999
O75489,Q9P0J0,999
O75489,O95298,999
O75489,P00395,993
O75489,P27707,714
O75489,P06576,864
O75489,P03923,999
O75489,O43676,999
O75489,P37840,725
O75489,P15531,707
O75489,P56385,840
O75489,O14561,999
O75489,P28331,999
O75489,P19404,999
O75489,P48047,958
O75489,O43677,997
O75489,P03915,999
O75489,Q16795,999
O75489,Q16718,999
O75489,P30049,957
O75489,O95169,999
O75489,Q9NRX3,726
O75489,P56556,999
O75489,O75380,999
O75489,P31040,992
O75489,O95178,996
O75489,P36542,981
O75489,Q9UI09,999
O75489,P11177,823
O75489,P31930,995
P35968,P35916,994
P35968,P09038,998
P35968,P33151,999
P35968,P27986,943
P35968,P29350,972
P35968,P23458,947
P35968,P04004,760
P35968,P14210,966
P35968,P14780,811
P35968,P06756,705
P35968,P00533,805
P35968,P31749,715
P35968,P10145,728
P35968,P35625,967
P35968,P17948,994
P35968,P05106,979
P35968,P06241,807
P35968,Q02763,744
P35968,P13500,758
P35968,Q16665,785
P35968,P02751,793
P35968,P07900,954
P35968,P09619,986
P35968,P01137,734
P35968,P01138,876
P35968,P01133,928
P35968,P05305,716
P35968,P42338,932
P35968,P12931,998
P35968,P04637,730
P35968,P08238,879
P35968,P23560,795
P35968,O00329,928
P35968,P42336,975
P35968,O95750,806
P35968,P29474,716
P35968,O60674,926
P35968,P18031,938
P35968,P05230,919
P35968,P08581,851
P35968,P01308,850
P35968,P08620,932
P35968,P01106,723
P42336,Q05655,918
P42336,P08069,978
P42336,P63104,759
P42336,P08922,735
P42336,P10827,901
P42336,O15530,976
P42336,P08631,723
P42336,P10828,908
P42336,P11802,709
P42336,P01106,740
P42336,P63000,747
P42336,P04049,972
P42336,O00329,998
P42336,P11362,977
P42336,P48736,997
P42336,O60674,980
P42336,P09769,716
P42336,Q06187,946
P42336,P03372,941
P42336,P08581,961
P42336,P43405,935
P42336,P22455,837
P42336,P01133,746
P42336,P22607,965
P42336,P12931,984
P42336,P42338,998
P42336,P04637,941
P42336,P35968,975
P42336,P06401,961
P42336,Q9UM73,979
P42336,P07900,837
P42336,P09619,976
P42336,P59768,758
P42336,Q15303,970
P42336,Q05513,925
P42336,P24385,704
P42336,P06241,951
P42336,P41743,952
P42336,Q08881,924
P42336,Q02750,844
P42336,P29597,726
P42336,P06239,777
P42336,P06213,947
P42336,P00533,999
P42336,P31749,998
P42336,P42345,963
P42336,P17948,887
P42336,P15056,947
P42336,P15153,947
P42336,P52333,967
P42336,P29350,920
P42336,P28482,822
P42336,P10721,986
P42336,P07333,821
P42336,P07949,891
P42336,P00519,763
P42336,P23458,969
P42336,O00206,928
P42336,P16234,990
P42336,P07948,935
P42336,P04626,992
P42336,P21802,908
P42336,P35916,810
P42336,P09038,714
P42336,P04629,960
P42336,P27986,999
P42336,P36888,958
P19634,Q13464,966
P19634,Q02156,903
P19634,P05771,911
P19634,P34932,759
P19634,O75116,916
P19634,P00918,954
P19634,P27361,946
P19634,P31749,749
P19634,P16615,798
P19634,P05023,821
P19634,P17612,940
P19634,P0DP23,991
P19634,P28482,921
P19634,P17252,916
P19634,P05129,901
Q16760,Q96PD7,725
Q16760,O14939,713
P04350,P60709,801
P04350,P10636,953
P04350,Q71U36,979
P04350,P68366,983
P04350,Q9NY65,965
P04350,Q13885,785
P04350,P53350,840
P04350,P17302,940
P04350,Q13509,703
P04350,P11142,713
P04350,P42345,994
P04350,P68371,883
P04350,P68363,977
P04350,Q9BQE3,978
P15336,P17544,825
P15336,P60709,800
P15336,Q16539,998
P15336,P53778,958
P15336,P18846,946
P15336,P18847,758
P15336,Q9Y230,878
P15336,P05412,999
P15336,Q8WYK2,810
P15336,P04637,805
P15336,P16220,986
P15336,P01100,990
P15336,P27361,903
P15336,Q9P2N6,728
P15336,P45984,972
P15336,P24385,744
P15336,P31749,799
P15336,O15264,979
P15336,P18848,932
P15336,P28482,973
P15336,P45983,998
P15336,P17612,777
P15336,Q15759,993
P15336,Q92793,992
P15336,P17252,708
Q16719,P04040,914
Q16719,Q14534,818
Q16719,P14902,983
Q16719,Q15274,866
Q16719,Q16773,986
Q16719,Q6YP21,982
Q16719,Q8N5Z0,980
Q06203,P22102,999
Q06203,P11586,900
Q06203,P12268,839
Q06203,P04818,712
Q06203,P34896,887
Q06203,Q02127,711
Q06203,P27708,991
Q06203,P34897,863
Q06203,P20839,794
Q06203,P23378,716
Q06203,P32929,728
Q06203,P13995,726
Q06203,P31939,995
Q06203,P00492,711
P48169,Q15111,909
P48169,P18505,930
P48169,P47869,782
P48169,P47870,756
P48169,P28472,969
P48169,O14764,973
P48169,Q8N1C3,794
P48169,Q9UBS5,737
P48169,P18507,929
P48169,O75899,812
Q02880,P09874,724
Q02880,P11388,973
Q02880,Q969P6,973
Q02880,P10275,774
Q02880,P11387,981
P62258,P04637,900
P62258,P08238,817
P62258,P55072,726
P62258,P49674,909
P62258,Q9UQL6,803
P62258,P07900,788
P62258,P56524,851
P62258,P53350,834
P62258,P36507,704
P62258,P23528,723
P62258,P63104,998
P62258,P27348,984
P62258,P04406,733
P62258,P42574,710
P62258,P04049,991
P62258,P10636,836
P62258,P00519,718
P62258,P31946,979
P62258,P06733,702
P62258,Q00535,706
P62258,P11142,735
P62258,P21796,765
P62258,Q04917,948
P62258,P15056,994
P62258,Q02750,836
P62258,P10398,968
P62258,P68371,737
P06276,P02768,912
P06276,P05067,727
P06276,P27169,799
P06276,P24298,829
P06276,O43451,776
P06276,P28329,871
P06276,P14410,776
P06276,P21397,762
P06276,P00734,706
P06276,P27338,809
P06276,P10636,712
P06276,P02649,835
P14410,P27487,887
P14410,O43451,909
P14410,P16233,728
P14410,P10253,943
P14410,P43220,790
P14410,P06276,776
P14410,P31639,810
P14410,P04746,993
P14410,P22303,790
P14410,P01308,885
P14410,Q8TET4,920
P48167,O75311,953
P48167,P23415,812
P09038,P17948,993
P09038,P01189,818
P09038,P10145,857
P09038,P31749,926
P09038,P00533,957
P09038,P06213,716
P09038,P14780,919
P09038,P14210,955
P09038,P04004,852
P09038,P02768,842
P09038,Q15303,871
P09038,P27361,888
P09038,P36888,881
P09038,P04629,959
P09038,P05121,741
P09038,P35916,942
P09038,P21802,999
P09038,P04626,857
P09038,P35354,790
P09038,P12644,873
P09038,P16234,982
P09038,P08253,802
P09038,P07333,821
P09038,P10721,885
P09038,P28482,780
P09038,P22455,999
P09038,P08581,905
P09038,P05230,962
P09038,P34741,884
P09038,P42336,714
P09038,P11362,999
P09038,P61073,795
P09038,P01375,732
P09038,P01584,896
P09038,P01106,708
P09038,P04271,986
P09038,P35225,717
P09038,P60568,740
P09038,P01308,842
P09038,P04406,746
P09038,P60709,725
P09038,P51858,767
P09038,P08069,900
P09038,P01137,982
P09038,P09619,953
P09038,P02751,965
P09038,P98066,771
P09038,Q16665,727
P09038,Q16620,908
P09038,P26447,869
P09038,P13500,732
P09038,Q02763,941
P09038,P35968,998
P09038,P23560,840
P09038,P04637,754
P09038,P29317,773
P09038,P05305,762
P09038,P22607,999
P09038,P05231,882
P09038,P01133,969
P09038,P01138,869
P56524,P24385,920
P56524,Q04917,769
P56524,Q9UBC3,702
P56524,Q9UKV0,715
P56524,P0DP23,741
P56524,Q92769,827
P56524,P31946,823
P56524,P37231,800
P56524,Q92793,745
P56524,P27348,894
P56524,P63104,838
P56524,P62258,851
P56524,Q96EB6,900
P56524,O15379,924
P56524,P08238,962
P56524,P26358,759
P56524,P62807,728
P56524,P07900,975
P56524,Q13547,781
P56524,Q9UQL6,973
P56524,Q16665,955
P56524,P10276,742
P00450,P02765,776
P00450,O00244,723
P00450,P05164,965
P00450,P02766,827
P00450,P19652,908
P00450,P02787,835
P00450,Q16595,945
P00450,P40429,746
P00450,P02768,936
P00450,P01009,944
P00450,P02788,971
P00450,P30519,917
P00450,P01023,889
P00450,P10909,794
P00450,P01024,751
P00450,P09601,942
P00450,P00734,703
P00450,P01011,822
P00450,P02763,923
P10827,P63261,903
P10827,Q15596,868
P10827,P27986,956
P10827,Q92793,706
P10827,P10828,938
P10827,Q15788,969
P10827,P60709,920
P10827,O00329,900
P10827,P42336,901
P10827,O15379,851
P10827,P42338,900
P10827,P19793,967
Q93050,Q16864,999
Q93050,P15313,999
Q93050,Q9HBG4,937
Q93050,P48047,847
Q93050,Q15904,999
Q93050,P36543,999
Q93050,Q96A05,995
Q93050,Q8NHE4,958
Q93050,P38606,999
Q93050,P20648,893
Q93050,Q96LB4,950
Q93050,P21281,998
Q93050,Q13488,960
Q93050,Q8NEY4,973
Q93050,Q9UI12,999
Q93050,P61421,999
Q93050,O75348,997
Q93050,P27449,999
Q93050,Q99437,999
Q93050,Q8N8Y2,999
Q93050,P21283,999
Q93050,O95670,997
Q93050,O15342,995
Q93050,P00846,837
Q93050,Q9Y487,977
Q93050,Q9Y5K8,999
Q13423,O43837,814
Q13423,Q10588,909
Q13423,Q9NXA8,921
Q13423,P50213,726
Q13423,Q96EB6,917
P03952,P05546,701
P03952,P00748,972
P03952,P01008,767
P03952,P05155,996
P03952,P08697,823
P03952,P10275,732
P03952,P01042,999
P03952,P00734,710
P03952,P01024,742
P03952,P00747,936
P03952,P01023,957
P03952,P00742,725
P03952,P08603,789
P03952,P04070,707
P03952,P00740,706
P27708,P08243,945
P27708,P22102,877
P27708,Q99259,836
P27708,P04424,733
P27708,Q02127,994
P27708,Q12882,840
P27708,Q05329,834
P27708,Q06203,991
P27708,P00966,994
P27708,Q6ZQY3,828
P27708,P00505,931
P27708,P17174,925
P27708,P01106,710
P27708,P45381,900
Q9Y6K1,Q13547,997
Q9Y6K1,P10276,715
Q9Y6K1,P04637,835
Q9Y6K1,O14717,926
Q9Y6K1,P26358,999
Q9Y6K1,P01106,991
Q9Y6K1,P31153,931
Q9Y6K1,P45973,875
Q9Y6K1,P36888,851
Q9Y6K1,Q00266,924
Q9Y6K1,Q92769,970
Q9Y6K1,Q9UBC3,998
Q9Y6K1,Q99623,784
Q9Y6K1,P24385,708
Q9Y6K1,P23526,937
Q9H2S1,P0DP23,995
Q9H2S1,Q9UGI6,931
Q9H2S1,Q92952,932
Q9H2S1,Q86W47,964
Q9H2S1,Q12791,969
Q9H2S1,P17252,907
Q9H2S1,Q01668,813
Q9H2S1,Q16558,941
Q9H2S1,P05129,913
Q9H2S1,Q9NZV8,942
Q9H2S1,O15554,922
Q9H2S1,Q9Y691,919
Q9H2S1,P05771,907
Q9H2S1,Q9NPA1,928
Q8TCG2,P27986,916
O95263,P27707,900
O95263,P51828,703
O95263,Q8NFM4,705
O95263,O60658,937
O95263,P40145,705
O95263,O95622,740
O95263,P55263,907
O95263,P10644,843
O95263,P49419,757
P31040,O75251,988
P31040,Q02218,955
P31040,P10515,852
P31040,O00217,999
P31040,O95299,793
P31040,P51553,726
P31040,P09622,815
P31040,P00558,733
P31040,Q04760,754
P31040,P51970,813
P31040,O75306,998
P31040,O43678,856
P31040,P24298,916
P31040,P03891,865
P31040,Q12874,879
P31040,Q8TD30,912
P31040,Q96I99,997
P31040,O43837,824
P31040,P00338,726
P31040,P40429,818
P31040,P49821,999
P31040,P03886,949
P31040,P21796,769
P31040,O75489,992
P31040,P25705,972
P31040,Q16595,800
P31040,P00846,743
P31040,O43181,877
P31040,P40926,905
P31040,P04424,860
P31040,P08559,876
P31040,Q16795,982
P31040,P03915,881
P31040,P49411,734
P31040,O75964,705
P31040,Q16718,793
P31040,P30049,863
P31040,P56556,766
P31040,Q15274,920
P31040,O75380,840
P31040,P99999,930
P31040,O95169,964
P31040,P42765,753
P31040,P36542,750
P31040,P24752,762
P31040,P31930,968
P31040,P42858,920
P31040,Q9UI09,773
P31040,P11177,731
P31040,P03897,937
P31040,P03905,922
P31040,P00492,724
P31040,P04406,789
P31040,Q9Y4W6,779
P31040,Q9P0J0,768
P31040,P63104,822
P31040,P10809,775
P31040,P00395,982
P31040,P00505,981
P31040,P17174,961
P31040,P06576,917
P31040,P50213,819
P31040,O43252,860
P31040,P28331,995
P31040,P19404,984
P31040,P16930,854
O75340,Q14145,734
Q10588,Q9NXA8,927
Q10588,Q13423,909
Q10588,P40261,931
Q10588,Q96EB6,937
Q10588,P00491,930
P49619,O14939,753
Q9UJU2,P01106,893
Q9UJU2,P49841,824
Q9UJU2,Q13547,966
Q9UJU2,P24385,930
Q9UJU2,P14923,971
Q9UJU2,P12644,834
Q9UJU2,Q92793,961
P01133,P09038,969
P01133,P35916,911
P01133,P36888,860
P01133,P27986,911
P01133,P04629,997
P01133,P28482,789
P01133,P10721,973
P01133,P00736,705
P01133,P21802,936
P01133,P04626,999
P01133,P16234,987
P01133,P07333,811
P01133,P48551,701
P01133,P45983,719
P01133,O14746,709
P01133,P04004,812
P01133,P14210,844
P01133,Q05209,808
P01133,P17948,902
P01133,P10145,717
P01133,P00533,999
P01133,P31749,933
P01133,P06213,968
P01133,P14780,741
P01133,P00749,860
P01133,Q15303,999
P01133,P01100,788
P01133,P27361,841
P01133,P17181,709
P01133,P01579,781
P01133,P02768,889
P01133,Q13882,780
P01133,P24385,731
P01133,P06241,787
P01133,P06401,736
P01133,P00750,762
P01133,Q16665,785
P01133,Q99062,702
P01133,P26447,862
P01133,Q16620,884
P01133,Q02763,897
P01133,P09619,989
P01133,P01137,904
P01133,P02751,960
P01133,P07900,760
P01133,P22607,902
P01133,P05231,890
P01133,P01138,866
P01133,P04637,780
P01133,P23560,798
P01133,P35968,928
P01133,P05412,890
P01133,P29317,802
P01133,P05305,795
P01133,P12931,922
P01133,P10275,743
P01133,P11362,926
P01133,P42336,746
P01133,O95750,721
P01133,P01584,762
P01133,P01375,793
P01133,P61073,825
P01133,P07237,938
P01133,P22455,780
P01133,P03372,802
P01133,P08581,945
P01133,P05230,841
P01133,P42574,801
P01133,P04406,783
P01133,P60709,778
P01133,P08069,997
P01133,P15502,724
P01133,P41240,707
P01133,P08620,989
P01133,P01106,836
P01133,P60568,814
P01133,P01308,995
O43252,P68104,921
O43252,P31040,860
P31937,P49189,939
P31937,P80404,938
P31937,Q9BYV1,941
P31937,Q6NVY1,998
P31937,Q06278,903
P31937,P51648,929
P31937,Q9NUB1,829
P31937,P05091,939
P31937,Q08426,942
P31937,P49419,927
P31937,P30837,941
P31937,Q9NR19,833
P31937,Q02252,996
P31937,P16219,884
P06746,P09874,996
P06746,Q96FI4,957
P06746,P04637,838
P06746,P39748,987
P06746,P12004,802
P06746,P49916,999
P06746,Q07864,838
P06746,P18858,996
P06746,Q969S2,863
P06746,Q9UGN5,995
P30044,Q06830,981
P30044,Q99497,772
P30044,P00390,787
P30044,P32119,960
P30044,P36969,742
P30044,P30041,832
P30044,P10599,981
P30044,Q16881,766
P30044,P00441,912
Q14181,Q9NRF9,970
Q14181,Q07864,993
Q14181,P56282,991
Q14181,P09884,999
Q14181,P39748,802
Q14181,P12004,929
Q14181,Q9NR33,965
Q14181,P23921,735
P51788,P35498,718
P51788,O00305,801
P51788,Q07699,709
P51788,O14764,776
P51788,P14867,876
P51788,O95180,894
P51788,Q9NPA1,796
P51788,P18507,892
P50416,P49327,809
P50416,O43772,926
P50416,P37231,806
P50416,Q07869,920
P50416,P40939,812
P50416,P33121,975
P50416,O60488,954
P50416,P23786,963
P50416,P36956,813
P50416,P42765,784
Q13488,Q9Y5K8,994
Q13488,Q9Y487,950
Q13488,P00846,763
Q13488,O15342,835
Q13488,P21283,969
Q13488,O95670,956
Q13488,O14788,752
Q13488,Q8N8Y2,999
Q13488,Q99437,996
Q13488,O75348,921
Q13488,P00918,871
Q13488,P27449,998
Q13488,P61421,998
Q13488,Q9UI12,993
Q13488,Q8NEY4,947
Q13488,P21281,988
Q13488,Q96LB4,924
Q13488,P20648,927
Q13488,P38606,984
Q13488,Q8NHE4,840
Q13488,Q96A05,985
Q13488,P36543,993
Q13488,Q15904,991
Q13488,Q93050,960
Q13488,Q9HBG4,940
Q13488,P15313,998
Q13488,Q16864,995
P31323,P51828,719
P31323,P53350,812
P31323,P40145,728
P31323,Q08828,718
P31323,O95622,781
P31323,P17612,999
P31323,P11137,780
P31323,P10644,954
P31323,O43306,734
P31323,O60503,755
Q00534,P38936,999
Q00534,P01106,788
Q00534,P11802,999
Q00534,P10415,712
Q00534,P12004,981
Q00534,P50613,746
Q00534,P61024,832
Q00534,P05412,787
Q00534,P08238,711
Q00534,P04637,808
Q00534,P24941,998
Q00534,P24385,999
P24752,Q96I99,867
P24752,Q9NR19,960
P24752,P45954,968
P24752,P16219,967
P24752,Q02252,938
P24752,P10515,949
P24752,Q08426,978
P24752,Q9NUB1,964
P24752,P04035,780
P24752,P40939,994
P24752,Q6NVY1,751
P24752,Q16836,935
P24752,P31040,762
P24752,P42765,963
P24752,O95749,735
P24752,Q02338,746
P31942,P22626,968
P31942,P52597,865
P31942,Q07955,813
P31942,P14866,753
P31942,P31943,960
P31942,P61978,809
Q14534,Q9UBM7,983
Q14534,Q16647,729
Q14534,P56937,854
Q14534,P26439,803
Q14534,P02766,721
Q14534,O95749,787
Q14534,P36956,822
Q14534,P04035,973
Q14534,Q15800,992
Q14534,Q16719,818
Q14534,Q99720,974
Q14534,P14060,810
Q14534,Q15738,982
Q14534,P49327,730
Q14534,P14324,942
P48547,Q13303,891
P48547,Q96PR1,763
P48547,P07864,774
P48547,Q14003,786
P48547,Q03721,910
P48547,Q14722,907
Q14624,P61073,999
Q14624,P01042,723
Q14624,P02765,708
Q14624,P02749,851
Q14624,P02751,868
Q14624,P02679,738
Q14624,P04004,846
Q14624,P02768,765
Q14624,P01024,745
Q14624,P00747,715
Q14624,O00206,704
P35625,P35968,967
P35625,P01137,743
P35625,P02751,751
P35625,P08253,996
P35625,P14780,995
P35625,P04004,736
Q13936,P62942,856
Q13936,Q9Y6H6,801
Q13936,Q9P0X4,736
Q13936,Q9UBN1,953
Q13936,Q8WXS5,920
Q13936,P30559,727
Q13936,O43497,846
Q13936,P54652,720
Q13936,Q9NY47,982
Q13936,O60359,910
Q13936,O95180,917
Q13936,Q8IZS8,871
Q13936,Q9NZV8,726
Q13936,Q00975,756
Q13936,Q9BXT2,901
Q13936,Q02641,988
Q13936,Q13698,982
Q13936,P29475,924
Q13936,Q16558,811
Q13936,P05129,916
Q13936,P32418,783
Q13936,P54289,998
Q13936,Q08289,999
Q13936,P17252,953
Q13936,P63252,853
Q13936,Q8IWT1,819
Q13936,Q12809,891
Q13936,P28223,937
Q13936,Q9UK17,806
Q13936,O95622,786
Q13936,P67775,747
Q13936,P04156,910
Q13936,P15382,803
Q13936,P0DP23,999
Q13936,P17612,971
Q13936,O00555,952
Q13936,P07550,937
Q13936,Q9Y6J6,886
Q13936,Q9Y698,797
Q13936,O60939,744
Q13936,P05771,916
Q13936,P54284,997
Q13936,P41595,916
Q13936,P01308,956
Q13936,Q7Z3S7,984
Q13936,P22460,710
Q13936,Q07343,775
Q13936,Q06432,950
Q13936,Q01668,981
Q13936,Q07699,880
Q13936,P21817,945
Q13936,P12814,940
Q13936,O60840,978
Q13936,P28335,918
Q13936,Q12791,918
Q13936,P48544,763
Q13936,P60880,782
Q13936,P59768,710
Q13936,P62955,923
Q13936,O00305,970
Q13936,Q86W47,732
Q13936,Q9NY72,792
Q13936,P51787,791
Q13936,Q92736,981
Q13956,P00492,902
Q13956,P16499,757
Q13956,P51160,921
Q13956,Q8TDN2,978
Q13956,P49419,700
Q16795,P56181,999
Q16795,O96000,999
Q16795,O43678,999
Q16795,O75306,999
Q16795,O43920,999
Q16795,P51970,999
Q16795,P09622,820
Q16795,O95299,999
Q16795,O00217,999
Q16795,O95139,999
Q16795,O95168,999
Q16795,O75438,999
Q16795,O75251,999
Q16795,O95182,999
Q16795,P40926,817
Q16795,O43181,999
Q16795,O15239,998
Q16795,P17568,999
Q16795,Q86Y39,999
Q16795,P25705,947
Q16795,Q9Y6M9,999
Q16795,O95167,999
Q16795,O75489,999
Q16795,P21796,770
Q16795,P03886,999
Q16795,P49821,999
Q16795,P03901,993
Q16795,P03891,999
Q16795,P11177,733
Q16795,Q9UI09,999
Q16795,P31930,998
Q16795,O95178,995
Q16795,P36542,934
Q16795,O95169,999
Q16795,P31040,982
Q16795,O75380,999
Q16795,P56556,999
Q16795,P30049,761
Q16795,Q16718,999
Q16795,P49411,855
Q16795,P03915,999
Q16795,O43677,993
Q16795,P48047,783
Q16795,P19404,999
Q16795,O14561,999
Q16795,P28331,999
Q16795,O43676,999
Q16795,P06576,950
Q16795,P03923,995
Q16795,P00395,984
Q16795,O43674,999
Q16795,O95298,999
Q16795,Q9P0J0,999
Q16795,P03905,999
Q16795,O00483,988
Q16795,P03897,999
P51884,Q00987,903
P51884,P08253,780
P51884,P02768,737
P51884,P01137,752
P51884,P02751,962
P51884,P15502,723
P24941,Q00987,849
P24941,Q92793,918
P24941,Q00535,928
P24941,P06493,994
P24941,P24385,999
P24941,P07900,799
P24941,P53350,742
P24941,Q14790,756
P24941,P39748,734
P24941,P12004,951
P24941,Q16665,773
P24941,P06401,822
P24941,P49841,770
P24941,P08238,739
P24941,P04637,987
P24941,P05412,825
P24941,P61024,999
P24941,P09884,842
P24941,P50613,992
P24941,P38936,999
P24941,O14965,886
P24941,P03372,714
P24941,P11388,801
P24941,P10415,812
P24941,O15392,755
P24941,Q00534,998
P24941,P09874,705
P24941,P01106,960
P24941,P11802,998
P24941,Q13315,966
P24941,P60709,816
P24941,P04406,791
P24941,P42574,829
P24941,P31350,728
Q9Y600,Q9BYV1,948
Q9Y600,P00505,865
Q9Y600,P17174,840
Q9Y600,Q6ZQY3,903
Q9Y600,Q05329,914
Q9Y600,Q16878,984
Q9Y600,P19440,907
Q9Y600,Q99259,904
Q8WYK2,P06401,755
Q8WYK2,P05412,969
Q8WYK2,P15336,810
Q8WYK2,P18847,725
Q8WYK2,P01100,723
Q00796,O75600,702
Q00796,P49419,724
Q00796,O60218,954
Q00796,O95479,738
Q00796,P80404,707
Q00796,P31939,860
Q00796,P10768,889
Q00796,P21589,830
Q00796,P15121,998
P19113,P19801,963
P19113,P25021,799
P19113,Q9H3N8,761
P19113,Q9Y5N1,790
P19113,P35367,798
P19113,Q05940,713
P05108,P23945,822
P05108,P80365,854
P05108,O43169,719
P05108,P35610,853
P05108,P08686,963
P05108,Q01718,895
P05108,P05093,965
P05108,P26439,994
P05108,P51843,842
P05108,Q9UBM7,904
P05108,P37058,844
P05108,P01189,835
P05108,P22888,865
P05108,P30536,786
P05108,P14061,835
P05108,P14060,997
P05108,P18405,785
P29590,Q92793,829
P29590,Q00987,934
P29590,Q92769,859
P29590,Q8WUI4,775
P29590,P31749,732
P29590,P68400,753
P29590,P10276,998
P29590,Q13547,903
P29590,P62913,735
P29590,P04637,967
P29590,P05412,779
P29590,Q96EB6,777
P29590,P01106,783
P55287,P14923,803
O96000,P56181,999
O96000,O43678,999
O96000,O75306,999
O96000,O43920,999
O96000,P51970,999
O96000,P30043,783
O96000,O95299,999
O96000,O00217,999
O96000,O95139,999
O96000,O95168,999
O96000,O75438,999
O96000,O75251,999
O96000,O95182,999
O96000,O43181,999
O96000,O15239,999
O96000,Q86Y39,999
O96000,P17568,999
O96000,Q9Y6M9,999
O96000,O95167,999
O96000,O75489,999
O96000,P03886,999
O96000,P49821,999
O96000,P03901,998
O96000,P03891,999
O96000,Q9UI09,999
O96000,P31930,986
O96000,P56381,805
O96000,O95178,999
O96000,P36542,750
O96000,O95169,999
O96000,O75380,999
O96000,P56556,999
O96000,P30049,925
O96000,Q16718,999
O96000,O75964,785
O96000,P03915,999
O96000,Q16795,999
O96000,O43677,997
O96000,P48047,860
O96000,P19404,999
O96000,O14561,999
O96000,P28331,999
O96000,O43676,999
O96000,P56385,823
O96000,P03923,988
O96000,P00395,881
O96000,O43674,999
O96000,O95298,999
O96000,Q9P0J0,999
O96000,P03905,999
O96000,O00483,989
O96000,P03897,999
Q9Y4W6,Q99623,892
Q9Y4W6,P10809,810
Q9Y4W6,Q9P0J0,995
Q9Y4W6,P62829,809
Q9Y4W6,P31040,779
O14732,Q9NPH2,992
O14732,P06744,864
O14732,P29218,987
P04637,P07355,977
P04637,P22607,718
P04637,P05231,777
P04637,P50613,888
P04637,Q14145,810
P04637,P01133,780
P04637,P04150,936
P04637,P15336,805
P04637,P18847,982
P04637,P26358,997
P04637,P07437,723
P04637,P62913,971
P04637,P08238,995
P04637,P22033,751
P04637,P35968,730
P04637,P05412,997
P04637,P99999,911
P04637,P55072,709
P04637,Q96GD4,908
P04637,P14174,731
P04637,P61978,943
P04637,Q13131,764
P04637,Q04206,955
P04637,P34932,997
P04637,P49841,992
P04637,Q13885,709
P04637,P12931,884
P04637,P10599,899
P04637,P06401,849
P04637,Q9UM07,861
P04637,P07288,760
P04637,P68400,959
P04637,P22314,710
P04637,Q16665,999
P04637,P62714,714
P04637,P23297,790
P04637,P26447,996
P04637,O15350,985
P04637,P17676,862
P04637,P12004,913
P04637,Q14790,991
P04637,P36969,730
P04637,P53350,981
P04637,P30405,993
P04637,P01137,809
P04637,P16220,998
P04637,P49674,735
P04637,Q9UM73,772
P04637,Q13547,999
P04637,P07900,999
P04637,Q9UQL6,768
P04637,P36956,801
P04637,P42858,998
P04637,P42574,956
P04637,P04406,886
P04637,P31350,803
P04637,Q13315,999
P04637,P60709,879
P04637,Q16539,994
P04637,Q14457,939
P04637,P19838,989
P04637,P63104,991
P04637,P27348,739
P04637,Q15788,826
P04637,Q05655,767
P04637,P08069,853
P04637,P98170,836
P04637,P09874,972
P04637,P04271,995
P04637,O60502,725
P04637,P10828,705
P04637,P29466,876
P04637,P11802,966
P04637,P78527,997
P04637,P01106,997
P04637,Q00534,808
P04637,P78352,734
P04637,P18283,802
P04637,P00374,785
P04637,O15392,930
P04637,P08670,712
P04637,P60568,741
P04637,P15559,946
P04637,Q969P6,873
P04637,P53778,946
P04637,P01308,879
P04637,Q9UPY5,710
P04637,P12235,925
P04637,P10415,999
P04637,P11388,843
P04637,O15379,741
P04637,P10275,905
P04637,P42336,941
P04637,P01375,865
P04637,P01584,718
P04637,O15111,914
P04637,Q07955,878
P04637,O14920,933
P04637,P08581,804
P04637,Q96EB6,999
P04637,P03372,992
P04637,Q92731,783
P04637,O14965,998
P04637,P38936,999
P04637,O60674,728
P04637,P62258,900
P04637,O43175,719
P04637,P28482,998
P04637,P10721,816
P04637,P17936,901
P04637,P19525,775
P04637,P31946,828
P04637,P04792,955
P04637,P50750,889
P04637,P25963,915
P04637,Q92769,990
P04637,Q15759,960
P04637,P04626,935
P04637,P35354,974
P04637,P16234,762
P04637,Q7LG56,992
P04637,P67775,833
P04637,P07949,801
P04637,P23458,774
P04637,P00519,909
P04637,P13647,737
P04637,P45983,997
P04637,O14746,902
P04637,P09038,754
P04637,Q00535,967
P04637,P55211,953
P04637,P11021,824
P04637,Q92793,999
P04637,P37231,949
P04637,Q00987,999
P04637,P14618,825
P04637,P36888,722
P04637,O14727,974
P04637,Q9Y6K1,835
P04637,Q06830,723
P04637,P08758,818
P04637,P27986,853
P04637,P17252,700
P04637,Q99497,814
P04637,P09429,997
P04637,Q15303,726
P04637,P01100,952
P04637,O43741,774
P04637,P27361,994
P04637,P11387,947
P04637,P01579,834
P04637,P11168,926
P04637,P21796,772
P04637,P05067,714
P04637,P51692,728
P04637,P02768,722
P04637,P29034,980
P04637,P11142,987
P04637,P45984,982
P04637,Q05513,933
P04637,P24385,946
P04637,P09936,795
P04637,P06746,838
P04637,P11166,967
P04637,P29590,967
P04637,P04818,774
P04637,P16455,770
P04637,P49336,726
P04637,P67870,843
P04637,Q9BY41,756
P04637,P06493,962
P04637,P15056,887
P04637,P10145,804
P04637,Q9NZQ7,776
P04637,P42345,874
P04637,O95479,879
P04637,P00533,943
P04637,P31749,994
P04637,P05787,763
P04637,O15264,943
P04637,P24941,987
P04637,P04083,762
P04637,P14780,838
P04626,P06241,807
P04626,P24385,904
P04626,P14923,717
P04626,Q13882,838
P04626,Q15303,999
P04626,P42345,725
P04626,Q9NZQ7,798
P04626,Q05209,935
P04626,P06213,853
P04626,P00533,999
P04626,P14210,918
P04626,P35354,828
P04626,P14625,781
P04626,P21802,744
P04626,P23458,959
P04626,P00519,731
P04626,P13647,796
P04626,P08253,738
P04626,P07949,745
P04626,P12314,879
P04626,P16234,768
P04626,P52333,951
P04626,P08758,758
P04626,P27986,995
P04626,P36888,735
P04626,P04629,751
P04626,P11021,721
P04626,P09038,857
P04626,P35916,722
P04626,P78352,771
P04626,P09874,741
P04626,P01106,886
P04626,P08620,828
P04626,P01308,965
P04626,P10415,849
P04626,O15392,700
P04626,Q13315,748
P04626,P60709,932
P04626,P19838,733
P04626,Q14457,888
P04626,P04406,806
P04626,P08069,993
P04626,P63104,808
P04626,Q92731,717
P04626,P08581,847
P04626,P03372,976
P04626,P05230,787
P04626,P22455,829
P04626,O60674,966
P04626,P11511,809
P04626,P10275,788
P04626,P07550,822
P04626,P61073,729
P04626,O00329,941
P04626,P42336,992
P04626,P11362,737
P04626,O95750,768
P04626,P48736,704
P04626,P23560,746
P04626,P08238,993
P04626,P04637,935
P04626,P05412,759
P04626,P12931,999
P04626,P42338,972
P04626,P29317,834
P04626,P34932,951
P04626,P01133,999
P04626,P22607,765
P04626,P05231,752
P04626,P01138,849
P04626,Q04912,713
P04626,P09619,874
P04626,P32004,777
P04626,P62745,748
P04626,Q9UM73,775
P04626,P02751,724
P04626,P07900,999
P04626,Q04609,825
P04626,P06401,980
P04626,Q16620,704
P13645,P04264,999
P13645,P13647,793
P13645,P08779,788
P13645,P35908,904
P17181,P60568,809
P17181,P35225,768
P17181,O60674,965
P17181,Q9NYK1,738
P17181,P05231,872
P17181,P01133,709
P17181,P40933,810
P17181,P63244,970
P17181,P01579,989
P17181,P14780,736
P17181,P29597,999
P17181,P05113,768
P17181,P48551,999
P17181,P23458,999
P17181,P52333,933
P17181,P19525,709
P17181,P22102,762
P17181,P08700,735
P00441,P49721,734
P00441,Q06830,876
P00441,P08758,846
P00441,Q99497,997
P00441,P11021,975
P00441,P06733,783
P00441,P30086,720
P00441,P04156,740
P00441,P09601,741
P00441,P28329,741
P00441,P25788,738
P00441,P04839,876
P00441,P22352,887
P00441,Q96SL4,891
P00441,P40926,747
P00441,O14618,999
P00441,P20618,795
P00441,P21796,996
P00441,P05067,802
P00441,P11142,870
P00441,Q96LZ3,904
P00441,P00390,744
P00441,Q9Y5S8,734
P00441,P36969,827
P00441,P07900,779
P00441,P02751,773
P00441,P42858,855
P00441,P10599,876
P00441,P28074,728
P00441,P08238,769
P00441,P55072,772
P00441,P34932,963
P00441,P14174,744
P00441,P32119,865
P00441,P30044,912
P00441,P04040,920
P00441,P37840,897
P00441,P17980,812
P00441,Q8TED1,890
P00441,P09211,718
P00441,O75715,883
P00441,P00395,720
P00441,P18283,885
P00441,P10415,998
P00441,P59796,883
P00441,P04406,862
P00441,O00244,932
Q01959,P08908,792
Q01959,P21728,906
Q01959,P35372,704
Q01959,P18825,797
Q01959,P21397,890
Q01959,P28223,708
Q01959,P05129,905
Q01959,P21917,960
Q01959,P17252,913
Q01959,P20711,862
Q01959,P05771,917
Q01959,P35462,784
Q01959,P21918,840
Q01959,P07101,950
Q01959,P08913,832
Q01959,P14416,999
Q01959,P28222,748
Q01959,P09172,815
Q01959,P37840,996
Q01959,Q05940,966
Q01959,P27338,882
Q01959,P21964,917
Q8WXS5,Q9UF02,800
Q8WXS5,O00305,940
Q8WXS5,P42263,936
Q8WXS5,Q13936,920
Q8WXS5,Q01668,966
Q8WXS5,Q06432,968
Q8WXS5,P21817,746
Q8WXS5,O60840,920
Q8WXS5,P62955,944
Q8WXS5,Q9Y698,748
Q8WXS5,P54284,930
Q8WXS5,Q7Z3S7,923
Q8WXS5,P78352,901
Q8WXS5,O60391,758
Q8WXS5,Q13002,763
Q8WXS5,Q8TCU5,743
Q8WXS5,P46098,724
Q8WXS5,Q14957,761
Q8WXS5,P42261,996
Q8WXS5,Q13698,920
Q8WXS5,P05129,795
Q8WXS5,P54289,965
Q8WXS5,Q05586,799
Q8WXS5,P48058,936
Q8WXS5,Q08289,767
Q8WXS5,O60359,913
Q8WXS5,Q13224,822
Q8WXS5,Q12879,812
Q8WXS5,Q9NY47,746
Q8WXS5,O95180,791
Q8WXS5,O15399,778
Q8WXS5,Q9BXT2,912
Q8WXS5,P42262,994
Q8WXS5,Q02641,900
Q8WXS5,P62942,733
Q8WXS5,Q9UBN1,906
Q8WXS5,P54652,744
P52209,P60174,787
P52209,P10768,728
P52209,Q16798,765
P52209,P04406,751
P52209,P00558,787
P52209,P06733,903
P52209,P06744,887
P52209,P00390,804
P52209,O95479,999
P52209,P29401,975
P52209,P30085,718
P52209,P48163,838
O75636,P00736,788
O75636,P01024,844
O75636,P08603,749
O75636,P0C0L5,747
O75636,P09871,824
O75636,P05156,700
P43235,O00206,820
P43235,P14780,886
P43235,O14788,896
P43235,Q8N8Y2,798
P43235,P00918,791
P43235,P02818,768
P43235,P01100,725
P43235,P30988,822
P43235,O95644,904
P43235,P10415,928
O95259,Q13303,728
O95259,Q14721,729
O95259,P0DP23,939
O95259,Q14722,748
P00797,P30518,713
P00797,P01042,950
P00797,P29474,724
P00797,P01375,703
P00797,P55017,846
P00797,P01019,999
P00797,P16860,766
P00797,P01308,821
P00797,P80365,757
P00797,P01137,799
P00797,P37088,741
P00797,P05231,735
P00797,P02649,732
P00797,P05305,914
P00797,P51170,850
P00797,P01189,928
P00797,P08588,747
P00797,P02768,830
P00797,P31639,802
P00797,P51606,871
P00797,P27487,705
P00797,P05121,780
P00797,Q13621,767
P00797,P30556,969
P00797,Q9BYF1,960
P00797,P51168,818
P00797,P08235,944
P00797,O15393,738
P00797,P12821,987
P62745,P23528,709
P62745,Q13464,946
P62745,P63000,724
P62745,P04626,748
P62745,O75116,847
Q8NEY4,Q9UI12,992
Q8NEY4,Q13488,947
Q8NEY4,P21281,996
Q8NEY4,Q96LB4,951
Q8NEY4,P38606,996
Q8NEY4,Q8NHE4,950
Q8NEY4,Q15904,967
Q8NEY4,P36543,995
Q8NEY4,Q96A05,997
Q8NEY4,P15313,997
Q8NEY4,Q16864,996
Q8NEY4,Q93050,973
Q8NEY4,Q9Y698,762
Q8NEY4,Q9HBG4,982
Q8NEY4,Q9Y5K8,997
Q8NEY4,Q9Y487,947
Q8NEY4,Q9H3M0,800
Q8NEY4,P21283,977
Q8NEY4,O95670,994
Q8NEY4,Q8N8Y2,974
Q8NEY4,O15342,937
Q8NEY4,P25705,728
Q8NEY4,O75348,990
Q8NEY4,P27449,980
Q8NEY4,P61421,977
Q8NEY4,Q99437,984
P49190,Q03431,905
P49190,P59768,823
P19827,Q06033,724
P19827,P02765,707
P19827,P19823,835
P38606,Q93050,999
P38606,Q9HBG4,999
P38606,P15313,999
P38606,P06576,960
P38606,Q16864,999
P38606,Q96A05,994
P38606,P48047,828
P38606,P36543,999
P38606,Q15904,996
P38606,P30049,923
P38606,Q8NHE4,973
P38606,P21281,999
P38606,Q8NEY4,996
P38606,Q13488,984
P38606,Q9UI12,999
P38606,P36542,962
P38606,Q96LB4,932
P38606,Q99437,999
P38606,P25705,950
P38606,P61421,999
P38606,P27449,999
P38606,O75348,999
P38606,P00846,822
P38606,O15342,997
P38606,O95670,997
P38606,P21283,999
P38606,P42345,772
P38606,Q8N8Y2,998
P38606,Q9Y5K8,999
P38606,Q9Y487,986
P02794,P11229,765
P02794,P02768,720
P02794,P11217,783
P02794,P02786,995
P02794,P36969,774
P02794,P02792,999
P48728,P34896,989
P48728,P04818,975
P48728,P00367,822
P48728,Q86XF0,956
P48728,P30038,870
P48728,Q05329,810
P48728,O75600,704
P48728,P22102,961
P48728,P09622,998
P48728,P11586,965
P48728,Q99259,823
P48728,P21549,970
P48728,P00374,958
P48728,P34897,989
P48728,P31939,964
P48728,P42898,982
P48728,P49448,820
P48728,P13995,990
P48728,P23378,999
P48728,Q99707,966
P02765,P08493,977
P02765,P01042,936
P02765,P19823,922
P02765,P02652,943
P02765,P19827,707
P02765,P02671,984
P02765,P08697,768
P02765,P01008,838
P02765,P02766,858
P02765,P02675,909
P02765,P02751,712
P02765,P02749,957
P02765,P05543,916
P02765,P05546,704
P02765,P02656,882
P02765,P07355,854
P02765,P02679,970
P02765,P02787,866
P02765,P04004,782
P02765,P02774,959
P02765,P25311,794
P02765,P19652,908
P02765,P00450,776
P02765,P01009,971
P02765,P02753,736
P02765,P02647,944
P02765,P02768,999
P02765,Q14624,708
P02765,P01024,700
P02765,P00747,902
P02765,P04217,849
P02765,O95255,724
P02765,P01023,803
P02765,P02788,744
P02765,Q06033,730
P02765,P02763,926
P02765,P01011,848
P02765,P00734,980
P02765,O00206,988
P52824,Q13393,766
P52824,P16233,713
P52824,O14939,825
P12104,P00505,957
O75311,P48167,953
O75380,O95178,997
O75380,P56381,797
O75380,P36542,771
O75380,Q9UI09,999
O75380,P31930,990
O75380,P03915,999
O75380,Q16795,999
O75380,Q16718,999
O75380,P30049,915
O75380,O75964,859
O75380,O95169,999
O75380,P56556,999
O75380,P31040,840
O75380,O43676,999
O75380,P56385,928
O75380,P28331,999
O75380,O14561,999
O75380,P19404,999
O75380,P48047,762
O75380,O43677,999
O75380,O00483,988
O75380,P03905,999
O75380,P03897,999
O75380,O43674,999
O75380,Q9P0J0,999
O75380,O95298,999
O75380,P00395,874
O75380,P03923,988
O75380,P51970,999
O75380,P30043,762
O75380,O43678,999
O75380,O43920,999
O75380,O75306,999
O75380,O96000,999
O75380,P56181,999
O75380,O75251,999
O75380,O75438,998
O75380,O95168,999
O75380,O95139,999
O75380,O95299,999
O75380,O00217,999
O75380,O15239,999
O75380,Q86Y39,999
O75380,P17568,999
O75380,O43181,999
O75380,O95182,999
O75380,P03891,999
O75380,P03886,999
O75380,O75489,999
O75380,P49821,999
O75380,P03901,998
O75380,O95167,999
O75380,Q9Y6M9,999
P18405,P52895,977
P18405,P14060,971
P18405,P05108,785
P18405,O95479,720
P18405,P17516,961
P18405,P28845,828
P18405,P42330,986
P18405,P31213,935
P18405,P26439,980
P18405,P05093,992
P18405,P08686,957
P18405,P37058,978
P18405,Q92506,922
P18405,P51857,988
P18405,P37059,977
P18405,P11511,972
P18405,P80365,806
P18405,Q04828,975
P61927,Q00987,861
P61927,P39023,998
P61927,Q6W5P4,769
P61927,Q9UHA3,978
P61927,P40429,999
P61927,Q96L21,986
P61927,P84098,999
P61927,P62829,999
P61927,P63244,999
P61927,P61313,999
P61927,P08865,999
P61927,P07437,807
P61927,P62913,999
P61927,P15880,999
P61927,P68104,958
P61927,P56537,978
P61927,P62750,999
P61927,P62917,999
P61927,Q9UNX3,995
Q93088,Q9UBK8,816
Q93088,P34896,872
Q93088,P20132,862
Q93088,Q6YP21,923
Q93088,Q16773,925
Q93088,P23526,988
Q93088,Q00266,988
Q93088,Q05932,810
Q93088,P17735,936
Q93088,P49419,948
Q93088,Q14749,844
Q93088,P11586,867
Q93088,Q9H2M3,967
Q93088,Q96GA7,855
Q93088,P31153,982
Q93088,P21549,774
Q93088,P34897,820
Q93088,P13995,738
Q93088,P32929,990
Q93088,Q99707,950
Q93088,P23378,823
Q93088,P42898,978
Q16445,P28472,809
Q16445,O14764,801
Q16445,P14867,818
Q16445,P30531,749
Q16445,Q8N1C3,710
Q16445,Q9UBS5,700
Q16445,O75899,770
Q16445,Q15111,909
Q16445,P18505,725
Q16445,P47869,724
Q16445,O00591,707
Q16445,P47870,793
P47870,P47869,812
P47870,P18505,950
P47870,Q15111,909
P47870,Q99259,705
P47870,O75899,817
P47870,P18507,989
P47870,P51649,825
P47870,Q9UBS5,702
P47870,P31644,788
P47870,Q8N1C3,820
P47870,P48169,756
P47870,Q99928,763
P47870,Q16445,793
P47870,P14867,996
P47870,P28472,969
P47870,P34903,770
Q16558,Q13936,811
Q16558,P17612,919
Q16558,Q9UGI6,936
Q16558,Q92952,945
Q16558,Q86W47,951
Q16558,Q12791,999
Q16558,O60840,712
Q16558,Q01668,737
Q16558,O15554,942
Q16558,Q9Y691,929
Q16558,Q9NPA1,920
Q16558,Q9H2S1,941
P22033,Q99707,945
P22033,P04637,751
P22033,Q8IVH4,997
P22033,P04406,827
P22033,P60709,709
P22033,P08758,740
P22033,Q9Y4U1,910
P22033,P10515,824
P22033,P40926,830
P22033,Q9UBK8,775
P22033,Q96I99,957
Q96RJ0,P29074,761
P00533,P31749,792
P00533,P05787,754
P00533,O14788,756
P00533,P02786,832
P00533,Q03405,896
P00533,P14780,827
P00533,P04083,802
P00533,P06213,747
P00533,Q8WUI4,711
P00533,Q05209,963
P00533,P06493,849
P00533,P10145,792
P00533,P42345,802
P00533,Q9NZQ7,870
P00533,P06239,748
P00533,P29597,821
P00533,P16455,821
P00533,P05113,762
P00533,P11166,704
P00533,P14210,980
P00533,P11142,932
P00533,Q13882,989
P00533,P14923,847
P00533,P09936,828
P00533,P24385,841
P00533,P06241,873
P00533,P42684,782
P00533,Q05513,707
P00533,P49069,767
P00533,Q08881,706
P00533,P05067,889
P00533,P51692,997
P00533,P02768,808
P00533,P01579,876
P00533,Q15303,996
P00533,P01100,940
P00533,Q99527,843
P00533,P27986,998
P00533,P17252,932
P00533,P33151,736
P00533,P08758,745
P00533,P06733,928
P00533,Q07954,838
P00533,P37231,843
P00533,Q00987,897
P00533,P08700,783
P00533,P55211,753
P00533,P09038,957
P00533,P11021,862
P00533,P16615,714
P00533,P16234,986
P00533,P07948,859
P00533,P45983,830
P00533,O00206,739
P00533,P07949,826
P00533,P13647,885
P00533,P23458,970
P00533,P00519,861
P00533,P14625,766
P00533,P17612,707
P00533,P0DP23,859
P00533,P35354,836
P00533,P04626,999
P00533,P29350,919
P00533,P52333,956
P00533,P17936,981
P00533,P04792,794
P00533,P09769,706
P00533,P18031,997
P00533,P08648,792
P00533,P38936,752
P00533,O60674,986
P00533,P05230,887
P00533,P03372,988
P00533,P08581,996
P00533,Q92731,755
P00533,P48736,748
P00533,O95750,795
P00533,P42336,999
P00533,Q71U36,817
P00533,O00329,942
P00533,P04049,848
P00533,P09211,713
P00533,P07947,913
P00533,P01584,873
P00533,P01375,890
P00533,P37840,728
P00533,Q07912,868
P00533,P10636,830
P00533,P10275,864
P00533,Q9UBN7,919
P00533,P60568,851
P00533,Q14289,835
P00533,P10415,839
P00533,P23528,794
P00533,P01308,992
P00533,P08620,922
P00533,P01106,875
P00533,P78527,936
P00533,P09874,751
P00533,P41240,929
P00533,P08631,795
P00533,P35225,809
P00533,P27348,823
P00533,P63104,925
P00533,Q02156,726
P00533,P08069,989
P00533,P04406,955
P00533,P42574,747
P00533,Q14457,837
P00533,P19838,837
P00533,P60709,839
P00533,Q16539,799
P00533,Q13547,765
P00533,P07900,999
P00533,O00264,765
P00533,P40933,793
P00533,P15328,721
P00533,P02751,944
P00533,Q9UI12,715
P00533,Q14790,737
P00533,P32004,976
P00533,P01137,975
P00533,P09619,998
P00533,Q04912,795
P00533,P26447,858
P00533,Q16620,882
P00533,P13500,725
P00533,O60603,933
P00533,P40261,872
P00533,P06401,830
P00533,P10599,742
P00533,Q15750,809
P00533,Q16665,934
P00533,Q04609,782
P00533,Q04206,701
P00533,P34932,954
P00533,P29317,903
P00533,Q9UQF2,771
P00533,P42338,993
P00533,P12931,999
P00533,P35968,805
P00533,P05412,871
P00533,P60903,819
P00533,P04637,943
P00533,P08238,998
P00533,P23560,877
P00533,O95718,848
P00533,P01138,892
P00533,P05231,979
P00533,P07355,958
P00533,P01133,999
P00533,P04150,870
P00533,Q14145,746
P28335,P27338,800
P28335,P01189,745
P28335,P28222,721
P28335,P41595,977
P28335,O60840,905
P28335,P59768,941
P28335,Q01668,921
P28335,Q13698,905
P28335,P28223,991
P28335,P17752,844
P28335,Q13936,918
P28335,P46098,804
P28335,P31645,914
P21281,Q8NEY4,996
P21281,Q13488,988
P21281,Q9UI12,999
P21281,Q96LB4,934
P21281,P36542,967
P21281,P30049,913
P21281,Q8NHE4,951
P21281,P38606,999
P21281,Q15904,995
P21281,P36543,999
P21281,P48047,856
P21281,Q96A05,998
P21281,P15313,989
P21281,P06576,980
P21281,Q16864,999
P21281,Q93050,998
P21281,Q9HBG4,999
P21281,Q9Y5K8,999
P21281,Q9Y487,994
P21281,O95670,993
P21281,P21283,999
P21281,Q8N8Y2,999
P21281,P00846,795
P21281,O15342,993
P21281,P25705,961
P21281,P61421,999
P21281,P27449,999
P21281,O75348,999
P21281,Q99437,999
Q15825,P30926,822
Q15825,P32297,826
Q15825,Q15822,763
Q15825,P02708,759
Q15825,Q05901,930
Q15825,O60674,900
Q15825,P17787,749
Q15825,P43681,891
Q15825,P11509,734
Q15825,Q9UGM1,763
Q15825,P36544,776
P06850,P01584,738
P06850,P30559,724
P06850,P01303,951
P06850,P43220,731
P06850,P47901,747
P06850,P35372,737
P06850,P01189,992
P06850,P08908,741
P06850,P01100,792
P06850,P80365,784
P06850,P10997,709
P06850,Q03431,770
P06850,Q01718,842
P06850,P08235,707
P06850,P16220,815
P06850,P59768,942
P06850,P04150,872
P06850,P31645,763
P06850,P23560,818
Q9Y6M9,O43676,999
Q9Y6M9,P56385,963
Q9Y6M9,P19404,999
Q9Y6M9,O14561,999
Q9Y6M9,P28331,999
Q9Y6M9,P48047,873
Q9Y6M9,O43677,998
Q9Y6M9,P03905,999
Q9Y6M9,O00483,995
Q9Y6M9,P03897,999
Q9Y6M9,O43674,999
Q9Y6M9,Q9P0J0,999
Q9Y6M9,O95298,999
Q9Y6M9,P00395,882
Q9Y6M9,P03923,988
Q9Y6M9,P56381,828
Q9Y6M9,O95178,999
Q9Y6M9,P36542,974
Q9Y6M9,Q9UI09,999
Q9Y6M9,P31930,996
Q9Y6M9,P03915,999
Q9Y6M9,Q16795,999
Q9Y6M9,P30049,922
Q9Y6M9,Q16718,999
Q9Y6M9,O75964,926
Q9Y6M9,O95169,999
Q9Y6M9,Q9NRX3,824
Q9Y6M9,O75380,999
Q9Y6M9,P56556,999
Q9Y6M9,O15239,999
Q9Y6M9,P17568,999
Q9Y6M9,Q86Y39,999
Q9Y6M9,O43181,999
Q9Y6M9,O95182,999
Q9Y6M9,P03891,999
Q9Y6M9,O75489,999
Q9Y6M9,P03886,999
Q9Y6M9,P49821,999
Q9Y6M9,P03901,998
Q9Y6M9,P25705,814
Q9Y6M9,O95167,999
Q9Y6M9,P51970,999
Q9Y6M9,P30043,797
Q9Y6M9,O43678,999
Q9Y6M9,O43920,999
Q9Y6M9,O75306,999
Q9Y6M9,O96000,999
Q9Y6M9,P56181,999
Q9Y6M9,O75438,998
Q9Y6M9,O75251,999
Q9Y6M9,O95168,999
Q9Y6M9,O95139,999
Q9Y6M9,O95299,999
Q9Y6M9,O00217,999
Q99720,P35372,805
Q99720,Q14643,938
Q99720,P21796,848
Q99720,P11021,992
Q99720,Q15738,764
Q99720,Q12809,722
Q99720,P14060,749
Q99720,Q14573,934
Q99720,Q14534,974
Q99720,P14416,736
Q99720,Q15800,893
Q99720,P26439,727
Q99720,Q9H252,944
Q99720,P22459,917
Q99720,P16389,707
Q99720,Q9UBM7,891
Q16620,Q15303,737
Q16620,Q13224,897
Q16620,P06241,884
Q16620,P14210,750
Q16620,P00533,882
Q16620,P04626,704
Q16620,P0DP23,708
Q16620,P00519,910
Q16620,O95665,722
Q16620,P09038,908
Q16620,P27986,741
Q16620,P04629,989
Q16620,Q05586,708
Q16620,Q9UQQ2,905
Q16620,P78352,860
Q16620,P08620,754
Q16620,P29274,940
Q16620,P01308,801
Q16620,Q9H2X9,711
Q16620,P05230,770
Q16620,P01133,884
Q16620,P04150,905
Q16620,Q9UI33,710
Q16620,P01138,999
Q16620,P23560,999
Q16620,P21554,822
Q16620,P12931,786
Q16620,P16220,771
P00367,P04181,932
P00367,P51648,896
P00367,P48728,822
P00367,P45381,815
P00367,P00505,979
P00367,P50213,910
P00367,P17174,978
P00367,P80404,729
P00367,P49448,984
P00367,P49189,875
P00367,P23378,877
P00367,P19440,861
P00367,P40926,929
P00367,P08559,755
P00367,P30038,962
P00367,Q8TD30,965
P00367,O43837,900
P00367,Q05329,947
P00367,P49419,873
P00367,P30837,861
P00367,P08243,748
P00367,P05091,874
P00367,P24298,958
P00367,Q02218,937
P00367,Q99259,953
P00367,P51553,897
P00367,P29803,773
P00367,P09622,886
P05155,P01042,964
P05155,P02746,980
P05155,P01008,753
P05155,P09871,999
P05155,Q07021,800
P05155,P00748,987
P05155,P08246,716
P05155,P04004,719
P05155,P0C0L5,756
P05155,P02768,791
P05155,P03952,996
P05155,P02747,959
P05155,P00751,880
P05155,P01024,954
P05155,P10909,721
P05155,P08603,722
P05155,P01023,905
P05155,P00736,999
Q13315,P38936,807
Q13315,Q96EB6,856
Q13315,O15111,747
Q13315,P10415,712
Q13315,P01106,871
Q13315,P78527,971
Q13315,P11802,937
Q13315,P09874,875
Q13315,P42574,702
Q13315,P19838,746
Q13315,Q16539,722
Q13315,P07900,785
Q13315,Q13547,948
Q13315,Q14790,961
Q13315,P16220,735
Q13315,P53350,768
Q13315,P39748,753
Q13315,P04637,999
Q13315,P31749,742
Q13315,P24941,966
Q13315,P15056,778
Q13315,P06493,733
Q13315,P11387,722
Q13315,Q07864,794
Q13315,Q00987,995
Q13315,O14746,825
Q13315,P45983,792
Q13315,P00519,988
Q13315,P21802,705
Q13315,P04626,748
Q13315,P50750,721
O60939,Q9Y6H6,700
O60939,P51170,757
O60939,O43497,714
O60939,Q9UQD0,935
O60939,P35498,980
O60939,P51172,779
O60939,Q9Y5Y9,932
O60939,P35499,923
O60939,Q07699,999
O60939,O43526,742
O60939,P51168,767
O60939,Q8TD43,877
O60939,Q15858,995
O60939,Q8IWT1,878
O60939,Q9NY72,995
O60939,Q9UJ90,720
O60939,P37088,819
O60939,Q9UI33,805
O60939,Q9NY46,997
O60939,Q99250,996
O60939,Q14524,974
O60939,Q01118,855
O60939,Q13936,744
P08913,P09172,711
P08913,Q01959,832
P08913,P59768,932
P08913,P21964,720
P08913,P31645,716
P08913,P23975,802
P08913,O95622,738
P08913,P18825,781
P10515,P51553,731
P10515,P09622,999
P10515,P29803,999
P10515,Q02218,989
P10515,Q9Y234,970
P10515,Q9NUB1,942
P10515,O75306,713
P10515,P00390,790
P10515,P25705,800
P10515,Q96I99,967
P10515,P49327,869
P10515,Q9NR19,943
P10515,P08559,999
P10515,Q02252,855
P10515,Q16654,817
P10515,P23378,765
P10515,P31040,852
P10515,P22033,824
P10515,P11177,999
P10515,P24752,949
P10515,P42765,892
P10515,P50213,823
P10515,Q16881,781
P10515,P28331,773
P10515,O14561,705
Q03393,P00439,706
Q03393,P42330,902
Q03393,Q13332,854
Q03393,P10696,900
Q03393,Q05209,937
Q03393,P16152,918
Q03393,O60218,901
Q03393,P29074,853
Q03393,P15121,916
Q03393,P05187,902
Q03393,P09417,803
Q03393,P18031,899
Q03393,P12931,852
Q9UPY5,Q14457,835
Q9UPY5,P36969,824
Q9UPY5,P04637,710
Q9UPY5,P18848,728
P17658,Q09470,985
P17658,Q13303,952
P17658,P22001,882
P17658,P60174,766
P17658,P16389,986
P17658,Q14722,904
Q6ZMR3,P11177,944
Q6ZMR3,P54687,830
Q6ZMR3,P32929,839
Q6ZMR3,O15382,830
Q6ZMR3,P60174,700
Q6ZMR3,Q96GA7,820
Q6ZMR3,P12532,742
Q6ZMR3,P00505,972
Q6ZMR3,P12277,726
Q6ZMR3,P17174,978
Q6ZMR3,Q16798,959
Q6ZMR3,P17540,741
Q6ZMR3,Q9BYV1,845
Q6ZMR3,P04406,854
Q6ZMR3,P14618,986
Q6ZMR3,P07864,786
Q6ZMR3,P29803,923
Q6ZMR3,P06732,700
Q6ZMR3,P04075,893
Q6ZMR3,O95479,926
Q6ZMR3,P29401,903
Q6ZMR3,P23368,953
Q6ZMR3,P20132,820
Q6ZMR3,P48163,954
Q6ZMR3,P00338,799
Q6ZMR3,P06744,930
O95298,P03915,998
O95298,Q16795,999
O95298,Q16718,999
O95298,P30049,755
O95298,O75964,846
O95298,O95169,999
O95298,P56556,999
O95298,O75380,999
O95298,O95178,996
O95298,Q9UI09,999
O95298,P31930,944
O95298,O00483,988
O95298,P03905,999
O95298,P03897,996
O95298,O43674,999
O95298,Q9P0J0,999
O95298,P00395,854
O95298,P03923,989
O95298,O43676,999
O95298,P56385,799
O95298,P28331,997
O95298,O14561,999
O95298,P19404,999
O95298,O43677,999
O95298,O75251,999
O95298,O75438,999
O95298,O95168,999
O95298,O95139,999
O95298,O95299,999
O95298,O00217,999
O95298,P51970,999
O95298,O43678,999
O95298,O43920,999
O95298,O75306,999
O95298,O96000,999
O95298,P56181,998
O95298,P03891,999
O95298,P03886,995
O95298,O75489,999
O95298,P49821,999
O95298,P03901,985
O95298,O95167,998
O95298,Q9Y6M9,999
O95298,O15239,998
O95298,Q86Y39,998
O95298,P17568,999
O95298,O43181,999
O95298,O95182,999
P09417,P15121,938
P09417,P20711,723
P09417,P00374,979
P09417,P07101,972
P09417,Q92736,701
P09417,Q03393,803
P09417,P17752,970
P09417,P21817,986
P09417,Q86XF0,981
P09417,P00439,991
P09417,O60218,921
P12235,Q7LG56,840
P12235,P12236,917
P12235,P21796,986
P12235,P07357,720
P12235,P25705,868
P12235,P30536,937
P12235,P30405,998
P12235,P01031,725
P12235,P31930,701
P12235,P07358,728
P12235,P99999,960
P12235,P04637,925
P12235,P05141,979
P12235,P02748,730
P12235,P10415,771
P12235,P06576,824
P12235,Q02156,929
Q8WWG9,Q07699,736
Q8WWG9,Q03721,839
Q8WWG9,Q08289,720
Q8WWG9,Q12809,857
Q8WWG9,P51787,925
Q8WWG9,Q9UJ90,794
Q8WWG9,Q9NY72,715
Q8WWG9,Q9UK17,724
Q8WWG9,P15382,914
Q8WWG9,Q9Y6H6,950
Q8WWG9,Q9NR82,893
Q8WWG9,P56696,966
Q8WWG9,Q9Y6J6,886
Q9NS75,P19440,784
Q9NS75,Q16873,930
Q9NS75,Q9Y271,976
Q9NS75,P21731,719
Q13370,P21589,709
Q13370,Q14432,919
Q13370,P48736,757
Q13370,O60266,793
Q13370,P51828,797
Q13370,P27707,906
Q13370,P00492,905
Q13370,P33402,750
Q13370,P31749,943
Q13370,Q08828,773
Q13370,P40145,800
Q13370,Q8NFM4,744
Q13370,O43306,797
Q13370,O60503,822
Q13370,Q08462,742
Q13370,P16066,750
Q13370,P17612,848
Q13370,O95622,805
Q13370,P55263,924
P33402,P14618,903
P33402,P29475,912
P33402,O76074,804
P33402,P35913,775
P33402,Q9Y233,783
P33402,P18545,771
P33402,P51160,744
P33402,O00408,805
P33402,O76083,828
P33402,Q14123,741
P33402,Q13370,750
P33402,Q9HCR9,803
P33402,Q14432,791
P33402,Q01064,727
P33402,P78352,708
P33402,P16499,782
P33402,P54750,782
P17948,P14210,908
P17948,P10145,851
P17948,P14780,779
P17948,P09038,993
P17948,P35916,920
P17948,P33151,833
P17948,P27986,909
P17948,Q12809,849
P17948,P08253,731
P17948,P42336,887
P17948,O95750,829
P17948,P61073,702
P17948,O00329,737
P17948,P05230,944
P17948,P08620,874
P17948,P01308,804
P17948,Q16665,735
P17948,P13500,791
P17948,P01137,727
P17948,P01133,902
P17948,P01138,758
P17948,P23560,769
P17948,P35968,994
P17948,P42338,908
P48058,P42263,997
P48058,Q9UF02,864
P48058,P62955,875
P48058,P78352,829
P48058,Q9Y698,975
P48058,Q8TCU5,878
P48058,O60391,811
P48058,P42261,997
P48058,P17612,946
P48058,P46098,794
P48058,Q14957,824
P48058,Q05586,886
P48058,P05129,825
P48058,O15399,864
P48058,P00390,896
P48058,P42262,999
P48058,Q12879,898
P48058,Q13224,853
P48058,O60359,869
P48058,Q16099,756
P48058,Q9UBN1,867
P48058,Q8WXS5,936
Q6ZQY3,Q05329,914
Q6ZQY3,Q16878,976
Q6ZQY3,P27708,828
Q6ZQY3,P43353,926
Q6ZQY3,Q99259,904
Q6ZQY3,P05091,923
Q6ZQY3,P08243,865
Q6ZQY3,P30838,926
Q6ZQY3,P49419,929
Q6ZQY3,P30837,927
Q6ZQY3,P00505,858
Q6ZQY3,P17174,832
Q6ZQY3,P45381,811
Q6ZQY3,Q9BYV1,947
Q6ZQY3,P00966,848
Q6ZQY3,P51648,931
Q6ZQY3,P49189,923
Q6ZQY3,P80404,949
Q6ZQY3,P48448,926
Q6ZQY3,Q9Y600,903
P17302,P14923,761
P17302,P27361,947
P17302,P06493,922
P17302,P04350,940
P17302,Q14643,702
P17302,P30559,704
P17302,P68363,908
P17302,P68371,938
P17302,Q9H4B7,934
P17302,Q13164,941
P17302,P0DP23,810
P17302,Q9BQE3,903
P17302,P28482,943
P17302,P63252,760
P17302,P41240,734
P17302,Q14457,790
P17302,P19429,773
P17302,Q71U36,915
P17302,Q9NY65,904
P17302,P15924,840
P17302,P68366,930
P17302,Q13885,945
P17302,P12931,998
P17302,P07437,943
P17302,Q14524,873
P17302,Q13509,945
P17302,P02751,739
O95749,P49356,958
O95749,P14324,996
O95749,P49354,962
O95749,P36956,703
O95749,P24752,735
O95749,Q14534,787
O95749,P04035,886
O00469,P13674,853
O00469,Q96GA7,765
O00469,Q32P28,744
O00469,Q02809,977
O00469,O60568,948
Q9NY46,O60939,997
Q9NY46,P35498,720
Q9NY46,Q9NY72,828
Q9NY46,Q99250,982
Q9NY46,Q07699,998
Q9NY46,Q8TD43,733
Q9NY46,O95180,704
Q9NY46,O43497,706
Q9NY46,Q8IWT1,917
Q9NY46,P35499,909
Q9NY46,O43526,751
Q9NY46,Q15858,939
O94760,Q9BYV1,852
O94760,P29474,865
P52429,P07204,808
P52429,P00751,796
P52429,P08603,773
P52429,Q9Y4U1,780
P52429,O14939,768
P09936,O60733,704
P09936,P07900,900
P09936,P04637,795
P09936,P08238,804
P09936,P37840,957
P09936,P10636,721
P09936,P54578,825
P09936,Q00987,734
P09936,Q99497,848
P09936,P00533,828
P09936,P11142,924
P09936,P05067,746
Q969S2,P49916,760
Q969S2,P39748,752
Q969S2,P06746,863
Q969S2,Q96FI4,997
Q969S2,Q14145,999
Q969S2,P29372,710
Q9Y6Y9,P05231,713
Q9Y6Y9,P06702,850
Q9Y6Y9,O60603,997
Q9Y6Y9,P19838,725
Q9Y6Y9,P10809,865
Q9Y6Y9,P01375,716
Q9Y6Y9,P01584,723
Q9Y6Y9,P05109,814
Q9Y6Y9,O00206,999
Q9Y6Y9,P09429,974
Q9Y6Y9,Q9NR96,808
P05067,P30519,719
P05067,P10909,998
P05067,P30101,737
P05067,P01023,905
P05067,Q99497,731
P05067,P04629,856
P05067,P01024,887
P05067,Q05586,776
P05067,Q92793,781
P05067,Q00535,868
P05067,P06396,860
P05067,P30556,734
P05067,Q07954,983
P05067,P04156,998
P05067,P45983,718
P05067,P01011,800
P05067,P28482,827
P05067,P61769,766
P05067,P00533,889
P05067,P06276,727
P05067,Q13564,998
P05067,P02743,856
P05067,P10997,938
P05067,P02768,901
P05067,P27169,782
P05067,P06241,780
P05067,P09936,746
P05067,P11142,826
P05067,P27361,753
P05067,P02647,982
P05067,P01009,764
P05067,Q12879,848
P05067,Q13224,872
P05067,P01137,895
P05067,P16220,713
P05067,P59768,906
P05067,P02655,772
P05067,P42858,826
P05067,P02749,763
P05067,P02751,782
P05067,P02766,982
P05067,P00739,784
P05067,P36544,716
P05067,P02649,999
P05067,P99999,709
P05067,P22303,937
P05067,P05412,790
P05067,P23560,858
P05067,P04637,714
P05067,P12931,864
P05067,Q9UQF2,963
P05067,P34932,849
P05067,P49841,897
P05067,P02656,766
P05067,P41594,754
P05067,P01138,850
P05067,Q99714,881
P05067,Q06481,816
P05067,P27797,878
P05067,P01042,732
P05067,P10636,995
P05067,P37840,993
P05067,P01375,799
P05067,P01584,828
P05067,O14791,756
P05067,P78352,829
P05067,P10809,916
P05067,P04271,748
P05067,P02671,785
P05067,P01308,799
P05067,P00441,802
P05067,P19838,870
P05067,P60709,801
P05067,P02652,902
P05067,P06727,827
P05067,P04406,980
P05067,P42574,908
P05067,P27348,854
P42765,P50416,784
P42765,Q9NR19,933
P42765,Q96I99,880
P42765,Q02252,957
P42765,P16219,982
P42765,P45954,975
P42765,P10515,892
P42765,Q9NUB1,937
P42765,Q08426,995
P42765,Q6NVY1,730
P42765,Q99714,980
P42765,Q16134,810
P42765,P40939,998
P42765,P33121,788
P42765,Q16836,958
P42765,P31040,753
P42765,P23786,822
P42765,P24752,963
P00918,P06733,766
P00918,P19634,954
P00918,P43235,791
P00918,P00915,833
P00918,Q13488,871
P00918,P20648,797
P00918,P15313,841
P00918,P10809,790
P07451,P22748,845
P07451,P00915,701
Q8N8Y2,Q9Y5K8,999
Q8N8Y2,Q9Y487,998
Q8N8Y2,Q99437,998
Q8N8Y2,P61421,971
Q8N8Y2,P27449,999
Q8N8Y2,O75348,989
Q8N8Y2,O15342,947
Q8N8Y2,O95670,987
Q8N8Y2,P21283,983
Q8N8Y2,P43235,798
Q8N8Y2,Q8NHE4,971
Q8N8Y2,P38606,998
Q8N8Y2,P21281,999
Q8N8Y2,Q8NEY4,974
Q8N8Y2,Q13488,999
Q8N8Y2,Q9UI12,997
Q8N8Y2,Q96LB4,961
Q8N8Y2,Q93050,999
Q8N8Y2,Q9HBG4,999
Q8N8Y2,P15313,999
Q8N8Y2,Q16864,999
Q8N8Y2,Q96A05,996
Q8N8Y2,O95644,731
Q8N8Y2,P36543,999
Q8N8Y2,Q15904,996
P48723,P31948,715
P48723,P14625,788
P48723,P11142,723
P48723,P34932,758
P15121,P49419,936
P15121,P30837,959
P15121,P05091,944
P15121,P16152,991
P15121,O60218,909
P15121,Q86XF0,971
P15121,P42330,911
P15121,P00439,918
P15121,Q00796,998
P15121,Q03393,916
P15121,P49189,931
P15121,P17752,935
P15121,P51648,958
P15121,P09417,938
P15121,P00374,974
P15121,P07101,922
Q9HCR9,P55263,914
Q9HCR9,O95622,774
Q9HCR9,O60503,747
Q9HCR9,P49419,830
Q9HCR9,Q08462,734
Q9HCR9,P16066,769
Q9HCR9,O76074,725
Q9HCR9,P10644,921
Q9HCR9,O43306,755
Q9HCR9,Q8NFM4,719
Q9HCR9,P40145,766
Q9HCR9,Q08828,801
Q9HCR9,P00492,900
Q9HCR9,P33402,803
Q9HCR9,O60266,747
Q9HCR9,P51828,727
Q9HCR9,P27707,902
P07333,P01100,703
P07333,P14210,774
P07333,O14788,987
P07333,P04839,782
P07333,P07948,719
P07333,O00206,800
P07333,P12314,712
P07333,P08700,839
P07333,P09038,821
P07333,P02747,809
P07333,P27986,925
P07333,P02746,779
P07333,P01308,781
P07333,P08620,800
P07333,P08631,877
P07333,Q9H244,756
P07333,P42336,821
P07333,P48736,757
P07333,O95750,729
P07333,P42081,735
P07333,P15509,765
P07333,P05230,842
P07333,P01138,730
P07333,P05231,779
P07333,P01133,811
P07333,P12931,833
P07333,P23560,760
P07333,Q99062,807
P07333,P13500,860
P07333,O60603,765
P40145,Q12879,855
P40145,Q13224,785
P40145,P31323,728
P40145,Q8NFM4,945
P40145,O00408,799
P40145,P18545,714
P40145,Q08499,788
P40145,P51160,720
P40145,Q08828,921
P40145,P31749,723
P40145,Q9Y233,790
P40145,P27815,838
P40145,O95622,719
P40145,Q9NP56,834
P40145,P0DP23,995
P40145,P17612,971
P40145,P14618,754
P40145,O76074,863
P40145,P05129,736
P40145,P35913,719
P40145,Q08493,779
P40145,P17252,910
P40145,O43306,912
P40145,Q05655,906
P40145,Q01064,741
P40145,P16499,737
P40145,O60266,914
P40145,Q07343,878
P40145,P54750,768
P40145,Q14432,830
P40145,O60658,730
P40145,Q13946,799
P40145,Q13370,800
P40145,Q9HCR9,766
P40145,P21554,919
P40145,O95263,705
P40145,Q14123,801
P40145,O76083,734
P40145,P16220,706
P40145,P59768,712
Q12791,Q16558,999
Q12791,Q13698,791
Q12791,Q9UGI6,966
Q12791,P17612,944
Q12791,P21731,836
Q12791,Q9NPA1,995
Q12791,Q9Y691,970
Q12791,O15554,981
Q12791,Q01668,848
Q12791,P48048,802
Q12791,P16389,716
Q12791,O60840,781
Q12791,Q92952,980
Q12791,Q86W47,998
Q12791,Q13936,918
Q12791,Q9H2S1,969
Q12791,Q96SW2,917
P27707,P31350,769
P27707,P54750,906
P27707,Q07343,909
P27707,Q01064,907
P27707,Q14432,901
P27707,O60658,913
P27707,P00813,950
P27707,P23921,822
P27707,Q99808,879
P27707,Q13946,905
P27707,P21589,921
P27707,Q9HCR9,902
P27707,Q13370,906
P27707,O95169,702
P27707,Q14123,906
P27707,O95263,900
P27707,O00408,909
P27707,P49821,755
P27707,O75489,714
P27707,Q08499,932
P27707,P04183,931
P27707,P04818,874
P27707,P00491,951
P27707,P30085,745
P27707,P27815,904
P27707,Q9Y233,902
P27707,Q9NP56,902
P27707,O00217,703
P27707,Q08493,903
P27707,O75306,701
P27707,P49902,967
Q02083,Q07869,702
P37231,Q00535,909
P37231,Q92793,998
P37231,P05121,732
P37231,P17252,808
P37231,P28482,736
P37231,P17936,850
P37231,P09601,784
P37231,O00206,738
P37231,Q13133,865
P37231,Q92769,784
P37231,P35354,735
P37231,O95477,820
P37231,Q02750,813
P37231,Q14654,748
P37231,P11474,898
P37231,P00533,843
P37231,P48443,963
P37231,P31749,790
P37231,P14780,765
P37231,Q86YN6,921
P37231,P42345,964
P37231,P49327,860
P37231,P02818,709
P37231,Q03181,715
P37231,P28702,980
P37231,P63261,906
P37231,P50416,806
P37231,Q15596,998
P37231,P17676,989
P37231,P13500,731
P37231,P10276,848
P37231,Q16665,854
P37231,Q13547,857
P37231,P42858,802
P37231,P36956,982
P37231,P56524,800
P37231,P19793,999
P37231,P45844,760
P37231,P01137,922
P37231,Q5NUL3,701
P37231,Q969G3,906
P37231,P05231,820
P37231,P51843,801
P37231,Q04206,998
P37231,P05305,724
P37231,P12931,736
P37231,P08238,712
P37231,P04637,949
P37231,P05412,849
P37231,P02649,740
P37231,P33121,745
P37231,P01584,858
P37231,P01375,807
P37231,O15379,965
P37231,P03372,794
P37231,Q96EB6,998
P37231,Q15788,999
P37231,O14842,702
P37231,P04406,742
P37231,P60709,971
P37231,P19838,972
P37231,P01308,944
P37231,P00505,793
Q9UGJ0,P54619,979
Q9UGJ0,P42345,922
Q9UGJ0,O43741,999
Q9UGJ0,P10644,783
Q9UGJ0,P17612,789
Q9UGJ0,Q9UGI9,946
Q9UGJ0,P21589,715
Q9UGJ0,P19429,801
Q9UGJ0,P54646,998
Q9UGJ0,P09493,781
Q9UGJ0,P04035,932
Q9UGJ0,Q9Y478,999
Q9UGJ0,P13569,905
Q9UGJ0,Q13131,999
Q9UGJ0,P31939,822
P47898,P28566,720
P47898,P59768,937
P47898,P46098,739
P04035,P24298,805
P04035,Q15738,791
P04035,P12821,806
P04035,Q9UGI9,928
P04035,P54619,932
P04035,P14324,967
P04035,O95477,866
P04035,P02768,734
P04035,P02647,784
P04035,O43741,921
P04035,P49327,820
P04035,O95749,886
P04035,Q9UGJ0,932
P04035,P24752,780
P04035,P36956,956
P04035,P56937,849
P04035,Q9Y478,928
P04035,P02649,806
P04035,P55072,793
P04035,Q9UBM7,904
P04035,Q13131,938
P04035,Q07869,856
P04035,P54646,932
P04035,Q15800,902
P04035,Q9UHC9,918
P04035,P01308,717
P04035,Q14534,973
P10721,P11274,807
P10721,P10415,707
P10721,P01308,958
P10721,P08620,858
P10721,P24530,703
P10721,Q9UQQ2,875
P10721,O60674,707
P10721,P15509,776
P10721,P05230,811
P10721,P48736,852
P10721,O95750,768
P10721,P42336,986
P10721,P07947,707
P10721,P61073,833
P10721,O00329,940
P10721,P26951,709
P10721,P42338,961
P10721,P12931,802
P10721,P23560,841
P10721,P04637,816
P10721,P15144,921
P10721,P08514,727
P10721,P01138,786
P10721,P05231,781
P10721,P01133,973
P10721,P07900,708
P10721,P02751,776
P10721,P01137,702
P10721,Q99062,753
P10721,P05164,705
P10721,P06241,771
P10721,P24385,749
P10721,P19320,729
P10721,P51692,971
P10721,P31749,818
P10721,P02786,773
P10721,P06239,724
P10721,P14210,925
P10721,P07948,928
P10721,P12314,726
P10721,P29350,856
P10721,P17252,912
P10721,P27986,995
P10721,P33151,723
P10721,P08700,944
P10721,P09038,885
Q01668,Q15878,787
Q01668,Q9H2S1,813
Q01668,Q7Z3S7,971
Q01668,P01308,934
Q01668,P54284,997
Q01668,P41595,908
Q01668,P05771,933
Q01668,Q9Y698,867
Q01668,P62955,977
Q01668,P60880,736
Q01668,P48544,806
Q01668,Q12791,848
Q01668,P28335,921
Q01668,O60840,980
Q01668,P21817,865
Q01668,Q06432,995
Q01668,Q13936,981
Q01668,Q92736,944
Q01668,Q86W47,720
Q01668,O00305,965
Q01668,P54652,720
Q01668,Q14643,753
Q01668,O43497,852
Q01668,Q9UBN1,986
Q01668,Q8WXS5,966
Q01668,P62942,720
Q01668,Q02641,990
Q01668,Q16720,829
Q01668,O15554,833
Q01668,Q9BXT2,901
Q01668,Q00975,772
Q01668,O95180,856
Q01668,Q8IZS8,876
Q01668,Q9Y691,733
Q01668,O60359,957
Q01668,Q9NY47,971
Q01668,P17252,917
Q01668,Q08289,997
Q01668,P54289,999
Q01668,P05129,943
Q01668,Q16558,737
Q01668,P29475,918
Q01668,Q13698,975
Q01668,P17612,935
Q01668,P0DP23,990
Q01668,P04156,905
Q01668,P05023,754
Q01668,P28223,916
O75912,Q13393,712
O75912,Q96PD7,717
O75912,P78352,734
O75912,O14939,743
P32754,P14174,909
P32754,P00505,967
P32754,P17174,963
P32754,P16930,993
P32754,P17735,998
P14598,P19878,999
P14598,P53778,751
P14598,P01019,786
P14598,Q15080,999
P14598,P63000,976
P14598,Q05655,966
P14598,P47989,700
P14598,P60709,763
P14598,Q16539,800
P14598,P05771,975
P14598,P12931,905
P14598,P14780,950
P14598,O15264,758
P14598,P31749,993
P14598,Q05513,856
P14598,P19320,942
P14598,P47712,793
P14598,P27361,965
P14598,Q9Y5S8,999
P14598,Q99497,835
P14598,P17252,969
P14598,P13498,999
P14598,P05129,903
P14598,O00206,733
P14598,P08253,928
P14598,Q15759,764
P14598,P15153,999
P14598,P04839,999
P14598,P28482,923
Q9UHC9,O95477,815
Q9UHC9,P02647,811
Q9UHC9,P04035,918
Q9UHC9,P36956,761
O94956,O15439,713
O94956,Q8TCC7,775
O94956,Q92887,719
P50406,P01189,920
P50406,P34969,925
P50406,P59768,816
Q05901,P30926,843
Q05901,P32297,774
Q05901,Q15822,919
Q05901,P02708,712
Q05901,Q15825,930
Q05901,P17787,785
Q05901,P43681,843
Q05901,P11509,807
Q05901,Q9UGM1,765
Q05901,P36544,777
P10398,P36507,996
P10398,P07900,704
P10398,P12931,741
P10398,P49841,910
P10398,P08238,809
P10398,P04049,995
P10398,P62258,968
P10398,Q05655,809
P10398,P63104,993
P10398,P27348,985
P10398,P05771,904
P10398,P14618,792
P10398,P05129,902
P10398,P53041,702
P10398,P27986,795
P10398,P17252,904
P10398,P31946,991
P10398,P17612,915
P10398,Q02750,994
P10398,P67870,719
P10398,Q04917,988
P10398,P15056,998
P48047,O95168,866
P48047,O95139,870
P48047,P39023,747
P48047,O00217,767
P48047,P51970,852
P48047,O43920,831
P48047,O75306,863
P48047,O96000,860
P48047,Q9Y5K8,828
P48047,Q99437,950
P48047,O75489,958
P48047,O75348,781
P48047,P27449,971
P48047,P49821,759
P48047,Q9Y6M9,873
P48047,P25705,999
P48047,P00846,999
P48047,O43181,954
P48047,Q16795,783
P48047,Q16718,892
P48047,P30049,999
P48047,P62913,872
P48047,P49411,874
P48047,P38606,828
P48047,O75964,999
P48047,O95169,882
P48047,P56556,795
P48047,O75380,762
P48047,P62829,906
P48047,P36542,999
P48047,P56381,999
P48047,P30405,989
P48047,P21281,856
P48047,Q9UI09,917
P48047,P31930,765
P48047,O00483,772
P48047,O43674,855
P48047,Q93050,847
P48047,Q16864,891
P48047,Q9UNX3,716
P48047,P06576,999
P48047,P15313,826
P48047,P62750,870
P48047,O43676,759
P48047,P56385,999
P48047,P62917,746
P48047,O14561,762
P48047,P28331,730
P48047,P19404,924
P48047,Q9BY66,772
P48047,P36543,745
P48047,P15880,773
Q9Y6J6,Q13936,886
Q9Y6J6,Q9UK17,771
Q9Y6J6,Q9NZV8,838
Q9Y6J6,Q8WWG9,886
Q9Y6J6,P22460,872
Q9Y6J6,Q14524,977
Q9Y6J6,P63252,890
Q9Y6J6,Q92736,747
Q9Y6J6,Q12809,998
Q9Y6J6,Q8IWT1,881
Q9Y6J6,P51787,999
Q9Y6J6,Q9NY72,760
Q9Y6J6,Q9UJ90,791
Q9Y6J6,P48544,806
Q9Y6J6,Q08289,746
Q9Y6J6,Q07699,786
Q9Y6J6,Q9Y6H6,965
P16152,P10635,930
P16152,P04798,936
P16152,P08684,941
P16152,P15121,991
P16152,P00374,975
P16152,P11509,926
P16152,Q03393,918
P16152,Q15185,939
P16152,P05181,927
P16152,Q86XF0,981
P16152,P42330,971
P16152,P14550,909
P16152,O60218,959
P12821,O15393,862
P12821,P0DP23,760
P12821,P30556,974
P12821,Q9BYF1,956
P12821,P27487,874
P12821,P05121,710
P12821,P08235,891
P12821,P24298,720
P12821,P30411,917
P12821,P31639,780
P12821,P02768,912
P12821,P16581,774
P12821,P46663,874
P12821,P14780,733
P12821,P42898,818
P12821,P05231,776
P12821,P05305,779
P12821,P22303,733
P12821,P15144,816
P12821,P02649,876
P12821,P20648,771
P12821,P47989,724
P12821,P60709,765
P12821,P04035,806
P12821,P16860,810
P12821,P01308,849
P12821,P01019,999
P12821,P00797,987
P12821,P01375,720
P12821,P01042,995
P12821,P29474,731
P61421,Q9Y487,999
P61421,Q9Y5K8,999
P61421,O15342,990
P61421,Q8N8Y2,971
P61421,O95670,980
P61421,P21283,998
P61421,Q99437,999
P61421,P27449,999
P61421,O75348,999
P61421,Q96LB4,953
P61421,Q9UI12,999
P61421,Q13488,998
P61421,Q8NEY4,977
P61421,P21281,999
P61421,P38606,999
P61421,Q8NHE4,948
P61421,Q96A05,996
P61421,P36543,999
P61421,Q15904,999
P61421,Q9HBG4,999
P61421,Q93050,999
P61421,Q16864,999
P61421,P15313,999
P61421,P80365,744
P43119,P21731,825
P43119,P23219,753
P43119,Q16647,832
P0DP23,O75762,767
P0DP23,P03372,995
P0DP23,Q14573,985
P0DP23,Q8NET8,715
P0DP23,O95644,786
P0DP23,O00555,977
P0DP23,Q9HBA0,796
P0DP23,P01375,820
P0DP23,P27797,713
P0DP23,P10636,838
P0DP23,Q9H2S1,995
P0DP23,P37840,995
P0DP23,P29474,999
P0DP23,Q15878,971
P0DP23,P23528,859
P0DP23,Q01064,973
P0DP23,P01308,770
P0DP23,P12277,845
P0DP23,Q03431,732
P0DP23,P14416,756
P0DP23,P78352,989
P0DP23,P11802,725
P0DP23,P54750,985
P0DP23,P51828,767
P0DP23,O60266,945
P0DP23,P63104,837
P0DP23,P56524,741
P0DP23,O60840,897
P0DP23,P35228,999
P0DP23,P07900,996
P0DP23,P16220,891
P0DP23,Q8NER1,998
P0DP23,Q14571,957
P0DP23,P17302,810
P0DP23,Q01668,990
P0DP23,Q14123,979
P0DP23,Q16620,708
P0DP23,O43525,984
P0DP23,P21817,999
P0DP23,P23297,789
P0DP23,P12931,858
P0DP23,O95259,939
P0DP23,P49841,812
P0DP23,Q13936,999
P0DP23,P08238,995
P0DP23,P23560,746
P0DP23,Q99250,993
P0DP23,Q01814,905
P0DP23,Q14524,999
P0DP23,P01138,868
P0DP23,P51787,999
P0DP23,Q92736,999
P0DP23,Q14643,983
P0DP23,O43497,980
P0DP23,P31749,802
P0DP23,P00533,859
P0DP23,P42345,714
P0DP23,P19634,991
P0DP23,Q9NR82,719
P0DP23,P01189,828
P0DP23,P56696,972
P0DP23,Q9Y6H6,972
P0DP23,P62942,994
P0DP23,P20020,781
P0DP23,Q9P0X4,940
P0DP23,Q08828,975
P0DP23,P40145,995
P0DP23,P08100,902
P0DP23,O15399,755
P0DP23,P11142,723
P0DP23,Q8NFM4,773
P0DP23,Q96LZ3,720
P0DP23,Q00975,978
P0DP23,P02768,789
P0DP23,Q16720,751
P0DP23,O15554,993
P0DP23,Q9UQD0,896
P0DP23,P11216,876
P0DP23,P53805,775
P0DP23,Q13224,910
P0DP23,Q12879,901
P0DP23,O95180,957
P0DP23,P11217,868
P0DP23,Q05586,996
P0DP23,O43306,825
P0DP23,P17252,730
P0DP23,Q15858,778
P0DP23,P29475,999
P0DP23,Q13698,990
P0DP23,O43526,993
P0DP23,Q08462,745
P0DP23,P49419,892
P0DP23,Q00535,739
P0DP23,O60503,788
P0DP23,P35499,989
P0DP23,O95622,838
P0DP23,Q9UKV0,734
P0DP23,P06732,832
P0DP23,P17612,989
P0DP23,P12821,760
P0DP23,P14625,861
P0DP23,Q9UGI6,741
P0DP23,P23634,983
P0DP23,Q14957,758
P04155,P03372,978
P04155,P06401,767
O76083,O60266,728
O76083,P51828,720
O76083,P00492,904
O76083,P33402,828
O76083,Q8NFM4,728
O76083,P40145,734
O76083,Q08828,727
O76083,O95622,754
O76083,O43306,720
O76083,P56181,792
O76083,O60503,731
O76083,P49419,881
O76083,Q08462,720
O76083,P16066,818
O00764,Q9NVS9,996
O00764,Q96GD0,966
O00764,P12004,787
O00764,O94903,862
O00764,Q06278,928
P04271,P10636,906
P04271,P31645,725
P04271,O15540,711
P04271,P04637,995
P04271,P23560,786
P04271,P26447,757
P04271,P23297,980
P04271,P29034,789
P04271,P05067,748
P04271,O00206,844
P04271,Q00987,830
P04271,P09038,986
P04271,P09429,830
P23297,P31151,808
P23297,P04271,980
P23297,P04637,790
P23297,Q92736,899
P23297,P07355,947
P23297,Q86YZ3,744
P23297,O60603,755
P23297,P26447,807
P23297,P21817,811
P23297,P25815,858
P23297,P29034,812
P23297,O00206,836
P23297,P16615,756
P23297,P0DP23,789
P23297,Q00987,796
P25311,P02763,787
P25311,P02749,810
P25311,P07288,833
P25311,P02768,720
P25311,P02765,794
P25311,P02753,746
P25311,P61769,709
P25311,P05090,707
P25311,P19652,715
P25311,P02774,823
P22455,P01308,946
P22455,Q96RI1,837
P22455,P08620,997
P22455,P05230,999
P22455,O95750,999
P22455,P42336,837
P22455,P11362,967
P22455,P42338,724
P22455,P23560,708
P22455,P01138,703
P22455,P22607,790
P22455,P01133,780
P22455,P27361,713
P22455,Q9NR96,709
P22455,P14210,796
P22455,P04626,829
P22455,P27986,798
P22455,Q00987,747
P22455,P09038,999
P34995,P07550,704
P34995,P23219,714
P34995,P35408,977
P34995,P35354,753
Q16873,P09960,992
Q16873,P23219,709
Q16873,Q9NS75,930
Q16873,Q9Y271,946
Q16873,P19440,921
Q16873,P09917,986
Q16873,O14880,896
Q16873,P10620,932
P49585,P27361,911
P49585,P45984,907
P49585,Q8TCT1,927
P49585,P28482,908
P49585,P45983,909
P49585,Q9Y5K3,974
Q14957,P29475,922
Q14957,Q05586,999
Q14957,P48058,824
Q14957,P46098,803
Q14957,P42261,829
Q14957,P56373,909
Q14957,P0DP23,758
Q14957,P17612,724
Q14957,Q9UBN1,779
Q14957,Q8WXS5,761
Q14957,Q99571,905
Q14957,P51575,917
Q14957,O15547,923
Q14957,Q12879,998
Q14957,Q13224,998
Q14957,O60359,788
Q14957,O15399,998
Q14957,P42262,822
Q14957,Q99572,906
Q14957,P62955,772
Q14957,Q9UF02,747
Q14957,P42263,809
Q14957,O60391,996
Q14957,Q93086,906
Q14957,Q13002,714
Q14957,Q8TCU5,998
Q14957,Q9Y698,817
Q14957,P78352,990
P51692,O60674,999
P51692,P38936,887
P51692,P43405,763
P51692,P19838,741
P51692,P60568,956
P51692,P11274,936
P51692,P08631,723
P51692,Q99062,752
P51692,P10276,777
P51692,P06401,879
P51692,P40933,852
P51692,P09619,726
P51692,P16220,739
P51692,P04150,835
P51692,P05231,807
P51692,P12931,900
P51692,P04637,728
P51692,P11309,821
P51692,P29597,984
P51692,P06239,790
P51692,P05113,777
P51692,P00533,997
P51692,P31749,810
P51692,P01579,823
P51692,P27361,800
P51692,Q15303,993
P51692,P06241,734
P51692,P08700,904
P51692,Q92793,934
P51692,P36888,970
P51692,P52333,997
P51692,P29350,730
P51692,P10721,971
P51692,P00519,983
P51692,P23458,999
P51692,P07948,782
P51692,P21802,787
P08648,P04004,976
P08648,P06756,946
P08648,P00749,781
P08648,P00533,792
P08648,P05106,999
P08648,O15230,778
P08648,P63261,716
P08648,P19320,828
P08648,Q9BYF1,788
P08648,P20701,953
P08648,Q9Y2I1,805
P08648,P11047,865
P08648,P07942,788
P08648,P60709,801
P08648,Q14289,917
P08648,P49747,710
P08648,P12814,965
P08648,Q16787,869
P08648,P25391,746
P08648,P02751,999
P08648,P32004,833
P08648,P08514,729
P08648,P12931,949
P16050,P14555,812
P16050,P47712,834
P16050,P11712,921
P16050,P11142,755
P16050,P22352,933
P16050,Q96SL4,929
P16050,P05181,916
P16050,P09917,914
P16050,P10632,913
P16050,P23219,960
P16050,P35354,963
P16050,P33261,920
P16050,P30086,989
P16050,P05177,915
P16050,P18283,933
P16050,P59796,931
P16050,Q8TED1,929
P16050,O75715,931
P16050,P04054,701
P16050,P08684,912
P16050,Q02928,917
P16050,O60733,786
P60842,P62913,780
P60842,P61313,704
P60842,P63244,985
P60842,P08865,978
P60842,P84098,827
P60842,P56537,843
P60842,P68104,935
P60842,P62917,708
P60842,P15880,952
P60842,P39023,756
P60842,P11142,802
P60842,O00303,966
P60842,P40429,861
O60503,P31749,706
O60503,P55011,907
O60503,P18545,700
O60503,Q08499,806
O60503,P51160,717
O60503,Q08828,775
O60503,Q8NFM4,717
O60503,Q8TD08,743
O60503,P31323,755
O60503,O00408,750
O60503,P17252,730
O60503,O43306,958
O60503,P10644,710
O60503,O76074,762
O60503,P05129,723
O60503,P35913,717
O60503,Q08493,779
O60503,O95622,827
O60503,Q9NP56,762
O60503,P17612,950
O60503,P0DP23,788
O60503,Q9Y233,718
O60503,P27815,830
O60503,Q13946,788
O60503,Q14432,777
O60503,P07550,751
O60503,O60658,721
O60503,Q01064,708
O60503,P16499,737
O60503,Q07343,789
O60503,P51828,749
O60503,O60266,933
O60503,Q05655,912
O60503,P05771,719
O60503,O76083,731
O60503,P59768,719
O60503,Q14123,723
O60503,P21554,900
O60503,Q13370,822
O60503,P51787,950
O60503,Q9HCR9,747
O95750,P35916,772
O95750,P04629,713
O95750,P36888,750
O95750,P10721,768
O95750,P07333,729
O95750,P16234,779
O95750,P04626,768
O95750,P21802,969
O95750,P00533,795
O95750,P17948,829
O95750,Q15303,708
O95750,Q02763,747
O95750,P09619,768
O95750,P01133,721
O95750,P22607,933
O95750,P35968,806
O95750,P11362,991
O95750,P08581,746
O95750,P22455,999
O95750,P08069,718
O95750,Q96RI1,916
O95750,P08620,848
P19320,P10145,857
P19320,P06756,716
P19320,P14780,748
P19320,P16581,979
P19320,P27361,713
P19320,P01579,748
P19320,P33151,806
P19320,P09429,710
P19320,P20701,992
P19320,P05121,719
P19320,P13498,938
P19320,P35354,758
P19320,P14598,942
P19320,O00206,772
P19320,P10721,729
P19320,P04839,959
P19320,P25963,787
P19320,P19878,928
P19320,P08648,828
P19320,P21589,724
P19320,P29474,810
P19320,P01375,923
P19320,P01584,830
P19320,P61073,978
P19320,P35225,740
P19320,Q15080,920
P19320,P19838,769
P19320,P02751,983
P19320,P00750,756
P19320,O60603,723
P19320,P13500,907
P19320,P02649,799
P19320,P05305,722
P19320,P16109,963
P19320,P05231,921
P22888,P01189,941
P22888,P30968,744
P22888,P05108,865
P22888,Q16671,700
P22888,P14060,815
P22888,Q92731,727
P22888,P03372,731
P22888,P11511,810
P22888,P37058,778
P22888,P26439,701
P22888,P59768,800
P22888,P05093,856
Q9H3M0,Q14722,726
Q9H3M0,Q8NEY4,800
Q9H3M0,P61978,758
Q9H3M0,Q13303,747
P48549,P22460,710
P48549,Q96I99,892
P48549,P17612,924
P48549,Q9UK17,766
P48549,P48051,998
P48549,Q9UBS5,953
P48549,O75899,959
P48549,P59768,896
P48549,P48544,997
P48549,Q92806,990
O60760,P08684,959
O60760,P04798,968
O60760,Q03013,762
O60760,O75715,889
O60760,O43708,964
O60760,P09211,773
O60760,Q8TED1,892
O60760,Q13258,704
O60760,P09210,785
O60760,P41222,991
O60760,P10620,911
O60760,P59796,889
O60760,P08263,791
O60760,P18283,897
O60760,P48637,952
O60760,Q7RTV2,775
O60760,P05177,954
O60760,P46439,778
O60760,O14880,859
O60760,P35754,856
O60760,P36969,941
O60760,Q9Y2Q3,948
O60760,P30041,942
O60760,Q16647,943
O60760,P21266,773
O60760,P00326,730
O60760,P00325,732
O60760,P11509,945
O60760,Q16678,954
O60760,P20815,801
O60760,O15217,782
O60760,P05181,961
O60760,Q96SL4,893
O60760,Q99735,907
O60760,P22352,891
O60760,P28161,790
O60760,P78417,956
O60760,P19440,771
O60760,Q15185,944
O60760,P00390,964
O60760,P11712,948
O60760,P42330,936
O60760,P08319,703
O60760,P11766,766
O60760,Q16772,784
O60760,P33261,802
O60760,P30838,747
O60760,P40394,703
O60760,P43353,710
O60760,P35354,944
O60760,P09488,793
O60760,P23219,946
O60760,P10632,775
O60760,Q9H4Y5,936
O60760,P07327,844
P29803,Q16798,924
P29803,Q6ZMR3,923
P29803,P49448,743
P29803,P11177,999
P29803,Q9NR19,837
P29803,P00367,773
P29803,Q9BYZ2,927
P29803,P00338,939
P29803,P06744,918
P29803,P48163,924
P29803,P23368,924
P29803,O95479,890
P29803,P29401,879
P29803,P04075,850
P29803,P09622,998
P29803,P10515,999
P29803,P14618,945
P29803,P07864,951
P29803,Q9NUB1,842
Q8N1C3,Q15111,918
Q8N1C3,P47869,809
Q8N1C3,P47870,820
Q8N1C3,P18505,900
Q8N1C3,P14867,811
Q8N1C3,O14764,769
Q8N1C3,Q16445,710
Q8N1C3,P28472,777
Q8N1C3,P34903,752
Q8N1C3,O75899,786
Q8N1C3,P18507,868
Q8N1C3,P31644,766
Q8N1C3,Q9UBS5,744
Q8N1C3,P48169,794
Q8N1C3,Q9UN88,720
P10696,P05187,791
P10696,Q03393,900
P10696,Q9H3S4,900
P18505,P14867,970
P18505,O14764,720
P18505,P78334,817
P18505,Q99928,772
P18505,Q16445,725
P18505,P34903,767
P18505,P28472,950
P18505,Q9UBS5,871
P18505,P31644,834
P18505,O75899,884
P18505,P18507,870
P18505,P48169,930
P18505,Q8N1C3,900
P18505,Q15111,908
P18505,P47869,917
P18505,P47870,950
P25024,P10145,999
P25024,P54577,788
P25024,P25098,837
P25024,P02775,998
P25024,P52333,723
P25024,O60674,764
P25024,P01584,879
P25024,P61073,857
P25024,P02776,876
P25024,P21462,842
P25024,P13500,996
P25024,P05231,868
Q96DB2,Q92793,761
Q96DB2,P62807,706
Q96DB2,Q96EB6,855
Q96DB2,Q9UBN7,891
P41743,Q05513,989
P41743,P15153,927
P41743,P67775,913
P41743,P27986,919
P41743,P42336,952
P41743,O00329,908
P41743,P42338,917
P41743,P62714,915
Q6NUM9,Q9NYR8,934
Q6NUM9,P11766,915
Q6NUM9,O75911,936
Q6NUM9,P40394,921
Q6NUM9,O43174,933
Q6NUM9,P07327,919
Q6NUM9,Q8TC12,928
Q6NUM9,P08319,921
Q6NUM9,O95237,949
Q6NUM9,P00326,914
Q6NUM9,Q96NR8,934
Q6NUM9,P00325,910
Q6NUM9,Q9BTZ2,947
P02768,P0DP23,789
P02768,P12821,912
P02768,P35354,772
P02768,O00206,821
P02768,P08185,885
P02768,P02763,998
P02768,P00734,990
P02768,P01011,914
P02768,P04278,996
P02768,P02794,720
P02768,P01023,980
P02768,P24298,928
P02768,P10909,831
P02768,P08758,786
P02768,P02788,996
P02768,P01024,959
P02768,P00747,963
P02768,P09038,842
P02768,P27824,743
P02768,P27487,778
P02768,Q14624,765
P02768,Q9BYF1,862
P02768,Q07954,714
P02768,P36955,849
P02768,P07998,772
P02768,P05067,901
P02768,P04746,762
P02768,P11142,712
P02768,P27169,862
P02768,P02753,785
P02768,P02647,998
P02768,P51884,737
P02768,P01579,866
P02768,Q8TD30,892
P02768,P01009,998
P02768,P01189,822
P02768,P61769,987
P02768,P00450,936
P02768,Q96SL4,710
P02768,P10145,782
P02768,P22352,716
P02768,P00533,808
P02768,P02786,880
P02768,P43220,765
P02768,P02774,980
P02768,P31749,795
P02768,P19652,998
P02768,P00749,708
P02768,P25311,720
P02768,P14780,745
P02768,P02787,900
P02768,P04004,988
P02768,P14210,782
P02768,P00740,732
P02768,P06276,912
P02768,P04637,722
P02768,P15144,866
P02768,P99999,986
P02768,P02649,953
P02768,O60494,992
P02768,P34932,742
P02768,P16109,720
P02768,P02656,912
P02768,P05231,926
P02768,P01133,889
P02768,P02679,945
P02768,P01138,763
P02768,P08514,701
P02768,P05155,791
P02768,P20648,776
P02768,P01137,784
P02768,P02751,998
P02768,P05543,945
P02768,P02749,933
P02768,P07288,768
P02768,P05164,887
P02768,Q04609,800
P02768,P01008,933
P02768,P02675,878
P02768,O60603,733
P02768,P02766,994
P02768,P13500,739
P02768,O60502,720
P02768,P02671,975
P02768,P15502,783
P02768,P01106,759
P02768,P08620,780
P02768,P01019,868
P02768,P08697,810
P02768,P18283,721
P02768,P02776,766
P02768,P60568,718
P02768,P01308,999
P02768,P00505,786
P02768,P59796,713
P02768,P10415,748
P02768,P42574,815
P02768,P02765,999
P02768,P04406,895
P02768,P06727,824
P02768,P04035,734
P02768,P02652,962
P02768,P60709,886
P02768,P35219,732
P02768,Q07869,751
P02768,P19823,832
P02768,P03372,796
P02768,P42081,736
P02768,P08684,744
P02768,Q8TED1,723
P02768,P27797,718
P02768,P01042,962
P02768,P19429,748
P02768,O75715,713
P02768,P00797,830
P02768,P01584,836
P02768,P01375,870
P02775,P16109,887
P02775,P02671,727
P02775,P02776,936
P02775,P01579,755
P02775,P25024,998
P02775,P61073,963
P02776,P10145,999
P02776,P61073,895
P02776,P01375,714
P02776,P01042,728
P02776,P25024,876
P02776,P02768,766
P02776,P02671,745
P02776,P09429,779
P02776,P02749,763
P02776,P07359,721
P02776,P02751,770
P02776,P14770,715
P02776,P13500,998
P02776,P01008,706
P02776,P02775,936
P02776,P07204,797
P02776,P08514,789
P02776,P16109,921
P05452,P01375,908
P05452,P06733,762
P05452,P00747,996
P05452,P49908,729
P08100,P59768,908
P08100,O95237,722
P08100,Q92781,766
P08100,P35626,718
P08100,P16499,812
P08100,Q9NYR8,825
P08100,P17252,768
P08100,P35913,898
P08100,P25098,908
P08100,P0DP23,902
P08100,P06753,787
P08100,P18545,745
P08100,Q96I99,709
P25815,P23297,858
P11766,P43353,819
P11766,Q9H4Y5,701
P11766,P21397,922
P11766,P00352,902
P11766,P09488,747
P11766,O43174,953
P11766,P05091,965
P11766,P30838,860
P11766,P49419,834
P11766,Q6NUM9,915
P11766,Q16772,703
P11766,P30837,870
P11766,P29475,702
P11766,O15217,718
P11766,Q99735,716
P11766,P05181,947
P11766,P78417,759
P11766,P21964,912
P11766,P49189,885
P11766,P21266,716
P11766,P10768,998
P11766,O60760,766
P11766,P48448,825
P11766,P47895,811
P11766,O95237,918
P11766,O94788,794
P11766,P08263,714
P11766,P10620,710
P11766,P46439,712
P11766,O14880,711
P11766,Q7RTV2,714
P11766,P27338,923
P11766,Q06278,938
P11766,P51648,869
P11766,P09211,739
Q04912,Q07955,849
Q04912,P04626,713
Q04912,P00533,795
Q04912,P14210,936
P08758,P04626,758
P08758,P55211,885
P08758,P30101,701
P08758,P01579,716
P08758,P63261,841
P08758,P24385,808
P08758,P02768,786
P08758,P00533,745
P08758,P31749,821
P08758,P07355,833
P08758,P16109,744
P08758,P05231,750
P08758,P34932,741
P08758,P12931,736
P08758,P04637,818
P08758,P22033,740
P08758,P60903,833
P08758,P99999,841
P08758,Q14790,842
P08758,P04406,943
P08758,P42574,921
P08758,P60709,950
P08758,P00441,846
P08758,P10415,899
P08758,P09874,874
P08758,P01106,741
P08758,P01375,758
P08758,P01584,716
P08758,P27797,722
P15428,P80365,810
P15428,P28845,795
P42262,Q8WXS5,994
P42262,Q9UBN1,907
P42262,O15399,800
P42262,P00390,793
P42262,O60359,923
P42262,Q13224,885
P42262,Q12879,933
P42262,P48058,999
P42262,Q05586,901
P42262,P05129,720
P42262,P17612,937
P42262,Q99259,730
P42262,P42261,999
P42262,P07948,904
P42262,P46098,806
P42262,Q14957,822
P42262,Q13002,767
P42262,Q8TCU5,845
P42262,O60391,787
P42262,P78352,968
P42262,P04406,729
P42262,Q9Y698,995
P42262,P60880,707
P42262,P62955,883
P42262,P42263,999
P42262,P41594,852
P42262,Q9UF02,907
P40933,P05231,884
P40933,P32927,788
P40933,P13500,796
P40933,Q99062,739
P40933,P09619,715
P40933,P60568,958
P40933,P35225,871
P40933,P01375,885
P40933,P01584,872
P40933,P26951,824
P40933,P52333,996
P40933,P48551,769
P40933,P23458,952
P40933,P16234,704
P40933,P08700,728
P40933,P01579,939
P40933,P17181,810
P40933,P51692,852
P40933,P14778,731
P40933,P05113,821
P40933,P00533,793
P40933,Q9NZQ7,717
P40933,P10145,798
P62312,Q15428,992
P62312,Q12874,990
P62312,P55769,997
P62312,Q15393,992
P62312,Q07955,828
O43181,P03923,995
O43181,P00395,931
O43181,O43674,999
O43181,Q9P0J0,999
O43181,O95298,999
O43181,O00483,990
O43181,P03905,999
O43181,P03897,999
O43181,O43677,997
O43181,P48047,954
O43181,P19404,999
O43181,P28331,999
O43181,O14561,999
O43181,P37840,724
O43181,O43676,999
O43181,P56385,723
O43181,O95169,999
O43181,Q9NRX3,709
O43181,O75380,999
O43181,P31040,877
O43181,P56556,999
O43181,P30049,734
O43181,Q16718,999
O43181,O75964,712
O43181,P03915,999
O43181,Q16795,999
O43181,Q9UI09,999
O43181,P31930,993
O43181,O95178,996
O43181,P36542,923
O43181,Q9Y6M9,999
O43181,O95167,999
O43181,O75489,999
O43181,P03886,999
O43181,P49821,999
O43181,P03901,998
O43181,P03891,999
O43181,O95182,999
O43181,O15239,999
O43181,O00142,737
O43181,Q86Y39,999
O43181,P17568,999
O43181,O95299,999
O43181,O00217,999
O43181,P17612,714
O43181,O95139,999
O43181,O95168,999
O43181,O75251,999
O43181,O75438,996
O43181,P56181,999
O43181,O96000,999
O43181,O43678,999
O43181,O43920,999
O43181,O75306,999
O43181,P51970,999
O43181,P30043,803
Q16568,P01189,870
Q16568,Q16836,874
Q16568,P01303,889
P08700,P10721,944
P08700,P05231,998
P08700,P52333,870
P08700,P16234,760
P08700,P00519,764
P08700,P23458,893
P08700,P07333,839
P08700,P48551,704
P08700,P32927,999
P08700,Q99062,846
P08700,P36888,867
P08700,P09619,766
P08700,P40933,728
P08700,P17181,735
P08700,P01579,983
P08700,P35225,891
P08700,P51692,904
P08700,P60568,998
P08700,P01308,728
P08700,P05113,999
P08700,P26951,999
P08700,P01584,977
P08700,P01375,852
P08700,P15509,864
P08700,P10145,785
P08700,P00533,783
P08700,O60674,978
P49069,P00533,767
P49069,O43681,999
Q08828,O76083,727
Q08828,P59768,819
Q08828,Q14123,726
Q08828,P21554,912
Q08828,Q13370,773
Q08828,Q9HCR9,801
Q08828,Q13946,719
Q08828,Q14432,779
Q08828,Q01064,720
Q08828,P16499,719
Q08828,Q07343,788
Q08828,P54750,754
Q08828,P51828,718
Q08828,O60266,910
Q08828,Q05655,915
Q08828,P05771,715
Q08828,P17252,801
Q08828,O76074,742
Q08828,P05129,736
Q08828,Q08462,715
Q08828,P35913,724
Q08828,Q08493,772
Q08828,O60503,775
Q08828,Q9NP56,756
Q08828,P17612,948
Q08828,P0DP23,975
Q08828,Q9Y233,768
Q08828,P27815,798
Q08828,P31749,714
Q08828,Q08499,781
Q08828,P51160,719
Q08828,P40145,921
Q08828,P31323,718
Q08828,O00408,768
P29474,P14780,730
P29474,P04424,969
P29474,P31749,997
P29474,P19320,810
P29474,P29475,906
P29474,P30556,784
P29474,P33151,764
P29474,P04839,702
P29474,P14625,832
P29474,P12821,731
P29474,P78540,966
P29474,P0DP23,999
P29474,P09601,770
P29474,P01042,832
P29474,P00966,961
P29474,P00797,724
P29474,P03372,773
P29474,Q96EB6,841
P29474,P60709,892
P29474,P24530,701
P29474,P47989,828
P29474,P01019,792
P29474,O94760,865
P29474,Q96A70,940
P29474,P01308,732
P29474,P35228,912
P29474,P07900,999
P29474,P05231,718
P29474,P05089,959
P29474,P02649,777
P29474,P35968,716
P29474,P08238,998
P29474,P05305,884
P29474,P32929,788
Q9UHC3,Q8NER1,828
Q9UHC3,Q16515,794
Q9UHC3,Q93086,723
P00352,Q9BTZ2,963
P00352,P08684,937
P00352,P04798,939
P00352,Q06278,951
P00352,P05177,931
P00352,O94788,915
P00352,Q92781,945
P00352,P47895,903
P00352,Q02928,919
P00352,P00326,921
P00352,Q96NR8,969
P00352,P11509,924
P00352,P00325,949
P00352,P40926,732
P00352,P20815,933
P00352,P24462,923
P00352,P08319,949
P00352,Q8TC12,951
P00352,P11712,928
P00352,P11766,902
P00352,O75911,951
P00352,Q6V0L0,953
P00352,Q9NYR8,937
P00352,O43174,968
P00352,P10632,924
P00352,P09455,750
P00352,P07327,959
P00352,P40394,929
P14207,Q04609,783
Q96L21,P62750,995
Q96L21,P62917,997
Q96L21,P68104,956
Q96L21,P56537,981
Q96L21,P15880,998
Q96L21,Q9UNX3,985
Q96L21,P61313,998
Q96L21,P63244,999
Q96L21,P08865,998
Q96L21,P62829,997
Q96L21,P36542,757
Q96L21,P84098,993
Q96L21,P62913,998
Q96L21,P49411,910
Q96L21,Q9UHA3,898
Q96L21,Q6W5P4,770
Q96L21,P40429,996
Q96L21,P25705,766
Q96L21,P61927,986
Q96L21,P39023,997
P00492,P35913,909
P00492,P00558,830
P00492,O76074,903
P00492,P49902,928
P00492,P55263,775
P00492,Q9Y233,905
P00492,P51160,900
P00492,P00846,836
P00492,P18545,901
P00492,P61769,738
P00492,P00491,989
P00492,P12268,967
P00492,Q13956,902
P00492,O00408,902
P00492,P25705,845
P00492,Q14123,900
P00492,P36542,845
P00492,P20839,955
P00492,O76083,904
P00492,P31939,958
P00492,Q9HCR9,900
P00492,Q13370,905
P00492,P30049,793
P00492,P31040,724
P00492,P51580,952
P00492,Q06203,711
P00492,Q14432,903
P00492,P23921,871
P00492,P00813,706
P00492,P21589,932
P00492,P04406,894
P00492,P60709,795
P00492,P47989,945
P00492,P54750,901
P00492,P16499,900
P00492,Q01064,905
Q9BXJ7,P02647,797
Q9BXJ7,O60494,999
O95169,P48047,882
O95169,O43677,998
O95169,P56385,714
O95169,O43676,999
O95169,P28331,999
O95169,O14561,999
O95169,P19404,999
O95169,P27707,702
O95169,P00395,986
O95169,P03923,991
O95169,P06576,885
O95169,O00483,996
O95169,P03905,999
O95169,P03897,999
O95169,O43674,999
O95169,O95298,999
O95169,Q9P0J0,999
O95169,O95178,999
O95169,P36542,913
O95169,P31930,982
O95169,Q9UI09,999
O95169,Q9NRX3,821
O95169,P99999,721
O95169,P56556,999
O95169,O75380,999
O95169,P31040,964
O95169,Q16795,999
O95169,P03915,999
O95169,O75964,879
O95169,Q16718,999
O95169,P30049,935
O95169,O43181,999
O95169,O95182,999
O95169,Q86Y39,999
O95169,P17568,999
O95169,O15239,999
O95169,P00846,760
O95169,P49821,999
O95169,P03901,989
O95169,P03886,999
O95169,P21796,737
O95169,O75489,999
O95169,P25705,943
O95169,O95167,999
O95169,Q9Y6M9,999
O95169,P03891,999
O95169,O96000,999
O95169,P56181,999
O95169,P30043,786
O95169,P51970,999
O95169,O43678,999
O95169,O75306,999
O95169,O43920,999
O95169,O95139,999
O95169,O95299,999
O95169,O00217,999
O95169,O75251,999
O95169,O75438,995
O95169,O95168,999
P37288,P30559,775
P37288,P01189,786
P37288,P01019,829
P37288,P30518,953
P37288,P47901,940
P12277,Q9BYZ2,726
P12277,Q14353,944
P12277,P0DP23,845
P12277,P06732,996
P12277,P06733,736
P12277,P48029,859
P12277,Q6ZMR3,726
P50213,P51553,999
P50213,P09622,905
P50213,P10515,823
P50213,Q02218,995
P50213,P51649,860
P50213,P24298,854
P50213,P25705,855
P50213,P49821,722
P50213,Q8TD30,848
P50213,Q96I99,854
P50213,O43837,999
P50213,P00367,910
P50213,P40926,857
P50213,P04424,859
P50213,P08559,749
P50213,P31040,819
P50213,P49448,896
P50213,Q13423,726
P50213,P11177,856
P50213,P36542,814
P50213,P00505,889
P50213,P17174,874
P29762,P10276,792
P29762,O43497,765
P29762,P10826,768
P29762,Q6V0L0,815
P29762,O43174,808
P30532,Q9GZZ6,746
P30532,P02708,717
P30532,P30926,919
P30532,P32297,980
P30532,Q9UGM1,751
P30532,P43681,877
P30532,P11509,822
P30532,P17787,891
O00142,Q7LG56,821
O00142,O00217,703
O00142,P49902,911
O00142,O75306,709
O00142,O75489,714
O00142,P49821,774
O00142,Q86XF0,878
O00142,O43181,737
O00142,P00491,941
O00142,P04183,961
O00142,P04818,994
O00142,P00374,861
O00142,P21589,920
P14625,P08238,953
P14625,P55072,734
P14625,P02649,724
P14625,P34932,990
P14625,P61604,839
P14625,O60603,977
P14625,Q8TCT9,788
P14625,P07900,950
P14625,P10809,801
P14625,P48723,788
P14625,P29474,832
P14625,P10275,935
P14625,P27797,999
P14625,P07237,983
P14625,P18850,981
P14625,P0DP23,861
P14625,P04626,781
P14625,O00206,988
P14625,P11021,999
P14625,P27824,990
P14625,Q07954,996
P14625,Q92598,761
P14625,P30101,985
P14625,Q14697,873
P14625,P11142,884
P14625,Q15185,780
P14625,P00533,766
P14625,P31749,981
P14625,Q9NR96,806
P15144,P05164,740
P15144,P32929,827
P15144,P21589,785
P15144,P17174,829
P15144,P00505,844
P15144,P48637,921
P15144,P01019,910
P15144,Q9BYF1,939
P15144,P27487,931
P15144,P10721,921
P15144,P12314,820
P15144,P12821,816
P15144,P19440,946
P15144,P02786,832
P15144,Q16773,828
P15144,Q16878,804
P15144,Q6YP21,811
P15144,P02768,866
P51170,P55017,804
P51170,O60939,757
P51170,P51172,912
P51170,P00797,850
P51170,Q9NY72,742
P51170,Q8IWT1,906
P51170,P37088,999
P51170,Q14524,764
P51170,Q99250,734
P51170,Q9Y5Y9,753
P51170,Q13621,719
P51170,P35499,906
P51170,P13569,886
P51170,Q07699,903
P51170,Q8TD43,746
P51170,P51168,999
P51170,P08235,858
P51170,P48048,715
P53350,P62258,834
P53350,O14965,997
P53350,Q71U36,888
P53350,P11388,931
P53350,O15392,980
P53350,P01106,844
P53350,P11802,789
P53350,Q13315,768
P53350,P31350,873
P53350,P49674,858
P53350,P07900,957
P53350,P62714,784
P53350,P68366,886
P53350,Q96GD4,939
P53350,P08238,866
P53350,P04637,981
P53350,P07437,869
P53350,P24941,742
P53350,P04350,840
P53350,P06493,993
P53350,P68371,850
P53350,P24385,727
P53350,P31323,812
P53350,P23258,943
P53350,Q00987,772
P53350,P67775,824
P53350,P17612,819
P53350,Q9Y266,990
Q9Y698,Q00975,873
Q9Y698,Q9BXT2,741
Q9Y698,O15399,795
Q9Y698,Q02641,847
Q9Y698,P42262,995
Q9Y698,Q13003,707
Q9Y698,P78352,999
Q9Y698,Q7Z3S7,791
Q9Y698,Q9NY47,824
Q9Y698,Q12879,880
Q9Y698,Q13224,893
Q9Y698,O60359,756
Q9Y698,P54284,867
Q9Y698,Q8IZS8,708
Q9Y698,O95180,801
Q9Y698,Q16099,706
Q9Y698,Q8TCU5,852
Q9Y698,Q13002,747
Q9Y698,P54652,720
Q9Y698,P62942,723
Q9Y698,O00555,912
Q9Y698,O60391,845
Q9Y698,Q9UBN1,734
Q9Y698,Q8WXS5,748
Q9Y698,P42261,999
Q9Y698,Q13936,797
Q9Y698,P42263,984
Q9Y698,P17612,727
Q9Y698,Q14957,817
Q9Y698,Q9UF02,795
Q9Y698,P46098,748
Q9Y698,O00305,951
Q9Y698,Q8NEY4,762
Q9Y698,Q05586,894
Q9Y698,P54289,912
Q9Y698,O60840,779
Q9Y698,P62955,801
Q9Y698,Q08289,813
Q9Y698,P48058,975
Q9Y698,Q13698,774
Q9Y698,Q06432,962
Q9Y698,Q01668,867
Q9Y698,P21817,731
P78559,Q14457,946
P78559,P60709,700
P78559,P78352,979
P78559,P42345,728
P12532,Q14353,963
P12532,P21796,776
P12532,Q9BYZ2,740
P12532,P07864,716
P12532,Q6ZMR3,742
P12532,P48029,921
P12532,P17540,864
P30101,P04406,848
P30101,P13674,719
P30101,P01106,773
P30101,P27797,999
P30101,P07237,817
P30101,P08238,851
P30101,P10599,849
P30101,P07900,762
P30101,P11142,888
P30101,P05067,737
P30101,Q14697,856
P30101,P61769,999
P30101,P14625,985
P30101,P11021,999
P30101,P27824,999
P30101,P08758,701
O75964,P56385,999
O75964,O43676,804
O75964,O14561,702
O75964,P19404,703
O75964,P48047,999
O75964,O00483,886
O75964,O95298,846
O75964,Q9P0J0,816
O75964,O43674,865
O75964,P06576,999
O75964,P36542,999
O75964,P56381,999
O75964,Q9UI09,883
O75964,Q16718,869
O75964,P30049,999
O75964,P56556,921
O75964,P31040,705
O75964,O75380,859
O75964,O95169,879
O75964,P17568,872
O75964,O15239,853
O75964,P00846,996
O75964,O43181,712
O75964,O95182,853
O75964,Q99437,853
O75964,P27449,907
O75964,Q9Y6M9,926
O75964,P25705,999
O75964,P51970,791
O75964,O43920,820
O75964,O43678,844
O75964,O96000,785
O75964,P56181,720
O75964,O75251,740
O75964,O95168,828
O75964,O95139,830
P23921,P14618,928
P23921,Q7LG56,999
P23921,Q14181,735
P23921,P06493,777
P23921,P04183,765
P23921,P04818,976
P23921,P35754,976
P23921,P10599,856
P23921,P12004,933
P23921,P39748,766
P23921,P09884,836
P23921,Q07955,721
P23921,Q99808,703
P23921,P15531,846
P23921,P27707,822
P23921,P11388,882
P23921,Q9NS18,842
P23921,P00492,871
P23921,P31350,999
P22748,P07451,845
P54284,Q9Y698,867
P54284,Q7Z3S7,990
P54284,Q15878,982
P54284,O00555,853
P54284,O00305,964
P54284,Q13936,997
P54284,P21817,753
P54284,Q06432,900
P54284,Q01668,997
P54284,P62955,942
P54284,O60840,973
P54284,O95180,891
P54284,Q8IZS8,890
P54284,Q9NY47,869
P54284,O60359,938
P54284,Q02641,937
P54284,Q00975,998
P54284,Q9BXT2,909
P54284,Q8WXS5,930
P54284,Q9UBN1,962
P54284,P62942,722
P54284,P54652,728
P54284,O43497,825
P54284,Q13698,963
P54284,Q08289,961
P54284,P54289,995
P11509,P04798,958
P11509,Q06278,956
P11509,P10635,953
P11509,P08684,975
P11509,P09211,945
P11509,P00167,799
P11509,Q03013,908
P11509,P09210,931
P11509,P10620,907
P11509,Q04828,915
P11509,P08263,933
P11509,P47989,933
P11509,Q7RTV2,919
P11509,O14880,903
P11509,P46439,906
P11509,O43169,729
P11509,P05177,969
P11509,P47895,917
P11509,O94788,914
P11509,P21266,921
P11509,O60760,945
P11509,Q02928,970
P11509,O75469,750
P11509,P20815,953
P11509,Q99735,904
P11509,P05181,928
P11509,P30532,822
P11509,O15217,917
P11509,P24462,951
P11509,P28161,926
P11509,P78417,909
P11509,P11712,946
P11509,P28845,929
P11509,Q12882,949
P11509,P32297,777
P11509,Q15825,734
P11509,Q6V0L0,927
P11509,P52895,915
P11509,Q16772,919
P11509,P16152,926
P11509,O43174,943
P11509,P09488,951
P11509,P00352,924
P11509,Q9H4Y5,917
P11509,Q05901,807
P21695,P29317,767
Q16478,Q16099,989
Q16478,Q13224,726
Q16478,O15399,710
Q16478,Q13002,999
Q16478,Q13003,986
Q16478,P78352,949
Q16478,P39086,993
Q8NET8,Q8TD43,749
Q8NET8,O75762,742
Q8NET8,Q7Z2W7,972
Q8NET8,Q96QT4,730
Q8NET8,P0DP23,715
P06870,P01042,953
P06870,P29622,997
O95182,P03891,998
O95182,P03901,982
O95182,P49821,999
O95182,P03886,998
O95182,O75489,999
O95182,O95167,999
O95182,Q9Y6M9,999
O95182,Q86Y39,999
O95182,P17568,999
O95182,O15239,999
O95182,O43181,999
O95182,O75438,998
O95182,O75251,999
O95182,O95168,999
O95182,O95139,999
O95182,O00217,999
O95182,O95299,999
O95182,P51970,999
O95182,O43920,999
O95182,O75306,999
O95182,O43678,999
O95182,O96000,999
O95182,P56181,999
O95182,P03897,997
O95182,P03905,998
O95182,O00483,993
O95182,Q9P0J0,999
O95182,O95298,999
O95182,O43674,999
O95182,P00395,850
O95182,P03923,984
O95182,P56385,758
O95182,O43676,999
O95182,O14561,999
O95182,P28331,999
O95182,P19404,999
O95182,O43677,999
O95182,Q16795,999
O95182,P03915,998
O95182,O75964,853
O95182,Q16718,999
O95182,P30049,903
O95182,P56556,999
O95182,O75380,999
O95182,Q9NRX3,804
O95182,O95169,999
O95182,O95178,999
O95182,P56381,795
O95182,P31930,950
O95182,Q9UI09,999
P32119,P36969,702
P32119,P30041,798
P32119,P10599,981
P32119,P00441,865
P32119,P59796,748
P32119,P18283,757
P32119,P04406,765
P32119,P30044,960
P32119,O75715,750
P32119,Q8TED1,774
P32119,Q99497,867
P32119,Q06830,873
P32119,P30086,715
P32119,P06733,760
P32119,Q00535,836
P32119,Q96SL4,775
P32119,P22352,765
O15392,O14965,993
O15392,P01106,825
O15392,P11802,857
O15392,P98170,960
O15392,P11388,976
O15392,Q14457,746
O15392,P31350,895
O15392,P42574,916
O15392,P53350,980
O15392,Q96GD4,999
O15392,P04637,930
O15392,P06493,997
O15392,P24941,755
O15392,P04183,920
O15392,P04818,862
O15392,Q9NR28,733
O15392,P24385,751
O15392,P55211,911
O15392,P04626,700
P08779,P13647,861
P08779,P13645,788
P08779,P02533,868
P08779,P02538,928
P08779,P31151,818
Q9NSA0,O15439,828
P16455,P10826,705
P16455,P00533,821
P16455,O14746,714
P16455,P38936,719
P16455,P09211,725
P16455,P04637,770
P16455,P29372,849
O95670,P38606,997
O95670,Q8NHE4,971
O95670,P56381,710
O95670,Q9UI12,981
O95670,Q8NEY4,994
O95670,Q13488,956
O95670,P21281,993
O95670,Q16864,997
O95670,P06576,783
O95670,P15313,997
O95670,Q9HBG4,986
O95670,Q93050,997
O95670,Q15904,978
O95670,P36543,998
O95670,Q96A05,997
O95670,Q9Y487,943
O95670,Q9Y5K8,997
O95670,O75348,961
O95670,P27449,990
O95670,P61421,980
O95670,Q99437,995
O95670,Q8N8Y2,987
O95670,P21283,997
O95670,O15342,973
P12724,P05113,840
P12724,P08246,900
P12724,P11678,999
P12724,P13727,844
P12724,P05164,923
Q9BYZ2,P54687,833
Q9BYZ2,P11177,946
Q9BYZ2,P32929,838
Q9BYZ2,O15382,830
Q9BYZ2,Q96GA7,820
Q9BYZ2,P12532,740
Q9BYZ2,Q9BYV1,845
Q9BYZ2,P04406,859
Q9BYZ2,P12277,726
Q9BYZ2,Q16798,959
Q9BYZ2,P17174,978
Q9BYZ2,P00505,972
Q9BYZ2,P17540,740
Q9BYZ2,P14618,982
Q9BYZ2,P04075,893
Q9BYZ2,P29803,927
Q9BYZ2,P20132,820
Q9BYZ2,P23368,952
Q9BYZ2,P48163,954
Q9BYZ2,P29401,915
Q9BYZ2,O95479,926
Q9BYZ2,P06744,930
Q02750,P27361,999
Q02750,P24385,751
Q02750,P45984,931
Q02750,P29597,710
Q02750,P10398,994
Q02750,Q04917,735
Q02750,O15264,954
Q02750,P06493,837
Q02750,P15056,999
Q02750,P31946,931
Q02750,P28482,999
Q02750,P45983,934
Q02750,P67775,944
Q02750,Q15759,951
Q02750,P17612,929
Q02750,P25098,826
Q02750,P30086,805
Q02750,P37231,813
Q02750,Q05655,925
Q02750,P63104,840
Q02750,P27348,788
Q02750,Q16539,970
Q02750,P19838,762
Q02750,P10415,749
Q02750,P53778,954
Q02750,P01375,702
Q02750,P04049,999
Q02750,P42336,844
Q02750,P62258,836
Q02750,O60674,757
Q02750,P05231,821
Q02750,P12931,794
Q02750,P49841,939
Q02750,P08238,761
Q02750,P05412,808
Q02750,P36507,996
Q02750,P62714,928
Q02750,P02751,727
Q02750,P07900,798
P21549,P14920,964
P21549,P13196,923
P21549,Q9BYV1,997
P21549,Q9GZT4,939
P21549,Q9NUV7,874
P21549,P48728,970
P21549,P31153,740
P21549,Q93088,774
P21549,P04181,737
P21549,P22557,922
P21549,Q96GA7,949
P21549,O43175,844
P21549,Q99707,708
P21549,P23378,957
P21549,O15269,877
P21549,P01008,704
P21549,P34897,992
P21549,Q8TD30,954
P21549,P34896,994
P21549,P20132,958
P21549,Q02218,841
P21549,P78330,991
P21549,P09622,934
P21549,O15270,872
P21549,Q14749,933
P21549,P22102,805
P21549,P24298,957
P21549,P08243,770
P21549,Q00266,803
P21549,P00747,757
P02750,P99999,807
P02750,P01011,711
P48039,P49286,945
P48039,P59768,940
P35408,P43116,962
P35408,P12931,840
P35408,P59768,834
P35408,P34995,977
P35408,P23219,751
P35408,P17612,787
P35408,P35354,895
P34932,O00206,996
P34932,P00519,722
P34932,P09601,778
P34932,P04626,951
P34932,P04156,833
P34932,Q92769,741
P34932,P14625,990
P34932,P50750,736
P34932,P31948,999
P34932,P04792,992
P34932,P18850,718
P34932,Q12809,874
P34932,Q99497,953
P34932,P53041,801
P34932,P08758,741
P34932,O14727,997
P34932,Q92598,935
P34932,P06733,760
P34932,Q07954,991
P34932,Q00987,873
P34932,P27824,882
P34932,P11021,915
P34932,P11142,999
P34932,P05067,849
P34932,P02768,742
P34932,P31749,964
P34932,P00533,954
P34932,P42345,748
P34932,P19634,759
P34932,P54652,804
P34932,P06493,739
P34932,Q9BY41,836
P34932,Q15185,906
P34932,P12931,858
P34932,P61604,930
P34932,P49841,740
P34932,P55072,867
P34932,P99999,866
P34932,P05412,765
P34932,P04637,997
P34932,P08238,999
P34932,P04150,992
P34932,P05231,790
P34932,P42858,958
P34932,Q13547,921
P34932,P07900,999
P34932,P02751,718
P34932,Q14790,711
P34932,O60603,992
P34932,P13569,925
P34932,Q16665,938
P34932,P22314,722
P34932,P08865,716
P34932,P06401,972
P34932,P63244,823
P34932,P10415,899
P34932,Q9UBN7,851
P34932,P00441,963
P34932,P01106,839
P34932,P48723,758
P34932,P10809,924
P34932,Q14457,885
P34932,P19838,857
P34932,P60709,720
P34932,P04406,901
P34932,P42574,906
P34932,P03372,931
P34932,P07237,848
P34932,P04049,867
P34932,P01584,776
P34932,P01375,790
P34932,O15111,715
P34932,P68104,916
P34932,P27797,955
P34932,P10636,957
P34932,P10275,925
P34932,P37840,994
O15379,P10827,851
O15379,P19838,767
O15379,P01106,949
O15379,P10828,776
O15379,P10275,730
O15379,Q96EB6,834
O15379,P62807,720
O15379,Q04206,764
O15379,P05412,754
O15379,P04637,741
O15379,Q16665,804
O15379,Q13547,925
O15379,Q9UQL6,940
O15379,P56524,924
O15379,P19793,774
O15379,P24385,900
O15379,P31749,811
O15379,Q8WUI4,804
O15379,Q9UKV0,759
O15379,Q92769,906
O15379,P37231,965
O15379,Q92793,873
P31153,Q9H2M3,973
P31153,P17735,945
P31153,Q00266,991
P31153,Q9Y6K1,931
P31153,P23526,848
P31153,P34896,765
P31153,Q9UBC3,934
P31153,Q99707,981
P31153,P42898,916
P31153,P26358,936
P31153,P34897,746
P31153,Q93088,982
P31153,P21549,740
P22303,P27338,910
P22303,Q8TED1,702
P22303,P10636,817
P22303,P47989,739
P22303,P02649,769
P22303,Q96SL4,701
P22303,Q8TCT1,904
P22303,P05067,937
P22303,O43451,789
P22303,P14410,790
P22303,P28329,933
P22303,P12821,733
P22303,P21397,761
P49354,O95749,962
P49354,P42574,762
P49354,P49356,999
P49354,P14324,954
Q13258,Q9Y5Y4,892
Q13258,P41222,888
Q13258,O60760,704
P11274,P00519,996
P11274,P10721,807
P11274,P27986,744
P11274,P51692,936
P11274,P10276,761
P11274,P48736,732
P25103,Q9UHF0,996
P25103,P59768,800
P25103,Q8NER1,735
P25103,P35372,742
P35498,Q8TAB3,938
P35498,Q9UI33,829
P35498,Q9NY72,805
P35498,O00305,708
P35498,Q14524,739
P35498,Q99250,948
P35498,P16389,721
P35498,P51788,718
P35498,O43525,845
P35498,Q07699,996
P35498,O60939,980
P35498,P17612,919
P35498,Q9NY46,720
P35498,Q8IWT1,996
P35498,P18507,952
P35498,Q15858,736
P35498,O43526,934
P35498,Q9UQD0,771
P35498,Q09470,742
P35498,O14764,729
P35498,P14867,817
P35498,O95180,715
P35498,O43497,726
P35498,Q9P0X4,796
O95665,Q16620,722
P06213,P00533,747
P06213,P14210,719
P06213,P11168,713
P06213,P27986,988
P06213,P09038,716
P06213,P04626,853
P06213,P18031,999
P06213,O60674,797
P06213,P42336,947
P06213,O00329,927
P06213,P08620,810
P06213,P01308,999
P06213,P05771,911
P06213,P60709,726
P06213,P08069,997
P06213,Q02156,931
P06213,P23560,726
P06213,P12931,705
P06213,P42338,944
P06213,P01133,968
P06213,P01138,701
P14770,P16109,770
P14770,P08514,980
P14770,P02776,715
P14770,P07948,919
P14770,P07359,999
P14770,P05106,888
P14770,Q9H4B7,820
P49773,Q9Y230,717
P49773,P23141,718
P29275,O95622,714
P29275,P21589,722
P29275,P29274,937
P49327,Q9Y234,805
P49327,Q15738,714
P49327,P37231,860
P49327,Q13133,827
P49327,P10515,869
P49327,P50416,809
P49327,Q96PD7,831
P49327,Q9NR19,770
P49327,P36956,983
P49327,Q9UBM7,757
P49327,O60488,969
P49327,P55055,773
P49327,P03372,792
P49327,P13716,814
P49327,Q07869,784
P49327,Q92506,949
P49327,O14561,877
P49327,P33121,981
P49327,P40939,702
P49327,P01308,714
P49327,Q14534,730
P49327,P04035,820
P49327,P04406,716
P47900,P56373,706
P47900,Q99571,714
P47900,Q9UHA3,744
P47900,P51575,954
P47900,Q99572,720
P47900,Q9UBL9,710
P47900,Q9H244,957
P47900,P30542,777
Q96A05,Q9Y487,987
Q96A05,Q9Y5K8,999
Q96A05,Q99437,994
Q96A05,O75348,995
Q96A05,P27449,993
Q96A05,P61421,996
Q96A05,P25705,857
Q96A05,O15342,956
Q96A05,Q8N8Y2,996
Q96A05,P21283,989
Q96A05,O95670,997
Q96A05,P38606,994
Q96A05,Q8NHE4,943
Q96A05,Q96LB4,978
Q96A05,P36542,757
Q96A05,Q9UI12,989
Q96A05,Q13488,985
Q96A05,Q8NEY4,997
Q96A05,P21281,998
Q96A05,Q9HBG4,993
Q96A05,Q93050,995
Q96A05,Q16864,998
Q96A05,P15313,999
Q96A05,P36543,902
Q96A05,Q15904,964
P35225,P01584,953
P35225,P01375,957
P35225,P29597,831
P35225,P14778,761
P35225,P26951,800
P35225,P05113,991
P35225,P14780,759
P35225,O60674,845
P35225,P00533,809
P35225,P42081,722
P35225,P10145,940
P35225,P01579,961
P35225,P17181,768
P35225,P60568,934
P35225,P19320,740
P35225,P13500,932
P35225,O60603,702
P35225,P08700,891
P35225,Q99062,714
P35225,P09038,717
P35225,P40933,871
P35225,P02751,735
P35225,P01137,816
P35225,P09619,733
P35225,Q9Y5Y4,719
P35225,P21397,787
P35225,P05231,957
P35225,P05089,807
P35225,P32927,731
P35225,P48551,741
P35225,O00206,806
P35225,P23458,869
P35225,P09601,855
P35225,P16234,745
P07550,Q08499,745
P07550,P35372,743
P07550,Q96I99,740
P07550,P08588,956
P07550,P25098,983
P07550,P30556,873
P07550,O60503,751
P07550,P27815,783
P07550,P06753,825
P07550,P42261,706
P07550,P04626,822
P07550,P17612,820
P07550,P61073,826
P07550,P01375,718
P07550,P30518,755
P07550,P01303,797
P07550,P34995,704
P07550,P13945,940
P07550,P78352,795
P07550,P01019,701
P07550,P04150,727
P07550,P35626,825
P07550,P12931,955
P07550,P05305,812
P07550,Q13936,937
P21453,Q9NRA0,870
P21453,P59768,842
P21453,P61073,719
P21453,O95977,948
P17676,P37231,989
P17676,Q92793,880
P17676,P08243,769
P17676,Q9Y2D1,736
P17676,P18848,997
P17676,P25963,744
P17676,P28482,877
P17676,P18850,929
P17676,P35354,706
P17676,Q15759,936
P17676,P49336,786
P17676,O15264,928
P17676,P10145,842
P17676,P27361,947
P17676,P01100,819
P17676,Q13547,991
P17676,P16220,963
P17676,P19793,762
P17676,P18847,980
P17676,P04150,886
P17676,P05231,896
P17676,Q04206,967
P17676,P04637,862
P17676,P05412,927
P17676,P01375,760
P17676,P03372,908
P17676,Q07869,740
P17676,Q16539,961
P17676,P19838,904
P17676,P01308,767
P17676,P53778,929
P17676,P01106,958
P39748,P09884,876
P39748,P12004,999
P39748,P49916,914
P39748,P31350,735
P39748,Q13315,753
P39748,P09874,941
P39748,P78527,735
P39748,Q96FI4,961
P39748,P11388,785
P39748,P23921,766
P39748,O14965,748
P39748,Q969S2,752
P39748,Q9UGN5,848
P39748,Q9NRF9,780
P39748,Q07864,906
P39748,P11387,764
P39748,P06746,987
P39748,P56282,883
P39748,P18858,999
P39748,P04818,794
P39748,P06493,829
P39748,Q14181,802
P39748,P24941,734
P10253,P04746,956
P10253,P14410,943
P10253,O43451,942
Q15393,P55769,994
Q15393,Q12874,999
Q15393,P62312,992
Q15393,Q15428,999
Q15393,Q07955,941
Q15393,P61978,971
P56385,O95168,936
P56385,Q16718,944
P56385,P30049,999
P56385,O75964,999
P56385,O95169,714
P56385,O95139,798
P56385,P56556,946
P56385,O75380,928
P56385,O00217,915
P56385,P51970,759
P56385,O43920,968
P56385,O43678,750
P56385,O96000,823
P56385,P36542,999
P56385,P56381,999
P56385,Q9UI09,804
P56385,O00483,721
P56385,O95298,799
P56385,Q9P0J0,959
P56385,O43674,956
P56385,Q99437,834
P56385,O75489,840
P56385,P27449,823
P56385,O95167,801
P56385,Q9Y6M9,963
P56385,P06576,999
P56385,P25705,999
P56385,O15239,922
P56385,O43676,908
P56385,P17568,948
P56385,P00846,999
P56385,P19404,718
P56385,O43181,723
P56385,P48047,999
P56385,O95182,758
P56385,O43677,738
P02675,P02765,909
P02675,P02652,849
P02675,P02671,999
P02675,P01019,739
P02675,P08697,914
P02675,P01042,864
P02675,P19823,704
P02675,P02748,702
P02675,P02656,756
P02675,P02679,999
P02675,P08514,925
P02675,P05546,951
P02675,P05160,905
P02675,P01008,954
P02675,P02751,922
P02675,P02749,804
P02675,P01009,810
P02675,P02768,878
P02675,P04070,730
P02675,P05106,952
P02675,P02774,931
P02675,P02763,818
P02675,P00734,999
P02675,P05121,751
P02675,P01023,841
P02675,P00747,948
Q02156,P63244,808
Q02156,P30405,916
Q02156,Q8NER1,950
Q02156,P59768,712
Q02156,O60733,902
Q02156,Q05655,910
Q02156,Q04759,907
Q02156,P63104,969
Q02156,P12235,929
Q02156,P04049,932
Q02156,Q9HBA0,911
Q02156,P05141,912
Q02156,O75762,950
Q02156,P45983,917
Q02156,Q9NRA0,901
Q02156,P17252,765
Q02156,P21796,943
Q02156,P45984,910
Q02156,Q15842,901
Q02156,P12236,915
Q02156,P19634,903
Q02156,P15056,910
Q02156,P06213,931
Q02156,P00533,726
P21918,Q01959,840
P21918,P21728,818
P21918,P01189,918
P41594,P29274,976
P41594,P01019,700
P41594,P78352,902
P41594,P42263,782
P41594,P08912,946
P41594,P39086,829
P41594,Q05329,750
P41594,P42262,852
P41594,P05067,754
P41594,Q12879,841
P41594,Q13224,842
P41594,P08908,711
P41594,Q14643,809
P41594,P35372,703
P41594,P42261,916
P41594,P28223,714
P41594,P04156,953
P41594,P20309,929
P41594,P11229,950
P41594,Q05586,792
P01100,P17612,959
P01100,Q92769,784
P01100,Q15759,960
P01100,P35354,819
P01100,P07333,703
P01100,P45983,986
P01100,P28482,992
P01100,P25963,808
P01100,P18848,831
P01100,P17252,946
P01100,Q92793,943
P01100,P05129,938
P01100,Q00987,722
P01100,P45984,977
P01100,P24385,942
P01100,P27361,994
P01100,P01579,751
P01100,P01189,840
P01100,P43235,725
P01100,P10145,765
P01100,O14788,856
P01100,P00533,940
P01100,P31749,746
P01100,O15264,958
P01100,P06850,792
P01100,Q13164,720
P01100,P04637,952
P01100,P23560,748
P01100,P05412,999
P01100,Q8WYK2,723
P01100,Q04206,917
P01100,P12931,986
P01100,P05231,891
P01100,P01133,788
P01100,P04150,961
P01100,P15336,990
P01100,P18847,994
P01100,P01137,719
P01100,P16220,998
P01100,P02751,782
P01100,Q13547,823
P01100,P10276,868
P01100,Q16665,805
P01100,P17676,819
P01100,P13500,756
P01100,P29466,740
P01100,P01106,965
P01100,P60568,828
P01100,P53778,957
P01100,P07101,741
P01100,P10415,784
P01100,P04406,722
P01100,P42574,749
P01100,P60709,722
P01100,P05771,930
P01100,Q16539,985
P01100,P19838,808
P01100,Q15788,949
P01100,P17544,983
P01100,Q96EB6,713
P01100,P03372,999
P01100,Q92731,961
P01100,P38936,753
P01100,P01303,727
P01100,O60674,715
P01100,P01375,728
P01100,P01584,894
P01100,O95644,942
Q14643,Q14573,965
Q14643,P27797,834
Q14643,P10415,996
Q14643,P35219,946
Q14643,Q14457,998
Q14643,P05771,937
Q14643,P42858,995
Q14643,P17302,702
Q14643,Q14571,943
Q14643,P30405,967
Q14643,Q01668,753
Q14643,Q16654,825
Q14643,P99999,993
Q14643,P41594,809
Q14643,P31749,981
Q14643,P62942,743
Q14643,P21796,996
Q14643,Q99497,761
Q14643,P17252,937
Q14643,P05129,954
Q14643,O76074,731
Q14643,P29475,923
Q14643,P27824,843
Q14643,P11021,782
Q14643,P16615,827
Q14643,P17612,974
Q14643,P0DP23,983
Q14643,Q99720,938
O14649,Q9Y5Y9,750
O14649,P31946,754
O14649,P07355,737
O14649,P60903,957
O14649,O00180,805
O14649,O14764,719
O14649,P22460,706
O14649,Q9NPC2,986
P11229,Q99677,904
P11229,P20309,910
P11229,P41594,950
P11229,P43657,931
P11229,P08912,905
P11229,P02794,765
P11229,P08172,908
P11229,P11217,763
P11229,P01303,738
P11229,P48736,707
P11229,P01042,914
P48050,Q14500,977
P48050,P78352,935
P48050,O43525,943
P48050,P78508,756
P48050,P51787,948
P48050,Q9NR82,925
P48050,P56696,936
P48050,O43526,951
P48050,Q9UNX9,906
P48050,P63252,958
P10145,P01024,783
P10145,P00747,722
P10145,P09038,857
P10145,P05121,736
P10145,P30556,782
P10145,P08700,785
P10145,P35354,975
P10145,P05109,763
P10145,P80511,815
P10145,O00206,933
P10145,P08253,814
P10145,P28482,735
P10145,P18848,797
P10145,P25963,887
P10145,P61769,722
P10145,P17948,851
P10145,P01189,703
P10145,P35372,701
P10145,P31749,720
P10145,P00533,792
P10145,P00749,765
P10145,P04083,828
P10145,P14780,880
P10145,Q9NR96,776
P10145,P05113,932
P10145,P14778,870
P10145,P16581,851
P10145,P14210,702
P10145,P19320,857
P10145,P02768,782
P10145,P01100,765
P10145,Q00653,806
P10145,P01579,961
P10145,P59768,859
P10145,P01137,775
P10145,P40933,798
P10145,P02751,846
P10145,P01031,754
P10145,P98066,933
P10145,Q16665,716
P10145,P05164,733
P10145,O60603,883
P10145,P13500,999
P10145,P17676,842
P10145,P05412,987
P10145,P35968,728
P10145,P23560,713
P10145,P43088,728
P10145,P04637,804
P10145,Q04206,995
P10145,P12931,781
P10145,P05305,803
P10145,P05231,991
P10145,P16109,898
P10145,P01133,717
P10145,P08246,824
P10145,O60674,758
P10145,P25024,999
P10145,P01042,742
P10145,P61073,997
P10145,P01584,994
P10145,P01375,983
P10145,P08620,750
P10145,P35225,940
P10145,P02776,999
P10145,P01019,860
P10145,P60568,985
P10145,P42574,752
P10145,P19838,988
P10145,P60709,729
P00325,P05091,995
P00325,P30838,857
P00325,P49419,830
P00325,P30837,889
P00325,Q6NUM9,910
P00325,P43353,819
P00325,P21397,946
P00325,P07327,989
P00325,O43174,921
P00325,P00352,949
P00325,P09488,782
P00325,P05181,988
P00325,O15217,720
P00325,P78417,701
P00325,P48448,836
P00325,O95237,913
P00325,P47895,824
P00325,O94788,813
P00325,P21266,721
P00325,P49189,849
P00325,P21964,936
P00325,P10768,864
P00325,O60760,732
P00325,P00326,986
P00325,P27338,934
P00325,Q06278,952
P00325,P51648,861
P00325,P09211,767
P00325,P08263,737
P00325,P09210,714
P00325,P10620,701
P00325,P46439,750
P35368,P21731,807
P35368,P25100,949
P35368,P01019,774
P35368,P35348,957
P34741,P09038,884
P34741,P01137,899
P34741,P02751,959
P34741,P02649,741
P04424,Q96A70,935
P04424,P50213,859
P04424,P00966,999
P04424,P04181,990
P04424,P29474,969
P04424,P31040,860
P04424,Q16836,821
P04424,P05089,974
P04424,P35228,954
P04424,O43837,865
P04424,P27708,733
P04424,P40926,903
P04424,P51553,865
P04424,P78540,975
P04424,Q02218,833
P04424,P29475,956
Q9NZD4,P22557,919
Q9NZD4,P00915,845
Q9NZD4,P69905,995
Q9NZD4,P68871,955
Q9NZD4,P00387,785
P11177,Q16795,733
P11177,P31040,731
P11177,O15382,736
P11177,P09467,786
P11177,P08865,713
P11177,P54687,759
P11177,P36542,913
P11177,P31930,826
P11177,P04406,815
P11177,Q16881,837
P11177,Q16798,950
P11177,P06576,755
P11177,P50213,856
P11177,P28331,809
P11177,O14561,741
P11177,Q6ZMR3,944
P11177,Q02218,947
P11177,P04075,930
P11177,O95139,770
P11177,P10515,999
P11177,P51553,817
P11177,P09622,999
P11177,P29803,999
P11177,P07864,942
P11177,P14618,983
P11177,Q9NUB1,861
P11177,Q9Y234,821
P11177,Q9NR19,876
P11177,O43837,749
P11177,P00338,961
P11177,Q9BYZ2,946
P11177,P49821,738
P11177,O75489,823
P11177,P06744,981
P11177,P00390,842
P11177,P25705,810
P11177,P48163,951
P11177,P23368,948
P11177,P29401,913
P11177,O95479,891
P11177,P40926,850
P11177,P08559,999
Q9H244,P05106,704
Q9H244,P20815,726
Q9H244,Q99571,792
Q9H244,P08183,705
Q9H244,P47900,957
Q9H244,P51575,976
Q9H244,Q15391,807
Q9H244,Q99572,733
Q9H244,Q9BPV8,901
Q9H244,P33261,912
Q9H244,P07333,756
Q9H244,P16109,827
Q9H244,P51582,756
Q9H244,P08514,778
P10412,P45973,727
P28566,P59768,940
P28566,P47898,720
P28566,P28222,749
P28566,P46098,784
P28566,O95264,723
P28566,P28221,742
P99999,Q96EB6,718
P99999,Q14573,979
P99999,P05141,978
P99999,P21589,869
P99999,P02750,807
P99999,P38936,799
P99999,Q8TED1,763
P99999,P01375,810
P99999,O75715,738
P99999,P28331,782
P99999,P19404,779
P99999,P00167,996
P99999,P18283,737
P99999,P29466,780
P99999,P11802,745
P99999,P10809,818
P99999,P00395,996
P99999,P98170,935
P99999,P09874,892
P99999,P12235,960
P99999,P10415,997
P99999,P59796,738
P99999,P01308,952
P99999,Q14457,778
P99999,O00483,791
P99999,P60709,871
P99999,O43169,996
P99999,P42574,997
P99999,P04406,880
P99999,P30405,983
P99999,Q14790,952
P99999,P31930,925
P99999,P07900,783
P99999,Q9UI09,758
P99999,Q96EN8,795
P99999,P10599,735
P99999,P31040,930
P99999,P05412,829
P99999,P04637,911
P99999,P08238,780
P99999,O95169,721
P99999,Q16654,718
P99999,P34932,866
P99999,Q9NXA8,968
P99999,P05231,776
P99999,P49411,909
P99999,Q16718,842
P99999,P22352,737
P99999,Q86YN6,857
P99999,P12236,961
P99999,Q9Y697,714
P99999,Q96SL4,763
P99999,Q14643,993
P99999,P14780,731
P99999,P31749,812
P99999,P11474,861
P99999,Q99623,788
P99999,P05067,709
P99999,Q9NR28,994
P99999,P02768,986
P99999,P07998,964
P99999,P21796,996
P99999,P00390,721
P99999,P27361,788
P99999,P08758,841
P99999,O14727,999
P99999,P11021,738
P99999,P55211,999
P99999,O75306,779
P99999,P35354,734
P99999,O00217,837
P99999,O75880,808
P99999,P09601,827
P99999,P04792,993
P99999,P28482,775
Q9HBG4,P61421,999
Q9HBG4,O75348,996
Q9HBG4,P27449,999
Q9HBG4,Q99437,999
Q9HBG4,Q8N8Y2,999
Q9HBG4,P21283,998
Q9HBG4,O95670,986
Q9HBG4,O15342,989
Q9HBG4,P00846,768
Q9HBG4,Q9Y487,963
Q9HBG4,Q9Y5K8,998
Q9HBG4,Q16864,999
Q9HBG4,P15313,999
Q9HBG4,Q93050,937
Q9HBG4,Q15904,998
Q9HBG4,P36543,999
Q9HBG4,Q96A05,993
Q9HBG4,Q8NHE4,946
Q9HBG4,P38606,999
Q9HBG4,P20648,908
Q9HBG4,Q96LB4,960
Q9HBG4,P21281,999
Q9HBG4,Q8NEY4,982
Q9HBG4,Q13488,940
Q9HBG4,Q9UI12,999
Q15391,Q9H244,807
Q15391,Q93086,730
Q15391,O15547,731
Q15391,P51575,899
Q15391,Q9BPV8,766
Q15391,Q9UBL9,715
O43169,P05181,898
O43169,P05108,719
O43169,P00387,999
O43169,P05177,856
O43169,P08684,923
O43169,P99999,996
O43169,P11509,729
O43169,P05093,980
O43169,O00264,766
P00734,P19823,852
P00734,P01042,891
P00734,P08493,752
P00734,P01375,760
P00734,P38435,961
P00734,P61073,918
P00734,P02671,999
P00734,P01019,846
P00734,P08697,928
P00734,Q9BQB6,836
P00734,P05156,773
P00734,P02765,980
P00734,P02652,798
P00734,P24530,910
P00734,P02751,792
P00734,P05543,753
P00734,P02749,984
P00734,P01031,921
P00734,P25101,907
P00734,P05160,950
P00734,P01008,999
P00734,P02675,999
P00734,P02766,724
P00734,Q99677,901
P00734,P02656,889
P00734,P05231,703
P00734,P08246,855
P00734,P02679,999
P00734,P00748,880
P00734,P42898,935
P00734,P05546,999
P00734,P08514,736
P00734,P00450,703
P00734,P02774,792
P00734,P02787,725
P00734,P46663,909
P00734,P00740,932
P00734,P04070,987
P00734,P06276,706
P00734,P02768,990
P00734,P02647,927
P00734,P01009,790
P00734,P30411,910
P00734,Q8TD30,850
P00734,P24298,918
P00734,P01023,700
P00734,P00742,999
P00734,P08603,703
P00734,P00747,826
P00734,P01024,874
P00734,P07359,992
P00734,P07204,999
P00734,P03952,710
P00734,P05121,839
P00734,P30556,920
P00734,P36955,804
P00734,P43657,901
P28472,Q15111,904
P28472,P47870,969
P28472,P47869,829
P28472,P18505,950
P28472,Q16445,809
P28472,Q99928,774
P28472,P78334,814
P28472,O14764,959
P28472,P14867,993
P28472,P34903,855
P28472,Q99259,809
P28472,O75899,925
P28472,P18507,990
P28472,Q9UBS5,733
P28472,P31644,808
P28472,Q8N1C3,777
P28472,P48169,969
Q7Z5B4,P46098,938
Q7Z5B4,P30926,757
Q7Z5B4,P43681,764
P00747,P04004,995
P00747,P00749,989
P00747,Q03405,974
P00747,P14780,829
P00747,P02774,719
P00747,P10145,722
P00747,P01009,819
P00747,P02768,963
P00747,P36955,995
P00747,P06733,997
P00747,P00558,770
P00747,Q14624,715
P00747,P27487,904
P00747,P05121,989
P00747,P03952,936
P00747,P05120,966
P00747,P07204,896
P00747,P09429,921
P00747,P01024,978
P00747,P00742,720
P00747,P01023,779
P00747,P00734,826
P00747,P17936,874
P00747,P08253,772
P00747,P01042,898
P00747,P02748,757
P00747,P21549,757
P00747,P04406,990
P00747,P02765,902
P00747,P08697,999
P00747,P10809,792
P00747,P02671,965
P00747,P02675,948
P00747,P01008,992
P00747,P00750,998
P00747,P07360,713
P00747,P01031,725
P00747,P02749,940
P00747,P02751,997
P00747,P05452,996
P00747,P05546,952
P00747,P02679,878
P00747,P62807,866
P00747,P00748,965
P00747,P07355,997
P00747,P60903,992
P00747,P60174,723
P61313,P07437,833
P61313,P62913,999
P61313,P62829,999
P61313,P08865,999
P61313,P63244,999
P61313,P84098,999
P61313,P60842,704
P61313,Q9UNX3,998
P61313,P68104,990
P61313,P56537,994
P61313,P62750,999
P61313,P62917,999
P61313,P15880,999
P61313,P39023,999
P61313,P61927,999
P61313,P14618,840
P61313,P55769,869
P61313,O00303,772
P61313,Q96L21,998
P61313,P40429,999
P61313,Q6W5P4,959
P61313,Q9UHA3,994
P0DJD9,Q04760,748
P0DJD9,P04070,787
O14746,P49888,996
O14746,Q00987,797
O14746,P16455,714
O14746,Q15185,989
O14746,P31749,903
O14746,P42345,738
O14746,P15056,815
O14746,Q9Y230,992
O14746,P01133,709
O14746,P62807,823
O14746,P08238,987
O14746,P04637,902
O14746,Q16665,702
O14746,P07900,998
O14746,Q13315,825
O14746,P01106,920
O14746,P11802,756
P17612,P29274,705
P17612,P01308,738
P17612,P35498,919
P17612,P10415,706
P17612,P51828,798
P17612,O60266,968
P17612,Q07343,844
P17612,Q9Y698,727
P17612,P08069,921
P17612,P19838,944
P17612,Q13946,784
P17612,Q8TCU5,722
P17612,Q07869,946
P17612,Q14573,972
P17612,P03372,956
P17612,Q92731,943
P17612,P54646,921
P17612,P04049,923
P17612,O95644,927
P17612,Q96PN6,927
P17612,P10636,915
P17612,P07550,820
P17612,P10275,939
P17612,P19429,952
P17612,P18846,791
P17612,Q14432,928
P17612,Q13936,971
P17612,Q04206,992
P17612,Q13131,923
P17612,P49841,990
P17612,P42263,922
P17612,Q01118,902
P17612,P48051,916
P17612,P05412,963
P17612,Q01814,924
P17612,Q14524,937
P17612,P15336,777
P17612,Q13370,848
P17612,Q92736,994
P17612,Q86W47,909
P17612,P04150,700
P17612,P51787,970
P17612,P49674,925
P17612,Q12791,944
P17612,P07900,794
P17612,O60840,915
P17612,Q14571,937
P17612,Q9UGJ0,789
P17612,P53350,819
P17612,Q8NER1,963
P17612,P16220,996
P17612,P48544,932
P17612,P13569,982
P17612,Q07699,908
P17612,Q01668,935
P17612,P06401,937
P17612,Q92806,909
P17612,P36507,915
P17612,P31323,999
P17612,P61925,998
P17612,Q8NFM4,796
P17612,O15399,713
P17612,P42262,937
P17612,Q16720,932
P17612,Q99835,965
P17612,Q09428,935
P17612,Q9Y691,900
P17612,Q13224,951
P17612,Q12879,942
P17612,P01100,959
P17612,O43741,765
P17612,P27361,959
P17612,P55011,939
P17612,P00533,707
P17612,Q14643,974
P17612,O43181,714
P17612,Q9NPA1,902
P17612,P01189,770
P17612,P15056,922
P17612,P19634,940
P17612,P20020,921
P17612,Q02750,929
P17612,P40145,971
P17612,Q08828,948
P17612,Q08499,968
P17612,P10398,915
P17612,O95622,983
P17612,P42261,970
P17612,P05023,742
P17612,P0DP23,989
P17612,P15382,952
P17612,P48549,924
P17612,P11137,792
P17612,P23634,929
P17612,Q14957,724
P17612,Q9Y233,792
P17612,P18848,926
P17612,P25963,965
P17612,P28482,929
P17612,P27815,966
P17612,P35408,787
P17612,Q8IWT1,909
P17612,Q05586,773
P17612,P54289,701
P17612,P10644,999
P17612,P48058,946
P17612,O95069,960
P17612,O43306,861
P17612,P14618,927
P17612,Q13698,919
P17612,Q16558,919
P17612,O60503,950
P17612,Q08493,814
P17612,P32418,934
P17612,Q92793,835
P17612,P49419,890
P17612,Q08462,859
P41231,P51575,929
P41231,O15547,768
P41231,Q99571,849
P41231,Q93086,804
P41231,Q96G91,726
P41231,P12931,787
P41231,P56373,788
P41231,Q9UBL9,811
P41231,Q99572,768
Q9Y6H6,Q8WWG9,950
Q9Y6H6,O60939,700
Q9Y6H6,Q9Y6J6,965
Q9Y6H6,Q13936,801
Q9Y6H6,Q14524,892
Q9Y6H6,Q9NY72,890
Q9Y6H6,P51787,999
Q9Y6H6,Q07699,885
Q9Y6H6,O43766,746
Q9Y6H6,O15554,947
Q9Y6H6,P56696,846
Q9Y6H6,Q15842,734
Q9Y6H6,Q9UK17,946
Q9Y6H6,P0DP23,972
Q9Y6H6,P15382,971
Q9Y6H6,Q9UJ90,827
Q9Y6H6,Q12809,950
Q9Y6H6,Q03721,910
Q9Y6H6,P54289,700
Q9Y6H6,Q9Y234,865
Q9Y6H6,Q08289,841
Q9Y6H6,Q13698,788
Q9Y6H6,O43526,705
Q9Y6H6,P35499,799
Q9NP56,P27707,902
Q9NP56,O60266,759
Q9NP56,P51828,840
Q9NP56,P21589,706
Q9NP56,Q8NFM4,756
Q9NP56,Q08828,756
Q9NP56,P40145,834
Q9NP56,P55263,937
Q9NP56,O95622,791
Q9NP56,Q08462,748
Q9NP56,P49419,874
Q9NP56,O60503,762
Q9NP56,O43306,734
P35908,P13645,904
P35908,P04264,956
P35908,P13647,871
Q03181,P01308,715
Q03181,P19838,719
Q03181,Q15788,882
Q03181,Q07869,887
Q03181,Q16654,702
Q03181,P19793,995
Q03181,Q13547,756
Q03181,Q15596,724
Q03181,P28702,948
Q03181,Q86YN6,775
Q03181,P48443,891
Q03181,P37231,715
Q8IUZ5,Q9UDR5,944
Q8IUZ5,P49419,937
Q13164,P01100,720
Q13164,P51812,951
Q13164,Q05513,942
Q13164,P17302,941
P42574,P10599,857
P42574,Q16665,766
P42574,Q13547,738
P42574,P07900,878
P42574,P42858,750
P42574,Q14790,999
P42574,P01137,706
P42574,P01138,858
P42574,P05231,881
P42574,P01133,801
P42574,P34932,906
P42574,P49841,747
P42574,P23560,720
P42574,P08238,858
P42574,P04637,956
P42574,P05412,809
P42574,P15924,806
P42574,P99999,997
P42574,Q9Y6F1,920
P42574,O75715,766
P42574,P01375,939
P42574,P01584,899
P42574,P10636,980
P42574,Q8TED1,773
P42574,P38936,996
P42574,P62258,710
P42574,P08581,708
P42574,Q96EB6,725
P42574,Q04759,782
P42574,Q05655,927
P42574,P04406,890
P42574,P05771,931
P42574,Q16539,817
P42574,Q13315,702
P42574,P60709,989
P42574,P19838,821
P42574,Q14457,925
P42574,O15392,916
P42574,P08670,908
P42574,P07101,709
P42574,P01308,761
P42574,P59796,766
P42574,P10415,987
P42574,P98170,999
P42574,P09874,999
P42574,P10809,806
P42574,P78527,732
P42574,P01106,881
P42574,P29466,709
P42574,P11802,750
P42574,Q13464,959
P42574,P48637,722
P42574,P18283,769
P42574,Q00987,966
P42574,P05129,921
P42574,Q9UGN5,927
P42574,P06396,907
P42574,P55211,999
P42574,P11021,793
P42574,P09429,755
P42574,O14727,999
P42574,P08758,921
P42574,P17252,948
P42574,P25963,740
P42574,P28482,961
P42574,P18850,737
P42574,P04792,867
P42574,P09601,806
P42574,P08253,713
P42574,O00206,740
P42574,P45983,943
P42574,P35354,865
P42574,Q14654,711
P42574,P00533,747
P42574,P31749,945
P42574,P24941,829
P42574,P14780,806
P42574,P06493,862
P42574,Q96SL4,773
P42574,P42345,723
P42574,P10145,752
P42574,P22352,741
P42574,P01579,825
P42574,P01100,749
P42574,P27361,985
P42574,P63261,922
P42574,P49354,762
P42574,P45984,775
P42574,P24385,847
P42574,P21796,725
P42574,P02768,815
P42574,Q9NR28,929
P42574,P05067,908
P61024,P24941,999
P61024,P06493,999
P61024,P24385,892
P61024,P38936,926
P61024,Q00534,832
P61024,P11802,865
Q02928,O94788,919
Q02928,O60733,709
Q02928,P47895,917
Q02928,P11509,970
Q02928,P49189,919
Q02928,P51648,935
Q02928,Q07869,749
Q02928,P04054,824
Q02928,P08684,958
Q02928,P04798,953
Q02928,Q06278,924
Q02928,P05177,972
Q02928,P49419,915
Q02928,P30837,918
Q02928,P33261,957
Q02928,P16050,917
Q02928,Q6V0L0,939
Q02928,P05091,923
Q02928,P23219,915
Q02928,P10632,966
Q02928,P00352,919
Q02928,O43174,931
Q02928,P35354,918
Q02928,P09917,922
Q02928,P24462,948
Q02928,P05181,964
Q02928,P20815,952
Q02928,P51172,818
Q02928,P11712,955
O43306,P35913,759
O43306,Q08462,781
O43306,O60503,958
O43306,Q08493,829
O43306,O76074,797
O43306,P27815,847
O43306,Q9Y233,772
O43306,Q9NP56,734
O43306,P0DP23,825
O43306,P17612,861
O43306,O95622,960
O43306,P40145,912
O43306,Q08499,801
O43306,P51160,750
O43306,P31749,748
O43306,O00408,772
O43306,P31323,734
O43306,Q8NFM4,949
O43306,Q14123,779
O43306,Q14571,740
O43306,O76083,720
O43306,Q9HCR9,755
O43306,Q13370,797
O43306,P21554,906
O43306,P30518,823
O43306,Q14432,816
O43306,O60658,738
O43306,Q13946,818
O43306,Q05655,904
O43306,P16499,754
O43306,P51828,747
O43306,O60266,919
O43306,P54750,782
O43306,Q07343,798
O43306,Q01064,798
P09488,P20815,852
P09488,P22352,844
P09488,Q99735,766
P09488,Q96SL4,835
P09488,P35372,719
P09488,P05181,976
P09488,O15217,882
P09488,P19440,754
P09488,P78417,893
P09488,P28161,999
P09488,P11712,951
P09488,P00390,945
P09488,P08319,838
P09488,P33261,889
P09488,Q16772,735
P09488,P11766,747
P09488,P30838,753
P09488,P40394,809
P09488,P07327,750
P09488,Q9H4Y5,887
P09488,P10632,779
P09488,P04798,991
P09488,P08684,958
P09488,P09211,808
P09488,O43708,921
P09488,O75715,831
P09488,Q03013,869
P09488,Q8TED1,828
P09488,P59796,831
P09488,P10620,807
P09488,P15559,719
P09488,P09210,834
P09488,P48637,931
P09488,P18283,836
P09488,P08263,821
P09488,Q7RTV2,804
P09488,O14880,778
P09488,P46439,870
P09488,P05177,960
P09488,P36969,938
P09488,P30041,939
P09488,P21266,749
P09488,O60760,793
P09488,P00326,782
P09488,Q16678,962
P09488,P11509,951
P09488,P00325,782
Q9NR97,P21462,820
Q9NR97,O60603,893
Q9NR97,Q9NYK1,997
Q9NR97,P05231,821
Q9NR97,P42081,830
Q9NR97,Q06187,744
Q9NR97,P01584,746
Q9NR97,P01375,740
Q9NR97,P08631,771
Q9NR97,O00206,712
Q9NR97,Q9NR96,869
Q9NR97,P01579,722
Q8NFM4,O95263,705
Q8NFM4,Q14123,715
Q8NFM4,P59768,723
Q8NFM4,O76083,728
Q8NFM4,Q9HCR9,719
Q8NFM4,Q13370,744
Q8NFM4,P21554,907
Q8NFM4,O60658,736
Q8NFM4,Q14432,766
Q8NFM4,Q13946,766
Q8NFM4,Q05655,908
Q8NFM4,P51828,780
Q8NFM4,P54750,713
Q8NFM4,Q07343,773
Q8NFM4,P16499,719
Q8NFM4,Q01064,731
Q8NFM4,O60503,717
Q8NFM4,Q08493,758
Q8NFM4,P35913,719
Q8NFM4,O76074,739
Q8NFM4,O43306,949
Q8NFM4,P27815,802
Q8NFM4,Q9Y233,753
Q8NFM4,P0DP23,773
Q8NFM4,P17612,796
Q8NFM4,Q9NP56,756
Q8NFM4,O95622,835
Q8NFM4,P40145,945
Q8NFM4,P51160,719
Q8NFM4,Q08499,792
Q8NFM4,P18545,705
Q8NFM4,P31749,700
Q8NFM4,O00408,798
Q8TDN1,Q13303,765
Q8TDN1,Q14721,942
Q8TDN1,Q14722,774
P13727,Q13219,999
P13727,P12724,844
P13727,P11678,838
P25098,Q00987,802
P25098,P30556,799
P25098,P30086,943
P25098,Q96I99,939
P25098,Q99835,990
P25098,P08100,908
P25098,P30559,748
P25098,Q02750,826
P25098,P35372,951
P25098,P31749,778
P25098,P05305,714
P25098,P35626,961
P25098,P59768,929
P25098,P49674,911
P25098,P24530,729
P25098,P01019,727
P25098,P07550,983
P25098,P25024,837
P25098,P01042,769
P25098,P61073,787
P04054,P14555,709
P04054,P47712,814
P04054,Q13393,701
P04054,Q99571,782
P04054,P05181,790
P04054,P09917,752
P04054,P16233,764
P04054,P35354,748
P04054,Q02928,824
P04054,P23219,759
P04054,P28482,701
P04054,P16050,701
P51580,P33261,776
P51580,P11712,769
P51580,Q12882,791
P51580,P20815,757
P51580,P12268,960
P51580,P21964,815
P51580,P20839,945
P51580,P47989,974
P51580,P00492,952
P51580,Q9Y6L6,725
P51580,Q9BQB6,786
P51580,P10635,917
Q16853,P30837,930
Q16853,Q04760,813
Q16853,P20701,837
Q16853,P49419,928
Q16853,P30838,928
Q16853,P05091,976
Q16853,P21397,959
Q16853,P43353,928
Q16853,P01579,776
Q16853,P48448,928
Q16853,P49189,928
Q16853,P21964,906
Q16853,P09172,902
Q16853,P51648,928
Q16853,P27338,974
Q16853,P20711,904
Q16853,P60568,726
Q86YN6,Q07869,891
Q86YN6,P03372,895
Q86YN6,P11474,997
Q86YN6,P49336,900
Q86YN6,P06576,817
Q86YN6,P13196,790
Q86YN6,Q03181,775
Q86YN6,P30825,904
Q86YN6,P62508,955
Q86YN6,P36956,985
Q86YN6,P37231,921
Q86YN6,P99999,857
Q9UGM1,P32297,942
Q9UGM1,P30926,920
Q9UGM1,P02708,828
Q9UGM1,P30532,751
Q9UGM1,Q9GZZ6,934
Q9UGM1,Q15822,916
Q9UGM1,Q05901,765
Q9UGM1,P28329,801
Q9UGM1,Q15825,763
Q9UGM1,P17787,919
Q9UGM1,P43681,916
Q9UGM1,P36544,919
P78527,Q9Y230,831
P78527,P04637,997
P78527,P08238,730
P78527,Q16665,796
P78527,P39748,735
P78527,P49916,814
P78527,P07900,733
P78527,Q13315,971
P78527,P42574,732
P78527,P09874,993
P78527,P01106,731
P78527,P11388,793
P78527,P03372,717
P78527,P17936,822
P78527,P00519,802
P78527,P07948,745
P78527,P11387,866
P78527,P18858,718
P78527,P00533,936
P78527,P31749,889
Q96GD4,P53350,939
Q96GD4,P07900,880
Q96GD4,P08238,884
Q96GD4,P04637,908
Q96GD4,P55072,797
Q96GD4,P48051,904
Q96GD4,O14965,922
Q96GD4,P01106,761
Q96GD4,O60502,930
Q96GD4,O15392,999
Q96GD4,P11388,970
Q96GD4,P45973,855
Q96GD4,P31350,840
Q96GD4,P06493,997
Q96GD4,Q14654,760
Q96GD4,P04183,767
Q96GD4,P04818,738
P02746,P05090,795
P02746,P27797,960
P02746,Q07021,752
P02746,P05155,980
P02746,P09871,995
P02746,P02649,705
P02746,P0C0L5,969
P02746,P02747,999
P02746,P02795,729
P02746,P07333,779
P02746,P00736,995
Q9Y2D0,P35218,734
P07288,P01011,995
P07288,P17936,813
P07288,P01023,967
P07288,P02768,768
P07288,P01009,917
P07288,P25311,833
P07288,P04637,760
P07288,P02751,777
P07288,P04279,767
P07288,Q04609,940
P07288,P10275,995
P35219,Q14643,946
P35219,P02768,732
P51649,P40926,910
P51649,O43837,844
P51649,Q99259,725
P51649,P51553,844
P51649,Q02218,923
P51649,P50213,860
P51649,P47870,825
P51649,P80404,994
P25101,P00734,907
P25101,P63252,911
P25101,P01303,716
P25101,P01042,942
P25101,P01019,988
P25101,P24530,994
P25101,P05305,999
P43155,P51659,940
P43155,O43772,916
P10909,P37840,861
P10909,P05090,939
P10909,P02748,797
P10909,P02652,967
P10909,P06727,976
P10909,P19838,761
P10909,P15502,804
P10909,O14791,923
P10909,P07358,770
P10909,P09871,740
P10909,P04279,900
P10909,P00739,851
P10909,P02766,885
P10909,P05155,721
P10909,P02655,955
P10909,P01137,745
P10909,P02751,802
P10909,P02749,911
P10909,P02656,921
P10909,P02649,999
P10909,P04004,962
P10909,P00450,794
P10909,P02774,745
P10909,P14780,718
P10909,P02647,998
P10909,P01009,896
P10909,P05067,998
P10909,P02768,831
P10909,P27169,996
P10909,P11021,874
P10909,Q07954,715
P10909,P01023,896
P10909,P02788,993
P10909,P01024,803
P10909,P02763,854
P32297,Q15825,826
P32297,Q05901,774
P32297,Q15822,915
P32297,P30532,980
P32297,P02708,844
P32297,P30926,998
P32297,Q9UGM1,942
P32297,P36544,918
P32297,P43681,915
P32297,P11509,777
P32297,O60674,902
P32297,P17787,962
P04818,Q9UBK8,789
P04818,O00142,994
P04818,P34896,997
P04818,P04183,991
P04818,P06493,846
P04818,Q86XF0,999
P04818,Q12882,979
P04818,P22102,895
P04818,P49902,914
P04818,Q05932,992
P04818,P11586,986
P04818,Q7LG56,805
P04818,P07947,763
P04818,O14965,729
P04818,P23921,976
P04818,O43175,838
P04818,P21589,927
P04818,P31350,939
P04818,P48728,975
P04818,P00374,999
P04818,P27707,874
P04818,P11388,960
P04818,O15392,862
P04818,P12004,913
P04818,P39748,794
P04818,P34897,997
P04818,P15328,729
P04818,P31939,857
P04818,P42898,991
P04818,Q96GD4,738
P04818,P13995,994
P04818,P60174,752
P04818,P04637,774
P04818,Q06203,712
P04818,Q99707,824
P04818,P23378,919
O00217,O75251,999
O00217,O75438,995
O00217,O95168,999
O00217,O95139,999
O00217,P43353,849
O00217,O95299,999
O00217,Q04760,873
O00217,P51970,999
O00217,P30043,840
O00217,O75306,999
O00217,O43920,999
O00217,O43678,999
O00217,O96000,999
O00217,P56181,999
O00217,P03891,999
O00217,P03886,999
O00217,O75489,999
O00217,P03901,999
O00217,P49821,999
O00217,O95167,999
O00217,Q9Y6M9,999
O00217,P25705,801
O00217,O15239,999
O00217,P17568,999
O00217,Q86Y39,999
O00217,O00142,703
O00217,P00846,733
O00217,O43181,999
O00217,O95182,999
O00217,P40926,826
O00217,P03915,999
O00217,Q16795,999
O00217,Q16718,999
O00217,P30049,980
O00217,P49411,710
O00217,P49189,839
O00217,O95169,999
O00217,P56556,999
O00217,P31040,999
O00217,O75380,999
O00217,Q9NRX3,736
O00217,P99999,837
O00217,P36542,930
O00217,O95178,996
O00217,Q9UI09,999
O00217,P31930,998
O00217,P03897,999
O00217,O00483,989
O00217,P03905,999
O00217,O95298,999
O00217,Q9P0J0,999
O00217,O43674,999
O00217,Q16864,717
O00217,P00395,986
O00217,P27707,703
O00217,P06576,737
O00217,P03923,997
O00217,O43676,999
O00217,P56385,915
O00217,P28331,999
O00217,O14561,999
O00217,P19404,999
O00217,P48047,767
O00217,O43677,997
P08908,Q8NER1,740
P08908,P59768,938
P08908,P41594,711
P08908,P31645,968
P08908,P05305,737
P08908,P23560,816
P08908,P11362,951
P08908,P01303,831
P08908,P27338,735
P08908,Q01959,792
P08908,P28222,914
P08908,P23975,788
P08908,P46098,748
P08908,P21397,861
P08908,P28223,920
P08908,Q9Y2T6,782
P08908,P06850,741
P08908,P34969,701
P80365,P08235,923
P80365,P18405,806
P80365,P05108,854
P80365,P14060,959
P80365,P15428,810
P80365,O95479,886
P80365,P01189,868
P80365,P06850,784
P80365,P61421,744
P80365,P28845,960
P80365,P26439,949
P80365,P08686,985
P80365,Q01718,770
P80365,P05093,867
P80365,P04150,816
P80365,P00797,757
P80365,P51857,975
Q8IVL5,P07237,835
Q8IVL5,P13674,787
Q9NUB1,P31937,829
Q9NUB1,P29803,842
Q9NUB1,P43353,945
Q9NUB1,P10515,942
Q9NUB1,Q08426,906
Q9NUB1,P05091,951
Q9NUB1,P30837,948
Q9NUB1,P49419,939
Q9NUB1,P30838,940
Q9NUB1,Q96I99,844
Q9NUB1,Q9NR19,909
Q9NUB1,P16219,950
Q9NUB1,Q02252,945
Q9NUB1,P49189,949
Q9NUB1,P80404,827
Q9NUB1,P11177,861
Q9NUB1,P24752,964
Q9NUB1,P48448,941
Q9NUB1,P42765,937
Q9NUB1,Q9BYV1,831
Q9NUB1,Q06278,810
Q9NUB1,Q96EB6,707
Q9NUB1,P51648,953
P08581,P04626,847
P08581,P05109,927
P08581,P08253,703
P08581,P23458,917
P08581,P27986,872
P08581,P09038,905
P08581,Q9NZQ7,743
P08581,P14780,746
P08581,P00749,765
P08581,P00533,996
P08581,P14210,999
P08581,P35968,851
P08581,P04637,804
P08581,P23560,742
P08581,P12931,993
P08581,P42338,925
P08581,P01133,945
P08581,P05231,856
P08581,P01138,755
P08581,P01137,739
P08581,P07900,768
P08581,P02751,745
P08581,P08620,864
P08581,P63000,703
P08581,P09874,701
P08581,P01308,823
P08581,P42574,708
P08581,P05230,761
P08581,O60674,920
P08581,P18031,954
P08581,O00329,922
P08581,P61073,797
P08581,O95750,746
P08581,P42336,961
P35626,P25098,961
P35626,P35372,936
P35626,P08100,718
P35626,Q99835,935
P35626,P49674,923
P35626,P07550,825
P35626,P61073,869
O14791,P10909,923
O14791,P05067,756
O14791,P27169,912
O14791,P02647,998
O14791,P02649,965
O14791,P02656,924
O14791,P02655,907
O14791,P02749,904
O14791,P00739,999
O14791,P06727,928
O14791,P02652,926
O14791,P05090,722
O75116,P28482,919
O75116,P27361,924
O75116,P19634,916
O75116,Q04206,923
O75116,P62745,847
O75116,P19838,924
O75116,P23528,876
O75116,Q13464,988
P34896,P23526,759
P34896,Q86XF0,992
P34896,Q9UBK8,929
P34896,P04818,997
P34896,P20132,967
P34896,P29401,700
P34896,Q9H2M3,786
P34896,P78330,996
P34896,P09622,966
P34896,P11586,999
P34896,O15270,852
P34896,Q14749,957
P34896,P14618,719
P34896,P22102,999
P34896,Q00266,778
P34896,Q05932,949
P34896,P04406,886
P34896,P14920,962
P34896,P13196,929
P34896,P21549,994
P34896,Q9NUV7,843
P34896,Q9Y617,869
P34896,Q9BYV1,938
P34896,Q9GZT4,964
P34896,P48728,989
P34896,P00374,995
P34896,Q93088,872
P34896,P31153,765
P34896,P22557,921
P34896,Q96GA7,957
P34896,O43175,881
P34896,P31939,998
P34896,P42898,998
P34896,P49448,717
P34896,P60174,832
P34896,P13995,997
P34896,P23378,998
P34896,Q99707,994
P34896,Q06203,887
P34896,O15269,848
P34896,P34897,944
Q86XF0,P11586,985
Q86XF0,O60218,909
Q86XF0,P16152,981
Q86XF0,Q05932,995
Q86XF0,P22102,989
Q86XF0,P00439,925
Q86XF0,P04818,999
Q86XF0,P04183,821
Q86XF0,Q02127,910
Q86XF0,P34896,992
Q86XF0,O00142,878
Q86XF0,Q99707,972
Q86XF0,P23378,884
Q86XF0,P17752,938
Q86XF0,P42898,794
Q86XF0,P31939,974
Q86XF0,P34897,987
Q86XF0,P07101,937
Q86XF0,P10809,805
Q86XF0,P00374,909
Q86XF0,P48728,956
Q86XF0,P15121,971
Q86XF0,P09417,981
Q9NPA1,Q9H2S1,928
Q9NPA1,P51788,796
Q9NPA1,Q16558,920
Q9NPA1,Q12791,995
Q9NPA1,Q86W47,913
Q9NPA1,Q9UGI6,929
Q9NPA1,Q92952,937
Q9NPA1,Q9Y691,911
Q9NPA1,O15554,934
Q9NPA1,P17612,902
P22792,P15169,993
O60701,Q15738,712
O60701,P06744,730
O60701,Q13630,771
Q9UK17,Q9Y6J6,771
Q9UK17,Q9NSA2,761
Q9UK17,Q8WWG9,724
Q9UK17,P22459,748
Q9UK17,Q07699,885
Q9UK17,Q14722,837
Q9UK17,Q13936,806
Q9UK17,Q14524,824
Q9UK17,Q9NY72,741
Q9UK17,Q9Y6H6,946
Q9UK17,Q15842,740
Q9UK17,Q9NZV8,932
Q9UK17,Q13303,798
Q9UK17,P48549,766
Q9UK17,P15382,748
Q9UK17,P63252,732
Q9UK17,Q9UJ90,756
Q9UK17,Q12809,855
Q9Y266,P53350,990
Q9Y266,P07900,750
Q9Y266,Q15185,863
P15559,P31749,706
P15559,Q96SL4,732
P15559,P22352,733
P15559,P00390,835
P15559,Q08257,910
P15559,P11926,952
P15559,P09601,916
P15559,P09488,719
P15559,P55263,760
P15559,P04798,746
P15559,P01375,712
P15559,O75715,732
P15559,P38435,939
P15559,P09211,728
P15559,Q8N0U8,906
P15559,Q8TED1,750
P15559,Q9BQB6,942
P15559,P59796,732
P15559,P08263,708
P15559,Q16881,803
P15559,Q04828,705
P15559,P18283,802
P15559,P10599,819
P15559,Q16665,852
P15559,P04637,946
P15559,Q16678,797
P15559,Q14145,953
Q08289,P62955,801
Q08289,P54289,995
Q08289,O60840,973
Q08289,P21817,759
Q08289,Q01668,997
Q08289,Q06432,897
Q08289,Q13698,987
Q08289,Q07699,828
Q08289,Q13936,999
Q08289,Q9NY72,846
Q08289,O00305,891
Q08289,Q92736,759
Q08289,Q12809,773
Q08289,Q14524,905
Q08289,P54652,732
Q08289,Q9Y6J6,746
Q08289,O43497,766
Q08289,Q8WXS5,767
Q08289,Q9UBN1,793
Q08289,Q15878,833
Q08289,Q9Y6H6,841
Q08289,O00555,955
Q08289,P62942,722
Q08289,Q9P0X4,778
Q08289,Q7Z3S7,948
Q08289,Q02641,942
Q08289,Q8WWG9,720
Q08289,Q9BXT2,852
Q08289,Q00975,911
Q08289,Q8IZS8,939
Q08289,O95180,856
Q08289,P54284,961
Q08289,Q9Y698,813
Q08289,O60359,779
Q08289,Q9NY47,990
P14618,P00338,997
P14618,Q9BYZ2,982
P14618,P06744,986
P14618,Q9H6Z9,793
P14618,P29401,951
P14618,O95479,958
P14618,P40926,829
P14618,P18669,975
P14618,P10398,792
P14618,P11166,814
P14618,P34896,719
P14618,P40145,754
P14618,P48163,974
P14618,P23368,962
P14618,P17612,927
P14618,P29803,945
P14618,Q7LG56,907
P14618,P04075,983
P14618,P00558,936
P14618,P07864,983
P14618,P22626,797
P14618,P16066,904
P14618,P06733,997
P14618,Q00987,722
P14618,P01106,805
P14618,Q16798,963
P14618,P31350,924
P14618,P04406,956
P14618,P33402,903
P14618,P23921,928
P14618,O43175,718
P14618,P15880,717
P14618,Q6ZMR3,986
P14618,P15531,923
P14618,P62917,724
P14618,Q96PN6,881
P14618,P62750,882
P14618,P11362,932
P14618,P60174,963
P14618,P04637,825
P14618,P09467,700
P14618,P62913,885
P14618,P84098,849
P14618,P11177,983
P14618,Q16665,996
P14618,P61313,840
P14618,P62829,863
Q13509,Q9NY65,962
Q13509,P68366,993
Q13509,Q13885,845
Q13509,P17302,945
Q13509,P60709,731
Q13509,P10636,987
Q13509,Q71U36,999
Q13509,Q9BQE3,993
Q13509,P11137,734
Q13509,P11142,720
Q13509,P68363,999
Q13509,P04350,703
Q9BPV8,Q9UBL9,702
Q9BPV8,P51582,762
Q9BPV8,Q93086,708
Q9BPV8,Q96G91,882
Q9BPV8,Q9H244,901
Q9BPV8,P51575,809
Q9BPV8,O15547,784
Q9BPV8,Q15391,766
Q9UJT1,Q9UJT0,892
P27797,O60674,797
P27797,Q14573,879
P27797,P07237,994
P27797,P10275,706
P27797,P02746,960
P27797,P04406,757
P27797,P07900,968
P27797,P16220,786
P27797,Q07021,751
P27797,P34932,955
P27797,P55072,712
P27797,P08238,975
P27797,P07355,923
P27797,P04083,740
P27797,P14780,753
P27797,Q14643,834
P27797,P61769,999
P27797,P11142,718
P27797,P02768,718
P27797,P05067,878
P27797,P21796,703
P27797,Q14697,943
P27797,P09429,865
P27797,P02747,908
P27797,P08758,722
P27797,P30101,999
P27797,Q07954,998
P27797,P27824,999
P27797,P11021,995
P27797,O00206,953
P27797,P14625,999
P27797,P0DP23,713
P27797,P18850,933
P23368,Q6ZMR3,953
P23368,Q16798,906
P23368,P11177,948
P23368,P40926,977
P23368,P48163,906
P23368,Q9BYZ2,952
P23368,P00338,982
P23368,P14618,962
P23368,P07864,952
P23368,P29803,924
P12268,P20839,984
P12268,P31939,991
P12268,P51580,960
P12268,Q06203,839
P12268,P21589,954
P12268,P15880,751
P12268,P00492,967
P12268,P22102,811
P12268,P49902,945
P12268,Q02127,720
P12268,P00491,753
P62807,Q8WUI4,733
P62807,Q9BY41,731
P62807,Q9UBC3,715
P62807,P00747,866
P62807,O14746,823
P62807,Q9UKV0,732
P62807,Q92769,755
P62807,O15379,720
P62807,Q9UBN7,731
P62807,P60709,903
P62807,P56524,728
P62807,Q9UQL6,713
P62807,Q13547,760
P62807,Q969S8,709
P62807,Q969G3,822
P62807,Q96DB2,706
P08697,P02679,916
P08697,P08246,826
P08697,P00748,736
P08697,P01008,788
P08697,P05160,780
P08697,P02675,914
P08697,P00750,948
P08697,P02751,953
P08697,P02749,822
P08697,P02765,768
P08697,P02671,967
P08697,P00734,928
P08697,P03952,823
P08697,P00747,999
P08697,P01023,968
P08697,P01009,837
P08697,P02768,810
P08697,P04070,972
P08697,P04004,885
P08697,P00749,719
O60427,Q07869,743
O60427,Q15125,833
Q9BY66,P10275,882
Q9BY66,P48047,772
Q9BY66,P30049,890
Q9BY66,P36542,890
Q9BY66,P25705,890
Q9BY66,P00846,890
P49411,Q8N543,809
P49411,O75306,970
P49411,P09622,713
P49411,P39023,980
P49411,O95299,898
P49411,O00217,710
P49411,P40926,895
P49411,Q6W5P4,940
P49411,Q99623,911
P49411,P25705,967
P49411,P49821,937
P49411,Q96L21,910
P49411,P40429,964
P49411,P27449,720
P49411,Q99437,707
P49411,P31930,983
P49411,P36542,960
P49411,P62829,998
P49411,P08865,912
P49411,P99999,909
P49411,P31040,734
P49411,P30049,927
P49411,P62913,999
P49411,Q16795,855
P49411,P15880,987
P49411,P48047,874
P49411,O14561,949
P49411,P62750,999
P49411,P62917,979
P49411,P06576,840
P49411,P00505,849
P49411,Q9UNX3,949
Q8IWT1,Q9NY72,984
Q8IWT1,P51787,713
Q8IWT1,Q12809,834
Q8IWT1,Q9UI33,953
Q8IWT1,P37088,907
Q8IWT1,Q9NY46,917
Q8IWT1,P63252,856
Q8IWT1,Q14524,994
Q8IWT1,Q99250,964
Q8IWT1,P15382,856
Q8IWT1,P17612,909
Q8IWT1,Q01118,936
Q8IWT1,Q13936,819
Q8IWT1,Q9Y5Y9,926
Q8IWT1,P35499,978
Q8IWT1,Q07699,998
Q8IWT1,Q8TD43,818
Q8IWT1,P48544,841
Q8IWT1,P51168,905
Q8IWT1,Q15858,878
Q8IWT1,O60939,878
Q8IWT1,Q9UQD0,918
Q8IWT1,P35498,996
Q8IWT1,P51172,738
Q8IWT1,P51170,906
Q8IWT1,Q9Y6J6,881
Q07864,Q9NRF9,999
Q07864,P06746,838
Q07864,Q14181,993
Q07864,P56282,999
Q07864,P18858,931
Q07864,P09884,997
Q07864,P49916,879
Q07864,P39748,906
Q07864,P12004,988
Q07864,Q13315,794
Q07864,Q9NR33,999
Q8WXA8,O95264,982
Q8WXA8,Q70Z44,995
Q8WXA8,A5X5Y0,962
Q8WXA8,P46098,993
P30939,P01303,715
P30939,P59768,941
P30939,P05305,703
P30939,P46098,710
O15382,Q05932,873
O15382,Q8N5Z0,894
O15382,P07864,830
O15382,Q9BYZ2,830
O15382,P00338,861
O15382,P20132,906
O15382,P32929,944
O15382,P11177,736
O15382,P54687,907
O15382,Q9BYV1,931
O15382,Q6ZMR3,830
O15382,Q96GA7,898
P11168,P11166,906
P11168,Q14654,815
P11168,P06213,713
P11168,Q09428,809
P11168,P46059,745
P11168,P31639,828
P11168,P01308,942
P11168,P04637,926
P54619,Q9UGI9,957
P54619,P42345,964
P54619,O43741,999
P54619,Q9Y478,999
P54619,P13569,922
P54619,Q9UGJ0,979
P54619,P31939,826
P54619,Q13131,999
P54619,P54646,999
P54619,P21589,715
P54619,P04035,932
Q96G91,P41231,726
Q96G91,Q9BPV8,882
Q96G91,Q9UBL9,763
Q96G91,Q93086,787
Q96G91,P56373,758
Q96G91,Q9UHA3,744
Q96G91,Q99571,741
Q96G91,O15547,752
Q96G91,P51575,860
Q7Z2W7,Q9Y2T6,747
Q7Z2W7,Q9Y5S1,929
Q7Z2W7,P01042,798
Q7Z2W7,Q9HBA0,892
Q7Z2W7,Q8NET8,972
Q7Z2W7,O75762,984
Q7Z2W7,Q04609,719
Q7Z2W7,Q8NER1,994
Q7Z2W7,P01138,726
P01023,P02768,980
P01023,P05067,905
P01023,P01009,980
P01023,P02647,998
P01023,P19652,808
P01023,P00749,715
P01023,P14780,845
P01023,P00450,889
P01023,P61769,774
P01023,P04070,931
P01023,P02787,820
P01023,P08253,953
P01023,P00734,700
P01023,P01011,929
P01023,P02763,809
P01023,P00747,779
P01023,P00751,726
P01023,P02788,724
P01023,P10909,896
P01023,Q07954,998
P01023,P36955,880
P01023,P03952,957
P01023,P11021,972
P01023,P05121,804
P01023,P08697,968
P01023,P02671,832
P01023,P02765,803
P01023,P02652,772
P01023,P01584,984
P01023,P01375,828
P01023,P01042,927
P01023,P02649,975
P01023,P01138,719
P01023,P05546,771
P01023,P08246,735
P01023,P02679,761
P01023,P05231,950
P01023,P02749,752
P01023,P02751,851
P01023,P01137,910
P01023,P05155,905
P01023,P02675,841
P01023,P02766,905
P01023,P01008,927
P01023,P07288,967
Q969G3,P63261,915
Q969G3,P37231,906
Q969G3,Q92769,771
Q969G3,P03372,872
Q969G3,P60709,996
Q969G3,Q15788,815
Q969G3,Q13547,751
Q969G3,P62807,822
P11021,P00533,862
P11021,P31749,971
P11021,P05787,741
P11021,Q14643,782
P11021,P15056,773
P11021,P68371,751
P11021,P11142,983
P11021,Q14697,846
P11021,P21796,813
P11021,P01023,972
P11021,P30101,999
P11021,P10909,874
P11021,Q9BYF1,948
P11021,P06733,726
P11021,Q92598,854
P11021,P27824,998
P11021,P14625,999
P11021,P04156,954
P11021,P04626,721
P11021,P18848,975
P11021,P25963,711
P11021,P18850,999
P11021,P19525,871
P11021,Q99720,992
P11021,P04792,801
P11021,P07237,996
P11021,Q14573,728
P11021,P01584,731
P11021,Q71U36,717
P11021,P37840,947
P11021,P01042,710
P11021,P27797,995
P11021,P00441,975
P11021,Q9UBN7,710
P11021,P10415,738
P11021,Q16881,700
P11021,P10809,908
P11021,P08069,701
P11021,P42574,793
P11021,P04406,806
P11021,P60709,808
P11021,Q14457,765
P11021,P19838,704
P11021,P07900,968
P11021,P36969,952
P11021,P10599,724
P11021,Q04206,715
P11021,P34932,915
P11021,P61604,725
P11021,P04637,824
P11021,P08238,977
P11021,P99999,738
P11021,P55072,944
P11021,P07355,773
P11021,P05231,736
P30559,P05305,783
P30559,Q13936,727
P30559,P59768,816
P30559,P17302,704
P30559,P37288,775
P30559,P14416,802
P30559,P01303,793
P30559,P03372,751
P30559,Q92731,800
P30559,P25098,748
P30559,Q13698,782
P30559,P06850,724
Q16787,O15230,743
Q16787,P05106,744
Q16787,P06756,789
Q16787,P11047,931
Q16787,P07942,950
Q16787,P08648,869
Q16787,P08514,707
Q16787,P25391,702
P49841,P34932,740
P49841,P12931,867
P49841,P08238,920
P49841,P04637,992
P49841,P05412,908
P49841,P02649,703
P49841,P18847,706
P49841,P07355,750
P49841,P49674,989
P49841,P07900,958
P49841,P36956,764
P49841,P30405,805
P49841,P16220,988
P49841,P36507,935
P49841,Q15750,963
P49841,Q9UBN7,717
P49841,P01308,753
P49841,P10415,731
P49841,P98170,836
P49841,P01106,996
P49841,P11802,805
P49841,O15530,801
P49841,P63104,904
P49841,P27348,724
P49841,P04406,817
P49841,P42574,747
P49841,P60709,847
P49841,P19838,713
P49841,O14965,769
P49841,Q96EB6,758
P49841,O95644,953
P49841,P04049,922
P49841,P10275,841
P49841,P10636,999
P49841,Q9UJU2,824
P49841,P67775,897
P49841,P0DP23,812
P49841,P17612,990
P49841,P04156,937
P49841,P18848,932
P49841,P28482,742
P49841,Q00987,703
P49841,Q96LZ3,906
P49841,Q05513,955
P49841,P06241,723
P49841,P24385,987
P49841,P05067,897
P49841,P53805,842
P49841,P31749,996
P49841,P24941,770
P49841,P15056,925
P49841,P42345,784
P49841,Q02750,939
P49841,P10398,910
P06401,Q04206,702
P06401,P34932,972
P06401,P12931,937
P06401,P42338,920
P06401,Q8WYK2,755
P06401,P04637,849
P06401,P08238,978
P06401,P01133,736
P06401,P04150,733
P06401,P07900,990
P06401,O00264,944
P06401,P02533,734
P06401,Q16665,717
P06401,P53778,910
P06401,P01106,705
P06401,P09874,711
P06401,P08069,820
P06401,Q15788,997
P06401,Q16539,920
P06401,P11511,883
P06401,P03372,974
P06401,P42336,961
P06401,O00329,911
P06401,P10275,766
P06401,P45983,921
P06401,P13647,777
P06401,P17612,937
P06401,P21802,854
P06401,Q15759,909
P06401,P04626,980
P06401,P31948,817
P06401,P08235,708
P06401,Q99527,717
P06401,P27986,931
P06401,P45984,908
P06401,P24385,834
P06401,Q15596,911
P06401,P51692,879
P06401,Q15303,881
P06401,P04155,767
P06401,P00533,830
P06401,O15264,908
P06401,P24941,822
P06401,Q15185,856
P50579,Q9UNX3,781
P50579,P15880,772
P50579,P62917,777
P50579,P62750,880
P50579,P62913,846
P50579,P62829,861
P50579,P40429,717
P50579,Q6W5P4,724
P50579,Q9UHA3,700
P50579,P39023,760
P10589,P03372,729
Q9BTZ2,P16219,865
Q9BTZ2,O43174,938
Q9BTZ2,P00352,963
Q9BTZ2,O75911,934
Q9BTZ2,Q6NUM9,947
Q9BTZ2,P51659,737
Q9BTZ2,Q08426,790
Q9BTZ2,Q06278,941
Q9BTZ2,O94788,932
Q9BTZ2,O95237,922
Q9BTZ2,P47895,942
Q8TET4,P04746,900
Q8TET4,O43451,925
Q8TET4,P14410,920
O43772,P23786,996
O43772,P43155,916
O43772,Q16134,759
O43772,P40939,720
O43772,Q07869,715
O43772,P28329,712
O43772,Q8N8R3,908
O43772,P51659,749
O43772,P50416,926
O43772,P16219,790
P40926,P04406,862
P40926,P00505,999
P40926,P17174,990
P40926,P00441,747
P40926,Q16798,981
P40926,P50213,857
P40926,P06576,921
P40926,O14561,786
P40926,Q16795,817
P40926,P49411,895
P40926,P49448,900
P40926,P30049,853
P40926,P31040,905
P40926,Q16836,713
P40926,P60174,856
P40926,P22033,830
P40926,P61604,761
P40926,P09467,728
P40926,P36542,918
P40926,P31930,921
P40926,P11177,850
P40926,P00367,929
P40926,Q96I99,733
P40926,O43837,860
P40926,P49821,873
P40926,P21796,751
P40926,P06744,847
P40926,P25705,954
P40926,P48163,980
P40926,P23368,977
P40926,O95479,722
P40926,P04424,903
P40926,P08559,884
P40926,P55263,780
P40926,Q02218,845
P40926,P51649,910
P40926,P00352,732
P40926,O00217,826
P40926,P51553,818
P40926,P09622,944
P40926,P00558,738
P40926,P14618,829
P40926,P06733,759
P40926,O75306,755
P40926,P05091,738
P35228,P31749,976
P35228,P04424,954
P35228,P01579,862
P35228,P29475,939
P35228,P0DP23,999
P35228,P78540,970
P35228,P35354,908
P35228,P09601,716
P35228,O00206,754
P35228,P00966,973
P35228,P29474,912
P35228,P01584,803
P35228,P01375,858
P35228,Q96A70,927
P35228,P07900,731
P35228,P05089,980
P35228,P05231,781
P19404,O75251,999
P19404,O75438,998
P19404,O95168,999
P19404,O95139,999
P19404,O95299,999
P19404,O00217,999
P19404,P30043,818
P19404,P51970,999
P19404,O43678,999
P19404,O43920,999
P19404,O75306,999
P19404,O96000,999
P19404,P56181,999
P19404,P03891,999
P19404,Q96I99,713
P19404,P49821,999
P19404,P03901,998
P19404,O75489,999
P19404,P03886,999
P19404,P25705,897
P19404,Q9Y6M9,999
P19404,O95167,999
P19404,P17568,999
P19404,Q86Y39,999
P19404,O15239,999
P19404,O43181,999
P19404,O95182,999
P19404,Q16795,999
P19404,P03915,999
P19404,O75964,703
P19404,P30049,944
P19404,Q16718,999
P19404,P99999,779
P19404,P31040,984
P19404,O75380,999
P19404,P56556,999
P19404,O95169,999
P19404,O95178,997
P19404,P36542,971
P19404,P31930,996
P19404,Q9UI09,999
P19404,O00483,991
P19404,P03905,999
P19404,P03897,999
P19404,O43674,999
P19404,Q9P0J0,999
P19404,O95298,999
P19404,P00395,987
P19404,P03923,995
P19404,P56385,718
P19404,Q16134,703
P19404,P37840,805
P19404,O43676,999
P19404,P28331,999
P19404,O14561,999
P19404,P48047,924
P19404,O43677,999
P49448,P00367,984
P49448,O43837,899
P49448,Q8TD30,950
P49448,P30038,950
P49448,Q05329,947
P49448,P19440,877
P49448,P34896,717
P49448,P40926,900
P49448,Q02218,898
P49448,P09622,863
P49448,P29803,743
P49448,Q99259,954
P49448,P51553,904
P49448,P49419,861
P49448,P30837,856
P49448,P24298,948
P49448,P05091,862
P49448,P45381,801
P49448,P48728,820
P49448,P17174,970
P49448,P50213,896
P49448,P00505,967
P49448,P51648,865
P49448,P04181,909
P49448,P80404,743
P49448,P49189,853
P49448,P23378,865
P49448,P34897,776
P39086,P41594,829
P39086,Q16478,993
P39086,Q13003,989
P39086,P78352,943
P39086,Q13002,998
P39086,Q16099,993
P07237,P27824,966
P07237,P11021,996
P07237,P30101,817
P07237,P14625,983
P07237,Q96SL4,714
P07237,Q14697,832
P07237,P07900,711
P07237,Q8IVL5,835
P07237,P01133,938
P07237,P34932,848
P07237,P55072,892
P07237,P08238,720
P07237,Q32P28,875
P07237,P27797,994
P07237,P60709,714
P07237,P01308,851
P07237,P06576,731
P07237,P13674,993
P26951,P29597,717
P26951,P05113,937
P26951,O60674,879
P26951,P01579,847
P26951,P60568,898
P26951,P35225,800
P26951,P08700,999
P26951,P07204,818
P26951,P40933,824
P26951,P52333,848
P26951,P10721,709
P26951,P05231,889
P26951,P23458,857
P26951,P12314,776
P26951,P32927,999
P31639,P27487,909
P31639,O43451,796
P31639,P23975,840
P31639,P08235,715
P31639,P12821,780
P31639,P14410,810
P31639,P11166,735
P31639,P43220,909
P31639,P11168,828
P31639,P00797,802
P31639,P51828,903
P31639,P01308,885
P18545,P00492,901
P18545,P33402,771
P18545,O43837,725
P18545,O00408,865
P18545,P16499,998
P18545,Q8NFM4,705
P18545,P08100,745
P18545,P40145,714
P18545,P51160,742
P18545,Q08462,704
P18545,P35913,997
P18545,O60503,700
P18545,O76074,932
P18545,P16066,724
Q9H228,P59768,829
Q9H228,Q9NRA0,897
P22459,Q9UK17,748
P22459,Q12809,713
P22459,Q99720,917
P22459,Q09470,987
P22459,Q13303,991
P22459,Q9H252,742
P22459,P16389,983
P22459,Q14722,986
P22459,P22460,743
P22459,P22001,722
P22459,P78352,997
Q9UBC3,P23526,950
Q9UBC3,Q92769,994
Q9UBC3,Q9Y6K1,998
Q9UBC3,Q00266,931
Q9UBC3,P01106,842
Q9UBC3,P45973,932
Q9UBC3,P31153,934
Q9UBC3,Q96EB6,926
Q9UBC3,P03372,783
Q9UBC3,P62807,715
Q9UBC3,P26358,999
Q9UBC3,O14717,933
Q9UBC3,Q13547,999
Q9UBC3,P56524,702
Q969P6,Q02880,973
Q969P6,P11388,964
Q969P6,P04637,873
Q14524,Q9Y6H6,892
Q14524,Q04917,727
Q14524,O43497,716
Q14524,P51170,764
Q14524,O95180,701
Q14524,Q9NZV8,720
Q14524,P51172,742
Q14524,P35499,848
Q14524,P54289,855
Q14524,Q08289,905
Q14524,P51168,751
Q14524,P23634,797
Q14524,P63252,896
Q14524,Q8IWT1,994
Q14524,Q12809,978
Q14524,Q9UK17,824
Q14524,P15382,977
Q14524,P0DP23,999
Q14524,P17612,937
Q14524,P19429,735
Q14524,Q9Y6J6,977
Q14524,O60939,974
Q14524,P35498,739
Q14524,P09493,723
Q14524,P22460,838
Q14524,Q07699,998
Q14524,Q9Y5Y9,853
Q14524,O60706,761
Q14524,Q8TD43,949
Q14524,P48544,763
Q14524,P17302,873
Q14524,Q99250,838
Q14524,Q9NY72,968
Q14524,P51787,973
Q14524,P37088,766
Q14524,Q92736,887
Q14524,Q01118,916
O15304,P98170,700
O15304,P10415,938
O15304,P12004,740
P15814,Q06187,747
P15814,P01591,893
P05543,P02671,827
P05543,P02765,916
P05543,P02766,980
P05543,P02656,710
P05543,P02768,945
P05543,P00734,753
P05543,P04278,770
P07359,P05106,886
P07359,P27986,863
P07359,P14770,999
P07359,P07948,946
P07359,P00734,992
P07359,P01042,794
P07359,P02776,721
P07359,P63104,979
P07359,P02751,841
P07359,P01008,728
P07359,P12931,747
P07359,P16109,999
P07359,P00748,841
P07359,P08514,967
P27449,P56385,823
P27449,Q96A05,993
P27449,P48047,971
P27449,P36543,999
P27449,Q15904,999
P27449,Q9HBG4,999
P27449,Q93050,999
P27449,Q16864,999
P27449,P06576,874
P27449,P15313,998
P27449,P62829,745
P27449,P36542,985
P27449,P20648,860
P27449,Q96LB4,960
P27449,P56381,739
P27449,P21281,999
P27449,Q8NEY4,980
P27449,Q13488,998
P27449,Q9UI12,999
P27449,Q8NHE4,977
P27449,P30049,985
P27449,P49411,720
P27449,P38606,999
P27449,O75964,907
P27449,O15342,998
P27449,P00846,995
P27449,Q8N8Y2,999
P27449,P21283,999
P27449,O95670,990
P27449,Q99437,999
P27449,P61421,999
P27449,O75348,996
P27449,P25705,988
P27449,Q9Y487,999
P27449,Q9Y5K8,999
P07202,P17174,911
P07202,P00505,909
P07202,P07101,924
P07202,P20711,918
P07202,P17735,900
P07202,P00439,822
P07202,P14679,946
P55211,P01584,826
P55211,P01375,816
P55211,P38936,713
P55211,Q14457,928
P55211,P60709,819
P55211,P04406,786
P55211,P42574,999
P55211,P10415,946
P55211,O15392,911
P55211,P29466,712
P55211,P01106,717
P55211,P98170,999
P55211,P09874,991
P55211,Q16665,746
P55211,Q14790,944
P55211,P05231,785
P55211,Q9Y6F1,914
P55211,P99999,999
P55211,P05412,770
P55211,P04637,953
P55211,P31749,989
P55211,P00533,753
P55211,P42345,738
P55211,P06493,763
P55211,P27361,883
P55211,P24385,844
P55211,Q9NR28,981
P55211,Q9UGN5,917
P55211,Q00987,869
P55211,P08758,885
P55211,O14727,999
P55211,P04792,742
P55211,P28482,841
P55211,P45983,727
P55211,P35354,726
Q13219,P19429,721
Q13219,P13727,999
Q13219,P17936,743
Q99572,P29466,793
Q99572,P47900,720
Q99572,Q9H244,733
Q99572,Q93086,948
Q99572,Q9UBL9,852
Q99572,P41231,768
Q99572,P51575,987
Q99572,O15547,949
Q99572,Q12879,909
Q99572,O15399,902
Q99572,Q99571,995
Q99572,Q14957,906
Q99572,P56373,979
Q99572,O00206,725
Q99572,Q05586,909
Q9UI09,P03905,999
Q9UI09,O00483,999
Q9UI09,P03897,999
Q9UI09,O43674,999
Q9UI09,O95298,999
Q9UI09,Q9P0J0,999
Q9UI09,P00395,874
Q9UI09,P06576,737
Q9UI09,P03923,988
Q9UI09,O43676,999
Q9UI09,P56385,804
Q9UI09,O14561,999
Q9UI09,P28331,999
Q9UI09,P19404,999
Q9UI09,P48047,917
Q9UI09,O43677,999
Q9UI09,P03915,999
Q9UI09,Q16795,999
Q9UI09,Q16718,999
Q9UI09,P30049,752
Q9UI09,O75964,883
Q9UI09,O95169,999
Q9UI09,P99999,758
Q9UI09,Q9NRX3,917
Q9UI09,P56556,999
Q9UI09,P31040,773
Q9UI09,O75380,999
Q9UI09,O95178,996
Q9UI09,P36542,969
Q9UI09,P31930,999
Q9UI09,P03891,999
Q9UI09,P03886,999
Q9UI09,O75489,999
Q9UI09,P49821,999
Q9UI09,P03901,998
Q9UI09,P25705,708
Q9UI09,O95167,999
Q9UI09,Q9Y6M9,999
Q9UI09,O15239,999
Q9UI09,P17568,999
Q9UI09,Q86Y39,999
Q9UI09,O43181,999
Q9UI09,O95182,999
Q9UI09,O75438,997
Q9UI09,O75251,999
Q9UI09,O95168,999
Q9UI09,O95139,999
Q9UI09,O95299,999
Q9UI09,O00217,999
Q9UI09,P51970,999
Q9UI09,P30043,813
Q9UI09,O43678,999
Q9UI09,O75306,999
Q9UI09,O43920,999
Q9UI09,O96000,999
Q9UI09,P56181,999
Q05655,Q02750,925
Q05655,P10398,809
Q05655,Q08828,915
Q05655,P40145,906
Q05655,P27361,935
Q05655,P06241,874
Q05655,Q05513,780
Q05655,Q8NFM4,908
Q05655,P45984,912
Q05655,P13498,917
Q05655,Q08462,910
Q05655,O60503,912
Q05655,P27986,934
Q05655,P17252,967
Q05655,O43306,904
Q05655,P15153,946
Q05655,P29350,760
Q05655,P04792,706
Q05655,P04839,930
Q05655,P28482,929
Q05655,P45983,918
Q05655,P14598,966
Q05655,O95622,913
Q05655,O00329,923
Q05655,P04049,912
Q05655,Q9HBA0,905
Q05655,P42336,918
Q05655,P19878,940
Q05655,P43405,741
Q05655,Q02156,910
Q05655,Q04759,935
Q05655,P05771,966
Q05655,P42574,927
Q05655,Q15080,931
Q05655,P51828,918
Q05655,O60266,905
Q05655,P36507,924
Q05655,P07900,780
Q05655,O60733,907
Q05655,P42338,966
Q05655,P12931,983
Q05655,P04637,767
P16581,P01584,804
P16581,P01375,872
P16581,P05164,743
P16581,P13500,810
P16581,P02751,726
P16581,P05231,884
P16581,P16109,937
P16581,P10145,851
P16581,P19320,979
P16581,P20701,858
P16581,P07204,734
P16581,P33151,980
P16581,P12821,774
P42081,P05231,862
P42081,P05089,747
P42081,Q9NYK1,816
P42081,O60603,805
P42081,P13500,737
P42081,P19838,717
P42081,P60568,879
P42081,P14902,786
P42081,P35225,722
P42081,P61073,801
P42081,P01375,922
P42081,P01584,863
P42081,O00206,841
P42081,P12314,745
P42081,P07333,735
P42081,P20701,775
P42081,Q9NR97,830
P42081,P01579,943
P42081,P02768,736
P42081,P06239,701
P42081,P05113,773
P42081,P14778,750
P42081,P31749,783
P42081,Q9NR96,747
P42081,Q9NZQ7,972
Q9Y487,Q9Y5K8,995
Q9Y487,P25705,775
Q9Y487,P61421,999
Q9Y487,O75348,934
Q9Y487,P27449,999
Q9Y487,Q99437,997
Q9Y487,P21283,977
Q9Y487,O95670,943
Q9Y487,Q8N8Y2,998
Q9Y487,P00846,767
Q9Y487,O15342,950
Q9Y487,Q8NHE4,855
Q9Y487,P38606,986
Q9Y487,Q8NEY4,947
Q9Y487,Q13488,950
Q9Y487,P21281,994
Q9Y487,Q9UI12,992
Q9Y487,Q96LB4,934
Q9Y487,P20648,838
Q9Y487,P15313,991
Q9Y487,P32322,809
Q9Y487,Q16864,998
Q9Y487,Q93050,977
Q9Y487,Q9HBG4,963
Q9Y487,P36543,994
Q9Y487,Q15904,997
Q9Y487,Q96A05,987
P47895,P40394,851
P47895,P07327,855
P47895,P10632,926
P47895,O43174,974
P47895,P00352,903
P47895,Q9NYR8,940
P47895,Q6V0L0,966
P47895,O75911,961
P47895,P11766,811
P47895,P11712,923
P47895,Q8TC12,956
P47895,P08319,816
P47895,P24462,922
P47895,P20815,926
P47895,P00325,824
P47895,P11509,917
P47895,Q96NR8,987
P47895,P00326,829
P47895,Q02928,917
P47895,Q92781,956
P47895,O94788,903
P47895,P05177,925
P47895,Q06278,952
P47895,P04798,958
P47895,P08684,925
P47895,Q9BTZ2,942
P10826,P19793,996
P10826,P10276,984
P10826,Q15788,984
P10826,P09455,710
P10826,O43174,739
P10826,P13631,911
P10826,P28702,992
P10826,P48443,973
P10826,P16455,705
P10826,P29762,768
Q12879,P29475,974
Q12879,Q00535,763
Q12879,Q05586,999
Q12879,P48058,898
Q12879,P29074,979
Q12879,P46098,840
Q12879,Q14957,998
Q12879,P56373,917
Q12879,P42261,926
Q12879,P17612,942
Q12879,P0DP23,901
Q12879,P21728,772
Q12879,Q8WXS5,812
Q12879,Q9UBN1,764
Q12879,P40145,855
Q12879,Q99571,916
Q12879,O60359,794
Q12879,Q13224,999
Q12879,O15547,910
Q12879,P51575,915
Q12879,P14867,734
Q12879,Q15303,768
Q12879,P06241,981
Q12879,O15399,998
Q12879,P05067,848
Q12879,P42262,933
Q12879,Q99572,909
Q12879,P16220,746
Q12879,P62955,772
Q12879,Q9UF02,733
Q12879,P41594,841
Q12879,P12931,963
Q12879,P42263,886
Q12879,P23560,819
Q12879,Q9H2X9,701
Q12879,O60391,998
Q12879,Q13002,718
Q12879,Q8TCU5,999
Q12879,Q93086,907
Q12879,Q9Y698,880
Q12879,Q14289,846
Q12879,Q13003,719
Q12879,P78352,999
P49146,P01303,999
P49146,P59768,842
P49146,P01189,828
P49146,P43220,711
P49146,Q99705,743
Q9Y5Y4,P05113,731
Q9Y5Y4,Q13258,892
Q9Y5Y4,P43115,745
Q9Y5Y4,P35225,719
O60733,P23219,782
O60733,P35354,773
O60733,P05129,900
O60733,P17252,903
O60733,P16050,786
O60733,Q99497,815
O60733,Q13393,704
O60733,P14555,830
O60733,P47712,839
O60733,P09936,704
O60733,P05181,790
O60733,P09917,750
O60733,O14939,733
O60733,Q02928,709
O60733,P05771,900
O60733,Q05655,907
O60733,P02792,906
O60733,Q02156,902
Q9NY65,P07437,978
Q9NY65,Q13885,983
Q9NY65,Q13509,962
Q9NY65,P17302,904
Q9NY65,P10636,961
Q9NY65,Q9H4B7,963
Q9NY65,P68371,962
Q9NY65,P04350,965
Q9NZV8,Q9Y6J6,838
Q9NZV8,Q9H2S1,942
Q9NZV8,P78352,877
Q9NZV8,Q14722,841
Q9NZV8,Q13936,726
Q9NZV8,Q14524,720
Q9NZV8,Q13303,886
Q9NZV8,O43526,720
Q9NZV8,P15382,760
Q9NZV8,Q9UK17,932
Q9NZV8,Q12809,798
O94903,Q9NVS9,817
O94903,O00764,862
P34897,P29401,772
P34897,P04818,997
P34897,P20132,967
P34897,P04183,750
P34897,P34896,944
P34897,Q86XF0,987
P34897,P23526,857
P34897,Q05932,939
P34897,P22102,999
P34897,Q00266,744
P34897,P08243,778
P34897,Q14749,947
P34897,P09622,968
P34897,P11586,996
P34897,O15270,849
P34897,P78330,996
P34897,Q9H2M3,725
P34897,O43175,926
P34897,Q96GA7,957
P34897,P22557,926
P34897,Q93088,820
P34897,P31153,746
P34897,P00374,992
P34897,Q9Y617,916
P34897,Q9NUV7,841
P34897,Q9GZT4,960
P34897,Q9BYV1,931
P34897,P48728,989
P34897,P04406,920
P34897,P13196,925
P34897,P14920,960
P34897,P46736,999
P34897,P21549,992
P34897,O14556,712
P34897,P23378,998
P34897,Q99707,984
P34897,O15269,846
P34897,Q06203,863
P34897,P60174,920
P34897,P13995,997
P34897,P42898,996
P34897,P49448,776
P34897,P31939,995
Q15759,P13498,703
Q15759,Q92945,810
Q15759,P28482,906
Q15759,P04839,751
Q15759,P04792,809
Q15759,P14598,764
Q15759,P45983,913
Q15759,Q02750,951
Q15759,P31749,940
Q15759,O15264,765
Q15759,P01100,960
Q15759,P27361,910
Q15759,P45984,908
Q15759,P06401,909
Q15759,Q15750,899
Q15759,P36507,947
Q15759,P17676,936
Q15759,P15336,993
Q15759,P04637,960
Q15759,P05412,971
Q15759,P12931,751
Q15759,P19878,802
Q15759,P03372,925
Q15759,Q92731,912
Q15759,Q15080,717
Q15759,P53778,856
Q01718,P51843,751
Q01718,P05108,895
Q01718,P05093,858
Q01718,P59768,829
Q01718,P08686,888
Q01718,P80365,770
Q01718,P06850,842
Q01718,P01189,999
O95180,Q13936,917
O95180,Q9NY72,721
O95180,O00305,861
O95180,Q99250,707
O95180,Q14524,701
O95180,P59768,763
O95180,P62955,798
O95180,P48544,706
O95180,O60840,849
O95180,P51788,894
O95180,P21817,833
O95180,Q9Y5Y9,713
O95180,Q07699,748
O95180,Q01668,856
O95180,Q06432,817
O95180,Q7Z3S7,828
O95180,P35498,715
O95180,P54284,891
O95180,Q9Y698,801
O95180,Q92731,914
O95180,Q15878,747
O95180,O00555,762
O95180,P0DP23,957
O95180,Q9NY46,704
O95180,P18507,736
O95180,Q15858,712
O95180,Q08289,856
O95180,P54289,919
O95180,P29475,920
O95180,Q13698,843
O95180,Q9UQD0,712
O95180,Q02641,761
O95180,Q16720,713
O95180,Q9BXT2,754
O95180,Q00975,772
O95180,Q8IZS8,822
O95180,P14867,707
O95180,O60359,818
O95180,Q9NY47,820
O95180,P54652,725
O95180,O43497,944
O95180,Q8WXS5,791
O95180,Q9UBN1,829
O95180,Q9P0X4,979
O95180,P62942,728
P59768,P30939,941
P59768,Q08462,811
P59768,Q13639,831
P59768,P49146,842
P59768,O60503,719
P59768,P25098,929
P59768,P41143,816
P59768,P05129,716
P59768,P17252,704
P59768,P21917,755
P59768,P49190,823
P59768,P35408,834
P59768,Q9UBS5,950
P59768,O75899,942
P59768,P21453,842
P59768,P48549,896
P59768,P28223,816
P59768,O95622,828
P59768,P21728,834
P59768,P46663,904
P59768,P30559,816
P59768,Q08828,819
P59768,P40145,712
P59768,P08100,908
P59768,P28221,938
P59768,P10145,859
P59768,P50406,816
P59768,P35372,935
P59768,P01189,895
P59768,P06850,942
P59768,O43497,754
P59768,P48039,940
P59768,P43220,909
P59768,O95180,763
P59768,P08173,872
P59768,P30411,904
P59768,P08908,938
P59768,P22888,800
P59768,P34969,983
P59768,Q9H228,829
P59768,Q96I99,798
P59768,P25103,800
P59768,P05067,906
P59768,Q99835,922
P59768,P10997,801
P59768,Q00975,709
P59768,Q8NFM4,723
P59768,Q92806,782
P59768,P34972,831
P59768,P13500,808
P59768,P21462,840
P59768,P08172,799
P59768,P48544,881
P59768,Q01718,829
P59768,P28335,941
P59768,P43116,720
P59768,P49286,913
P59768,P21554,940
P59768,P48051,898
P59768,Q13936,710
P59768,P30518,925
P59768,P61073,917
P59768,P48736,847
P59768,P42336,758
P59768,P30542,816
P59768,P47898,937
P59768,P30988,931
P59768,P01303,811
P59768,P05771,719
P59768,P41595,817
P59768,P35462,941
P59768,Q02156,712
P59768,P43115,934
P59768,P28566,940
P59768,P14416,981
P59768,Q03431,823
P59768,Q99500,828
P59768,P28222,975
P59768,P35367,800
P59768,P29274,855
P59768,P08913,932
O00408,O60503,750
O00408,Q08462,720
O00408,P16066,799
O00408,O76074,950
O00408,O43306,772
O00408,P27815,742
O00408,P55263,918
O00408,O95622,847
O00408,P40145,799
O00408,Q08828,768
O00408,P18545,865
O00408,Q8NFM4,798
O00408,Q96PN6,744
O00408,P00492,902
O00408,P33402,805
O00408,P51828,762
O00408,O60266,798
O00408,P27707,909
O00408,Q01064,732
P07900,P60709,967
P07900,Q13315,785
P07900,Q14457,793
P07900,P04406,922
P07900,P42574,878
P07900,Q05655,780
P07900,P08069,791
P07900,P63104,801
P07900,P27348,763
P07900,Q13464,784
P07900,O15530,845
P07900,P11802,998
P07900,P01106,975
P07900,P10809,963
P07900,P78527,733
P07900,P10415,929
P07900,P08670,701
P07900,Q9UBN7,999
P07900,P00441,779
P07900,Q07912,841
P07900,P10636,959
P07900,P10275,999
P07900,P27797,968
P07900,P29474,999
P07900,P35869,992
P07900,P37840,743
P07900,P01584,800
P07900,O15111,992
P07900,Q71U36,744
P07900,P04049,985
P07900,P61073,746
P07900,P11362,740
P07900,P42336,837
P07900,P68104,891
P07900,O14920,975
P07900,P03372,999
P07900,Q96EB6,803
P07900,P08581,768
P07900,Q92731,884
P07900,Q07869,811
P07900,P07237,711
P07900,P62258,788
P07900,O60674,791
P07900,P38936,909
P07900,P09769,737
P07900,Q06187,716
P07900,Q14145,949
P07900,P01133,760
P07900,P04150,999
P07900,P05231,738
P07900,Q9Y230,886
P07900,P99999,783
P07900,Q96GD4,880
P07900,P55072,933
P07900,P04637,999
P07900,P08238,997
P07900,P35968,954
P07900,P60174,700
P07900,P05412,798
P07900,P61604,942
P07900,P12931,999
P07900,P49841,958
P07900,P34932,999
P07900,Q15750,704
P07900,Q16665,999
P07900,P06401,990
P07900,P10599,724
P07900,P63244,910
P07900,P68400,880
P07900,O60603,982
P07900,P13569,986
P07900,Q9GZT9,782
P07900,P53350,957
P07900,P30405,982
P07900,P42858,777
P07900,P35228,731
P07900,P56524,975
P07900,Q14994,703
P07900,Q9UM73,762
P07900,Q13547,764
P07900,P27361,823
P07900,Q15303,809
P07900,Q9Y5S8,790
P07900,P21796,790
P07900,P09936,900
P07900,P24385,819
P07900,P06241,896
P07900,P11142,999
P07900,Q15185,999
P07900,P10398,704
P07900,Q02750,798
P07900,Q9BY41,841
P07900,P06239,834
P07900,P42345,998
P07900,P06493,910
P07900,P15056,984
P07900,P05106,722
P07900,P54652,896
P07900,P24941,799
P07900,P00533,999
P07900,P31749,999
P07900,P62937,733
P07900,P31948,999
P07900,P04792,957
P07900,Q12809,958
P07900,P28482,941
P07900,Q9Y266,750
P07900,P10721,708
P07900,P50750,882
P07900,P04626,999
P07900,P04156,760
P07900,P0DP23,996
P07900,P14625,950
P07900,P17612,794
P07900,P08253,831
P07900,P00519,983
P07900,P45983,732
P07900,O14746,998
P07900,O00206,987
P07900,P07948,809
P07900,P11021,968
P07900,P27824,848
P07900,P00558,713
P07900,Q07954,994
P07900,Q00987,909
P07900,Q92598,938
P07900,P06733,771
P07900,Q06830,753
P07900,P27986,788
P07900,P30101,762
P07900,O14727,993
P07900,Q99497,743
P07900,P09429,703
P07900,P08235,864
P07900,P53041,997
P08263,P19440,761
P08263,P78417,886
P08263,P28161,748
P08263,O15217,914
P08263,P22352,871
P08263,Q96SL4,819
P08263,Q99735,795
P08263,P05181,945
P08263,P20815,800
P08263,P08319,794
P08263,P00390,945
P08263,P11712,947
P08263,P30838,823
P08263,Q16772,947
P08263,P11766,714
P08263,P33261,795
P08263,P10632,753
P08263,P07327,746
P08263,Q9H4Y5,871
P08263,P09488,821
P08263,P40394,800
P08263,Q8TED1,817
P08263,Q03013,733
P08263,O43708,815
P08263,P09211,746
P08263,O75715,811
P08263,P08684,956
P08263,P04798,961
P08263,P05177,958
P08263,P46439,816
P08263,O14880,795
P08263,Q7RTV2,890
P08263,P18283,838
P08263,P48637,927
P08263,P10620,824
P08263,P15559,708
P08263,P09210,987
P08263,P59796,811
P08263,P30041,914
P08263,P36969,941
P08263,Q16678,954
P08263,P00325,737
P08263,P11509,933
P08263,P00326,776
P08263,O60760,791
P08263,P21266,749
O75469,Q9NPD5,811
O75469,P00742,830
O75469,P33261,749
O75469,Q92887,730
O75469,P11712,850
O75469,P08183,842
O75469,O95342,839
O75469,O15439,722
O75469,P20815,820
O75469,P24462,876
O75469,P11509,750
O75469,P19793,999
O75469,Q15788,998
O75469,P05177,834
O75469,Q9Y6L6,852
O75469,P04798,742
O75469,P08684,962
P18848,P16220,959
P18848,P17676,997
P18848,P13500,814
P18848,P05412,928
P18848,P49841,932
P18848,P18847,989
P18848,P15336,932
P18848,P18846,847
P18848,Q9UPY5,728
P18848,P08243,928
P18848,P11021,975
P18848,Q92793,987
P18848,P17612,926
P18848,P09601,760
P18848,P28482,702
P18848,P18850,942
P18848,P19525,755
P18848,P10145,797
P18848,P31749,826
P18848,P51812,954
P18848,Q9H6Z9,776
P18848,P27361,750
P18848,P01100,831
P18848,P02818,704
P68363,Q71U36,966
P68363,Q9H169,957
P68363,P10636,995
P68363,P60709,782
P68363,Q9UBN7,810
P68363,Q13509,999
P68363,P17302,908
P68363,P07437,999
P68363,Q13885,999
P68363,Q9H4B7,979
P68363,P68371,996
P68363,P04350,977
P68363,P42345,994
P68363,P11142,801
P68363,P63261,726
P68363,Q9BQE3,984
P02679,P05160,935
P02679,P01008,921
P02679,P02675,999
P02679,P02751,963
P02679,P02749,910
P02679,P02656,779
P02679,P05546,960
P02679,P08514,917
P02679,P01042,917
P02679,P02765,970
P02679,P02652,841
P02679,P06727,792
P02679,P02671,999
P02679,P08697,916
P02679,Q14624,738
P02679,P01023,761
P02679,P00747,878
P02679,P02763,791
P02679,P00734,999
P02679,P04004,721
P02679,P04070,754
P02679,P05106,980
P02679,P02774,868
P02679,P19652,721
P02679,P02647,732
P02679,P01009,886
P02679,P02768,945
P15531,Q7LG56,759
P15531,P14618,923
P15531,O75489,707
P15531,P14174,732
P15531,O60266,706
P15531,P04406,700
P15531,P31350,796
P15531,P23921,846
P28329,Q05940,747
P28329,P09172,764
P28329,P00441,741
P28329,P07101,881
P28329,Q9UGM1,801
P28329,P22303,933
P28329,P01138,773
P28329,Q9GZZ6,774
P28329,O43772,712
P28329,Q8TCT1,903
P28329,P06276,871
P28329,P51659,814
P28329,P29475,760
P28329,P11137,730
P28329,Q99259,703
O95237,Q96NR8,987
O95237,P00325,913
O95237,P07327,932
O95237,P09455,951
O95237,P00326,919
O95237,O43174,972
O95237,P40394,931
O95237,Q92781,975
O95237,Q6NUM9,949
O95237,P11766,918
O95237,O75911,950
O95237,Q9NYR8,958
O95237,P20839,808
O95237,P08319,917
O95237,Q8TC12,965
O95237,P08100,722
O95237,Q9BTZ2,922
Q8TCC7,Q9Y6L6,830
Q8TCC7,O94956,775
Q8TCC7,Q4U2R8,798
Q8TCC7,O15439,806
Q8TCC7,Q9NPD5,848
Q8TCC7,Q92887,913
P24462,P20815,968
P24462,P11712,971
P24462,P42330,926
P24462,P33261,710
P24462,Q6V0L0,933
P24462,O43174,941
P24462,P00352,923
P24462,P10632,969
P24462,P14060,941
P24462,P04798,956
P24462,Q06278,925
P24462,P05177,956
P24462,O94788,923
P24462,P26439,939
P24462,P47895,922
P24462,Q14994,794
P24462,P05093,941
P24462,Q02928,948
P24462,O75469,876
P24462,P11509,951
Q86XP1,O14939,718
Q8TD08,O60503,743
Q8TD08,O00299,839
Q9NPH2,P29218,994
Q9NPH2,O14732,992
P34969,P50406,925
P34969,P08908,701
P34969,P59768,983
P34969,P46098,725
P22314,Q13564,794
P22314,P34932,722
P22314,P55072,801
P22314,P04637,710
P07437,P62750,845
P07437,P10636,943
P07437,P62917,833
P07437,P68104,775
P07437,Q71U36,996
P07437,P04406,745
P07437,P60709,844
P07437,P17302,943
P07437,P53350,869
P07437,P56381,702
P07437,P84098,884
P07437,P61313,833
P07437,P62829,844
P07437,Q9NY65,978
P07437,P04637,723
P07437,P68366,994
P07437,Q13885,800
P07437,P62913,817
P07437,P42345,995
P07437,P31749,810
P07437,P68363,999
P07437,P68371,986
P07437,P40429,856
P07437,P11142,891
P07437,P63261,773
P07437,P61927,807
P07437,P39023,833
P07437,Q9BQE3,994
P68104,P40429,989
P68104,Q96L21,956
P68104,O00303,725
P68104,P11142,941
P68104,P63261,856
P68104,P00558,819
P68104,Q00987,795
P68104,P29350,903
P68104,P61927,958
P68104,P39023,995
P68104,P62750,977
P68104,O43252,921
P68104,P62917,986
P68104,P15880,998
P68104,P60842,935
P68104,P04406,972
P68104,P60709,950
P68104,P00395,774
P68104,P08865,993
P68104,P61313,990
P68104,P63244,993
P68104,P62829,962
P68104,P07900,891
P68104,P84098,983
P68104,P07355,767
P68104,P07437,775
P68104,P62913,987
P68104,P60174,700
P68104,P08238,785
P68104,P34932,916
P68104,P61978,741
Q03405,P00747,974
Q03405,P07204,716
Q03405,P05121,994
Q03405,P05120,938
Q03405,P04264,700
Q03405,Q07954,718
Q03405,P00533,896
Q03405,P00749,999
Q03405,P14780,772
Q03405,P04004,999
Q03405,P29597,808
Q03405,Q07021,715
Q03405,P00750,851
Q03405,P12931,700
Q03405,P05231,765
Q03405,P04406,809
Q9GZT4,O15270,833
Q9GZT4,P78330,948
Q9GZT4,P20132,941
Q9GZT4,P34896,964
Q9GZT4,O15269,833
Q9GZT4,P34897,960
Q9GZT4,Q9NUV7,834
Q9GZT4,P14920,903
Q9GZT4,P21549,939
Q9GZT4,Q96GA7,934
P49902,P55263,937
P49902,P12268,945
P49902,P00491,956
P49902,P04818,914
P49902,O00142,911
P49902,Q15274,912
P49902,P31939,910
P49902,P20839,937
P49902,P27707,967
P49902,P00492,928
P49902,P21589,929
P49902,P00813,937
O00483,O95182,993
O00483,O43181,990
O00483,O15239,995
O00483,P17568,982
O00483,Q86Y39,980
O00483,Q9Y6M9,995
O00483,O95167,986
O00483,P25705,725
O00483,O75489,989
O00483,P03886,964
O00483,P03901,812
O00483,P49821,988
O00483,P03891,949
O00483,P56181,979
O00483,Q99497,777
O00483,O96000,989
O00483,O75306,988
O00483,O43920,982
O00483,O43678,999
O00483,P51970,989
O00483,O00217,989
O00483,O95299,988
O00483,O95139,991
O00483,O95168,993
O00483,O75438,984
O00483,O75251,983
O00483,O43677,982
O00483,P48047,772
O00483,P19404,991
O00483,O14561,990
O00483,P28331,983
O00483,O43676,994
O00483,P56385,721
O00483,P03923,819
O00483,P00395,993
O00483,O95298,988
O00483,Q9P0J0,989
O00483,O43674,996
O00483,P03897,961
O00483,P03905,961
O00483,Q9UI09,999
O00483,P31930,890
O00483,P36542,802
O00483,O95178,990
O00483,O95169,996
O00483,O75380,988
O00483,P56556,999
O00483,P99999,791
O00483,Q9NRX3,904
O00483,Q16718,995
O00483,O75964,886
O00483,P03915,948
O00483,Q16795,988
O60488,P36969,834
O60488,P33121,770
O60488,Q9UJ90,785
O60488,P50416,954
O60488,P49327,969
P22607,P14210,764
P22607,P09038,999
P22607,Q00987,799
P22607,P27986,824
P22607,P21802,987
P22607,P04626,765
P22607,P23458,915
P22607,O95750,933
P22607,P42336,965
P22607,P11362,854
P22607,O00329,715
P22607,P22455,790
P22607,P05230,999
P22607,O60674,921
P22607,P08620,969
P22607,P01308,933
P22607,P01133,902
P22607,P01138,810
P22607,P04637,718
P22607,P23560,747
P22607,P12931,923
P22607,P42338,745
P10809,Q9Y4W6,810
P10809,P04406,792
P10809,P42574,806
P10809,P06576,821
P10809,P00374,755
P10809,P00395,700
P10809,O60603,976
P10809,P07900,963
P10809,P61604,999
P10809,P34932,924
P10809,P99999,818
P10809,P31040,775
P10809,P08238,970
P10809,Q16595,736
P10809,Q86XF0,805
P10809,P25705,823
P10809,P11142,933
P10809,P05067,916
P10809,P00918,790
P10809,P21796,898
P10809,Q92598,799
P10809,P11021,908
P10809,P00558,722
P10809,Q15428,720
P10809,P00747,792
P10809,P62937,709
P10809,P31948,787
P10809,O00206,999
P10809,Q9Y6Y9,865
P10809,P04156,814
P10809,P14625,801
Q99497,P11142,794
Q99497,P09936,848
Q99497,P03886,755
Q99497,P21796,934
Q99497,P05067,731
Q99497,Q14643,761
Q99497,P14598,835
Q99497,Q06830,717
Q99497,O00483,777
Q99497,P00441,997
Q99497,Q9UBN7,711
Q99497,P37840,994
Q99497,P10636,772
Q99497,P30044,772
Q99497,Q14573,828
Q99497,P32119,867
Q99497,Q14145,915
Q99497,P34932,953
Q99497,P14174,718
Q99497,P08238,717
Q99497,P04637,814
Q99497,P55072,772
Q99497,P30041,709
Q99497,P07900,743
Q99497,O60733,815
P17405,O15270,797
P17405,Q16739,969
P17405,Q00266,785
P17405,O15269,816
P17405,Q9NUV7,794
Q14697,P07237,832
Q14697,P27797,943
Q14697,P30101,856
Q14697,P27824,953
Q14697,P11021,846
Q14697,P14625,873
P21397,P37840,710
P21397,P51648,957
P21397,P09172,987
P21397,P27338,965
P21397,P08684,953
P21397,P10635,963
P21397,Q05940,793
P21397,Q06278,947
P21397,Q01959,890
P21397,P20711,986
P21397,P14902,939
P21397,P28222,734
P21397,P14416,736
P21397,P35225,787
P21397,P07101,785
P21397,P48448,941
P21397,Q16613,943
P21397,P31645,942
P21397,P00325,946
P21397,P00326,936
P21397,P21964,996
P21397,P49189,939
P21397,P23560,741
P21397,P22303,761
P21397,P17752,729
P21397,P06276,762
P21397,P08319,925
P21397,P08908,861
P21397,Q04760,844
P21397,P30838,951
P21397,P49419,943
P21397,P11766,922
P21397,P23975,738
P21397,P30837,941
P21397,P33261,948
P21397,P19801,970
P21397,P05091,982
P21397,P21917,892
P21397,P07327,933
P21397,P43353,950
P21397,P28223,786
P21397,P40394,924
P21397,Q16853,959
P10636,P06276,712
P10636,Q9H4B7,924
P10636,P68371,943
P10636,P68363,995
P10636,P04350,953
P10636,P00533,830
P10636,P31749,872
P10636,P06493,709
P10636,P27361,968
P10636,P06241,994
P10636,P09936,721
P10636,P11142,948
P10636,P05067,995
P10636,P21796,975
P10636,Q00535,999
P10636,Q99497,772
P10636,P31946,899
P10636,P04792,707
P10636,Q9BQE3,938
P10636,P28482,952
P10636,P45983,757
P10636,P04156,884
P10636,P0DP23,838
P10636,P17612,915
P10636,Q71U36,978
P10636,P37840,994
P10636,P62258,836
P10636,Q96EB6,721
P10636,P63104,974
P10636,P27348,958
P10636,P60709,817
P10636,P42574,980
P10636,P04406,765
P10636,P23246,780
P10636,Q9UBN7,879
P10636,P78352,753
P10636,P04271,906
P10636,P42858,715
P10636,Q13509,987
P10636,P07900,959
P10636,P07437,943
P10636,P07355,764
P10636,P12931,897
P10636,Q9UQF2,721
P10636,P49841,999
P10636,P34932,957
P10636,Q13885,957
P10636,P22303,817
P10636,P68366,981
P10636,P02649,991
P10636,P55072,713
P10636,P08238,938
P10636,Q9NY65,961
Q96GA7,Q04760,828
Q96GA7,P07864,820
Q96GA7,P78330,933
Q96GA7,O15270,839
Q96GA7,Q9H2M3,842
Q96GA7,P34896,957
Q96GA7,P20132,906
Q96GA7,Q6YP21,869
Q96GA7,P00338,820
Q96GA7,Q9BYZ2,820
Q96GA7,Q16773,824
Q96GA7,P23526,831
Q96GA7,P34897,957
Q96GA7,P54687,909
Q96GA7,O15382,898
Q96GA7,P32929,898
Q96GA7,Q99707,847
Q96GA7,O15269,838
Q96GA7,O00469,765
Q96GA7,Q6ZMR3,820
Q96GA7,Q93088,855
Q96GA7,P21549,949
Q96GA7,Q9NUV7,840
Q96GA7,Q9BYV1,873
Q96GA7,Q9GZT4,934
P68371,P53350,850
P68371,P17302,938
P68371,P68366,991
P68371,Q9NY65,962
P68371,Q13885,889
P68371,P07437,986
P68371,P62258,737
P68371,P10636,943
P68371,Q71U36,999
P68371,P11021,751
P68371,P06733,701
P68371,Q9BQE3,990
P68371,P04350,883
P68371,P68363,996
P68371,P11142,863
P00167,P00387,999
P00167,P20815,855
P00167,P05181,959
P00167,P99999,996
P00167,P11509,799
P00167,O00264,815
P00167,P05093,979
P00167,P05177,893
P00167,P08684,960
P00167,O43681,759
P19429,P02768,748
P19429,P29475,771
P19429,P17612,952
P19429,P67775,913
P19429,P06753,994
P19429,P23634,768
P19429,Q13219,721
P19429,P09493,999
P19429,P16860,896
P19429,P67936,946
P19429,P63316,999
P19429,P17302,773
P19429,Q9UGJ0,801
P19429,P62714,904
P19429,P02585,996
P19429,Q14524,735
P15880,P50579,772
P15880,P69905,905
P15880,P14618,717
P15880,P61927,999
P15880,P39023,999
P15880,P25788,717
P15880,P49908,893
P15880,P50750,741
P15880,P12268,751
P15880,Q9UHA3,706
P15880,P00846,828
P15880,Q6W5P4,943
P15880,Q96L21,998
P15880,P40429,999
P15880,O00303,968
P15880,P25705,910
P15880,P55769,903
P15880,P36542,882
P15880,P49674,830
P15880,P84098,999
P15880,P08865,999
P15880,P63244,999
P15880,P61313,999
P15880,P62829,999
P15880,P30049,748
P15880,P62913,999
P15880,P49411,987
P15880,P48047,773
P15880,P62750,999
P15880,P62917,999
P15880,P68104,998
P15880,Q9UNX3,998
P15880,P60842,952
P15880,P04406,741
P05177,Q99735,912
P05177,P05181,982
P05177,P24462,956
P05177,O15217,937
P05177,P20815,960
P05177,P28161,937
P05177,P78417,920
P05177,P42330,924
P05177,P11712,947
P05177,P46597,939
P05177,Q6V0L0,926
P05177,P16050,915
P05177,P33261,951
P05177,Q16772,933
P05177,P14060,937
P05177,Q9H4Y5,917
P05177,P10632,946
P05177,O43174,944
P05177,P00352,931
P05177,P09488,960
P05177,Q06278,948
P05177,P04798,950
P05177,P08684,968
P05177,P35869,866
P05177,P09211,960
P05177,P00167,893
P05177,Q03013,921
P05177,P08263,958
P05177,P14902,930
P05177,P09210,944
P05177,P10620,916
P05177,O14880,906
P05177,P04406,989
P05177,Q9Y6L6,811
P05177,O43169,856
P05177,P46439,917
P05177,P47989,948
P05177,Q7RTV2,916
P05177,Q14994,738
P05177,P47895,925
P05177,P05093,929
P05177,O00264,849
P05177,P26439,935
P05177,O94788,920
P05177,P21266,935
P05177,O75469,834
P05177,P11509,969
P05177,Q16678,936
P05177,O60760,954
P05177,Q02928,972
P30041,P60174,743
P30041,P21266,940
P30041,O60760,942
P30041,P32119,798
P30041,P36969,973
P30041,P10599,818
P30041,P09210,913
P30041,P10620,928
P30041,P59796,966
P30041,P08263,914
P30041,P18283,967
P30041,P48637,915
P30041,Q7RTV2,916
P30041,P46439,928
P30041,O14880,914
P30041,P30044,832
P30041,Q03013,920
P30041,O75715,967
P30041,P09211,973
P30041,Q8TED1,971
P30041,P09488,939
P30041,Q9H4Y5,933
P30041,Q99497,709
P30041,Q16772,932
P30041,P06733,737
P30041,P00390,964
P30041,P11142,746
P30041,P06744,707
P30041,O15217,923
P30041,Q96SL4,970
P30041,Q99735,911
P30041,P22352,967
P30041,P28161,933
P30041,P19440,909
P30041,P78417,957
Q9Y5S1,Q96QT4,978
Q9Y5S1,Q8TD43,848
Q9Y5S1,O75762,898
Q9Y5S1,Q7Z2W7,929
Q15303,P07947,719
Q15303,O00329,925
Q15303,P42336,970
Q15303,O95750,708
Q15303,P05230,773
Q15303,P03372,961
Q15303,P78352,998
Q15303,P08620,755
Q15303,P01308,774
Q15303,P06401,881
Q15303,Q16620,737
Q15303,P07900,809
Q15303,P01133,999
Q15303,P01138,747
Q15303,P02649,862
Q15303,P23560,781
Q15303,P04637,726
Q15303,P42338,947
Q15303,P12931,916
Q15303,P14210,781
Q15303,P00533,996
Q15303,Q12879,768
Q15303,Q13224,753
Q15303,P51692,993
Q15303,P09038,871
Q15303,P27986,948
Q15303,P04626,999
Q96C36,P30038,969
Q96C36,P13674,908
Q96C36,P32322,990
Q96C36,P04181,751
Q9H169,P68363,957
Q9H169,Q13885,917
Q9H169,Q71U36,925
Q9Y5N1,P14416,707
Q9Y5N1,P19113,790
Q9Y5N1,P21728,782
Q07343,Q13936,775
Q07343,Q96PN6,710
Q07343,O60266,863
Q07343,P51828,841
Q07343,P27707,909
Q07343,O43306,798
Q07343,O60503,789
Q07343,Q08462,773
Q07343,P49419,942
Q07343,O95622,797
Q07343,P17612,844
Q07343,P55263,920
Q07343,Q08828,788
Q07343,Q08499,757
Q07343,P40145,878
Q07343,Q8NFM4,773
Q13393,P04054,701
Q13393,O60733,704
Q13393,Q13574,760
Q13393,O14939,906
Q13393,P23743,746
Q13393,O75912,712
Q13393,P47712,743
Q13393,P84077,979
Q13393,P17252,960
Q13393,Q9NRA0,922
Q13393,P52824,766
P08185,Q9Y2T6,705
P08185,P01189,720
P08185,P02768,885
P08185,P04278,953
P08185,Q8NER1,720
P08185,P04150,726
Q08462,O00408,720
Q08462,Q08828,715
Q08462,P51160,719
Q08462,Q08499,746
Q08462,P18545,704
Q08462,P31749,708
Q08462,P27815,768
Q08462,Q9Y233,729
Q08462,P0DP23,745
Q08462,P17612,859
Q08462,Q9NP56,748
Q08462,O95622,891
Q08462,Q08493,748
Q08462,P35913,727
Q08462,P05129,726
Q08462,O76074,728
Q08462,O43306,781
Q08462,P17252,713
Q08462,P05771,768
Q08462,Q05655,910
Q08462,Q07343,773
Q08462,P16499,722
Q08462,Q14432,768
Q08462,Q13946,741
Q08462,Q9HCR9,734
Q08462,Q13370,742
Q08462,P21554,909
Q08462,Q14123,703
Q08462,P59768,811
Q08462,O76083,720
Q9UBL9,P51575,914
Q9UBL9,Q15391,715
Q9UBL9,O15547,982
Q9UBL9,P47900,710
Q9UBL9,Q96G91,763
Q9UBL9,Q93086,976
Q9UBL9,Q99571,945
Q9UBL9,P51582,867
Q9UBL9,P56373,992
Q9UBL9,P41231,811
Q9UBL9,Q9BPV8,702
Q9UBL9,Q99572,852
Q14330,Q9Y2T6,767
Q14330,P34972,823
Q14330,Q8NER1,796
Q14330,P21554,816
P13945,P08588,907
P13945,P12931,894
P13945,Q07869,739
P13945,P07550,940
Q92731,P22888,727
Q92731,O95180,914
Q92731,P27361,955
Q92731,P01100,961
Q92731,P45984,915
Q92731,Q15596,993
Q92731,Q9P0X4,911
Q92731,Q15185,817
Q92731,P30559,800
Q92731,O15264,908
Q92731,O43497,922
Q92731,P00533,755
Q92731,P04278,759
Q92731,P28482,948
Q92731,P45983,923
Q92731,Q15759,912
Q92731,P04626,717
Q92731,P17612,943
Q92731,Q99527,943
Q92731,P08069,813
Q92731,Q15788,999
Q92731,Q16539,921
Q92731,P53778,907
Q92731,P11511,925
Q92731,P03372,998
Q92731,P12931,995
Q92731,P05412,967
Q92731,P04637,783
Q92731,P08238,832
Q92731,P07900,884
Q92731,P16220,746
P48551,P01579,986
P48551,P17181,999
P48551,P29597,999
P48551,P14778,700
P48551,P05113,742
P48551,P52333,935
P48551,P23458,999
P48551,P08700,704
P48551,P60568,791
P48551,P35225,741
P48551,O60674,968
P48551,P01133,701
P48551,P05231,828
P48551,P63244,976
P48551,P40933,769
O15530,P27986,953
O15530,P17252,943
O15530,P31749,999
O15530,P42345,848
O15530,P06241,741
O15530,Q05513,960
O15530,P51812,812
O15530,P07900,845
O15530,P42338,973
O15530,P49841,801
O15530,O00329,948
O15530,O15111,922
O15530,P48736,967
O15530,P42336,976
O15530,O14920,924
O15530,Q04759,905
O15530,P05771,728
P18847,P31749,708
P18847,P01100,994
P18847,Q00987,942
P18847,P45983,757
P18847,P18850,777
P18847,P18848,989
P18847,P38936,737
P18847,P01584,709
P18847,P01106,737
P18847,P60709,766
P18847,P16220,841
P18847,Q13547,918
P18847,P13500,704
P18847,P17676,980
P18847,P05412,999
P18847,Q8WYK2,725
P18847,P04637,982
P18847,Q04206,716
P18847,P49841,706
P18847,P05231,779
P18847,P15336,758
Q7RTX0,Q8TE23,998
Q7RTX0,Q5NUL3,802
Q9H4Y5,P48637,935
Q9H4Y5,P18283,798
Q9H4Y5,P08263,871
Q9H4Y5,P59796,790
Q9H4Y5,P10620,812
Q9H4Y5,P09210,820
Q9H4Y5,O14880,763
Q9H4Y5,P46439,832
Q9H4Y5,P05177,917
Q9H4Y5,Q7RTV2,817
Q9H4Y5,P04798,921
Q9H4Y5,P08684,910
Q9H4Y5,Q8TED1,795
Q9H4Y5,P09211,927
Q9H4Y5,O43708,736
Q9H4Y5,O75715,791
Q9H4Y5,Q03013,817
Q9H4Y5,P21266,842
Q9H4Y5,Q16678,921
Q9H4Y5,P11509,917
Q9H4Y5,O60760,936
Q9H4Y5,P36969,946
Q9H4Y5,P48448,703
Q9H4Y5,P35754,745
Q9H4Y5,P30041,933
Q9H4Y5,Q9Y2Q3,754
Q9H4Y5,P11712,912
Q9H4Y5,P00390,957
Q9H4Y5,P22352,799
Q9H4Y5,P05181,921
Q9H4Y5,Q99735,818
Q9H4Y5,Q96SL4,800
Q9H4Y5,O15217,820
Q9H4Y5,P20815,716
Q9H4Y5,P78417,802
Q9H4Y5,P19440,728
Q9H4Y5,P28161,852
Q9H4Y5,P43353,720
Q9H4Y5,P40394,700
Q9H4Y5,P09488,887
Q9H4Y5,P30838,739
Q9H4Y5,P11766,701
Q9H4Y5,Q16772,840
Q9NR82,P48050,925
Q9NR82,O43525,998
Q9NR82,Q14722,712
Q9NR82,P51787,972
Q9NR82,Q14500,936
Q9NR82,Q8WWG9,893
Q9NR82,O43526,996
Q9NR82,Q9UNX9,930
Q9NR82,P63252,929
Q9NR82,P0DP23,719
Q9NR82,P56696,975
P20839,P22102,773
P20839,P49902,937
P20839,P12268,984
P20839,O43837,733
P20839,O95237,808
P20839,Q06203,794
P20839,P51580,945
P20839,P31939,979
P20839,Q96NR8,895
P20839,P21589,953
P20839,P16499,701
P20839,P00492,955
P05090,P10909,939
P05090,P02795,746
P05090,P25311,707
P05090,P02647,960
P05090,P02655,754
P05090,P02749,804
P05090,P02649,936
P05090,P02656,777
P05090,O14791,722
P05090,P31025,908
P05090,P02652,993
P05090,P06727,864
P05090,P02746,795
Q8TD30,O43175,714
Q8TD30,P01308,726
Q8TD30,P00505,976
Q8TD30,P17174,984
Q8TD30,P50213,848
Q8TD30,P21549,954
Q8TD30,Q9BYV1,935
Q8TD30,Q9Y617,724
Q8TD30,P31040,912
Q8TD30,P49448,950
Q8TD30,P02768,892
Q8TD30,P00367,965
Q8TD30,O43837,846
Q8TD30,P24298,921
Q8TD30,P51553,845
Q8TD30,P00734,850
Q8TD30,Q02218,856
P09429,P05106,759
P09429,P06756,745
P09429,Q9NR96,997
P09429,P19320,710
P09429,P11142,724
P09429,P27361,739
P09429,P01579,792
P09429,P00747,921
P09429,P07204,749
P09429,P22626,810
P09429,Q07954,798
P09429,Q9Y6Y9,974
P09429,P80511,894
P09429,O00206,999
P09429,P28482,792
P09429,P27797,865
P09429,P61073,932
P09429,P01584,970
P09429,P01375,753
P09429,P04271,830
P09429,P02776,779
P09429,P42574,755
P09429,P04406,740
P09429,P19838,923
P09429,Q14457,999
P09429,P07900,703
P09429,P05164,774
P09429,P06702,759
P09429,O60603,998
P09429,P04637,997
P09429,Q04206,720
P09429,Q9NYK1,897
P09429,P05231,792
P09429,P16109,788
P09429,P08246,869
Q9UQQ2,O60674,988
Q9UQQ2,Q16620,905
Q9UQQ2,P06239,768
Q9UQQ2,P36888,777
Q9UQQ2,P04629,916
Q9UQQ2,P10721,875
Q08499,O43306,801
Q08499,P49419,910
Q08499,Q08462,746
Q08499,O60503,806
Q08499,P17612,968
Q08499,O95622,816
Q08499,P55263,923
Q08499,P40145,788
Q08499,Q08828,781
Q08499,Q8NFM4,792
Q08499,P21817,707
Q08499,P63244,880
Q08499,P07550,745
Q08499,Q96PN6,721
Q08499,P27707,932
Q08499,P51828,798
Q08499,O60266,763
Q08499,Q07343,757
P43166,P00915,702
Q14654,P00338,759
Q14654,Q9NR28,924
Q14654,P11168,815
Q14654,Q09428,999
Q14654,Q15842,991
Q14654,Q9UBS5,912
Q14654,O75899,910
Q14654,P37231,748
Q14654,P98170,878
Q14654,P01308,874
Q14654,P42574,711
Q14654,Q96GD4,760
Q14654,P51787,749
Q14654,P49286,745
Q14654,O60706,999
P51168,Q99250,739
P51168,Q14524,751
P51168,Q8IWT1,905
P51168,Q9NY72,737
P51168,P37088,999
P51168,Q07699,908
P51168,P13569,895
P51168,Q9Y5Y9,753
P51168,P35499,915
P51168,P48048,743
P51168,P08235,799
P51168,Q8TD43,748
P51168,O60939,767
P51168,P55017,826
P51168,P51172,928
P51168,P00797,818
P51168,P51170,999
P51648,P49448,865
P51648,Q02928,935
P51648,P00326,862
P51648,P80404,947
P51648,P00325,861
P51648,Q9BYV1,937
P51648,P15121,958
P51648,Q6ZQY3,931
P51648,P27338,959
P51648,P07327,860
P51648,P21397,957
P51648,P31937,929
P51648,Q16853,928
P51648,O60218,951
P51648,Q99259,928
P51648,P40394,878
P51648,P14550,957
P51648,P30837,930
P51648,P11766,869
P51648,Q08426,959
P51648,P05091,932
P51648,P46597,912
P51648,Q9NUB1,953
P51648,P19801,946
P51648,O75936,921
P51648,P30038,855
P51648,Q9NR19,947
P51648,P08319,891
P51648,P00367,896
P51648,Q05329,926
P51648,P16219,883
P51648,Q02252,939
P39023,P22102,805
P39023,P50579,760
P39023,P61927,998
P39023,P00846,752
P39023,Q6W5P4,856
P39023,Q9UHA3,989
P39023,P55769,759
P39023,P25705,831
P39023,Q96L21,997
P39023,P40429,999
P39023,P62829,999
P39023,P08865,999
P39023,P63244,999
P39023,P61313,999
P39023,P84098,999
P39023,P36542,741
P39023,P07437,833
P39023,P49411,980
P39023,P62913,999
P39023,P68104,995
P39023,P56537,990
P39023,P62750,999
P39023,P62917,999
P39023,P15880,999
P39023,P48047,747
P39023,P60842,756
P39023,P04406,725
P39023,Q9UNX3,995
P07355,P02749,943
P07355,P02751,723
P07355,P26447,999
P07355,P23297,947
P07355,Q9Y5Y9,815
P07355,P00750,997
P07355,P49841,750
P07355,P60903,999
P07355,P04637,977
P07355,P68104,767
P07355,P27797,923
P07355,P10636,764
P07355,P01106,951
P07355,P60709,767
P07355,P02765,854
P07355,P04406,712
P07355,P00747,997
P07355,P08758,833
P07355,P06733,765
P07355,P05121,790
P07355,P11021,773
P07355,O00206,968
P07355,P08253,826
P07355,P04083,989
P07355,P00749,806
P07355,P00533,958
P07355,O00299,713
P07355,O14649,737
P36969,P10599,764
P36969,P30041,973
P36969,P32119,702
P36969,O60760,941
P36969,P04637,730
P36969,O60488,834
P36969,P21266,927
P36969,Q8TED1,929
P36969,Q03013,925
P36969,O75715,938
P36969,P09211,945
P36969,P30044,742
P36969,P46439,940
P36969,O14880,938
P36969,Q7RTV2,917
P36969,P02792,744
P36969,P08263,941
P36969,Q16881,819
P36969,P18283,939
P36969,P48637,944
P36969,P09210,932
P36969,P00441,827
P36969,P10620,921
P36969,P59796,938
P36969,Q9UPY5,824
P36969,P11021,952
P36969,Q16772,931
P36969,P02794,774
P36969,Q9H4Y5,946
P36969,P09488,938
P36969,P49908,735
P36969,P09601,716
P36969,P28161,934
P36969,P78417,945
P36969,P19440,924
P36969,O15217,938
P36969,Q96SL4,921
P36969,Q99735,912
P36969,P22352,936
P36969,P00390,980
Q13131,P54619,999
Q13131,P42345,972
Q13131,O43741,999
Q13131,Q9UGI9,997
Q13131,P17612,923
Q13131,P54646,984
Q13131,Q14457,873
Q13131,P04035,938
Q13131,P13569,953
Q13131,Q9Y478,999
Q13131,Q9UGJ0,999
Q13131,P04637,764
P56181,O95169,999
P56181,P56556,999
P56181,O75380,999
P56181,Q16718,999
P56181,O75964,720
P56181,P03915,998
P56181,Q16795,999
P56181,Q9UI09,999
P56181,O76083,792
P56181,P31930,938
P56181,O95178,998
P56181,P56381,787
P56181,P03923,991
P56181,P00395,840
P56181,O43674,999
P56181,O95298,998
P56181,Q9P0J0,999
P56181,O00483,979
P56181,P03905,998
P56181,P03897,997
P56181,O43677,999
P56181,P28331,999
P56181,O14561,999
P56181,P19404,999
P56181,O43676,999
P56181,O95299,999
P56181,O00217,999
P56181,O95139,999
P56181,O95168,999
P56181,O75251,999
P56181,O75438,997
P56181,O96000,999
P56181,O43678,999
P56181,O75306,999
P56181,O43920,999
P56181,P51970,999
P56181,O95167,999
P56181,Q9Y6M9,999
P56181,P03886,998
P56181,O75489,999
P56181,P49821,999
P56181,P03901,987
P56181,P03891,998
P56181,O95182,999
P56181,O43181,999
P56181,O15239,999
P56181,P17568,999
P56181,Q86Y39,999
Q9UQD0,Q9P0X4,795
Q9UQD0,O43497,719
Q9UQD0,O95180,712
Q9UQD0,Q09470,850
Q9UQD0,O43526,950
Q9UQD0,P35499,764
Q9UQD0,Q15858,743
Q9UQD0,P18507,726
Q9UQD0,Q8IWT1,918
Q9UQD0,P0DP23,896
Q9UQD0,O60939,935
Q9UQD0,P35498,771
Q9UQD0,Q07699,970
Q9UQD0,O43525,823
Q9UQD0,P16389,769
Q9UQD0,Q99250,802
Q9UQD0,Q9UI33,776
Q9UQD0,Q9NY72,829
P06241,Q00535,951
P06241,Q05586,743
P06241,P27986,988
P06241,P33151,752
P06241,P29350,810
P06241,P15153,956
P06241,P10721,771
P06241,P07948,996
P06241,P00519,949
P06241,P04156,990
P06241,P04626,807
P06241,P06239,998
P06241,P31749,834
P06241,P00533,873
P06241,Q12879,981
P06241,Q13224,993
P06241,Q08881,775
P06241,P51692,734
P06241,P05067,780
P06241,Q16620,884
P06241,P63244,805
P06241,P62714,726
P06241,P07900,896
P06241,P09619,891
P06241,P01133,787
P06241,P49841,723
P06241,P12931,999
P06241,P42338,951
P06241,P35968,807
P06241,P23560,828
P06241,P08238,821
P06241,P48736,750
P06241,P42336,951
P06241,P07947,994
P06241,O00329,936
P06241,P37840,836
P06241,P10636,994
P06241,Q06187,876
P06241,O60674,777
P06241,P43405,983
P06241,Q04759,828
P06241,Q05655,874
P06241,Q16539,749
P06241,Q14289,919
P06241,P41240,885
P06241,P22460,734
P06241,O15530,741
P06241,P08631,810
P06241,P78352,996
P22626,P52597,985
P22626,P09429,810
P22626,Q15428,730
P22626,Q92945,740
P22626,P14618,797
P22626,P31942,968
P22626,P08238,762
P22626,P61978,983
P22626,P31943,991
P22626,P01106,720
P22626,P14866,999
P22626,P23246,939
P22626,P63104,704
P22626,Q07955,972
P49189,P00326,856
P49189,Q02928,919
P49189,P49448,853
P49189,P00325,849
P49189,P80404,945
P49189,P27338,940
P49189,Q6ZQY3,923
P49189,Q9BYV1,942
P49189,P15121,931
P49189,Q08426,946
P49189,O75936,954
P49189,P19801,936
P49189,P46597,916
P49189,Q9NUB1,949
P49189,P11766,885
P49189,P14550,949
P49189,Q16853,928
P49189,O60218,931
P49189,Q99259,925
P49189,P40394,869
P49189,O00217,839
P49189,P31937,939
P49189,P21397,939
P49189,P07327,864
P49189,P16219,912
P49189,Q02252,937
P49189,Q05329,923
P49189,P30038,843
P49189,P00367,875
P49189,P08319,854
P49189,Q9NR19,945
P02751,P01023,851
P02751,P10909,802
P02751,P33151,704
P02751,P00747,997
P02751,P07359,841
P02751,P09038,965
P02751,P20701,798
P02751,P27487,983
P02751,P05121,790
P02751,Q14624,868
P02751,P06733,791
P02751,P36955,846
P02751,P06396,809
P02751,P04626,724
P02751,P12644,715
P02751,P08253,756
P02751,P00519,963
P02751,P11047,700
P02751,O00206,995
P02751,P28482,716
P02751,P10721,776
P02751,P17936,967
P02751,P00734,792
P02751,P15056,718
P02751,P05106,999
P02751,P10145,846
P02751,P35625,751
P02751,P00533,944
P02751,P31749,846
P02751,P04083,793
P02751,P06756,999
P02751,P14780,850
P02751,P00749,838
P02751,P14210,967
P02751,P04004,999
P02751,P16581,726
P02751,P02743,884
P02751,Q02750,727
P02751,P19320,983
P02751,P05067,782
P02751,P02768,998
P02751,P63261,768
P02751,P24385,743
P02751,P51884,962
P02751,P02647,845
P02751,O15230,790
P02751,P01100,782
P02751,P27361,829
P02751,P02818,916
P02751,P01009,825
P02751,P17302,739
P02751,P09619,765
P02751,P01137,969
P02751,Q9UM73,744
P02751,P07288,777
P02751,P98066,830
P02751,P49747,958
P02751,P00750,867
P02751,P02675,922
P02751,O60603,917
P02751,P13500,723
P02751,P35968,793
P02751,P02649,712
P02751,P34932,718
P02751,P12931,945
P02751,P07355,723
P02751,P16109,778
P02751,P05231,900
P02751,P01133,960
P02751,P02679,963
P02751,P08246,705
P02751,P08514,999
P02751,P43405,709
P02751,P08581,745
P02751,P03372,969
P02751,O14965,945
P02751,P34741,959
P02751,P08648,999
P02751,P21589,737
P02751,O60674,824
P02751,P01042,819
P02751,P01375,970
P02751,P01584,869
P02751,P07947,919
P02751,P61073,857
P02751,P15502,998
P02751,P02671,932
P02751,P08620,799
P02751,P01106,775
P02751,P01019,790
P02751,P02776,770
P02751,P35225,735
P02751,P08697,953
P02751,P08670,809
P02751,P00441,773
P02751,P60568,804
P02751,P01308,701
P02751,P10415,785
P02751,P02765,712
P02751,P04406,945
P02751,P60709,886
P02751,P19838,729
P02751,P08069,875
O76074,Q96PN6,710
O76074,P21589,733
O76074,P33402,804
O76074,P00492,903
O76074,O60266,853
O76074,P51828,759
O76074,Q9HCR9,725
O76074,P18545,932
O76074,Q08828,742
O76074,P40145,863
O76074,Q14643,731
O76074,Q8NFM4,739
O76074,O00408,950
O76074,P16066,859
O76074,O60503,762
O76074,Q08462,728
O76074,P49419,946
O76074,O43306,797
O76074,O95622,788
Q96FI4,Q14145,748
Q96FI4,P49916,861
Q96FI4,P39748,961
Q96FI4,P09874,760
Q96FI4,Q969S2,997
Q96FI4,P06746,957
P42858,P45983,930
P42858,P04156,840
P42858,P37231,802
P42858,Q92793,997
P42858,Q00975,789
P42858,P45984,917
P42858,P11142,921
P42858,P05067,826
P42858,Q14643,995
P42858,P42345,818
P42858,P34932,958
P42858,P31040,920
P42858,P55072,901
P42858,P23560,823
P42858,P04637,998
P42858,P31930,940
P42858,P07900,777
P42858,P16220,982
P42858,Q9UBN7,720
P42858,P00441,855
P42858,P78352,709
P42858,Q14457,979
P42858,P04406,993
P42858,P42574,750
P42858,Q14573,863
P42858,P10636,715
P42858,P17980,704
P42858,P37840,989
Q08493,Q96PN6,702
Q08493,P27707,903
Q08493,P51828,747
Q08493,O60266,770
Q08493,Q08828,772
Q08493,P40145,779
Q08493,Q8NFM4,758
Q08493,O43306,829
Q08493,Q08462,748
Q08493,P49419,909
Q08493,O60503,779
Q08493,P17612,814
Q08493,O95622,960
Q08493,P55263,914
Q9UBM7,P56937,947
Q9UBM7,P35610,942
Q9UBM7,P36956,848
Q9UBM7,O15528,742
Q9UBM7,P04035,904
Q9UBM7,Q14534,983
Q9UBM7,Q15800,925
Q9UBM7,Q15125,966
Q9UBM7,Q15738,966
Q9UBM7,Q99720,891
Q9UBM7,P05108,904
Q9UBM7,P02774,720
Q9UBM7,P14324,816
Q9UBM7,P49327,757
P46098,A5X5Y0,979
P46098,O60391,748
P46098,Q8TCU5,779
P46098,P47898,739
P46098,Q9Y698,748
P46098,P41595,780
P46098,P28566,784
P46098,P28222,742
P46098,P28335,804
P46098,P62955,722
P46098,Q9UF02,723
P46098,P31645,726
P46098,P42263,796
P46098,P28221,793
P46098,Q70Z44,995
P46098,Q8WXS5,724
P46098,Q9UBN1,720
P46098,O95264,999
P46098,Q13224,818
P46098,P34969,725
P46098,Q12879,840
P46098,O60359,737
P46098,P08908,748
P46098,O15399,780
P46098,P42262,806
P46098,P30939,710
P46098,Q05586,787
P46098,Q7Z5B4,938
P46098,P48058,794
P46098,Q8WXA8,993
P46098,Q14957,803
P46098,P28223,881
P46098,P42261,814
P07949,P42336,891
P07949,P24530,847
P07949,P12931,859
P07949,P04637,801
P07949,P23560,741
P07949,P01138,791
P07949,P00533,826
P07949,P27986,898
P07949,P10644,758
P07949,P04626,745
P36956,P01106,810
P36956,Q9UHC9,761
P36956,P01308,890
P36956,Q96RI1,834
P36956,P04035,956
P36956,Q14534,822
P36956,Q07869,885
P36956,Q96EB6,870
P36956,P55055,884
P36956,P04637,801
P36956,P02649,721
P36956,P49841,764
P36956,Q9UBM7,848
P36956,P19793,759
P36956,O95749,703
P36956,P45844,846
P36956,Q96PD7,778
P36956,P50416,813
P36956,P28702,702
P36956,P49327,983
P36956,Q86YN6,985
P36956,P31749,760
P36956,P14324,776
P36956,O95477,905
P36956,Q13133,964
P36956,Q92793,845
P36956,P37231,982
P17735,P11926,739
P17735,P07202,900
P17735,P10644,785
P17735,Q00266,952
P17735,Q9H2M3,938
P17735,P20132,747
P17735,P14679,912
P17735,P00439,967
P17735,Q99707,928
P17735,P14174,910
P17735,P32754,998
P17735,P16930,935
P17735,P20711,931
P17735,P17174,964
P17735,P31153,945
P17735,P00505,984
P17735,Q93088,936
P17735,P07101,929
P63000,P13498,865
P63000,P27986,794
P63000,P15153,823
P63000,P04839,888
P63000,P14598,976
P63000,P45983,877
P63000,P31749,865
P63000,Q9Y5S8,811
P63000,P62745,724
P63000,P12931,856
P63000,P42336,747
P63000,P19878,999
P63000,P08581,703
P63000,P60709,823
P63000,Q15080,926
O15540,P04271,711
P43115,P05305,757
P43115,P35354,802
P43115,P23219,700
P43115,Q9Y5Y4,745
P43115,P59768,934
P43115,P01303,706
P14324,P49354,954
P14324,Q15738,832
P14324,P49356,953
P14324,Q15800,787
P14324,Q14534,942
P14324,P04035,967
P14324,P36956,776
P14324,O95749,996
P14324,P56937,813
P14324,Q9UBM7,816
P36542,Q16864,911
P36542,Q9UNX3,713
P36542,P15313,950
P36542,P06576,999
P36542,P50213,814
P36542,O00483,802
P36542,P00492,845
P36542,Q9P0J0,883
P36542,O43674,919
P36542,P48047,999
P36542,P36543,845
P36542,P15880,882
P36542,P56385,999
P36542,P62917,787
P36542,P62750,944
P36542,O43676,759
P36542,P19404,971
P36542,P28331,959
P36542,O14561,889
P36542,Q96A05,757
P36542,Q9BY66,890
P36542,O75380,771
P36542,P31040,750
P36542,P56556,799
P36542,P60174,776
P36542,O95169,913
P36542,Q16795,934
P36542,P62913,965
P36542,P49411,960
P36542,O75964,999
P36542,P38606,962
P36542,P30049,999
P36542,Q16718,873
P36542,P56381,999
P36542,P31930,955
P36542,P21281,967
P36542,P11177,913
P36542,Q9UI09,969
P36542,P62829,896
P36542,P27449,985
P36542,P49821,949
P36542,Q96L21,757
P36542,O75489,981
P36542,P21796,751
P36542,Q9Y6M9,974
P36542,P25705,999
P36542,Q99437,953
P36542,Q96I99,728
P36542,O43837,812
P36542,P30085,730
P36542,O43181,923
P36542,P40926,918
P36542,P17568,757
P36542,P00846,999
P36542,O95139,917
P36542,O00217,930
P36542,O95299,919
P36542,P51553,774
P36542,P09622,914
P36542,P39023,741
P36542,O75251,722
P36542,O95168,757
P36542,O96000,750
P36542,Q9Y5K8,932
P36542,P51970,869
P36542,O75306,950
P36542,P06733,739
P36542,O43678,753
P31943,P31942,960
P31943,P52597,994
P31943,Q92945,949
P31943,P22626,991
P31943,P14866,982
P31943,P23246,913
P31943,Q07955,986
P31943,P61978,975
P20701,Q16853,837
P20701,P16581,858
P20701,P06239,703
P20701,P05106,954
P20701,P06756,918
P20701,P19320,992
P20701,P02751,798
P20701,P16109,760
P20701,P12931,749
P20701,P01375,710
P20701,P61073,811
P20701,Q15139,902
P20701,P08648,953
P20701,P42081,775
P20701,Q14289,922
P54289,P54652,730
P54289,O43497,768
P54289,Q9UBN1,972
P54289,Q8WXS5,965
P54289,Q15842,728
P54289,P62942,721
P54289,Q9Y6H6,700
P54289,Q02641,999
P54289,Q9BXT2,916
P54289,Q00975,991
P54289,Q8IZS8,810
P54289,O95180,919
P54289,Q9NY47,741
P54289,O60359,978
P54289,Q08289,995
P54289,Q13698,999
P54289,P17612,701
P54289,Q15878,990
P54289,O00555,951
P54289,Q7Z3S7,928
P54289,P54284,995
P54289,Q9Y698,912
P54289,P62955,965
P54289,O60840,987
P54289,Q9Y5Y9,710
P54289,P21817,929
P54289,Q01668,999
P54289,Q06432,998
P54289,Q13936,998
P54289,Q9NY72,712
P54289,O00305,983
P54289,Q14524,855
P54289,Q9UF02,711
P05089,P35228,980
P05089,P13500,726
P05089,Q03154,920
P05089,P05231,804
P05089,P42081,747
P05089,P04181,998
P05089,P00966,811
P05089,P29474,959
P05089,P01375,777
P05089,P01584,800
P05089,P35225,807
P05089,P14902,775
P05089,Q96A70,981
P05089,P11926,984
P05089,P29475,951
P05089,P78540,933
P05089,Q9NZQ7,721
P05089,P04424,974
P05089,P01579,801
O14983,P16615,935
O14983,P02585,785
O14983,P21817,942
P23246,P61978,913
P23246,Q13547,921
P23246,P14866,918
P23246,P31943,913
P23246,P10636,780
P23246,Q07955,872
P23246,P17936,768
P23246,P52597,864
P23246,P22626,939
P23246,Q92945,818
P23246,P11387,773
P23246,Q13882,836
P23634,P29475,969
P23634,P0DP23,983
P23634,P17612,929
P23634,P16615,776
P23634,Q14524,797
P23634,P19429,768
P06727,P02652,994
P06727,P02647,989
P06727,P01009,793
P06727,P05067,827
P06727,O14791,928
P06727,P02768,824
P06727,P27169,927
P06727,P02743,836
P06727,P05090,864
P06727,P02656,999
P06727,P02679,792
P06727,P02649,995
P06727,P02766,857
P06727,P00739,831
P06727,P10909,976
P06727,P02655,987
P06727,P02788,709
P06727,P02749,938
P08235,P07900,864
P08235,P06401,708
P08235,P08238,862
P08235,P04150,929
P08235,P37088,744
P08235,P10275,710
P08235,P00797,944
P08235,P01019,945
P08235,P80365,923
P08235,Q15788,973
P08235,P51168,799
P08235,P12821,891
P08235,P51170,858
P08235,P01189,727
P08235,P06850,707
P08235,Q15185,864
P08235,P28845,805
P08235,P31639,715
P54760,P00519,947
P54760,P29317,808
P54760,P54756,759
Q99259,P08243,877
Q99259,P05091,933
Q99259,P30837,927
Q99259,P30838,926
Q99259,P49419,929
Q99259,P28329,703
Q99259,P09622,849
Q99259,P43353,926
Q99259,P51649,725
Q99259,P28472,809
Q99259,P19440,915
Q99259,Q16878,932
Q99259,P30531,829
Q99259,Q05329,968
Q99259,P42262,730
Q99259,P27708,836
Q99259,P30038,936
Q99259,P00367,953
Q99259,P14867,774
Q99259,Q9Y600,904
Q99259,P48448,926
Q99259,P60880,773
Q99259,P23378,827
Q99259,P47870,705
Q99259,P49189,925
Q99259,P49448,954
Q99259,P80404,975
Q99259,P01303,705
Q99259,Q6ZQY3,904
Q99259,P00966,838
Q99259,P51648,928
Q99259,P17174,845
Q99259,P00505,837
Q99259,P07101,746
Q99259,Q9BYV1,851
Q99259,P48728,823
Q99259,P45381,822
P09493,P06753,998
P09493,P62736,838
P09493,P12814,887
P09493,Q9UGJ0,781
P09493,P63316,981
P09493,P02585,823
P09493,Q14524,723
P09493,P19429,999
P09493,P67936,982
P19823,P04004,758
P19823,P02787,733
P19823,P02647,793
P19823,P02768,832
P19823,P00734,852
P19823,Q06033,787
P19823,P19827,835
P19823,P02765,922
P19823,P02671,811
P19823,P02675,704
P19823,P02749,867
P19823,P05546,712
P29317,P02786,724
P29317,P00533,903
P29317,P14210,798
P29317,P04626,834
P29317,P21695,767
P29317,P00519,951
P29317,P07948,775
P29317,P27986,733
P29317,P09038,773
P29317,P08620,727
P29317,P01308,734
P29317,P05230,704
P29317,P54756,713
P29317,P23560,708
P29317,P01133,802
P29317,P01138,714
P29317,P54760,808
Q14790,Q14457,914
Q14790,P60709,779
Q14790,Q13315,961
Q14790,P04406,717
Q14790,P42574,999
Q14790,P01106,790
Q14790,P29466,999
Q14790,P98170,970
Q14790,P09874,873
Q14790,P10415,984
Q14790,P08670,820
Q14790,O15111,950
Q14790,P01584,943
Q14790,P01375,999
Q14790,O14920,870
Q14790,P05231,739
Q14790,P99999,952
Q14790,P05412,782
Q14790,P08238,761
Q14790,P04637,991
Q14790,P12931,853
Q14790,P34932,711
Q14790,Q04206,704
Q14790,P27361,709
Q14790,Q9NR28,874
Q14790,P06493,716
Q14790,P14780,712
Q14790,P24941,756
Q14790,P31749,790
Q14790,P00533,737
Q14790,P28482,839
Q14790,P35354,700
Q14790,P45983,890
Q14790,O00206,885
Q14790,P55211,944
Q14790,Q00987,750
Q14790,P08758,842
Q14790,O14727,970
P40306,P25788,999
P40306,P28062,999
P40306,P28065,999
P40306,P49721,999
P40306,P01579,744
P40306,P20618,999
P40306,Q06323,983
P40306,P28074,992
P40306,P54578,838
P40306,P17980,844
P31948,Q92598,928
P31948,P53041,962
P31948,P04156,997
P31948,Q15185,996
P31948,P54652,862
P31948,P11142,999
P31948,P06401,817
P31948,P07900,999
P31948,Q9Y230,766
P31948,P04150,993
P31948,P34932,999
P31948,P08238,999
P31948,P48723,715
P31948,P10809,787
P55072,P00558,735
P55072,P27824,967
P55072,P11021,944
P55072,P49721,899
P55072,Q99497,772
P55072,P25963,863
P55072,P14625,734
P55072,P25788,748
P55072,Q15185,912
P55072,P31749,735
P55072,P11142,920
P55072,P22314,801
P55072,P13569,938
P55072,Q8TCT9,851
P55072,P42858,901
P55072,P07900,933
P55072,Q14145,723
P55072,Q96GD4,797
P55072,P08238,906
P55072,P04637,709
P55072,P34932,867
P55072,P27797,712
P55072,P17980,790
P55072,P10636,713
P55072,P07237,892
P55072,P62258,726
P55072,P60709,728
P55072,P04035,793
P55072,P04406,742
P55072,P54578,744
P55072,Q9UBN7,995
P55072,P00441,772
P55072,P08670,779
P15502,P08246,873
P15502,P01133,724
P15502,P02751,998
P15502,P01137,842
P15502,P04406,708
P15502,P08493,810
P15502,P08253,873
P15502,P10909,804
P15502,P02768,783
P15502,P01009,718
P15502,P51884,723
P15502,P14780,979
P15502,P04004,991
Q14432,Q13370,919
Q14432,P27707,901
Q14432,O60266,809
Q14432,P51828,810
Q14432,P00492,903
Q14432,P33402,791
Q14432,O43306,816
Q14432,P49419,899
Q14432,Q08462,768
Q14432,O60503,777
Q14432,P16066,775
Q14432,P17612,928
Q14432,O95622,823
Q14432,P55263,924
Q14432,P40145,830
Q14432,Q08828,779
Q14432,Q8NFM4,766
Q13564,P05067,998
Q13564,P22314,794
O43497,Q7Z3S7,704
O43497,P35498,726
O43497,P01308,916
O43497,P54284,825
O43497,O60939,714
O43497,Q92731,922
O43497,Q15878,863
O43497,O00555,778
O43497,Q13936,846
O43497,O00305,739
O43497,Q99250,721
O43497,Q14524,716
O43497,P62955,789
O43497,P59768,754
O43497,O60840,737
O43497,P21817,709
O43497,Q07699,722
O43497,Q01668,852
O43497,Q06432,780
O43497,Q9UQD0,719
O43497,Q02641,779
O43497,Q00975,853
O43497,O95180,944
O43497,Q8IZS8,744
O43497,Q9NY47,877
O43497,Q9UBN1,819
O43497,Q9P0X4,963
O43497,P29762,765
O43497,P0DP23,980
O43497,Q9NY46,706
O43497,Q9UBS5,714
O43497,Q08289,766
O43497,P54289,768
O43497,P35499,701
O43497,P29475,916
O43497,Q13698,829
O43526,P43681,924
O43526,Q99250,942
O43526,O00305,727
O43526,P51787,967
O43526,Q8TAB3,878
O43526,Q07699,783
O43526,P48050,951
O43526,Q14722,745
O43526,O43525,999
O43526,P35498,934
O43526,O60939,742
O43526,Q14500,948
O43526,O00555,734
O43526,P15382,849
O43526,P0DP23,993
O43526,P18507,709
O43526,P63252,933
O43526,Q9NY46,751
O43526,Q9UNX9,925
O43526,Q15858,758
O43526,Q9NZV8,720
O43526,Q9UQD0,950
O43526,Q13303,743
O43526,P56696,941
O43526,Q9NR82,996
O43526,Q9Y6H6,705
Q8N8R3,O43772,908
P26358,P23526,952
P26358,Q9UBC3,999
P26358,P31749,822
P26358,Q92769,999
P26358,Q00266,929
P26358,Q9Y6K1,999
P26358,P60709,714
P26358,P31153,936
P26358,P45973,928
P26358,P01106,837
P26358,P11802,738
P26358,P09874,952
P26358,Q96EB6,922
P26358,P04637,997
P26358,P12004,991
P26358,P10276,764
P26358,P56524,759
P26358,Q13547,999
Q9UI12,Q96LB4,969
Q9UI12,P21281,999
Q9UI12,Q13488,993
Q9UI12,Q8NEY4,992
Q9UI12,Q8NHE4,986
Q9UI12,P38606,999
Q9UI12,Q15904,999
Q9UI12,P36543,999
Q9UI12,Q96A05,989
Q9UI12,Q16864,999
Q9UI12,P06576,805
Q9UI12,P15313,997
Q9UI12,Q9HBG4,999
Q9UI12,Q93050,999
Q9UI12,Q9Y487,992
Q9UI12,Q9Y5K8,999
Q9UI12,Q8N8Y2,997
Q9UI12,P00533,715
Q9UI12,P21283,999
Q9UI12,O95670,981
Q9UI12,O15342,997
Q9UI12,P61421,999
Q9UI12,O75348,998
Q9UI12,P27449,999
Q9UI12,Q99437,999
P30988,O75899,748
P30988,Q9UBS5,748
P30988,P10997,999
P30988,O14788,779
P30988,P43235,822
P30988,P59768,931
P30988,O95644,781
O60218,P51648,951
O60218,P09417,921
O60218,P00374,909
O60218,P07101,921
O60218,P15121,909
O60218,Q00796,954
O60218,P49189,931
O60218,P17752,902
O60218,Q03393,901
O60218,P00439,908
O60218,P42330,925
O60218,Q86XF0,909
O60218,P05091,930
O60218,P30838,717
O60218,P49419,932
O60218,P30837,935
O60218,P16152,959
P21817,P29475,954
P21817,Q13698,997
P21817,P54289,929
P21817,Q08289,759
P21817,P16615,801
P21817,P0DP23,999
P21817,P62942,999
P21817,Q9UBN1,729
P21817,Q8WXS5,746
P21817,Q08499,707
P21817,O43497,709
P21817,P54652,736
P21817,O60359,733
P21817,O95180,833
P21817,Q9BXT2,747
P21817,Q00975,744
P21817,Q02641,746
P21817,Q01668,865
P21817,Q06432,869
P21817,P23297,811
P21817,O60840,822
P21817,P62955,732
P21817,O00305,785
P21817,Q92736,972
P21817,Q13936,945
P21817,P09417,986
P21817,O00555,946
P21817,Q15878,734
P21817,Q9Y698,731
P21817,P54284,753
P21817,Q7Z3S7,754
P21817,O14983,942
Q6NVY1,P45984,791
Q6NVY1,Q02252,811
Q6NVY1,P45954,795
Q6NVY1,P31937,998
Q6NVY1,P45983,791
Q6NVY1,Q08426,957
Q6NVY1,P40939,952
Q6NVY1,P24752,751
Q6NVY1,P42765,730
Q6NVY1,P62829,922
P48443,P10276,983
P48443,P19793,943
P48443,Q07869,889
P48443,P55055,951
P48443,O15528,826
P48443,Q15788,866
P48443,P10828,788
P48443,Q96RI1,869
P48443,P37231,963
P48443,P13631,959
P48443,Q13133,961
P48443,P10826,973
P48443,P28702,938
P48443,Q03181,891
P48443,Q15596,986
Q86T13,P23141,782
Q99571,Q9UBL9,945
Q99571,P51582,756
Q99571,Q99572,995
Q99571,P41231,849
Q99571,P47900,714
Q99571,P04054,782
Q99571,P78348,753
Q99571,Q93086,977
Q99571,Q96G91,741
Q99571,Q9H244,792
Q99571,P56373,991
Q99571,Q14957,905
Q99571,Q05586,921
Q99571,O15399,902
Q99571,P51575,976
Q99571,O15547,993
Q99571,Q12879,916
Q9H3S4,P10696,900
Q9H3S4,P29401,964
Q9H3S4,P05187,902
P37088,Q07699,925
P37088,P13569,821
P37088,P35499,914
P37088,Q9Y5Y9,750
P37088,P48048,707
P37088,P08235,744
P37088,P51168,999
P37088,Q8TD43,776
P37088,Q99250,741
P37088,Q14524,766
P37088,Q8IWT1,907
P37088,Q9NY72,744
P37088,P00797,741
P37088,P51170,999
P37088,O60939,819
P37088,P55017,858
P37088,P51172,895
Q01814,P32418,709
Q01814,P17612,924
Q01814,P0DP23,905
Q01814,P16615,788
P11137,Q13509,734
P11137,P23560,713
P11137,P78352,827
P11137,P28329,730
P11137,P17612,792
P11137,P31323,780
P23141,Q86T13,782
P23141,P05181,933
P23141,P10768,795
P23141,P05164,939
P23141,P49773,718
P23141,P08684,958
P27487,O15393,880
P27487,P12821,874
P27487,P14410,887
P27487,Q92887,708
P27487,O43451,885
P27487,Q9BYF1,999
P27487,P00747,904
P27487,Q9Y5S8,876
P27487,P02768,778
P27487,P31639,909
P27487,P43220,965
P27487,P15144,931
P27487,Q04609,758
P27487,P13500,714
P27487,P02751,983
P27487,P29274,767
P27487,P01308,906
P27487,P61073,985
P27487,P00797,705
P27487,P00813,999
P31350,Q7LG56,997
P31350,P14618,924
P31350,P11926,744
P31350,P04818,939
P31350,P04183,914
P31350,P24941,728
P31350,P06493,973
P31350,P04637,803
P31350,Q96GD4,840
P31350,P39748,735
P31350,P12004,828
P31350,P10599,885
P31350,P35754,800
P31350,P53350,873
P31350,O15392,895
P31350,Q96A70,726
P31350,P11388,956
P31350,P27707,769
P31350,P15531,796
P31350,P23921,999
P31350,O14965,892
Q9NR96,P60568,777
Q9NR96,P29466,771
Q9NR96,Q14457,861
Q9NR96,P19838,828
Q9NR96,P42081,747
Q9NR96,Q06187,911
Q9NR96,P43405,824
Q9NR96,P22455,709
Q9NR96,P11362,701
Q9NR96,P01584,975
Q9NR96,P01375,896
Q9NR96,O15111,726
Q9NR96,Q9NYK1,992
Q9NR96,P05231,895
Q9NR96,P21462,724
Q9NR96,O60603,961
Q9NR96,P01579,891
Q9NR96,P10145,776
Q9NR96,P14778,801
Q9NR96,O00206,979
Q9NR96,P21802,704
Q9NR96,P14625,806
Q9NR96,Q9Y6Y9,808
Q9NR96,P25963,719
Q9NR96,P09429,997
Q9NR96,Q9NR97,869
Q13639,P59768,831
P21266,P19440,718
P21266,P78417,880
P21266,P28161,996
P21266,P22352,803
P21266,Q99735,779
P21266,Q96SL4,781
P21266,P05181,944
P21266,O15217,877
P21266,P20815,756
P21266,P08319,708
P21266,P11712,931
P21266,P00390,929
P21266,P30838,726
P21266,P33261,823
P21266,Q16772,732
P21266,P11766,716
P21266,Q9H4Y5,842
P21266,P10632,709
P21266,P09488,749
P21266,P40394,724
P21266,Q8TED1,767
P21266,P09211,758
P21266,O43708,927
P21266,O75715,780
P21266,Q03013,963
P21266,P04798,950
P21266,P08684,923
P21266,O14880,801
P21266,P46439,957
P21266,P05177,935
P21266,Q7RTV2,709
P21266,P48637,930
P21266,P18283,790
P21266,P08263,749
P21266,P59796,769
P21266,P10620,812
P21266,P09210,740
P21266,P30041,940
P21266,P36969,927
P21266,Q16678,943
P21266,P11509,921
P21266,P00325,721
P21266,O60760,773
P21266,P00326,708
P07357,P07358,999
P07357,P07360,999
P07357,P30405,900
P07357,P01031,999
P07357,P20851,764
P07357,P05141,728
P07357,P02748,997
P07357,P02671,753
P07357,P10415,720
P07357,P12235,720
P07357,P01024,816
P07357,P04004,832
P07357,P21796,903
P00387,O43169,999
P00387,P00167,999
P00387,Q12882,878
P00387,Q02127,912
P00387,Q9NZD4,785
P00387,P68871,847
P00387,P69905,923
P00395,P00441,720
P00395,P03923,995
P00395,P10809,700
P00395,O43674,869
P00395,O95298,854
P00395,Q9P0J0,894
P00395,O00483,993
P00395,P03905,999
P00395,P03897,998
P00395,O43677,833
P00395,P19404,987
P00395,P68104,774
P00395,P28331,988
P00395,O14561,891
P00395,O43676,870
P00395,O95169,986
P00395,P99999,996
P00395,P31040,982
P00395,O75380,874
P00395,P56556,884
P00395,Q16718,894
P00395,P03915,999
P00395,Q16795,984
P00395,Q9UI09,874
P00395,P31930,995
P00395,O95178,807
P00395,P25705,928
P00395,Q9Y6M9,882
P00395,O95167,860
P00395,O75489,993
P00395,P03886,999
P00395,P49821,990
P00395,P03901,992
P00395,P03891,999
P00395,O95182,850
P00395,O43181,931
P00395,P00846,998
P00395,O15239,873
P00395,P17568,877
P00395,Q86Y39,863
P00395,O95299,909
P00395,O75880,974
P00395,O00217,986
P00395,O95139,909
P00395,O95168,869
P00395,O75251,977
P00395,O75438,864
P00395,P56181,840
P00395,O96000,881
P00395,O43678,873
P00395,O75306,990
P00395,O43920,879
P00395,P51970,888
P21964,P14416,924
P21964,P07101,789
P21964,P08913,720
P21964,P20711,981
P21964,P35462,783
P21964,Q01959,917
P21964,P27338,996
P21964,P04798,985
P21964,P09172,979
P21964,P23560,919
P21964,P51580,815
P21964,P00325,936
P21964,P31645,943
P21964,Q16678,971
P21964,P00326,927
P21964,P42898,791
P21964,P48448,917
P21964,P08319,916
P21964,P35372,870
P21964,P21728,715
P21964,P43353,951
P21964,P40394,942
P21964,Q16853,906
P21964,P28223,864
P21964,P21397,996
P21964,P07327,913
P21964,P21917,942
P21964,P30838,946
P21964,P41143,730
P21964,P11766,912
P11387,Q02880,981
P11387,P04637,947
P11387,P49916,811
P11387,P39748,764
P11387,P11388,994
P11387,P78527,866
P11387,P09874,936
P11387,P23246,773
P11387,Q13315,722
P11387,Q07955,912
P00491,O00142,941
P00491,P12268,753
P00491,Q12882,941
P00491,P49902,956
P00491,P55263,986
P00491,P21589,990
P00491,Q96EB6,931
P00491,P00813,998
P00491,P47989,997
P00491,P00492,989
P00491,P60568,779
P00491,P27707,951
P00491,P40261,917
P00491,Q96EN8,714
P00491,Q9NXA8,918
P00491,Q10588,930
P42345,P55211,738
P42345,P05129,921
P42345,P37231,964
P42345,P17252,969
P42345,P27986,956
P42345,P04626,725
P42345,P0DP23,714
P42345,Q9UGI9,924
P42345,O14746,738
P42345,P45983,702
P42345,P68363,994
P42345,P62942,999
P42345,Q9NZQ7,711
P42345,P54619,964
P42345,P04350,994
P42345,P00533,802
P42345,P31749,999
P42345,O43741,935
P42345,P27361,762
P42345,P24385,802
P42345,O00303,805
P42345,Q16665,789
P42345,Q9Y478,967
P42345,Q9UGJ0,922
P42345,P42858,818
P42345,P07900,998
P42345,P05231,772
P42345,P78559,728
P42345,P38606,772
P42345,P07437,995
P42345,P08238,998
P42345,P04637,874
P42345,P05412,715
P42345,P12931,793
P42345,P42338,943
P42345,P34932,748
P42345,P49841,784
P42345,Q13131,972
P42345,P54646,973
P42345,O15111,973
P42345,O00329,942
P42345,P42336,963
P42345,P48736,857
P42345,O14920,769
P42345,Q96EB6,937
P42345,P03372,745
P42345,O60674,742
P42345,P05771,937
P42345,P60709,752
P42345,P19838,760
P42345,Q14457,891
P42345,P42574,723
P42345,P04406,701
P42345,P08069,872
P42345,O15530,848
P42345,P01106,730
P42345,P01308,882
P42345,P10415,765
P59796,P36969,938
P59796,P35754,861
P59796,P30041,966
P59796,P10599,909
P59796,P05164,715
P59796,P99999,738
P59796,P21266,769
P59796,P05231,732
P59796,P32119,748
P59796,Q14145,727
P59796,O60760,889
P59796,Q8TED1,928
P59796,Q03013,733
P59796,P09211,815
P59796,O75715,902
P59796,P01375,727
P59796,P01584,743
P59796,Q16881,874
P59796,P08263,811
P59796,P18283,912
P59796,P48637,943
P59796,P10620,764
P59796,P15559,732
P59796,P00441,883
P59796,P09210,791
P59796,P10415,726
P59796,P01308,716
P59796,P46439,738
P59796,P42574,766
P59796,O14880,714
P59796,Q7RTV2,732
P59796,P47989,884
P59796,P16050,931
P59796,P24298,802
P59796,Q06830,768
P59796,Q16772,788
P59796,P09601,842
P59796,P04839,736
P59796,P10632,909
P59796,Q9H4Y5,790
P59796,P09488,831
P59796,P09917,937
P59796,O15217,804
P59796,O95479,828
P59796,P22352,902
P59796,Q96SL4,921
P59796,Q99735,742
P59796,P19440,746
P59796,P78417,796
P59796,P28161,803
P59796,P02768,713
P59796,P00390,997
P59796,P27169,744
P23219,P34995,714
P23219,P04054,759
P23219,Q16873,709
P23219,P01584,748
P23219,P03923,881
P23219,P41222,949
P23219,P24557,866
P23219,P03897,884
P23219,P03905,888
P23219,P43115,700
P23219,O60733,782
P23219,Q16647,973
P23219,Q9NZK7,719
P23219,P05231,708
P23219,P03915,883
P23219,O60760,946
P23219,Q02928,915
P23219,P05181,921
P23219,P09917,970
P23219,Q15185,956
P23219,P43119,753
P23219,P00846,884
P23219,P03901,885
P23219,P03886,880
P23219,P11712,936
P23219,P03891,882
P23219,P14555,797
P23219,P47712,914
P23219,P16050,960
P23219,P33261,935
P23219,P35354,946
P23219,P35408,751
P23219,P10632,920
P00846,P48047,999
P00846,P15880,828
P00846,P56385,999
P00846,P62917,730
P00846,P62750,830
P00846,P28331,715
P00846,Q9BY66,890
P00846,P00395,998
P00846,P03923,995
P00846,P06576,999
P00846,P03897,995
P00846,P03905,999
P00846,P00492,836
P00846,Q9HBG4,768
P00846,Q93050,837
P00846,P36542,999
P00846,P56381,999
P00846,P21281,795
P00846,Q13488,763
P00846,P62829,900
P00846,P31040,743
P00846,O95169,760
P00846,P03915,999
P00846,P62913,939
P00846,P38606,822
P00846,O75964,996
P00846,P30049,999
P00846,P03901,999
P00846,P27449,995
P00846,P49821,709
P00846,P03886,999
P00846,O75489,805
P00846,P25705,999
P00846,P03891,999
P00846,Q99437,981
P00846,Q9Y487,767
P00846,Q9Y5K8,811
P00846,O00217,733
P00846,P39023,752
P00846,O75251,785
P00846,P23219,884
P03923,O43678,993
P03923,P19404,995
P03923,O43920,999
P03923,O75306,995
P03923,O14561,998
P03923,P28331,995
P03923,P00846,995
P03923,Q86Y39,993
P03923,P17568,987
P03923,P51970,992
P03923,O43676,986
P03923,O15239,997
P03923,P31930,898
P03923,Q9UI09,988
P03923,O95182,984
P03923,O43677,987
P03923,P56181,991
P03923,O95178,974
P03923,O96000,988
P03923,O43181,995
P03923,Q16718,989
P03923,O43674,996
P03923,Q9P0J0,993
P03923,O95298,989
P03923,O95168,987
P03923,O75438,976
P03923,O75251,998
P03923,Q16795,995
P03923,P03905,999
P03923,O00483,819
P03923,P03891,999
P03923,P03897,999
P03923,P23219,881
P03923,P03915,999
P03923,O95299,997
P03923,O00217,997
P03923,Q9Y6M9,988
P03923,O95167,997
P03923,P49821,998
P03923,O75380,988
P03923,P03901,999
P03923,O95139,995
P03923,P56556,987
P03923,O95169,991
P03923,P00395,995
P03923,O75489,999
P03923,P03886,999
Q96SL4,P09601,841
Q96SL4,P09488,835
Q96SL4,Q9H4Y5,800
Q96SL4,P10632,910
Q96SL4,P04839,743
Q96SL4,Q06830,792
Q96SL4,P24298,813
Q96SL4,P16050,929
Q96SL4,Q16772,803
Q96SL4,P27169,743
Q96SL4,P00390,997
Q96SL4,P02768,710
Q96SL4,Q99735,747
Q96SL4,P22352,927
Q96SL4,O95479,820
Q96SL4,O15217,817
Q96SL4,P09917,937
Q96SL4,P28161,806
Q96SL4,P78417,806
Q96SL4,P19440,747
Q96SL4,P22303,701
Q96SL4,P21266,781
Q96SL4,P99999,763
Q96SL4,O60760,893
Q96SL4,Q14145,741
Q96SL4,P32119,775
Q96SL4,P05231,750
Q96SL4,P35754,863
Q96SL4,P36969,921
Q96SL4,P05164,715
Q96SL4,P30041,970
Q96SL4,P10599,916
Q96SL4,P59796,921
Q96SL4,P01308,726
Q96SL4,P10415,731
Q96SL4,P09210,800
Q96SL4,P15559,732
Q96SL4,P00441,891
Q96SL4,P10620,764
Q96SL4,P18283,935
Q96SL4,P48637,943
Q96SL4,P08263,819
Q96SL4,Q16881,883
Q96SL4,P47989,883
Q96SL4,Q7RTV2,739
Q96SL4,O14880,766
Q96SL4,P42574,773
Q96SL4,P46439,749
Q96SL4,P07237,714
Q96SL4,P01584,755
Q96SL4,P01375,723
Q96SL4,O75715,923
Q96SL4,P09211,836
Q96SL4,Q03013,729
Q96SL4,Q8TED1,917
P03886,P56556,999
P03886,O75380,999
P03886,P31040,949
P03886,O95169,999
P03886,Q16718,999
P03886,P30049,713
P03886,Q16795,999
P03886,P03915,999
P03886,P31930,955
P03886,Q9UI09,999
P03886,O95178,994
P03886,P03923,999
P03886,P00395,999
P03886,O43674,997
P03886,Q9P0J0,999
P03886,O95298,995
P03886,P03905,999
P03886,O00483,964
P03886,P03897,999
P03886,O43677,995
P03886,O14561,999
P03886,P28331,999
P03886,P19404,999
P03886,O43676,999
P03886,O95299,997
P03886,O00217,999
P03886,O95139,998
P03886,O95168,996
P03886,O75438,988
P03886,O75251,999
P03886,P23219,880
P03886,Q99497,755
P03886,P56181,998
P03886,O96000,999
P03886,O43678,999
P03886,O43920,999
P03886,O75306,999
P03886,P30043,710
P03886,P51970,999
P03886,O95167,998
P03886,Q9Y6M9,999
P03886,P49821,999
P03886,P03901,999
P03886,O75489,999
P03886,P03891,999
P03886,O95182,998
P03886,O43181,999
P03886,P00846,999
P03886,Q86Y39,998
P03886,P17568,999
P03886,O15239,999
P03901,O95139,996
P03901,P56556,998
P03901,O75380,998
P03901,O95169,989
P03901,O95299,990
P03901,O00217,999
P03901,Q16795,993
P03901,O75438,960
P03901,O75251,997
P03901,P23219,885
P03901,P03915,999
P03901,Q16718,999
P03901,O95168,988
P03901,O95178,975
P03901,O96000,998
P03901,P31930,964
P03901,Q9UI09,998
P03901,P56181,987
P03901,P51970,998
P03901,O43678,998
P03901,O43920,985
P03901,O75306,999
P03901,P49821,999
P03901,P00395,992
P03901,P03886,999
P03901,O75489,999
P03901,P03923,999
P03901,O95167,988
P03901,Q9Y6M9,998
P03901,P03905,999
P03901,O00483,812
P03901,P03897,999
P03901,P03891,999
P03901,O43674,991
P03901,Q9P0J0,998
P03901,O95298,985
P03901,O43181,998
P03901,O95182,982
P03901,O43677,987
P03901,Q86Y39,984
P03901,P17568,998
P03901,O15239,986
P03901,O43676,986
P03901,O14561,999
P03901,P28331,998
P03901,P00846,999
P03901,P19404,998
P03915,Q16795,999
P03915,Q16718,999
P03915,P31040,881
P03915,O75380,999
P03915,P56556,999
P03915,O95169,999
P03915,O95178,997
P03915,P31930,942
P03915,Q9UI09,999
P03915,P03905,999
P03915,O00483,948
P03915,P03897,999
P03915,O43674,999
P03915,Q9P0J0,999
P03915,O95298,998
P03915,P00395,999
P03915,P03923,999
P03915,O43676,999
P03915,P19404,999
P03915,O14561,999
P03915,P28331,999
P03915,O43677,995
P03915,O75438,992
P03915,O75251,999
P03915,P23219,883
P03915,O95168,999
P03915,O95139,999
P03915,O95299,997
P03915,O00217,999
P03915,P51970,999
P03915,O43678,999
P03915,O43920,999
P03915,O75306,999
P03915,O96000,999
P03915,P56181,998
P03915,P03891,999
P03915,P49821,999
P03915,P03901,999
P03915,O75489,999
P03915,P03886,999
P03915,Q9Y6M9,999
P03915,O95167,998
P03915,P17568,999
P03915,Q86Y39,999
P03915,O15239,999
P03915,P00846,999
P03915,O43181,999
P03915,O95182,998
O60502,P07686,815
O60502,P61769,790
O60502,P02768,720
O60502,P04637,725
O60502,Q96GD4,930
P14416,P31645,910
P14416,P23560,790
P14416,P21964,924
P14416,P05305,731
P14416,P48051,835
P14416,P21554,990
P14416,P62714,913
P14416,P59768,981
P14416,Q01959,999
P14416,P29274,997
P14416,P07101,841
P14416,P09172,748
P14416,Q05940,814
P14416,P01303,833
P14416,P21397,736
P14416,Q99720,736
P14416,P0DP23,756
P14416,P28223,799
P14416,P67775,915
P14416,P21917,816
P14416,P30559,802
P14416,Q9Y5N1,707
P03905,O43677,995
P03905,O43676,999
P03905,P28331,999
P03905,O14561,999
P03905,P19404,999
P03905,P00395,999
P03905,P03923,999
P03905,P03897,999
P03905,O00483,961
P03905,Q9P0J0,999
P03905,O95298,999
P03905,O43674,999
P03905,O95178,994
P03905,P31930,971
P03905,Q9UI09,999
P03905,P56556,999
P03905,P31040,922
P03905,O75380,999
P03905,O95169,999
P03905,Q16795,999
P03905,P03915,999
P03905,Q16718,999
P03905,O43181,999
P03905,O95182,998
P03905,P17568,999
P03905,Q86Y39,999
P03905,O15239,999
P03905,P00846,999
P03905,P03901,999
P03905,P49821,999
P03905,P03886,999
P03905,O75489,999
P03905,O95167,997
P03905,Q9Y6M9,999
P03905,P03891,999
P03905,O96000,999
P03905,P56181,998
P03905,P30043,714
P03905,P51970,999
P03905,O43920,999
P03905,O75306,999
P03905,O43678,999
P03905,O95139,999
P03905,O00217,999
P03905,O95299,999
P03905,O75251,999
P03905,O75438,999
P03905,P23219,888
P03905,O95168,999
P45844,P02649,928
P45844,P36956,846
P45844,P19793,815
P45844,P02652,723
P45844,P55055,892
P45844,Q13133,932
P45844,P37231,760
P45844,P02647,997
P03891,O95299,999
P03891,O00217,999
P03891,O95139,998
P03891,O95168,998
P03891,O75438,997
P03891,O75251,999
P03891,P23219,882
P03891,P56181,998
P03891,O96000,999
P03891,O43678,999
P03891,O75306,999
P03891,O43920,997
P03891,P51970,999
P03891,O95167,997
P03891,Q9Y6M9,999
P03891,P49821,999
P03891,P03901,999
P03891,P03886,999
P03891,O75489,999
P03891,O95182,998
P03891,O43181,999
P03891,P00846,999
P03891,P17568,999
P03891,Q86Y39,999
P03891,O15239,997
P03891,P12931,755
P03891,P56556,999
P03891,P31040,865
P03891,O75380,999
P03891,O95169,999
P03891,Q16718,999
P03891,Q16795,999
P03891,P03915,999
P03891,P31930,933
P03891,Q9UI09,999
P03891,O95178,994
P03891,P03923,999
P03891,P00395,999
P03891,O43674,999
P03891,O95298,999
P03891,Q9P0J0,999
P03891,P03905,999
P03891,O00483,949
P03891,P03897,999
P03891,O43677,997
P03891,O14561,999
P03891,P28331,999
P03891,P19404,999
P03891,O43676,999
Q8TCU5,P42261,815
Q8TCU5,P17612,722
Q8TCU5,P46098,779
Q8TCU5,Q14957,998
Q8TCU5,Q05586,999
Q8TCU5,P48058,878
Q8TCU5,O15399,998
Q8TCU5,P42262,845
Q8TCU5,O60359,794
Q8TCU5,Q12879,999
Q8TCU5,Q13224,999
Q8TCU5,O95264,721
Q8TCU5,Q16099,795
Q8TCU5,Q8WXS5,743
Q8TCU5,Q9UBN1,774
Q8TCU5,P42263,802
Q8TCU5,Q9UF02,724
Q8TCU5,P62955,804
Q8TCU5,P78352,966
Q8TCU5,Q9Y698,852
Q8TCU5,O60391,995
Q13698,Q7Z3S7,959
Q13698,Q9Y698,774
Q13698,P05771,902
Q13698,P41595,902
Q13698,P54284,963
Q13698,Q13936,982
Q13698,O00305,968
Q13698,Q92736,801
Q13698,O60840,988
Q13698,Q12791,791
Q13698,P28335,905
Q13698,P62955,913
Q13698,Q01668,975
Q13698,Q06432,997
Q13698,P21817,997
Q13698,Q9BXT2,927
Q13698,Q02641,995
Q13698,Q9NY47,861
Q13698,O60359,916
Q13698,Q8IZS8,755
Q13698,O95180,843
Q13698,O43497,829
Q13698,P54652,724
Q13698,P62942,918
Q13698,Q9Y6H6,788
Q13698,Q8WXS5,920
Q13698,Q9UBN1,918
Q13698,P30559,782
Q13698,P28223,909
Q13698,P04156,900
Q13698,P0DP23,990
Q13698,P17612,919
Q13698,P63252,813
Q13698,P54289,999
Q13698,Q08289,987
Q13698,P17252,919
Q13698,P05129,908
P03897,O43920,996
P03897,O75306,999
P03897,O43678,999
P03897,P51970,999
P03897,P30043,714
P03897,P56181,997
P03897,Q9UI09,999
P03897,P31930,962
P03897,O96000,999
P03897,O95178,994
P03897,O95168,997
P03897,Q16718,999
P03897,P23219,884
P03897,P03915,999
P03897,O75438,991
P03897,O75251,999
P03897,Q16795,999
P03897,O00217,999
P03897,O95299,999
P03897,O95169,999
P03897,P31040,937
P03897,O75380,999
P03897,O95139,997
P03897,P56556,999
P03897,P19404,999
P03897,O14561,999
P03897,P00846,995
P03897,P28331,999
P03897,O43676,999
P03897,O15239,998
P03897,P17568,999
P03897,Q86Y39,998
P03897,O43677,997
P03897,O95182,997
P03897,O43181,999
P03897,Q9P0J0,999
P03897,O95298,996
P03897,O43674,997
P03897,P03891,999
P03897,P03905,999
P03897,O00483,961
P03897,Q9Y6M9,999
P03897,O95167,999
P03897,P03923,999
P03897,O75489,999
P03897,P03886,999
P03897,P00395,998
P03897,P03901,999
P03897,P49821,999
Q14457,P63244,757
Q14457,P07900,793
Q14457,P42858,979
Q14457,P17302,790
Q14457,Q14790,914
Q14457,P78559,946
Q14457,P34932,885
Q14457,Q13131,873
Q14457,P42338,789
Q14457,P08238,719
Q14457,P04637,939
Q14457,P05412,725
Q14457,P99999,778
Q14457,P48736,921
Q14457,Q14573,987
Q14457,Q96EB6,700
Q14457,P04406,757
Q14457,P42574,925
Q14457,P60709,785
Q14457,O15392,746
Q14457,P10415,999
Q14457,Q9UPY5,835
Q14457,P98170,867
Q14457,Q00987,751
Q14457,P55211,928
Q14457,P11021,765
Q14457,P09429,999
Q14457,P00519,873
Q14457,P45983,769
Q14457,P04626,888
Q14457,P00533,837
Q14457,P31749,918
Q14457,Q9NR96,861
Q14457,Q14643,998
Q14457,P42345,891
P28074,Q06323,988
P28074,P17980,999
P28074,P54578,990
P28074,P00441,728
P28074,P40306,992
P28074,P49721,999
P28074,P28065,997
P28074,P28062,962
P28074,P04156,758
P28074,P25788,999
P28074,P20618,999
Q92736,P63252,729
Q92736,Q12809,746
Q92736,P67775,944
Q92736,P16615,886
Q92736,P15382,767
Q92736,P0DP23,999
Q92736,P17612,994
Q92736,Q13698,801
Q92736,P29475,958
Q92736,P32418,837
Q92736,Q08289,759
Q92736,P14923,804
Q92736,P62942,982
Q92736,Q14524,887
Q92736,P51787,727
Q92736,Q13936,981
Q92736,Q01668,944
Q92736,P23297,899
Q92736,P62714,900
Q92736,P21817,972
Q92736,P09417,701
Q92736,Q9Y6J6,747
Q99707,Q86XF0,972
Q99707,P23526,992
Q99707,Q16773,929
Q99707,Q6YP21,932
Q99707,P20132,866
Q99707,P04818,824
Q99707,P34896,994
Q99707,Q9UBK8,999
Q99707,Q9H2M3,950
Q99707,Q9Y4U1,962
Q99707,P11586,997
Q99707,Q14749,735
Q99707,Q05932,863
Q99707,P17735,928
Q99707,Q00266,985
Q99707,P22102,961
Q99707,P48728,966
Q99707,P21549,708
Q99707,Q93088,950
Q99707,P31153,981
Q99707,P00374,978
Q99707,Q8IVH4,889
Q99707,Q96GA7,847
Q99707,P42898,999
Q99707,P31939,972
Q99707,P23378,846
Q99707,P32929,994
Q99707,P13995,769
Q99707,P22033,945
Q99707,P34897,984
O00180,O14649,805
O00180,Q9NPC2,792
O00180,O95069,975
Q9GZT9,P17252,911
Q9GZT9,P05129,901
Q9GZT9,Q9H6Z9,953
Q9GZT9,Q15185,783
Q9GZT9,P08238,833
Q9GZT9,P07900,782
Q9GZT9,Q16665,999
Q9GZT9,P13674,751
Q9GZT9,Q96KS0,942
Q9GZT9,P05771,905
P01019,P37288,829
P01019,P01308,863
P01019,P16860,715
P01019,P24530,962
P01019,P35368,774
P01019,P01303,784
P01019,Q07869,767
P01019,P47901,725
P01019,P35348,770
P01019,P01375,856
P01019,P01584,731
P01019,P00797,999
P01019,P61073,936
P01019,P29474,792
P01019,P30518,800
P01019,P07550,701
P01019,P01042,992
P01019,P05305,953
P01019,P12931,799
P01019,P43088,706
P01019,P15144,910
P01019,Q99677,907
P01019,P02649,853
P01019,P41594,700
P01019,P05231,788
P01019,P02751,790
P01019,P25100,761
P01019,P01137,812
P01019,P02675,739
P01019,P13500,729
P01019,P25101,988
P01019,P02768,868
P01019,P30411,989
P01019,Q9Y5S8,715
P01019,P27361,706
P01019,P31749,821
P01019,P14780,704
P01019,P01189,887
P01019,P10145,860
P01019,P46663,973
P01019,P14598,786
P01019,O00206,866
P01019,P12821,999
P01019,O15393,731
P01019,P18825,748
P01019,P04839,771
P01019,P00734,846
P01019,P43657,904
P01019,P08235,945
P01019,P01024,718
P01019,Q99527,810
P01019,P30556,999
P01019,Q9BYF1,999
P01019,P25098,727
P09874,P18858,703
P09874,P49336,762
P09874,P31749,825
P09874,P00533,751
P09874,P24941,705
P09874,P11387,936
P09874,P27361,758
P09874,P24385,724
P09874,P06746,996
P09874,Q9UGN5,965
P09874,P55211,991
P09874,Q92793,738
P09874,O14727,745
P09874,P08758,874
P09874,Q02880,724
P09874,P00519,789
P09874,P04626,741
P09874,Q92769,882
P09874,P01375,735
P09874,P38936,856
P09874,Q96EB6,844
P09874,P03372,746
P09874,P08581,701
P09874,P42574,999
P09874,P04406,793
P09874,P19838,828
P09874,P60709,794
P09874,Q13315,875
P09874,Q96FI4,760
P09874,P10415,917
P09874,P11388,742
P09874,P11802,756
P09874,P78527,993
P09874,P01106,762
P09874,P98170,718
P09874,P12004,872
P09874,P39748,941
P09874,P06401,711
P09874,Q16665,707
P09874,Q13547,900
P09874,P49916,990
P09874,Q14790,873
P09874,P26358,952
P09874,P50613,703
P09874,Q04206,891
P09874,P05412,805
P09874,P04637,972
P09874,P99999,892
Q9Y233,Q8NFM4,753
Q9Y233,P40145,790
Q9Y233,Q08828,768
Q9Y233,P55263,915
Q9Y233,P27815,742
Q9Y233,O95622,868
Q9Y233,P17612,792
Q9Y233,P16066,755
Q9Y233,P49419,895
Q9Y233,Q08462,729
Q9Y233,O60503,718
Q9Y233,O43306,772
Q9Y233,P33402,783
Q9Y233,P00492,905
Q9Y233,P27707,902
Q9Y233,O60266,756
Q9Y233,P51828,756
Q9Y233,Q13946,741
Q9Y233,P21589,700
Q9NSE4,Q5JTZ9,918
Q9NSE4,P49588,942
Q9NSE4,P41252,935
Q9NSE4,P54577,957
P62508,P30825,931
P62508,Q15788,923
P62508,O95718,748
P62508,P51843,764
P62508,P11474,927
P62508,Q86YN6,955
P28845,P17516,950
P28845,P05181,931
P28845,O95479,931
P28845,P01189,768
P28845,P14060,962
P28845,P15428,795
P28845,P18405,828
P28845,P08235,805
P28845,P80365,960
P28845,P04798,931
P28845,P10635,927
P28845,P08684,941
P28845,P51857,977
P28845,P04150,852
P28845,P11509,929
P28845,P08686,956
P28845,P05093,757
P28845,P26439,952
P04003,P05156,816
P04003,P09871,705
P04003,P07225,801
P04003,P20851,978
P04003,P02743,711
P04003,P0C0L5,998
P04003,P01024,817
P47901,P37288,940
P47901,P01019,725
P47901,P30518,939
P47901,P06850,747
P47901,P01189,815
P30542,P47900,777
P30542,P29274,784
P30542,P00813,831
P30542,Q99808,880
P30542,P21589,727
P30542,P01303,735
P30542,P01042,928
P30542,P0DMS8,907
P30542,P05305,736
P30542,P59768,816
P30542,P21728,702
P05160,P04070,872
P05160,P00742,704
P05160,P00734,950
P05160,P08697,780
P05160,P02671,960
P05160,Q9BYV1,718
P05160,P02675,905
P05160,P01008,810
P05160,P02679,935
P05160,P05546,816
P08603,P00736,844
P08603,P00734,703
P08603,P02649,958
P08603,P03952,789
P08603,P07204,908
P08603,P09871,744
P08603,P05155,722
P08603,P01031,824
P08603,P01024,999
P08603,P00751,961
P08603,P52429,773
P08603,P0C0L5,951
P08603,O75636,749
P08603,P05156,999
P08603,P04004,934
Q9NS18,Q16881,711
Q9NS18,P23921,842
Q9NS18,P10599,808
Q9NS18,P00390,798
P47712,P04054,814
P47712,P05771,738
P47712,Q16539,823
P47712,O60733,839
P47712,O14939,788
P47712,P04083,813
P47712,P09917,925
P47712,P05181,705
P47712,P11712,702
P47712,P14555,918
P47712,Q13393,743
P47712,P27361,956
P47712,P16050,834
P47712,P17252,858
P47712,P05129,717
P47712,P14598,793
P47712,P35354,962
P47712,P28482,970
P47712,P23219,914
P35354,Q07869,729
P35354,P34995,753
P35354,P04054,748
P35354,P01375,916
P35354,P01584,974
P35354,P01106,715
P35354,P10415,745
P35354,P41222,945
P35354,Q16539,774
P35354,P60709,728
P35354,P19838,842
P35354,P42574,865
P35354,P04406,820
P35354,P47989,704
P35354,P43115,802
P35354,Q14790,700
P35354,P35228,908
P35354,O60733,773
P35354,Q16647,988
P35354,Q16665,831
P35354,P98066,724
P35354,P17676,706
P35354,O60603,756
P35354,P13500,867
P35354,P99999,734
P35354,P04637,974
P35354,Q9NZK7,711
P35354,P05412,866
P35354,P12931,778
P35354,Q04206,737
P35354,P43116,712
P35354,P05231,960
P35354,O60760,944
P35354,Q02928,918
P35354,P05181,943
P35354,P10145,975
P35354,P09917,973
P35354,P14780,815
P35354,P00533,836
P35354,P31749,775
P35354,Q15185,954
P35354,P02768,772
P35354,P19320,758
P35354,P11712,936
P35354,P27361,855
P35354,P01100,819
P35354,P01579,816
P35354,P14555,924
P35354,P47712,962
P35354,P16050,963
P35354,P05121,815
P35354,P09038,790
P35354,P55211,726
P35354,P33261,927
P35354,P37231,735
P35354,P04626,828
P35354,P08253,764
P35354,O00206,787
P35354,P09601,789
P35354,P35408,895
P35354,P10632,943
P35354,P28482,780
P35354,P23219,946
P35354,P25963,856
P19878,P05771,922
P19878,Q16539,736
P19878,Q05655,940
P19878,Q15080,999
P19878,P63000,999
P19878,P53778,808
P19878,P06702,808
P19878,Q9Y5S8,999
P19878,P27361,935
P19878,P19320,928
P19878,P31749,994
P19878,P14780,941
P19878,O15264,823
P19878,P04839,999
P19878,P28482,915
P19878,P15153,999
P19878,Q15759,802
P19878,P05109,857
P19878,P14598,999
P19878,P08253,917
P19878,P13498,999
P19878,P33151,834
P46939,O95477,706
P46939,P29475,758
P46939,P25100,847
Q15878,P0DP23,971
Q15878,Q08289,833
Q15878,P54289,990
Q15878,Q02641,882
Q15878,Q00975,956
Q15878,Q8IZS8,896
Q15878,O95180,747
Q15878,Q9NY47,970
Q15878,O43497,863
Q15878,Q9UBN1,933
Q15878,O00305,816
Q15878,P62955,796
Q15878,P21817,734
Q15878,Q01668,787
Q15878,Q06432,856
Q15878,Q7Z3S7,809
Q15878,P01308,919
Q15878,P54284,982
Q15878,O00555,950
P35610,P05108,853
P35610,Q9UBM7,942
P01008,P05155,753
P01008,P07225,743
P01008,P02749,944
P01008,P00750,914
P01008,P02675,954
P01008,P05160,810
P01008,P00748,969
P01008,P02679,921
P01008,P08246,753
P01008,P02656,870
P01008,P05546,837
P01008,P42898,712
P01008,P02748,735
P01008,P01042,758
P01008,P08697,788
P01008,P02776,706
P01008,P02671,980
P01008,P21549,704
P01008,P02652,783
P01008,P02765,838
P01008,P00742,998
P01008,P01023,927
P01008,P07359,728
P01008,P00747,992
P01008,P03952,767
P01008,P07204,912
P01008,P00734,999
P01008,P02774,840
P01008,P04004,949
P01008,P00740,999
P01008,P04070,924
P01008,P02768,933
P01008,P02647,708
Q96PN6,P27815,767
Q96PN6,P17612,927
Q96PN6,P14618,881
Q96PN6,O76074,710
Q96PN6,Q08493,702
Q96PN6,O00408,744
Q96PN6,Q08499,721
Q96PN6,P21554,911
Q96PN6,Q14123,716
Q96PN6,Q01064,709
Q96PN6,Q07343,710
Q96PN6,P54750,721
Q96PN6,O60658,712
Q96PN6,Q13946,722
O14880,P04798,913
O14880,P08684,912
O14880,Q16873,896
O14880,O75715,716
O14880,P09211,817
O14880,Q03013,862
O14880,Q8TED1,773
O14880,P59796,714
O14880,P09210,801
O14880,P10620,982
O14880,P48637,904
O14880,P18283,735
O14880,P08263,795
O14880,Q7RTV2,752
O14880,P46439,783
O14880,P05177,906
O14880,P36969,938
O14880,P30041,914
O14880,P21266,801
O14880,O60760,859
O14880,P11509,903
O14880,Q16678,908
O14880,P05181,942
O14880,Q99735,828
O14880,Q96SL4,766
O14880,P22352,733
O14880,O15217,795
O14880,P28161,858
O14880,P78417,840
O14880,P19440,751
O14880,P11712,907
O14880,P00390,929
O14880,P11766,711
O14880,Q16772,751
O14880,P09488,778
O14880,Q9H4Y5,763
O14880,P07327,720
P18850,P27824,863
P18850,P11021,999
P18850,P14625,981
P18850,P18848,942
P18850,Q9Y2D1,932
P18850,P19525,911
P18850,P16220,701
P18850,P17676,929
P18850,P34932,718
P18850,P18847,777
P18850,P27797,933
P18850,P10415,716
P18850,P42574,737
Q14994,P05177,738
Q14994,Q15788,994
Q14994,P08684,919
Q14994,P04798,789
Q14994,P19793,987
Q14994,P07900,703
Q14994,Q15596,911
Q14994,P11712,711
Q14994,P24462,794
P02652,P01008,783
P02652,P02766,843
P02652,P00739,932
P02652,P02675,849
P02652,P02749,989
P02652,P02655,995
P02652,P45844,723
P02652,P02656,999
P02652,P02679,841
P02652,P02649,999
P02652,P05090,993
P02652,Q07869,760
P02652,P06727,994
P02652,P02765,943
P02652,P02671,893
P02652,O14791,926
P02652,P10909,967
P02652,P01023,772
P02652,P02763,772
P02652,P00734,798
P02652,O95477,874
P02652,P02787,806
P02652,P04004,750
P02652,P02774,765
P02652,P19652,834
P02652,P01009,822
P02652,P02647,999
P02652,P27169,967
P02652,P05067,902
P02652,P02768,962
O75306,P00395,990
O75306,P27707,701
O75306,P06576,970
O75306,P03923,995
O75306,P00505,802
O75306,P03897,999
O75306,P03905,999
O75306,O00483,988
O75306,O95298,999
O75306,Q9P0J0,999
O75306,O43674,999
O75306,P48047,863
O75306,O43677,997
O75306,O43676,999
O75306,P37840,711
O75306,O14561,999
O75306,P28331,999
O75306,P19404,999
O75306,O95169,999
O75306,P56556,999
O75306,P31040,998
O75306,O75380,999
O75306,P99999,779
O75306,Q9NRX3,711
O75306,P03915,999
O75306,Q16795,999
O75306,Q16718,999
O75306,P30049,902
O75306,P49411,970
O75306,P36542,950
O75306,O95178,996
O75306,Q9UI09,999
O75306,P31930,999
O75306,P03886,999
O75306,O75489,999
O75306,P03901,999
O75306,P49821,999
O75306,O95167,999
O75306,Q9Y6M9,999
O75306,P25705,980
O75306,P03891,999
O75306,O43837,841
O75306,Q96I99,800
O75306,O43181,999
O75306,P08559,789
O75306,O95182,999
O75306,P40926,755
O75306,O15239,999
O75306,P17568,999
O75306,Q86Y39,999
O75306,O00142,709
O75306,P10515,713
O75306,O95139,999
O75306,O00217,999
O75306,O95299,999
O75306,O75438,996
O75306,O75251,999
O75306,O95168,999
O75306,Q02218,861
O75306,O96000,999
O75306,P56181,999
O75306,Q04760,743
O75306,P51970,999
O75306,P30043,824
O75306,O43920,999
O75306,O43678,999
Q92806,P17612,909
Q92806,P48549,990
Q92806,O75899,946
Q92806,Q9UBS5,940
Q92806,P48051,994
Q92806,P59768,782
Q92806,P48544,917
P51858,P08620,784
P51858,P09038,767
P02818,P01308,717
P02818,P04406,760
P02818,O14788,915
P02818,P43235,768
P02818,P38435,964
P02818,P08493,933
P02818,P12644,770
P02818,P18848,704
P02818,P02751,916
P02818,P07225,741
P02818,P37231,709
P17787,P02708,762
P17787,Q15822,948
P17787,P30532,891
P17787,P30926,910
P17787,P32297,962
P17787,Q15825,749
P17787,Q05901,785
P17787,O60674,900
P17787,P36544,923
P17787,P08172,709
P17787,Q9UGM1,919
P17787,P43681,994
P08922,P06753,769
P08922,Q9NZQ7,761
P08922,P42336,735
Q9UJT0,Q9UJT1,892
P16066,O76083,818
P16066,Q14123,720
P16066,Q13370,750
P16066,Q9HCR9,769
P16066,Q14432,775
P16066,Q01064,723
P16066,P16860,999
P16066,P54750,745
P16066,P16499,743
P16066,O76074,859
P16066,P14618,904
P16066,P35913,770
P16066,Q9Y233,755
P16066,P01189,914
P16066,P18545,724
P16066,P51160,743
P16066,O00408,799
P26447,P23297,807
P26447,Q86YZ3,705
P26447,P01133,862
P26447,P07355,999
P26447,P60903,758
P26447,P04637,996
P26447,P04406,702
P26447,P04271,757
P26447,P08670,764
P26447,P09038,869
P26447,Q00987,706
P26447,P04083,844
P26447,P00533,858
P31151,P06702,863
P31151,P23297,808
P31151,P08779,818
P31151,P05109,775
P31151,P80511,936
P31151,P29034,705
P05109,P19878,857
P05109,P08581,927
P05109,P04406,723
P05109,P31151,775
P05109,O60603,858
P05109,P06702,999
P05109,P10145,763
P05109,P02788,701
P05109,P15153,740
P05109,O00206,907
P05109,P80511,995
P05109,Q9Y6Y9,814
P80511,P01584,762
P80511,P31151,936
P80511,P06702,940
P80511,P05164,766
P80511,P14780,707
P80511,P10145,815
P80511,P09429,894
P80511,O00206,970
P80511,P05109,995
P06702,P04839,792
P06702,O00206,969
P06702,P05109,999
P06702,P80511,940
P06702,Q9Y6Y9,850
P06702,P09429,759
P06702,O60603,861
P06702,P31151,863
P06702,P19878,808
Q86YZ3,P29034,738
Q86YZ3,P23297,744
Q86YZ3,P26447,705
P60903,P26447,758
P60903,P00750,987
P60903,Q9Y5Y9,843
P60903,P07355,999
P60903,Q99584,712
P60903,P28222,842
P60903,P00747,992
P60903,P08758,833
P60903,P04083,977
P60903,P00533,819
P60903,O14649,957
P60903,P09525,802
P04181,P21549,737
P04181,Q96A70,814
P04181,P32322,808
P04181,P00966,988
P04181,P13716,885
P04181,P49448,909
P04181,Q03154,700
P04181,P05089,998
P04181,P30038,984
P04181,P00367,932
P04181,Q96C36,751
P04181,P04424,990
P04181,P78540,999
P04181,P11926,986
P04181,P08243,832
P45954,Q08426,982
P45954,P16219,948
P45954,Q02252,755
P45954,Q16836,806
P45954,P24752,968
P45954,P42765,975
P45954,Q6NVY1,795
P45954,P40939,987
Q7L0J3,P25391,765
Q7L0J3,P60880,726
Q7L0J3,O15230,806
P12314,Q9NZQ7,712
P12314,P01579,716
P12314,P07333,712
P12314,P07948,939
P12314,P04626,879
P12314,P10721,726
P12314,P42081,745
P12314,P03372,820
P12314,P43405,986
P12314,P26951,776
P12314,P01308,777
P12314,P08631,960
P12314,P12931,772
P12314,P15144,820
P12314,P05231,723
P16233,P07098,998
P16233,P04054,764
P16233,P01308,717
P16233,O43451,722
P16233,P52824,713
P16233,P14410,728
P16233,P23743,707
P16233,Q96PD7,774
P16233,P04746,811
P08588,P01189,932
P08588,P06753,708
P08588,P00797,747
P08588,P07550,956
P08588,P78352,953
P08588,P13945,907
P14060,P37058,983
P14060,P05093,995
P14060,P08686,979
P14060,P31213,963
P14060,P56937,881
P14060,P26439,965
P14060,P80365,959
P14060,Q15800,716
P14060,Q04828,949
P14060,Q14534,810
P14060,P05177,937
P14060,P11511,988
P14060,P08684,947
P14060,P04798,950
P14060,P23945,734
P14060,P51857,941
P14060,Q92506,929
P14060,P37059,964
P14060,P05108,997
P14060,Q99720,749
P14060,P18405,971
P14060,P14061,880
P14060,P28845,962
P14060,P42330,971
P14060,P22888,815
P14060,P20815,937
P14060,P24462,941
P14060,P05181,936
P46736,P25788,781
P46736,P49721,804
P46736,P20618,703
P46736,P34897,999
P46736,P54578,702
P46736,P17980,721
P21554,Q9Y2T6,983
P21554,Q08828,912
P21554,P40145,919
P21554,Q8NFM4,907
P21554,Q08462,909
P21554,O60503,900
P21554,O43306,906
P21554,P28223,760
P21554,O95622,922
P21554,Q96PN6,911
P21554,P29274,956
P21554,P14416,990
P21554,O60266,906
P21554,P51828,907
P21554,Q16620,822
P21554,P34972,981
P21554,Q8NER1,781
P21554,P59768,940
P21554,Q14330,816
P21554,P23560,784
P01138,P05231,747
P01138,P22607,810
P01138,P01133,866
P01138,P29317,714
P01138,P35968,876
P01138,Q16620,999
P01138,Q02763,744
P01138,P09619,773
P01138,Q8NER1,853
P01138,P01137,753
P01138,Q7Z2W7,726
P01138,P08069,846
P01138,P42574,858
P01138,P19838,711
P01138,P07101,791
P01138,P01308,707
P01138,P11362,772
P01138,Q9HBA0,795
P01138,P01584,728
P01138,P01375,714
P01138,P01042,846
P01138,O75762,916
P01138,P22455,703
P01138,P05230,814
P01138,P08581,755
P01138,P10721,786
P01138,P28329,773
P01138,P16234,755
P01138,P07949,791
P01138,P07333,730
P01138,P0DP23,868
P01138,P21802,736
P01138,P04626,849
P01138,P35916,718
P01138,P09038,869
P01138,P04629,999
P01138,P01023,719
P01138,P36888,710
P01138,Q15303,747
P01138,P27361,743
P01138,P02768,763
P01138,P05067,850
P01138,P14210,769
P01138,P00533,892
P01138,P31749,818
P01138,P06213,701
P01138,P17948,758
P48163,P11177,951
P48163,Q16798,902
P48163,Q6ZMR3,954
P48163,P29803,924
P48163,P07864,951
P48163,P14618,974
P48163,P00338,958
P48163,Q9BYZ2,954
P48163,P52209,838
P48163,P23368,906
P48163,O95479,810
P48163,P40926,980
P78417,P11509,909
P78417,P00325,701
P78417,Q16678,929
P78417,P00326,704
P78417,O60760,956
P78417,P21266,880
P78417,P10599,722
P78417,P30041,957
P78417,Q9Y2Q3,711
P78417,P36969,945
P78417,P35754,856
P78417,P46439,844
P78417,P05177,920
P78417,O14880,840
P78417,Q7RTV2,836
P78417,P08263,886
P78417,P48637,948
P78417,P18283,817
P78417,P09210,857
P78417,P10620,859
P78417,P59796,796
P78417,Q8TED1,800
P78417,Q03013,834
P78417,O75715,793
P78417,P09211,915
P78417,O43708,765
P78417,P08684,914
P78417,P04798,925
P78417,Q9H4Y5,802
P78417,P07327,700
P78417,P09488,893
P78417,P43353,710
P78417,P40394,722
P78417,P30838,746
P78417,P11766,759
P78417,Q16772,861
P78417,P00390,961
P78417,P11712,915
P78417,P28161,874
P78417,P19440,729
P78417,O15217,901
P78417,P05181,926
P78417,Q99735,857
P78417,Q96SL4,806
P78417,P22352,818
Q15904,P21283,996
Q15904,O95670,978
Q15904,Q8N8Y2,996
Q15904,O15342,991
Q15904,O75348,996
Q15904,P27449,999
Q15904,P61421,999
Q15904,Q99437,999
Q15904,Q9Y5K8,997
Q15904,P17252,900
Q15904,Q9Y487,997
Q15904,P05129,900
Q15904,P36543,995
Q15904,Q96A05,964
Q15904,P15313,947
Q15904,Q16864,987
Q15904,Q93050,999
Q15904,P05771,903
Q15904,Q9HBG4,998
Q15904,Q9UI12,999
Q15904,Q8NEY4,967
Q15904,Q13488,991
Q15904,P21281,995
Q15904,Q96LB4,941
Q15904,P38606,996
Q15904,Q8NHE4,944
P22001,P35499,710
P22001,Q12809,805
P22001,O15554,858
P22001,Q09470,966
P22001,Q13303,992
P22001,P16389,934
P22001,P22459,722
P22001,Q14722,945
P22001,P17658,882
P22001,P22460,765
P22001,P78352,737
Q16322,Q14722,766
Q16322,Q13303,844
Q16322,Q09470,728
Q03721,Q9Y6H6,910
Q03721,Q13303,844
Q03721,Q14003,740
Q03721,Q12809,764
Q03721,P48547,910
Q03721,P15382,733
Q03721,Q8WWG9,839
Q03721,Q14722,797
Q03013,Q16772,728
Q03013,P30838,729
Q03013,P40394,717
Q03013,P09488,869
Q03013,Q9H4Y5,817
Q03013,P07327,701
Q03013,Q96SL4,729
Q03013,Q99735,806
Q03013,P05181,922
Q03013,P22352,757
Q03013,O15217,858
Q03013,P28161,973
Q03013,P19440,711
Q03013,P78417,834
Q03013,P11712,908
Q03013,P00390,923
Q03013,P36969,925
Q03013,P30041,920
Q03013,P21266,963
Q03013,O60760,762
Q03013,P11509,908
Q03013,Q16678,917
Q03013,P04798,920
Q03013,P08684,918
Q03013,O75715,737
Q03013,O43708,921
Q03013,P09211,763
Q03013,Q8TED1,725
Q03013,P59796,733
Q03013,P09210,734
Q03013,P10620,802
Q03013,P18283,755
Q03013,P48637,919
Q03013,P08263,733
Q03013,Q7RTV2,723
Q03013,O14880,862
Q03013,P05177,921
Q03013,P46439,954
P05093,P37058,991
P05093,P51843,767
P05093,P26439,994
P05093,P31213,986
P05093,P08686,951
P05093,Q01718,858
P05093,O43169,980
P05093,P05177,929
P05093,Q04828,955
P05093,P80365,867
P05093,P37059,972
P05093,P10275,797
P05093,P00167,979
P05093,P51857,936
P05093,Q92506,935
P05093,P11511,971
P05093,P08684,948
P05093,P23945,825
P05093,P04798,925
P05093,P18405,992
P05093,P05108,965
P05093,P14060,995
P05093,P14061,852
P05093,P22888,856
P05093,P42330,979
P05093,P28845,757
P05093,P01189,828
P05093,P24462,941
P05093,P05181,931
P05093,P20815,941
P28222,P28223,839
P28222,P21397,734
P28222,P46098,742
P28222,P28221,952
P28222,P08908,914
P28222,P60880,730
P28222,P59768,975
P28222,P28335,721
P28222,P60903,842
P28222,P17752,895
P28222,P05305,769
P28222,P31645,932
P28222,P27338,802
P28222,P01303,807
P28222,P28566,749
P28222,P41595,725
P28222,Q01959,748
Q00653,Q04206,999
Q00653,P05231,767
Q00653,P19838,999
Q00653,O14920,955
Q00653,O15111,998
Q00653,P01584,771
Q00653,P01375,772
Q00653,P25963,995
Q00653,P10145,806
P32004,P30518,752
P32004,P11362,898
P32004,P08648,833
P32004,P12931,832
P32004,P00533,976
P32004,P28482,819
P32004,P04626,777
P32004,P11047,725
P32004,P51606,826
Q12882,P22102,726
Q12882,P00387,878
Q12882,P00491,941
Q12882,P04818,979
Q12882,P49821,732
Q12882,P27708,840
Q12882,P51580,791
Q12882,P42898,736
Q12882,P11509,949
Q12882,P21589,826
P43681,O43526,924
P43681,Q7Z5B4,764
P43681,Q15825,891
P43681,P21917,732
P43681,O75899,707
P43681,Q05901,843
P43681,P02708,812
P43681,P21728,709
P43681,Q15822,939
P43681,P30532,877
P43681,P30926,920
P43681,P32297,915
P43681,P36544,925
P43681,O43525,752
P43681,Q9UGM1,916
P43681,P17787,994
P43681,O60674,903
Q15738,Q14534,982
Q15738,P04035,791
Q15738,Q15800,997
Q15738,P56937,996
Q15738,Q9UBM7,966
Q15738,P14324,832
Q15738,P49327,714
Q15738,Q15125,964
Q15738,Q99720,764
Q15738,O60701,712
P34903,Q9UN88,771
P34903,Q8N1C3,752
P34903,P18507,762
P34903,O75899,804
P34903,Q9UBS5,754
P34903,P31644,851
P34903,P28472,855
P34903,Q99928,735
P34903,P18505,767
P34903,P47870,770
P34903,Q15111,905
P78334,P24046,701
P78334,P18505,817
P78334,Q9UN88,747
P78334,P47869,776
P78334,O00591,705
P78334,O75899,852
P78334,P28472,814
P78334,P14867,760
P78334,Q15111,910
O15111,Q15750,993
O15111,Q14790,950
O15111,P07900,992
O15111,P05231,713
O15111,P04637,914
O15111,P08238,979
O15111,Q9NYK1,744
O15111,P12931,750
O15111,Q04206,999
O15111,P34932,715
O15111,P01584,833
O15111,P01375,999
O15111,P03372,735
O15111,O14920,999
O15111,Q06187,917
O15111,P19838,999
O15111,Q13315,747
O15111,Q04759,969
O15111,O15530,922
O15111,P01106,879
O15111,P98170,772
O15111,P10415,813
O15111,Q92793,824
O15111,P19525,977
O15111,P25963,999
O15111,O00206,852
O15111,P42345,973
O15111,Q9NR96,726
O15111,P31749,996
O15111,Q00653,998
O15111,Q9NR28,717
P15169,P01042,704
P15169,P22792,993
P17174,P18669,793
P17174,P40926,990
P17174,P27708,925
P17174,O43837,851
P17174,P30038,958
P17174,Q8TD30,984
P17174,P00367,978
P17174,Q16878,940
P17174,P14679,904
P17174,Q16773,943
P17174,Q05329,837
P17174,Q6YP21,940
P17174,Q9BYZ2,978
P17174,P00338,972
P17174,P00439,939
P17174,P07202,911
P17174,P07864,977
P17174,P17735,964
P17174,P24298,981
P17174,P08243,969
P17174,Q02218,900
P17174,Q99259,845
P17174,P51553,842
P17174,Q6ZQY3,832
P17174,P00966,950
P17174,Q6ZMR3,978
P17174,P45381,915
P17174,P20711,931
P17174,P50213,874
P17174,P00505,982
P17174,P07101,939
P17174,Q9Y600,840
P17174,P49448,970
P17174,P14174,915
P17174,P32754,963
P17174,P32929,958
P17174,P15144,829
P17174,P31040,961
P43088,P42330,728
P43088,P01019,706
P43088,P10145,728
P43088,P30556,783
P32929,P29475,729
P32929,P07864,839
P32929,Q00266,732
P32929,Q9H2M3,979
P32929,P20132,914
P32929,Q9UBK8,757
P32929,P23526,983
P32929,Q16773,963
P32929,Q16878,974
P32929,Q6YP21,955
P32929,P00338,855
P32929,Q9BYZ2,838
P32929,P54687,948
P32929,Q96EN8,846
P32929,P42898,994
P32929,Q99707,994
P32929,Q06203,728
P32929,O15382,944
P32929,P15144,827
P32929,P29474,788
P32929,Q6ZMR3,839
P32929,Q96GA7,898
P32929,Q9BYV1,935
P32929,P14920,750
P32929,P17174,958
P32929,P00505,942
P32929,Q93088,990
P32929,Q16881,940
P18669,O43175,947
P18669,P17174,793
P18669,P04406,928
P18669,P60174,989
P18669,P29401,929
P18669,O95479,912
P18669,P00338,831
P18669,P06744,969
P18669,P00558,998
P18669,P14618,975
P18669,P06733,996
P18669,P04075,982
O15217,P33261,706
O15217,Q16772,754
O15217,P11766,718
O15217,P30838,757
O15217,P09488,882
O15217,P07327,713
O15217,Q9H4Y5,820
O15217,P40394,710
O15217,P43353,716
O15217,P19440,740
O15217,P78417,901
O15217,P28161,881
O15217,P20815,703
O15217,P22352,831
O15217,Q96SL4,817
O15217,Q99735,782
O15217,P05181,941
O15217,P11712,916
O15217,P00390,939
O15217,P30041,923
O15217,P36969,938
O15217,O60760,782
O15217,Q16678,929
O15217,P00325,720
O15217,P11509,917
O15217,P21266,877
O15217,O43708,735
O15217,P09211,731
O15217,O75715,804
O15217,Q03013,858
O15217,Q8TED1,807
O15217,P04798,936
O15217,P08684,926
O15217,Q7RTV2,868
O15217,O14880,795
O15217,P05177,937
O15217,P46439,807
O15217,P59796,804
O15217,P10620,809
O15217,P09210,970
O15217,P18283,821
O15217,P48637,924
O15217,P08263,914
Q7RTV2,P30041,916
Q7RTV2,P36969,917
Q7RTV2,P00326,703
Q7RTV2,O60760,775
Q7RTV2,Q16678,915
Q7RTV2,P11509,919
Q7RTV2,P21266,709
Q7RTV2,Q03013,723
Q7RTV2,O43708,724
Q7RTV2,P09211,817
Q7RTV2,O75715,727
Q7RTV2,Q8TED1,721
Q7RTV2,P08684,923
Q7RTV2,P04798,928
Q7RTV2,P05177,916
Q7RTV2,P46439,817
Q7RTV2,O14880,752
Q7RTV2,P10620,765
Q7RTV2,P09210,958
Q7RTV2,P59796,732
Q7RTV2,P08263,890
Q7RTV2,P18283,757
Q7RTV2,P48637,918
Q7RTV2,Q16772,705
Q7RTV2,P11766,714
Q7RTV2,P33261,725
Q7RTV2,P09488,804
Q7RTV2,P10632,708
Q7RTV2,P07327,710
Q7RTV2,Q9H4Y5,817
Q7RTV2,P19440,739
Q7RTV2,P78417,836
Q7RTV2,P28161,709
Q7RTV2,P20815,747
Q7RTV2,O15217,868
Q7RTV2,P22352,728
Q7RTV2,Q96SL4,739
Q7RTV2,Q99735,795
Q7RTV2,P05181,923
Q7RTV2,P00390,919
Q7RTV2,P11712,920
P98170,Q14790,970
P98170,Q15750,999
P98170,P99999,935
P98170,P04637,836
P98170,P48051,838
P98170,P49841,836
P98170,O14920,858
P98170,P04049,856
P98170,P01375,902
P98170,O15111,772
P98170,P29466,966
P98170,P09874,718
P98170,P10415,951
P98170,O15392,960
P98170,Q14457,867
P98170,P42574,999
P98170,O15304,700
P98170,O14727,977
P98170,P55211,999
P98170,Q00987,929
P98170,P31749,939
P98170,Q14654,878
P98170,Q9NR28,999
P05412,P45984,999
P05412,P24385,919
P05412,P05067,790
P05412,P01579,711
P05412,P01100,999
P05412,P27361,987
P05412,P31749,991
P05412,O14788,738
P05412,P00533,871
P05412,P14780,866
P05412,P24941,825
P05412,O15264,968
P05412,P06493,778
P05412,P10145,987
P05412,P42345,715
P05412,P29590,779
P05412,Q02750,808
P05412,P09601,798
P05412,P45983,999
P05412,O00206,741
P05412,P00519,784
P05412,P17612,963
P05412,P35354,866
P05412,P04626,759
P05412,Q15759,971
P05412,Q92769,846
P05412,P25963,908
P05412,P18848,928
P05412,P28482,998
P05412,Q00987,803
P05412,P37231,849
P05412,P55211,770
P05412,Q00535,926
P05412,Q92793,994
P05412,P53778,971
P05412,P60568,734
P05412,P10415,927
P05412,P01308,741
P05412,P01106,970
P05412,P11802,759
P05412,P41240,731
P05412,P09874,805
P05412,Q16659,846
P05412,Q00534,787
P05412,Q15788,965
P05412,P17544,974
P05412,P04406,781
P05412,P42574,809
P05412,P19838,994
P05412,Q14457,725
P05412,Q16539,992
P05412,P60709,806
P05412,P38936,831
P05412,Q15139,702
P05412,Q07869,979
P05412,Q96SW2,710
P05412,Q92731,967
P05412,Q96EB6,927
P05412,P03372,999
P05412,O14920,785
P05412,O95644,963
P05412,P09211,927
P05412,P01584,987
P05412,P01375,989
P05412,O15379,754
P05412,P10275,840
P05412,P49841,908
P05412,P34932,765
P05412,Q04206,986
P05412,P12931,974
P05412,Q9UQF2,992
P05412,Q8WYK2,969
P05412,P08238,752
P05412,P04637,997
P05412,P99999,829
P05412,P15336,999
P05412,P18847,999
P05412,P05231,989
P05412,P04150,961
P05412,P01133,890
P05412,Q13547,967
P05412,P07900,798
P05412,Q14790,782
P05412,P16220,998
P05412,P01137,722
P05412,P13500,980
P05412,P17676,927
P05412,P68400,701
P05412,P63244,777
P05412,Q16665,961
P05412,P10276,759
P07358,P30405,900
P07358,P01031,999
P07358,P07360,999
P07358,P12235,728
P07358,P10415,724
P07358,P05141,733
P07358,P02748,989
P07358,P10909,770
P07358,P01024,736
P07358,P21796,900
P07358,P07357,999
P07358,P04004,732
P54646,Q9UGI9,997
P54646,P17612,921
P54646,O43741,999
P54646,P42345,973
P54646,P54619,999
P54646,Q13131,984
P54646,Q9UGJ0,998
P54646,P13569,907
P54646,Q9Y478,999
P54646,P04035,932
P10632,O94788,917
P10632,P47895,926
P10632,O60760,775
P10632,Q02928,966
P10632,P21266,709
P10632,P09211,794
P10632,O75715,910
P10632,Q8TED1,909
P10632,P04798,955
P10632,Q06278,950
P10632,P08684,973
P10632,Q7RTV2,708
P10632,P05177,946
P10632,Q9Y6L6,940
P10632,P59796,909
P10632,P09210,719
P10632,Q9BQB6,809
P10632,P18283,910
P10632,P08263,753
P10632,P33261,943
P10632,P16050,913
P10632,Q6V0L0,927
P10632,O43174,945
P10632,P09488,779
P10632,P00352,924
P10632,P23219,920
P10632,P35354,943
P10632,P28161,709
P10632,P20815,956
P10632,P22352,910
P10632,Q96SL4,910
P10632,P05181,951
P10632,P09917,924
P10632,P24462,969
P10632,P11712,928
P10632,P08183,722
P33261,P21397,948
P33261,P10632,943
P33261,P23219,935
P33261,P09488,889
P33261,P35354,927
P33261,P16050,920
P33261,P08183,858
P33261,P11712,988
P33261,P28161,820
P33261,P05181,915
P33261,P09917,953
P33261,P24462,710
P33261,O15217,706
P33261,P20815,959
P33261,O75469,749
P33261,O60760,802
P33261,Q02928,957
P33261,P21266,823
P33261,P51580,776
P33261,P20648,948
P33261,P05177,951
P33261,P46439,707
P33261,Q9Y6L6,817
P33261,Q7RTV2,725
P33261,P08263,795
P33261,P09210,737
P33261,Q9BQB6,914
P33261,P09211,819
P33261,Q9H244,912
P33261,P27338,944
P33261,P10635,925
P33261,P08684,968
Q00975,Q08289,911
Q00975,P54289,991
Q00975,P0DP23,978
Q00975,P04156,906
Q00975,O43497,853
Q00975,Q9UBN1,822
Q00975,Q02641,982
Q00975,Q8IZS8,874
Q00975,O95180,772
Q00975,Q9NY47,931
Q00975,P60880,884
Q00975,P62955,787
Q00975,P59768,709
Q00975,P42858,789
Q00975,P21817,744
Q00975,Q01668,772
Q00975,Q06432,875
Q00975,Q13936,756
Q00975,O00305,885
Q00975,Q15878,956
Q00975,O00555,945
Q00975,Q7Z3S7,820
Q00975,P01308,919
Q00975,P54284,998
Q00975,Q9Y698,873
O15239,O00217,999
O15239,O95299,999
O15239,P56556,999
O15239,O95139,999
O15239,O75380,999
O15239,Q9NRX3,710
O15239,O95169,999
O15239,O75964,853
O15239,O95168,999
O15239,Q16718,999
O15239,Q16795,998
O15239,O75251,999
O15239,O75438,999
O15239,P03915,999
O15239,P31930,922
O15239,P56181,999
O15239,Q9UI09,999
O15239,O95178,999
O15239,P56381,840
O15239,O96000,999
O15239,O43920,999
O15239,O75306,999
O15239,O43678,999
O15239,P51970,999
O15239,P03923,997
O15239,O95167,999
O15239,Q9Y6M9,999
O15239,P03901,986
O15239,P49821,999
O15239,P03886,999
O15239,O75489,999
O15239,P00395,873
O15239,Q9P0J0,999
O15239,O95298,998
O15239,O43674,999
O15239,P03897,998
O15239,P03891,997
O15239,O00483,995
O15239,P03905,999
O15239,O95182,999
O15239,O43677,998
O15239,O43181,999
O15239,P28331,999
O15239,O14561,999
O15239,P19404,999
O15239,P56385,922
O15239,Q86Y39,999
O15239,P17568,999
O15239,O43676,999
P51160,P00492,900
P51160,P33402,744
P51160,P51828,719
P51160,O60266,751
P51160,P21589,740
P51160,Q13956,921
P51160,Q8NFM4,719
P51160,Q08828,719
P51160,P40145,720
P51160,P18545,742
P51160,O95622,750
P51160,Q08462,719
P51160,P49419,749
P51160,O60503,717
P51160,P16066,743
P51160,O43306,750
P02753,P02768,785
P02753,P31025,702
P02753,P02765,736
P02753,P02647,814
P02753,P25311,746
P02753,P02774,749
P02753,P02743,775
P02753,P09455,910
P02753,P02766,999
Q5NUL3,P01308,744
Q5NUL3,Q8TE23,791
Q5NUL3,O14842,961
Q5NUL3,P37231,701
Q5NUL3,Q7RTX0,802
P23786,Q16836,703
P23786,P42765,822
P23786,Q07869,859
P23786,P40939,841
P23786,Q16134,758
P23786,P51659,890
P23786,P50416,963
P23786,P16219,922
P23786,O43772,996
Q05586,Q12879,999
Q05586,Q13224,999
Q05586,O60359,830
Q05586,P51575,915
Q05586,O15547,912
Q05586,P05067,776
Q05586,P42262,901
Q05586,O15399,999
Q05586,P06241,743
Q05586,Q8WXS5,799
Q05586,Q9UBN1,773
Q05586,Q99571,921
Q05586,P46098,787
Q05586,Q14957,999
Q05586,P0DP23,996
Q05586,P17612,773
Q05586,P42261,907
Q05586,P56373,921
Q05586,P29475,955
Q05586,P48058,886
Q05586,Q9Y698,894
Q05586,P78352,998
Q05586,O60391,999
Q05586,Q93086,909
Q05586,Q13002,770
Q05586,Q8TCU5,999
Q05586,P41594,792
Q05586,Q9UF02,751
Q05586,P23560,745
Q05586,P42263,877
Q05586,Q16620,708
Q05586,P62955,782
Q05586,Q99572,909
P08238,P04637,995
P08238,P05412,752
P08238,P35968,879
P08238,P99999,780
P08238,Q96GD4,884
P08238,P55072,906
P08238,P34932,999
P08238,P49841,920
P08238,P61604,928
P08238,P12931,995
P08238,P05231,735
P08238,Q14145,933
P08238,P04150,998
P08238,Q9Y230,937
P08238,Q14790,761
P08238,P30405,982
P08238,P53350,866
P08238,Q9UM73,756
P08238,P07900,997
P08238,Q13547,751
P08238,P56524,962
P08238,P06401,978
P08238,P63244,878
P08238,P10599,713
P08238,Q16665,998
P08238,P13569,964
P08238,Q9GZT9,833
P08238,O60603,982
P08238,P01106,890
P08238,P78527,730
P08238,P10809,970
P08238,P11802,999
P08238,Q00534,711
P08238,P06576,756
P08238,Q9UBN7,998
P08238,P00441,769
P08238,P10415,775
P08238,P04406,872
P08238,P42574,858
P08238,P60709,911
P08238,P19838,845
P08238,Q14457,719
P08238,P63104,835
P08238,P27348,735
P08238,P07237,720
P08238,O14920,976
P08238,Q92731,832
P08238,P03372,993
P08238,P38936,831
P08238,P62258,817
P08238,P35869,995
P08238,P29474,998
P08238,P10275,999
P08238,Q07912,702
P08238,P62917,739
P08238,P10636,938
P08238,P27797,975
P08238,P68104,785
P08238,O15111,979
P08238,P01584,718
P08238,P04049,993
P08238,P0DP23,995
P08238,P14625,953
P08238,P04626,993
P08238,P07948,714
P08238,P00519,930
P08238,P08253,758
P08238,O14746,987
P08238,O00206,988
P08238,P28482,813
P08238,Q12809,819
P08238,P04792,952
P08238,P62937,747
P08238,P31948,999
P08238,P50750,776
P08238,O14727,988
P08238,P30101,851
P08238,Q06830,801
P08238,P08235,862
P08238,P53041,997
P08238,Q99497,717
P08238,P22626,762
P08238,P11021,977
P08238,P27824,886
P08238,Q00987,753
P08238,Q07954,990
P08238,P37231,712
P08238,Q92598,916
P08238,P06733,804
P08238,P21796,817
P08238,P25705,706
P08238,P11142,999
P08238,P06241,821
P08238,P09936,804
P08238,P24385,711
P08238,Q9Y5S8,791
P08238,P27361,818
P08238,P06493,809
P08238,P54652,899
P08238,P15056,998
P08238,P42345,998
P08238,P00533,998
P08238,P31749,999
P08238,P24941,739
P08238,Q15185,999
P08238,P10398,809
P08238,Q02750,761
P08238,Q9BY41,785
Q9UIX4,P38435,707
Q9UIX4,P61978,882
P05141,P07358,733
P05141,P30405,961
P05141,P31930,714
P05141,P01031,725
P05141,P99999,978
P05141,P02748,730
P05141,Q02156,912
P05141,P06576,827
P05141,P10415,781
P05141,P12235,979
P05141,P12236,969
P05141,P30536,943
P05141,P21796,991
P05141,P25705,843
P05141,P07357,728
P18031,P27361,706
P18031,Q13882,926
P18031,P29597,771
P18031,P00533,997
P18031,P06213,999
P18031,Q03393,899
P18031,P35968,938
P18031,P12931,979
P18031,P10599,849
P18031,P09619,708
P18031,P08069,993
P18031,P01308,835
P18031,P01584,708
P18031,P08581,954
P18031,O60674,980
P41222,P02763,723
P41222,P23219,949
P41222,P35354,945
P41222,Q15185,946
P41222,P42330,944
P41222,Q16647,956
P41222,P07360,789
P41222,P02766,704
P41222,P09466,716
P41222,O60760,991
P41222,Q13258,888
P41222,P31025,764
P07360,P00747,713
P07360,P00736,717
P07360,P07357,999
P07360,P01031,997
P07360,P07358,999
P07360,P09466,721
P07360,P02748,990
P07360,P41222,789
P07360,P31025,799
Q14721,Q13303,822
Q14721,Q92953,782
Q14721,Q8TDN1,942
Q14721,Q14722,858
Q14721,P16389,923
Q14721,Q9BQ31,964
Q14721,P60880,776
Q14721,O95259,729
Q14721,Q96KK3,730
P30085,P06733,759
P30085,P52209,718
P30085,P36542,730
P30085,P62829,731
P30085,P27707,745
P14550,P16152,909
P14550,P43353,948
P14550,P30838,941
P14550,P49419,940
P14550,P30837,945
P14550,P05091,944
P14550,P51648,957
P14550,P49189,949
P14550,P48448,939
Q9UJ90,Q9Y6J6,791
Q9UJ90,Q15842,726
Q9UJ90,Q9Y6H6,827
Q9UJ90,Q07699,715
Q9UJ90,O60488,785
Q9UJ90,P15382,905
Q9UJ90,Q8WWG9,794
Q9UJ90,Q9UK17,756
Q9UJ90,P51787,872
Q9UJ90,Q9NY72,733
Q9UJ90,Q12809,830
Q9UJ90,O60939,720
Q00266,P17405,785
Q00266,Q93088,988
Q00266,P31153,991
Q00266,P21549,803
Q00266,P34897,744
Q00266,Q99707,985
Q00266,P32929,732
Q00266,P42898,936
Q00266,P26358,929
Q00266,P34896,778
Q00266,Q9UBC3,931
Q00266,P23526,875
Q00266,P17735,952
Q00266,Q9Y6K1,924
Q00266,Q14749,791
Q00266,Q9H2M3,981
P14780,P08581,746
P14780,P03372,772
P14780,P19878,941
P14780,P61073,844
P14780,P01375,930
P14780,P01584,949
P14780,P27797,753
P14780,P29474,730
P14780,P10415,804
P14780,P08670,709
P14780,P35225,759
P14780,P01019,704
P14780,Q15080,936
P14780,P01106,704
P14780,P15502,979
P14780,P19838,802
P14780,P60709,778
P14780,P04406,814
P14780,P42574,806
P14780,P02751,850
P14780,P01137,968
P14780,Q14790,712
P14780,P13500,809
P14780,O60603,802
P14780,Q16665,824
P14780,P00750,893
P14780,P05164,969
P14780,P12931,970
P14780,P05305,963
P14780,P02649,769
P14780,P99999,731
P14780,P35968,811
P14780,P05412,866
P14780,P04637,838
P14780,P23560,740
P14780,P08246,973
P14780,P01133,741
P14780,P05231,959
P14780,Q03405,772
P14780,P00749,871
P14780,P31749,827
P14780,O14788,757
P14780,P00533,827
P14780,P43235,886
P14780,P10145,880
P14780,P35625,995
P14780,P17948,779
P14780,P14210,799
P14780,P04004,741
P14780,P24385,799
P14780,P02768,745
P14780,P19320,748
P14780,P01579,751
P14780,P17181,736
P14780,P27361,741
P14780,P00747,829
P14780,P02788,768
P14780,P10909,718
P14780,P01023,845
P14780,P13498,941
P14780,Q07954,889
P14780,P37231,765
P14780,P05121,801
P14780,P09038,919
P14780,P45983,735
P14780,O00206,934
P14780,P14598,950
P14780,P08253,918
P14780,P35354,815
P14780,P80511,707
P14780,P12821,733
P14780,P25963,704
P14780,P04839,963
P00519,P05412,784
P00519,P04637,909
P00519,P08238,930
P00519,P34932,722
P00519,P29317,951
P00519,P07900,983
P00519,P02751,963
P00519,P54760,947
P00519,P10276,719
P00519,O15350,909
P00519,Q16620,910
P00519,P11802,729
P00519,P01106,785
P00519,P78527,802
P00519,P09874,789
P00519,P11274,996
P00519,Q14457,873
P00519,Q13315,988
P00519,P27348,810
P00519,P63104,737
P00519,P54756,963
P00519,P38936,878
P00519,P62258,718
P00519,P37840,823
P00519,P42336,763
P00519,P04626,731
P00519,P28482,724
P00519,P31946,759
P00519,P15153,940
P00519,P27986,832
P00519,Q06830,927
P00519,P04629,958
P00519,Q00535,900
P00519,Q00987,896
P00519,P08700,764
P00519,P51692,983
P00519,P24385,742
P00519,P06241,949
P00519,P42684,981
P00519,P00533,861
P00519,Q04917,833
P00966,Q99259,838
P00966,P78540,877
P00966,P29475,960
P00966,P11926,758
P00966,P08243,976
P00966,P27708,994
P00966,P25705,724
P00966,Q05329,826
P00966,P04424,999
P00966,Q9UDR5,733
P00966,P05089,811
P00966,Q03154,844
P00966,P35228,973
P00966,P45381,916
P00966,P17174,950
P00966,P00505,951
P00966,Q96A70,739
P00966,P04181,988
P00966,P29474,961
P00966,Q6ZQY3,848
P00966,O43681,809
P00966,O43175,731
P02585,P67936,782
P02585,P09493,823
P02585,O14983,785
P02585,P19429,996
P02585,P63316,930
P02585,P06753,951
P02585,P06732,767
P00749,P05121,999
P00749,P05120,986
P00749,P07204,802
P00749,P00747,989
P00749,P01024,707
P00749,P01023,715
P00749,P08253,755
P00749,P04004,998
P00749,P14780,871
P00749,Q03405,999
P00749,P10145,765
P00749,P02768,708
P00749,P00750,837
P00749,P02751,838
P00749,P01133,860
P00749,P05231,763
P00749,P07355,806
P00749,P01584,765
P00749,P01375,751
P00749,P08648,781
P00749,P08581,765
P00749,P08697,719
P00749,P01106,708
P04279,P07288,767
P04279,P10909,900
P04279,P02788,963
Q14749,P42898,701
Q14749,P23378,929
Q14749,Q99707,735
Q14749,Q00266,791
Q14749,P34897,947
Q14749,P13196,904
Q14749,P14920,910
Q14749,P23526,769
Q14749,P21549,933
Q14749,Q9BYV1,924
Q14749,Q93088,844
Q14749,P34896,957
Q14749,P22557,906
P31946,P03372,952
P31946,P62258,979
P31946,P10636,899
P31946,P04049,998
P31946,P07101,718
P31946,P60709,908
P31946,P27348,978
P31946,P63104,992
P31946,P08069,739
P31946,Q9UQL6,762
P31946,P49674,908
P31946,P56524,823
P31946,P36507,943
P31946,P13569,944
P31946,P04637,828
P31946,P12931,819
P31946,P15056,994
P31946,Q04917,970
P31946,P10398,991
P31946,Q02750,931
P31946,O14649,754
P31946,P30086,756
P31946,P00519,759
P31946,P28482,795
P00813,P27707,950
P00813,P29274,907
P00813,P00492,706
P00813,P47989,761
P00813,Q99808,736
P00813,P21589,984
P00813,P30542,831
P00813,P55263,992
P00813,P49902,937
P00813,P27487,999
P00813,P61925,719
P00813,P23526,815
P00813,P00491,998
Q9Y5S8,P07900,790
Q9Y5S8,P08238,791
Q9Y5S8,Q969G6,872
Q9Y5S8,P19878,999
Q9Y5S8,P47989,820
Q9Y5S8,P00441,734
Q9Y5S8,P01019,715
Q9Y5S8,P63000,811
Q9Y5S8,Q15080,999
Q9Y5S8,P13498,999
Q9Y5S8,P27487,876
Q9Y5S8,P15153,975
Q9Y5S8,P04839,998
Q9Y5S8,P14598,999
Q9Y5S8,P31749,949
O43920,O14561,999
O43920,P28331,999
O43920,P19404,999
O43920,O43676,999
O43920,P56385,968
O43920,O43677,995
O43920,P48047,831
O43920,Q9P0J0,999
O43920,O95298,999
O43920,O43674,999
O43920,P03897,996
O43920,P03905,999
O43920,O00483,982
O43920,P03923,999
O43920,P00395,879
O43920,Q9UI09,999
O43920,P31930,999
O43920,O95178,995
O43920,P56381,759
O43920,Q16718,999
O43920,O75964,820
O43920,P03915,999
O43920,Q16795,999
O43920,O95169,999
O43920,P56556,999
O43920,O75380,999
O43920,O15239,999
O43920,P17568,999
O43920,Q86Y39,999
O43920,O95182,999
O43920,O43181,999
O43920,P03891,997
O43920,O95167,999
O43920,Q9Y6M9,999
O43920,P03886,999
O43920,O75489,999
O43920,P03901,985
O43920,P49821,999
O43920,O75306,999
O43920,O43678,999
O43920,P51970,999
O43920,P56181,999
O43920,O96000,999
O43920,O95168,999
O43920,O75438,998
O43920,O75251,999
O43920,O00217,999
O43920,O95299,999
O43920,O95139,999
Q12874,Q07955,907
Q12874,P31040,879
Q12874,Q15393,999
Q12874,P55769,993
Q12874,Q15428,999
Q12874,P62312,990
Q8TAB3,P35498,938
Q8TAB3,Q99250,853
Q8TAB3,O43526,878
Q13003,Q13224,711
Q13003,Q12879,719
Q13003,Q16099,991
Q13003,P42261,822
Q13003,Q9Y698,707
Q13003,Q16478,986
Q13003,Q13002,985
Q13003,P39086,989
Q99062,P07948,916
Q99062,P23458,961
Q99062,P07333,807
Q99062,P10721,753
Q99062,P52333,948
Q99062,P08700,846
Q99062,P51692,752
Q99062,P01579,850
Q99062,P05113,728
Q99062,P29597,896
Q99062,P32927,726
Q99062,P05231,899
Q99062,P01133,702
Q99062,P08246,804
Q99062,P40933,739
Q99062,P35225,714
Q99062,P08631,820
Q99062,P60568,735
Q99062,P43405,774
Q99062,P15509,842
Q99062,O60674,983
O95470,O15269,705
O95470,Q9NRA0,993
P49721,P17980,999
P49721,P54578,995
P49721,P00441,734
P49721,P46736,804
P49721,P40306,999
P49721,P28074,999
P49721,P55072,899
P49721,Q06323,984
P49721,P20618,999
P49721,P28062,999
P49721,P28065,999
P49721,P25788,999
Q05932,P04818,992
Q05932,P34896,949
Q05932,Q86XF0,995
Q05932,P22102,768
Q05932,Q9H2M3,770
Q05932,P11586,958
Q05932,O43175,801
Q05932,Q93088,810
Q05932,P00374,995
Q05932,P54687,870
Q05932,P34897,939
Q05932,P42898,786
Q05932,P31939,785
Q05932,Q99707,863
Q05932,P13995,925
Q05932,O15382,873
P43220,P01308,903
P43220,O14842,713
P43220,P59768,909
P43220,P06850,731
P43220,P01189,972
P43220,P31639,909
P43220,P02768,765
P43220,P10997,796
P43220,P49146,711
P43220,O43451,785
P43220,P27487,965
P43220,P14410,790
P50750,P50613,990
P50750,P08238,776
P50750,P04637,889
P50750,P61978,845
P50750,P34932,736
P50750,Q04206,837
P50750,P07900,882
P50750,Q13315,721
P50750,P01106,953
P50750,P15880,741
P50750,P49336,823
Q9Y271,P21731,750
Q9Y271,P19440,787
Q9Y271,P09917,782
Q9Y271,Q9NS75,976
Q9Y271,Q16873,946
P21452,Q9UHF0,998
P00558,P31040,733
P00558,P55072,735
P00558,P60174,999
P00558,Q16665,808
P00558,P07900,713
P00558,O14556,991
P00558,P63104,787
P00558,P60709,829
P00558,P04406,999
P00558,P00492,830
P00558,P10809,722
P00558,P68104,819
P00558,P04075,962
P00558,P62937,753
P00558,P14618,936
P00558,P06733,996
P00558,P00747,770
P00558,P52209,787
P00558,P11142,755
P00558,P00338,923
P00558,P06744,971
P00558,P11166,720
P00558,P18669,998
P00558,P40926,738
P00558,P08559,750
P00558,O95479,806
P00558,P29401,831
Q04760,P27338,833
Q04760,Q96GA7,828
Q04760,P10768,904
Q04760,P56556,835
Q04760,P31040,754
Q04760,Q16775,999
Q04760,P20132,824
Q04760,P00390,779
Q04760,O75306,743
Q04760,P21397,844
Q04760,P0DJD9,748
Q04760,Q16853,813
Q04760,O00217,873
Q96A70,P04424,935
Q96A70,P78540,984
Q96A70,P29475,940
Q96A70,P31350,726
Q96A70,P29474,940
Q96A70,P04181,814
Q96A70,P00966,739
Q96A70,P05089,981
Q96A70,Q9UDR5,794
Q96A70,P35228,927
P54577,P49588,996
P54577,P41252,966
P54577,P08865,721
P54577,Q9NSE4,957
P54577,P25024,788
P54577,Q5JTZ9,927
P11309,P01106,796
P11309,P01009,863
P11309,P51692,821
Q13547,Q9UJU2,966
Q13547,P10275,964
Q13547,O15379,925
Q13547,Q96EB6,993
Q13547,P03372,998
Q13547,P38936,903
Q13547,Q13315,948
Q13547,P60709,766
Q13547,P19838,996
Q13547,P42574,738
Q13547,P04406,762
Q13547,P23246,921
Q13547,P14866,775
Q13547,P09874,900
Q13547,P01106,991
Q13547,P11388,809
Q13547,Q9UBN7,735
Q13547,P10276,874
Q13547,Q16665,983
Q13547,P68400,961
Q13547,P17676,991
Q13547,O15350,745
Q13547,P16220,877
Q13547,P19793,755
Q13547,P56524,781
Q13547,P07900,764
Q13547,Q9UQL6,818
Q13547,P62807,760
Q13547,P04150,929
Q13547,Q969G3,751
Q13547,Q9Y230,946
Q13547,P18847,918
Q13547,P26358,999
Q13547,P04637,999
Q13547,P23560,726
Q13547,P08238,751
Q13547,P05412,967
Q13547,Q04206,998
Q13547,P34932,921
Q13547,Q9UBC3,999
Q13547,Q99623,946
Q13547,P29590,903
Q13547,P06493,840
Q13547,Q8WUI4,886
Q13547,P00533,765
Q13547,P31749,758
Q13547,Q03181,756
Q13547,P01100,823
Q13547,P24385,833
Q13547,Q92793,960
Q13547,Q9NRA0,933
Q13547,P37231,857
Q13547,Q00987,963
Q13547,Q9Y6K1,997
Q13547,Q92769,999
Q13547,Q9UKV0,982
Q9BY41,Q96EB6,888
Q9BY41,P07900,841
Q9BY41,P08238,785
Q9BY41,P04637,756
Q9BY41,P34932,836
Q9BY41,P62807,731
Q9BY41,Q92793,721
Q9BY41,Q9UKV0,740
P12931,O60674,917
P12931,P08648,949
P12931,P18031,979
P12931,O15528,807
P12931,O14920,918
P12931,Q92731,995
P12931,P08581,993
P12931,P03372,999
P12931,P43405,999
P12931,O15111,750
P12931,P01375,904
P12931,Q9HBA0,822
P12931,P07947,973
P12931,P61073,864
P12931,O00329,967
P12931,P04049,954
P12931,P42336,984
P12931,P48736,966
P12931,P07550,955
P12931,P30518,752
P12931,P10275,985
P12931,Q07912,786
P12931,P10636,897
P12931,P01042,719
P12931,P01308,886
P12931,P23528,847
P12931,P10415,860
P12931,Q14289,999
P12931,P53778,743
P12931,P78352,979
P12931,P01019,799
P12931,P08631,876
P12931,P41240,998
P12931,P22460,761
P12931,P01106,805
P12931,P63000,856
P12931,Q05655,983
P12931,P08069,996
P12931,Q16539,818
P12931,P60709,774
P12931,P19838,756
P12931,P04406,702
P12931,P13945,894
P12931,P02751,945
P12931,Q9UM73,813
P12931,P07900,999
P12931,P09619,999
P12931,Q8NER1,934
P12931,P01137,787
P12931,P17302,998
P12931,P32004,832
P12931,Q14790,853
P12931,P13500,733
P12931,Q16620,786
P12931,P41231,787
P12931,P36507,716
P12931,Q16665,872
P12931,P06401,937
P12931,P63244,993
P12931,P12814,851
P12931,P42338,967
P12931,P61978,817
P12931,P34932,858
P12931,P49841,867
P12931,P08238,995
P12931,P04637,884
P12931,P05412,974
P12931,P35968,998
P12931,Q03393,852
P12931,P08514,959
P12931,O14939,844
P12931,P01133,922
P12931,P05231,787
P12931,P22607,923
P12931,O15264,742
P12931,P06756,946
P12931,P14780,970
P12931,Q03405,700
P12931,P06213,705
P12931,P04083,774
P12931,O14788,876
P12931,P00533,999
P12931,P31749,995
P12931,P42345,793
P12931,P10145,781
P12931,Q05209,834
P12931,P05106,998
P12931,P15056,842
P12931,Q02750,794
P12931,P06239,876
P12931,P14210,867
P12931,P04004,733
P12931,P10398,741
P12931,P06241,999
P12931,P24385,875
P12931,P45984,954
P12931,P05067,864
P12931,P51692,900
P12931,Q08881,939
P12931,Q12879,963
P12931,Q13224,933
P12931,P27361,944
P12931,P03891,755
P12931,P01100,986
P12931,Q15303,916
P12931,P07359,747
P12931,P08758,736
P12931,P33151,826
P12931,P17252,867
P12931,P27986,998
P12931,Q99527,948
P12931,P35916,708
P12931,P13498,707
P12931,P30556,704
P12931,Q00987,882
P12931,P37231,736
P12931,P06396,836
P12931,P06733,815
P12931,P20701,749
P12931,Q92793,940
P12931,P07949,859
P12931,P08253,972
P12931,P14598,905
P12931,P07333,833
P12931,P12314,772
P12931,P45983,959
P12931,O00206,880
P12931,P07948,989
P12931,P16234,954
P12931,P67775,822
P12931,P04626,999
P12931,P35354,778
P12931,Q15759,751
P12931,P0DP23,858
P12931,P21802,958
P12931,P25963,797
P12931,P15153,955
P12931,P29350,917
P12931,P31946,819
P12931,P35408,840
P12931,P28482,932
P12931,P04839,721
P12931,P10721,802
P51970,P03891,999
P51970,P03886,999
P51970,O75489,999
P51970,P03901,998
P51970,P49821,999
P51970,O95167,999
P51970,Q9Y6M9,999
P51970,O15239,999
P51970,Q86Y39,999
P51970,P17568,999
P51970,Q99623,740
P51970,O43181,999
P51970,O95182,999
P51970,O75251,999
P51970,O75438,999
P51970,O95168,999
P51970,O95139,999
P51970,O00217,999
P51970,O95299,999
P51970,P30043,828
P51970,O75306,999
P51970,O43920,999
P51970,O43678,999
P51970,O96000,999
P51970,P56181,999
P51970,P03897,999
P51970,O00483,989
P51970,P03905,999
P51970,O95298,999
P51970,Q9P0J0,999
P51970,O43674,999
P51970,P00395,888
P51970,P03923,992
P51970,O43676,999
P51970,P56385,759
P51970,P28331,999
P51970,O14561,999
P51970,P19404,999
P51970,P48047,852
P51970,O43677,998
P51970,P03915,999
P51970,Q16795,999
P51970,Q16718,999
P51970,P30049,855
P51970,O75964,791
P51970,O95169,999
P51970,P56556,999
P51970,O75380,999
P51970,P31040,813
P51970,P36542,869
P51970,O95178,997
P51970,Q9UI09,999
P51970,P31930,992
P06396,P63261,749
P06396,P21796,901
P06396,P05067,860
P06396,P02647,874
P06396,P02774,826
P06396,P02743,711
P06396,P23528,867
P06396,P42574,907
P06396,P60709,878
P06396,P37840,711
P06396,P12931,836
P06396,P02649,828
P06396,P02751,809
P06396,P02766,861
P06396,P12814,843
O00206,Q9BYF1,714
O00206,Q07954,774
O00206,P37231,738
O00206,P07204,739
O00206,Q14624,704
O00206,P05121,721
O00206,P09429,999
O00206,P02788,827
O00206,Q9NR97,712
O00206,P27986,925
O00206,P25963,872
O00206,P04839,902
O00206,P09601,719
O00206,P14598,733
O00206,P07333,800
O00206,P14625,988
O00206,P05109,907
O00206,P80511,970
O00206,P35354,787
O00206,Q9Y6Y9,999
O00206,P14778,944
O00206,P00533,739
O00206,P31749,769
O00206,Q9NR96,979
O00206,P14780,934
O00206,P43235,820
O00206,P10145,933
O00206,P01579,946
O00206,P27361,824
O00206,P19320,772
O00206,P02768,821
O00206,P21462,765
O00206,P13500,847
O00206,O60603,999
O00206,P05164,728
O00206,P06702,969
O00206,P23297,836
O00206,Q15750,767
O00206,P02751,995
O00206,P07900,987
O00206,Q99572,725
O00206,P35228,754
O00206,P02749,842
O00206,Q14790,885
O00206,P01137,721
O00206,P16220,749
O00206,P16109,885
O00206,P07355,968
O00206,P05231,973
O00206,P08246,732
O00206,P25105,723
O00206,P34932,996
O00206,Q04206,966
O00206,P42338,924
O00206,P12931,880
O00206,Q9NYK1,940
O00206,P08238,988
O00206,P05412,741
O00206,P02649,777
O00206,P42336,928
O00206,O15111,852
O00206,P01375,969
O00206,P01584,986
O00206,P61073,824
O00206,O00329,934
O00206,P37840,752
O00206,P27797,953
O00206,P42081,841
O00206,Q06187,831
O00206,O60674,793
O00206,P43405,971
O00206,O14920,903
O00206,P47989,820
O00206,P04406,761
O00206,P02765,988
O00206,P42574,740
O00206,Q16539,762
O00206,P60709,745
O00206,P19838,993
O00206,P60568,731
O00206,P01308,710
O00206,P10415,724
O00206,P04271,844
O00206,P10809,999
O00206,P29466,916
O00206,P01019,866
O00206,P35225,806
P09769,P42336,716
P09769,P48736,931
P09769,P07947,739
P09769,O00329,755
P09769,P43405,807
P09769,Q16539,799
P09769,Q14289,949
P09769,P07900,737
P09769,P42338,702
P09769,P00533,706
P09769,Q08881,918
P09769,P27986,741
P09769,P07948,743
O75348,Q8NHE4,961
O75348,P38606,999
O75348,Q8NEY4,990
O75348,Q13488,921
O75348,P21281,999
O75348,Q9UI12,998
O75348,Q16864,999
O75348,P06576,916
O75348,P15313,998
O75348,Q9HBG4,996
O75348,Q93050,997
O75348,Q15904,996
O75348,P36543,999
O75348,P48047,781
O75348,Q96A05,995
O75348,Q9Y487,934
O75348,Q9Y5K8,999
O75348,P61421,999
O75348,P27449,996
O75348,Q99437,998
O75348,Q8N8Y2,989
O75348,P21283,998
O75348,O95670,961
O75348,O15342,983
Q9Y697,Q96EN8,919
Q9Y697,O43766,753
Q9Y697,P99999,714
Q9Y697,O14561,964
Q9Y697,Q16595,999
Q9NRF9,Q14181,970
Q9NRF9,P56282,999
Q9NRF9,Q07864,999
Q9NRF9,P39748,780
Q9NRF9,P09884,985
Q9NRF9,Q9NR33,999
Q16739,P17405,969
Q16739,Q9NUV7,822
Q16739,O15269,850
Q16739,O15270,826
Q14573,Q99497,828
Q14573,P17252,934
Q14573,P29475,922
Q14573,P05129,918
Q14573,P11021,728
Q14573,P27824,893
Q14573,P16615,908
Q14573,P0DP23,985
Q14573,P17612,972
Q14573,Q99720,934
Q14573,Q14643,965
Q14573,P31749,967
Q14573,P21796,997
Q14573,P42858,863
Q14573,P30405,904
Q14573,Q14571,953
Q14573,Q16654,817
Q14573,P99999,979
Q14573,P27797,879
Q14573,P10415,993
Q14573,P05771,923
Q14573,Q14457,987
P09917,P16050,914
P09917,P09960,992
P09917,P33261,953
P09917,P35354,973
P09917,P10632,924
P09917,P23219,970
P09917,P22352,940
P09917,Q96SL4,937
P09917,P05181,920
P09917,Q9Y271,782
P09917,P11712,955
P09917,P14555,810
P09917,P47712,925
P09917,O60733,750
P09917,Q02928,922
P09917,P04054,752
P09917,Q8TED1,937
P09917,O75715,937
P09917,Q16873,986
P09917,P18283,939
P09917,P59796,937
P56537,P60842,843
P56537,Q9UNX3,902
P56537,P62917,995
P56537,P62750,995
P56537,P62913,995
P56537,P63244,963
P56537,P61313,994
P56537,P62829,997
P56537,P84098,995
P56537,P55769,844
P56537,P40429,980
P56537,Q96L21,981
P56537,Q9UHA3,995
P56537,Q6W5P4,857
P56537,P61927,978
P56537,P39023,990
P34972,Q9Y2T6,793
P34972,P59768,831
P34972,Q14330,823
P34972,P21554,981
P10599,P18031,849
P10599,P23921,856
P10599,P30044,981
P10599,O75715,909
P10599,Q8TED1,914
P10599,P00441,876
P10599,P15559,819
P10599,P59796,909
P10599,P01308,847
P10599,Q16881,999
P10599,P18283,938
P10599,P42574,857
P10599,P04406,824
P10599,P31350,885
P10599,Q9NS18,808
P10599,P19838,983
P10599,P07900,724
P10599,P35754,966
P10599,P36969,764
P10599,P30041,818
P10599,P61604,810
P10599,P04637,899
P10599,P08238,713
P10599,P99999,735
P10599,Q14145,771
P10599,P32119,981
P10599,P00533,742
P10599,P31749,765
P10599,Q96SL4,916
P10599,P22352,925
P10599,P78417,722
P10599,P00390,916
P10599,P30101,849
P10599,Q06830,990
P10599,P06733,713
P10599,P11021,724
P10599,Q7LG56,811
P10599,P09601,774
P10599,P49908,813
P51582,O15547,809
P51582,P51575,888
P51582,Q99571,756
P51582,Q93086,802
P51582,Q9H244,756
P51582,Q9UBL9,867
P51582,P56373,778
P51582,Q9BPV8,762
P28221,P27338,779
P28221,P01303,725
P28221,P28566,742
P28221,P28222,952
P28221,P59768,938
P28221,P05305,730
P28221,P17752,802
P28221,P31645,921
P28221,P46098,793
P02747,P27797,908
P02747,P02746,999
P02747,P0C0L5,967
P02747,P09871,992
P02747,P05155,959
P02747,P00736,993
P02747,P07333,809
Q92506,Q16678,933
Q92506,P37058,964
Q92506,P05093,935
Q92506,P31213,919
Q92506,P56937,957
Q92506,P26439,923
Q92506,P11511,932
Q92506,P08684,921
Q92506,P04798,926
Q92506,P51857,924
Q92506,P37059,935
Q92506,P14060,929
Q92506,P49888,921
Q92506,P18405,922
Q92506,P14061,959
Q92506,P42330,936
Q92506,P49327,949
Q92506,P28702,798
Q92506,P20815,923
P28702,Q15596,951
P28702,Q03181,948
P28702,P48443,938
P28702,P10826,992
P28702,Q13133,998
P28702,P13631,946
P28702,P37231,980
P28702,Q96RI1,878
P28702,Q15788,881
P28702,P55055,993
P28702,Q07869,932
P28702,Q92506,798
P28702,P36956,702
P28702,P19793,934
P28702,P10276,993
P10275,P24385,955
P10275,Q15596,999
P10275,P31749,895
P10275,P00533,864
P10275,Q15185,946
P10275,P04626,788
P10275,P17612,939
P10275,P14625,935
P10275,O15393,974
P10275,Q02880,774
P10275,P08235,710
P10275,Q00987,998
P10275,P03952,732
P10275,Q92793,960
P10275,P01106,700
P10275,P54578,905
P10275,P08069,808
P10275,Q15788,984
P10275,P05771,731
P10275,P04406,828
P10275,P11511,787
P10275,Q96EB6,728
P10275,P03372,981
P10275,Q9BY66,882
P10275,P27797,706
P10275,Q07912,823
P10275,O15379,730
P10275,P12931,985
P10275,P34932,925
P10275,P49841,841
P10275,P51843,865
P10275,P05412,840
P10275,P08238,999
P10275,P04637,905
P10275,P04150,795
P10275,P01133,743
P10275,Q13547,964
P10275,P07900,999
P10275,P05093,797
P10275,P31213,821
P10275,Q04609,722
P10275,Q16665,871
P10275,P07288,995
P10275,P06401,766
Q06278,P08319,937
Q06278,Q9NR19,815
Q06278,Q8TC12,914
Q06278,P11712,964
Q06278,P16219,833
Q06278,P20815,937
Q06278,P24462,925
Q06278,Q02252,917
Q06278,P00352,951
Q06278,O43174,926
Q06278,P10632,950
Q06278,P21397,947
Q06278,P07327,942
Q06278,P40394,930
Q06278,P31937,903
Q06278,P11766,938
Q06278,O75911,910
Q06278,Q9NVS9,932
Q06278,Q08426,920
Q06278,Q9NYR8,917
Q06278,Q6V0L0,917
Q06278,P46597,918
Q06278,Q9NUB1,810
Q06278,O00764,928
Q06278,Q9BYV1,910
Q06278,P05177,948
Q06278,Q9BTZ2,941
Q06278,P08684,956
Q06278,P04798,941
Q06278,P27338,969
Q06278,P00326,932
Q06278,Q02928,924
Q06278,P11509,956
Q06278,P00325,952
Q06278,Q96NR8,914
Q06278,P80404,905
Q06278,Q96GD0,919
Q06278,O94788,938
Q06278,P40261,957
Q06278,Q92781,910
Q06278,Q96EN8,978
Q06278,P47895,952
O95477,Q13133,967
O95477,P37231,820
O95477,P02647,999
O95477,P46939,706
O95477,P02656,744
O95477,P02649,980
O95477,O15269,871
O95477,P19793,916
O95477,P36956,905
O95477,P04035,866
O95477,P02652,874
O95477,Q9UHC9,815
O95477,Q96RI1,754
O95477,P01308,742
O95477,Q07869,877
O95477,P55055,991
P28065,P28074,997
P28065,Q06323,993
P28065,P17980,956
P28065,P01375,708
P28065,P40306,999
P28065,P54578,862
P28065,P28062,999
P28065,P49721,999
P28065,P25788,999
P28065,P20618,999
P28065,P61769,721
P28065,P01579,880
P28062,P25788,999
P28062,P49721,999
P28062,P28065,999
P28062,P01579,884
P28062,P61769,811
P28062,P20618,999
P28062,Q06323,985
P28062,P28074,962
P28062,P54578,831
P28062,P40306,999
P28062,P17980,966
Q9NZK7,P23219,719
Q9NZK7,P35354,711
Q9NZK7,P05181,800
P37058,P05093,991
P37058,P26439,987
P37058,P31213,979
P37058,P11511,972
P37058,P37059,998
P37058,Q92506,964
P37058,P51857,933
P37058,P05108,844
P37058,P14060,983
P37058,P18405,978
P37058,P52895,758
P37058,P51659,953
P37058,P14061,984
P37058,P42330,986
P37058,P22888,778
P30038,P04181,984
P30038,P51648,855
P30038,P00505,955
P30038,P32322,980
P30038,P17174,958
P30038,P48728,870
P30038,P45381,801
P30038,P23378,862
P30038,P49189,843
P30038,P49448,950
P30038,Q96C36,969
P30038,P19440,816
P30038,Q05329,930
P30038,P00367,962
P30038,P05091,850
P30038,P30837,852
P30038,P49419,868
P30038,Q99259,936
P30038,P09622,887
P30038,P78540,726
Q8TE23,Q5NUL3,791
Q8TE23,Q7RTX0,998
Q9UM07,P08246,877
Q9UM07,P04637,861
Q9UM07,P05164,840
Q9UM07,Q9H015,775
P00742,P04070,707
P00742,P00740,953
P00742,P00734,999
P00742,P03952,725
P00742,P07204,840
P00742,P01024,755
P00742,P00747,720
P00742,P02671,752
P00742,P38435,808
P00742,P01042,717
P00742,P05546,823
P00742,P00748,741
P00742,O75469,830
P00742,P01008,998
P00742,P05160,704
P41252,P54577,966
P41252,P08243,804
P41252,P49588,980
P41252,Q9NSE4,935
P41252,Q5JTZ9,863
P43405,P51692,763
P43405,Q08881,726
P43405,P06241,983
P43405,P05106,868
P43405,Q9NR96,824
P43405,P06239,987
P43405,P29597,834
P43405,O00206,971
P43405,P12314,986
P43405,P07948,999
P43405,P15153,762
P43405,P25963,730
P43405,P29350,995
P43405,P27986,980
P43405,P36888,787
P43405,P08631,934
P43405,P29466,791
P43405,P60568,837
P43405,P19838,741
P43405,Q05655,741
P43405,O60674,851
P43405,Q06187,999
P43405,P09769,807
P43405,O00329,976
P43405,P01375,782
P43405,P48736,882
P43405,P42336,935
P43405,P12931,999
P43405,P42338,938
P43405,P08514,705
P43405,Q14571,720
P43405,P02751,709
P43405,O60603,701
P43405,Q99062,774
O00299,P07355,713
O00299,Q8TD08,839
Q99500,P59768,828
Q99500,Q9NRA0,942
P08631,Q99062,820
P08631,P12931,876
P08631,P42338,885
P08631,P43405,934
P08631,O60674,842
P08631,Q06187,759
P08631,Q07912,831
P08631,O00329,770
P08631,P48736,937
P08631,P42336,723
P08631,Q14289,930
P08631,P27986,857
P08631,Q9NR97,771
P08631,P36888,716
P08631,P12314,960
P08631,P07333,877
P08631,P07948,986
P08631,P00533,795
P08631,P29597,823
P08631,P06239,873
P08631,P51692,723
P08631,Q08881,946
P08631,P06241,810
P67870,P10398,719
P67870,P25963,964
P67870,P04156,909
P67870,P68400,999
P67870,P04637,843
Q05329,P30837,923
Q05329,P30838,926
Q05329,P49419,926
Q05329,P08243,860
Q05329,P05091,927
Q05329,Q99259,968
Q05329,P09622,839
Q05329,P43353,926
Q05329,P19440,911
Q05329,P30038,930
Q05329,P27708,834
Q05329,P00367,947
Q05329,Q16878,931
Q05329,P30531,865
Q05329,Q9Y600,914
Q05329,P48448,926
Q05329,P60880,895
Q05329,P49448,947
Q05329,P41594,750
Q05329,P80404,976
Q05329,P23378,816
Q05329,P49189,923
Q05329,P23560,739
Q05329,Q9H2X9,704
Q05329,Q6ZQY3,914
Q05329,P00966,826
Q05329,P51648,926
Q05329,P48728,810
Q05329,P45381,822
Q05329,Q9BYV1,878
Q05329,P00505,831
Q05329,P01308,888
Q05329,P17174,837
Q05329,P78352,730
O60840,P62942,725
O60840,Q9UBN1,930
O60840,Q8WXS5,920
O60840,O43497,737
O60840,P54652,720
O60840,O60359,927
O60840,Q9NY47,854
O60840,Q8IZS8,783
O60840,O95180,849
O60840,Q9BXT2,902
O60840,Q02641,886
O60840,P05129,908
O60840,Q16558,712
O60840,Q13698,988
O60840,P35913,704
O60840,P54289,987
O60840,P17252,926
O60840,Q08289,973
O60840,P28223,900
O60840,P17612,915
O60840,P0DP23,897
O60840,P04156,902
O60840,Q9Y698,779
O60840,P54284,973
O60840,P41595,900
O60840,P05771,902
O60840,Q7Z3S7,980
O60840,Q01668,980
O60840,Q06432,932
O60840,P21817,822
O60840,Q12791,781
O60840,P28335,905
O60840,P62955,919
O60840,O00305,965
O60840,Q13936,978
P61978,Q15393,971
P61978,P12931,817
P61978,O14717,830
P61978,P04637,943
P61978,Q07955,966
P61978,O14965,771
P61978,P68104,741
P61978,Q9UIX4,882
P61978,P31943,975
P61978,P01106,736
P61978,P14866,990
P61978,P23246,913
P61978,Q00987,755
P61978,P22626,983
P61978,Q9H3M0,758
P61978,P50750,845
P61978,P52597,971
P61978,P11142,791
P61978,P31942,809
P16860,P01019,715
P16860,P00797,766
P16860,P19429,896
P16860,P12821,810
P16860,P16066,999
P46059,Q92887,717
P46059,Q4U2R8,709
P46059,P11168,745
P42898,P48728,982
P42898,P00374,843
P42898,P31153,916
P42898,Q93088,978
P42898,P09211,725
P42898,P31939,787
P42898,P02649,843
P42898,P13995,993
P42898,P21964,791
P42898,P32929,994
P42898,Q99707,999
P42898,P23378,930
P42898,P40261,725
P42898,P01008,712
P42898,P34897,996
P42898,P23526,822
P42898,Q86XF0,794
P42898,Q12882,736
P42898,P00390,708
P42898,Q9UBK8,981
P42898,P34896,998
P42898,P04818,991
P42898,Q9H2M3,952
P42898,P00734,935
P42898,P12821,818
P42898,P11586,996
P42898,Q14749,701
P42898,Q00266,936
P42898,P22102,737
P42898,Q05932,786
Q9Y617,P78330,999
Q9Y617,P11586,769
Q9Y617,P08243,864
Q9Y617,Q8TD30,724
Q9Y617,P34896,869
Q9Y617,P13995,763
Q9Y617,P23378,735
Q9Y617,P34897,916
Q9Y617,O43175,999
Q9UBN7,Q9UKV0,715
Q9UBN7,Q92769,741
Q9UBN7,Q00987,701
Q9UBN7,P11021,710
Q9UBN7,Q92793,742
Q9UBN7,Q99497,711
Q9UBN7,P27361,718
Q9UBN7,P11142,812
Q9UBN7,P68363,810
Q9UBN7,Q15185,849
Q9UBN7,P31749,712
Q9UBN7,P00533,919
Q9UBN7,Q96DB2,891
Q9UBN7,P62807,731
Q9UBN7,P04150,824
Q9UBN7,P34932,851
Q9UBN7,P49841,717
Q9UBN7,P08238,998
Q9UBN7,P55072,995
Q9UBN7,P13569,848
Q9UBN7,Q16665,752
Q9UBN7,Q13547,735
Q9UBN7,P07900,999
Q9UBN7,P42858,720
Q9UBN7,P60709,716
Q9UBN7,Q71U36,953
Q9UBN7,P37840,754
Q9UBN7,P10636,879
Q9UBN7,P38936,775
Q9UBN7,Q96EB6,782
Q9UBN7,O14965,944
Q969G6,P30043,913
Q969G6,P13498,890
Q969G6,Q9Y5S8,872
Q92753,Q15788,845
P04083,P06733,701
P04083,P10145,828
P04083,P00533,802
P04083,P05787,723
P04083,P47712,813
P04083,P21462,999
P04083,P26447,844
P04083,P02751,793
P04083,P07355,989
P04083,P04637,762
P04083,P60903,977
P04083,P12931,774
P04083,P27797,740
P04083,P60709,700
P04083,P63104,795
Q9UBS5,P18505,871
Q9UBS5,Q92806,940
Q9UBS5,P59768,950
Q9UBS5,P48544,910
Q9UBS5,P47869,772
Q9UBS5,P47870,702
Q9UBS5,P48051,960
Q9UBS5,P01303,785
Q9UBS5,P30988,748
Q9UBS5,P41180,904
Q9UBS5,P48169,737
Q9UBS5,Q8N1C3,744
Q9UBS5,O75899,999
Q9UBS5,P18507,879
Q9UBS5,Q9Y2D1,771
Q9UBS5,P31644,848
Q9UBS5,P48549,953
Q9UBS5,Q14654,912
Q9UBS5,P28472,733
Q9UBS5,O43497,714
Q9UBS5,P34903,754
Q9UBS5,O14764,866
Q9UBS5,P14867,873
Q9UBS5,Q16445,700
Q9UBS5,Q99928,706
P07204,P05546,846
P07204,P16109,743
P07204,P01008,912
P07204,P00750,913
P07204,P05156,886
P07204,P02776,797
P07204,P26951,818
P07204,O00206,739
P07204,P00734,999
P07204,P09429,749
P07204,P01024,933
P07204,P00747,896
P07204,P00742,840
P07204,P08603,908
P07204,P05121,846
P07204,P52429,808
P07204,Q03405,716
P07204,P00749,802
P07204,P04070,992
P07204,P16581,734
P07204,P00740,851
P24530,P25101,994
P24530,P05305,999
P24530,P01042,943
P24530,P29474,701
P24530,P01019,962
P24530,P25098,729
P24530,P00734,910
P24530,P10721,703
P24530,P07949,847
P24530,P01189,765
P25021,P20648,880
P25021,P19113,799
P02792,P36969,744
P02792,O60733,906
P02792,P02786,921
P02792,P09601,777
P02792,P02794,999
O00329,P31749,976
O00329,P00533,942
O00329,P06213,927
O00329,P17948,737
O00329,P42345,942
O00329,P29597,760
O00329,P06241,936
O00329,Q05513,916
O00329,Q08881,948
O00329,P41743,908
O00329,Q15303,925
O00329,P04629,922
O00329,P36888,940
O00329,P27986,999
O00329,P35916,726
O00329,P16234,924
O00329,P07948,956
O00329,O00206,934
O00329,P23458,945
O00329,P21802,727
O00329,P04626,941
O00329,P29350,926
O00329,P15153,957
O00329,P52333,937
O00329,P10721,940
O00329,P09769,755
O00329,Q06187,978
O00329,O60674,938
O00329,P43405,976
O00329,P08581,922
O00329,P48736,994
O00329,P11362,924
O00329,P42336,998
O00329,P04049,932
O00329,P10828,900
O00329,O15530,948
O00329,P08631,770
O00329,P10827,900
O00329,P08069,950
O00329,Q05655,923
O00329,Q9UM73,927
O00329,P09619,932
O00329,P06401,911
O00329,P12931,967
O00329,P42338,998
O00329,P35968,928
O00329,P22607,715
P23280,P06733,781
Q96S37,O15439,768
Q96S37,P47989,726
P30837,Q6ZQY3,927
P30837,P51648,930
P30837,P27338,941
P30837,Q9BYV1,938
P30837,P15121,959
P30837,P49448,856
P30837,P00326,888
P30837,Q02928,918
P30837,P00325,889
P30837,P80404,949
P30837,P16219,885
P30837,Q02252,933
P30837,P30038,852
P30837,P08319,872
P30837,Q9NR19,944
P30837,P00367,861
P30837,Q05329,923
P30837,P14550,945
P30837,P11766,870
P30837,Q08426,941
P30837,P46597,906
P30837,P05091,945
P30837,Q9NUB1,948
P30837,O75936,922
P30837,P19801,932
P30837,P21397,941
P30837,P07327,870
P30837,Q16853,930
P30837,O60218,935
P30837,Q99259,927
P30837,P40394,878
P30837,P31937,941
O14717,Q9Y6K1,926
O14717,Q9UBC3,933
O14717,P61978,830
O60494,Q9BXJ7,999
O60494,P02768,992
O60494,P02647,985
O60494,P02774,997
Q4U2R8,Q9NPD5,713
Q4U2R8,P23975,727
Q4U2R8,Q92887,738
Q4U2R8,O15439,734
Q4U2R8,P46059,709
Q4U2R8,Q8TCC7,798
P27338,P28221,779
P27338,P06276,809
P27338,P08908,735
P27338,P08319,919
P27338,P11766,923
P27338,P30837,941
P27338,P33261,944
P27338,Q04760,833
P27338,P30838,952
P27338,P49419,945
P27338,P19801,971
P27338,P05091,975
P27338,P21917,785
P27338,P07327,928
P27338,P21397,965
P27338,Q16853,974
P27338,P40394,918
P27338,P43353,948
P27338,P09172,984
P27338,P51648,959
P27338,P37840,815
P27338,P08684,953
P27338,Q05940,792
P27338,P10635,961
P27338,Q06278,969
P27338,Q01959,882
P27338,P20711,987
P27338,P07101,792
P27338,P28222,802
P27338,P14902,936
P27338,P28335,800
P27338,P48448,936
P27338,Q16613,937
P27338,P00326,931
P27338,P31645,868
P27338,P00325,934
P27338,P17752,756
P27338,P21964,996
P27338,P23560,708
P27338,P49189,940
P27338,P22303,910
Q13303,P17658,952
Q13303,Q9NSA2,778
Q13303,P22001,992
Q13303,P22460,974
Q13303,Q96RP8,734
Q13303,P22459,991
Q13303,P16389,999
Q13303,Q9BQ31,739
Q13303,Q8TDN1,765
Q13303,O43525,730
Q13303,O95259,728
Q13303,Q96KK3,700
Q13303,P51787,700
Q13303,Q14721,822
Q13303,Q9NZV8,886
Q13303,Q05513,783
Q13303,Q09470,995
Q13303,Q96PR1,771
Q13303,Q03721,844
Q13303,Q6PIU1,840
Q13303,Q14003,785
Q13303,O43526,743
Q13303,Q9UK17,798
Q13303,Q9H3M0,747
Q13303,Q92953,771
Q13303,P48547,891
Q13303,Q16322,844
O15350,Q13547,745
O15350,P04637,985
O15350,P01106,706
O15350,Q00987,998
O15350,P00519,909
Q16790,Q16665,944
Q16790,O43570,739
Q16790,P11166,849
Q16790,Q9H6Z9,764
P43657,P01019,904
P43657,Q99677,906
P43657,P00734,901
P43657,P11229,931
P43657,P08172,901
P49916,P12004,916
P49916,P39748,914
P49916,Q96FI4,861
P49916,P78527,814
P49916,P09874,990
P49916,Q9UGN5,991
P49916,Q969S2,760
P49916,P18858,785
P49916,P06746,999
P49916,P11387,811
P49916,Q07864,879
Q05513,P27361,926
Q05513,Q13303,783
Q05513,P41743,989
Q05513,Q13164,942
Q05513,P31749,974
Q05513,P00533,707
Q05513,P15153,934
Q05513,P28482,919
Q05513,P67775,922
Q05513,P14598,856
Q05513,P27986,933
Q05513,Q05655,780
Q05513,O15530,960
Q05513,P48736,927
Q05513,P42336,925
Q05513,O00329,916
Q05513,P49841,955
Q05513,Q04206,760
Q05513,P42338,928
Q05513,P04637,933
Q05513,P62714,911
Q05513,Q07021,762
O14764,P14867,792
O14764,O14649,719
O14764,P30531,932
O14764,Q16445,801
O14764,P28472,959
O14764,P31644,747
O14764,Q9UBS5,866
O14764,O75899,815
O14764,P18507,768
O14764,P48169,973
O14764,Q8N1C3,769
O14764,Q15111,916
O14764,P35498,729
O14764,O00305,799
O14764,P47869,720
O14764,P51788,776
O14764,Q07699,786
O14764,P18505,720
P04839,P05231,708
P04839,P12931,721
P04839,O60603,786
P04839,P06702,792
P04839,P05164,767
P04839,P47989,782
P04839,Q05655,930
P04839,P60709,720
P04839,Q16539,788
P04839,P00441,876
P04839,P53778,752
P04839,P59796,736
P04839,P10415,706
P04839,Q15080,999
P04839,P63000,888
P04839,P01019,771
P04839,P18283,753
P04839,P01375,721
P04839,P01584,746
P04839,O75715,736
P04839,P29474,702
P04839,Q8TED1,743
P04839,P19878,999
P04839,P15153,999
P04839,P28482,926
P04839,P09601,712
P04839,P08253,957
P04839,P14598,999
P04839,P07333,782
P04839,O00206,902
P04839,Q15759,751
P04839,P30556,730
P04839,P29475,700
P04839,P13498,999
P04839,Q9Y5S8,998
P04839,P27361,955
P04839,P19320,959
P04839,P31749,994
P04839,O15264,750
P04839,P14780,963
P04839,Q96SL4,743
P04839,P22352,739
P10768,O14561,750
P10768,P23141,795
P10768,Q00796,889
P10768,P00325,864
P10768,P00326,863
P10768,Q16775,801
P10768,P52209,728
P10768,P08319,891
P10768,Q04760,904
P10768,P11766,998
P10768,P40394,838
P10768,P07327,874
P51843,O95718,861
P51843,P62913,720
P51843,P05093,767
P51843,Q01718,751
P51843,P84098,730
P51843,P62508,764
P51843,P08686,744
P51843,P62917,724
P51843,P10275,865
P51843,P11511,765
P51843,P05108,842
P51843,P37231,801
P09884,Q9NR33,985
P09884,P23921,836
P09884,P39748,876
P09884,P12004,987
P09884,P56282,996
P09884,P18858,761
P09884,P24941,842
P09884,Q14181,999
P09884,Q07864,997
P09884,Q9NRF9,985
P51172,P51170,912
P51172,Q8IWT1,738
P51172,P51168,928
P51172,P35499,758
P51172,O60939,779
P51172,Q14524,742
P51172,Q99250,731
P51172,Q02928,818
P51172,Q9NY72,737
P51172,P37088,895
P51172,Q8TD43,734
P51172,Q07699,753
P51172,Q9Y5Y9,746
Q9Y5K3,P27361,905
Q9Y5K3,P49585,974
Q9Y5K3,P45984,906
Q9Y5K3,Q8TCT1,912
Q9Y5K3,P28482,905
Q9Y5K3,P45983,906
P12004,P49916,916
P12004,P39748,999
P12004,P04637,913
P12004,P50613,909
P12004,P09884,987
P12004,P26358,991
P12004,P23921,933
P12004,P38936,999
P12004,Q00534,981
P12004,P11802,996
P12004,P09874,872
P12004,P11388,789
P12004,P31350,828
P12004,O15304,740
P12004,O00764,787
P12004,Q00535,784
P12004,Q7LG56,702
P12004,P61769,770
P12004,P06493,930
P12004,Q14181,929
P12004,P24941,951
P12004,P04818,913
P12004,P18858,999
P12004,P56282,725
P12004,P06746,802
P12004,P24385,989
P12004,Q07864,988
P05305,P35968,716
P05305,P05231,765
P05305,P01133,795
P05305,P13500,791
P05305,P25101,999
P05305,P00750,739
P05305,P01308,797
P05305,P28222,769
P05305,P14416,731
P05305,P01019,953
P05305,P43115,757
P05305,P24530,999
P05305,P30542,736
P05305,P01584,803
P05305,P01375,732
P05305,P00797,914
P05305,P29474,884
P05305,P01042,827
P05305,P07550,812
P05305,P09601,735
P05305,P08253,958
P05305,P12821,779
P05305,P30556,898
P05305,P37231,724
P05305,P25098,714
P05305,P09038,762
P05305,P30939,703
P05305,P05121,755
P05305,P19320,722
P05305,P30411,935
P05305,P08908,737
P05305,P14780,963
P05305,P10145,803
P05305,P28221,730
P05305,P30559,783
P05305,P46663,929
P47989,P22352,881
P47989,P00491,997
P47989,Q96SL4,883
P47989,Q9Y5S8,820
P47989,P00390,733
P47989,P29475,923
P47989,Q96S37,726
P47989,P04839,782
P47989,O00206,820
P47989,P14598,700
P47989,P12821,724
P47989,P35354,704
P47989,O75715,884
P47989,P29474,828
P47989,Q8TED1,884
P47989,P00813,761
P47989,P00492,945
P47989,P05177,948
P47989,P59796,884
P47989,P18283,886
P47989,Q96EN8,731
P47989,P11509,933
P47989,P51580,974
P47989,P22303,739
P25100,P46939,847
P25100,P30556,770
P25100,P21731,792
P25100,P35348,909
P25100,P01019,761
P25100,P35368,949
P51812,P03372,700
P51812,P11362,859
P51812,O15530,812
P51812,P16220,883
P51812,Q13164,951
P51812,P27361,984
P51812,P21802,703
P51812,P18848,954
P51812,P28482,989
P15291,O60513,912
P15924,P16615,704
P15924,P04264,816
P15924,P33151,867
P15924,P14923,999
P15924,P05787,869
P15924,P17302,840
P15924,P42574,806
P08559,Q02218,950
P08559,P09622,999
P08559,O95299,715
P08559,P10515,999
P08559,O75306,789
P08559,P00558,750
P08559,P00367,755
P08559,P25705,822
P08559,O75489,730
P08559,P00338,712
P08559,P49821,878
P08559,P40926,884
P08559,Q16654,881
P08559,P31040,876
P08559,P11177,999
P08559,P31930,778
P08559,P50213,749
P08559,P06576,791
P08559,P28331,752
O95139,P56181,999
O95139,O96000,999
O95139,O43678,999
O95139,O43920,999
O95139,O75306,999
O95139,P51970,999
O95139,O95299,999
O95139,O00217,999
O95139,O95168,999
O95139,O75438,999
O95139,O75251,999
O95139,O95182,999
O95139,O43181,999
O95139,P17568,999
O95139,Q86Y39,999
O95139,O15239,999
O95139,O95167,999
O95139,Q9Y6M9,999
O95139,P49821,999
O95139,P03901,996
O95139,P03886,998
O95139,O75489,999
O95139,P03891,998
O95139,P31930,945
O95139,Q9UI09,999
O95139,P11177,770
O95139,O95178,997
O95139,P36542,917
O95139,P56556,999
O95139,O75380,999
O95139,O95169,999
O95139,O75964,830
O95139,Q16718,999
O95139,P30049,887
O95139,Q16795,999
O95139,P03915,999
O95139,O43677,998
O95139,P48047,870
O95139,O14561,999
O95139,P28331,999
O95139,P19404,999
O95139,P56385,798
O95139,O43676,999
O95139,P37840,854
O95139,P03923,995
O95139,P00395,909
O95139,O43674,999
O95139,Q9P0J0,999
O95139,O95298,999
O95139,P03905,999
O95139,O00483,991
O95139,P03897,997
P35754,P00390,980
P35754,Q96SL4,863
P35754,P22352,868
P35754,P78417,856
P35754,Q7LG56,858
P35754,Q9H4Y5,745
P35754,Q16881,923
P35754,P18283,869
P35754,P59796,861
P35754,P31350,800
P35754,O00244,706
P35754,P23921,976
P35754,Q8TED1,863
P35754,O75715,861
P35754,O60760,856
P35754,P10599,966
P02538,P08779,928
P02538,P02533,732
P02538,P13647,915
Q02763,P14210,898
Q02763,P09038,941
Q02763,P33151,901
Q02763,P27986,735
Q02763,P08620,850
Q02763,P01308,791
Q02763,O95750,747
Q02763,P05230,825
Q02763,P05231,726
Q02763,P01133,897
Q02763,P01138,744
Q02763,P23560,739
Q02763,P35968,744
Q02763,P13500,713
Q13885,P60709,832
Q13885,P04406,709
Q13885,P10636,957
Q13885,Q9H169,917
Q13885,Q71U36,999
Q13885,P07437,800
Q13885,P68366,995
Q13885,P04637,709
Q13885,Q9NY65,983
Q13885,P17302,945
Q13885,Q13509,845
Q13885,P63261,725
Q13885,P11142,875
Q13885,P68371,889
Q13885,P68363,999
Q13885,P04350,785
Q13885,Q9BQE3,990
P17516,P51857,908
P17516,P31213,959
P17516,P42330,883
P17516,P28845,950
P17516,P52895,863
P17516,P18405,961
P04278,P01308,883
P04278,Q92731,759
P04278,P03372,729
P04278,P11511,769
P04278,P05543,770
P04278,P02768,996
P04278,P08185,953
P42330,P14061,975
P42330,P52895,997
P42330,P14060,971
P42330,O60218,925
P42330,P16152,971
P42330,P49888,936
P42330,P18405,986
P42330,P20815,929
P42330,P24462,926
P42330,P05181,910
P42330,P17516,883
P42330,P05093,979
P42330,P31213,969
P42330,P26439,981
P42330,P43088,728
P42330,Q03393,902
P42330,O60760,936
P42330,Q16678,937
P42330,P37058,986
P42330,P08684,935
P42330,P11511,956
P42330,P04798,935
P42330,Q92506,936
P42330,P51857,983
P42330,P37059,982
P42330,P41222,944
P42330,Q04828,995
P42330,P05177,924
P42330,P15121,911
P35348,P25100,909
P35348,P61073,795
P35348,P35368,957
P35348,P01019,770
P40939,P23786,841
P40939,P42765,998
P40939,P24752,994
P40939,P33121,764
P40939,Q16134,752
P40939,Q6NVY1,952
P40939,Q99714,973
P40939,Q02218,766
P40939,Q08426,944
P40939,P51659,729
P40939,P49327,702
P40939,P50416,812
P40939,P45954,987
P40939,O43772,720
P40939,P16219,992
Q9NYK1,P14778,762
Q9NYK1,Q9NR96,992
Q9NYK1,Q9NZQ7,752
Q9NYK1,P01579,867
Q9NYK1,P17181,738
Q9NYK1,P09429,897
Q9NYK1,Q9NR97,997
Q9NYK1,P19525,744
Q9NYK1,O00206,940
Q9NYK1,P01375,880
Q9NYK1,P01584,865
Q9NYK1,O15111,744
Q9NYK1,P42081,816
Q9NYK1,Q06187,772
Q9NYK1,P19838,817
Q9NYK1,P05231,888
P50453,P29466,792
P27815,Q8NFM4,802
P27815,O00408,742
P27815,P40145,838
P27815,Q08828,798
P27815,Q9Y233,742
P27815,P55263,920
P27815,O95622,850
P27815,P17612,966
P27815,P49419,972
P27815,Q08462,768
P27815,O60503,830
P27815,O43306,847
P27815,P27707,904
P27815,O60266,822
P27815,P51828,820
P27815,P07550,783
P27815,Q96PN6,767
P27815,P21589,709
P27815,P63244,842
P30825,Q86YN6,904
P30825,P11474,847
P30825,P43007,752
P30825,O95718,842
P30825,P62508,931
P52895,P18405,977
P52895,P42330,997
P52895,P17516,863
P52895,P31213,964
P52895,P37058,758
P52895,P11509,915
P52895,Q04828,998
Q04828,P15559,705
Q04828,P08684,926
Q04828,P10635,912
Q04828,P04798,939
Q04828,P51857,983
Q04828,P11509,915
Q04828,P08686,917
Q04828,P05093,955
Q04828,P26439,957
Q04828,P31213,949
Q04828,P42330,995
Q04828,P05181,923
Q04828,P14060,949
Q04828,P18405,975
Q04828,P52895,998
O95718,P00533,848
O95718,P11474,824
O95718,P62508,748
O95718,P51843,861
O95718,P30825,842
P17936,P02751,967
P17936,P19793,931
P17936,P07288,813
P17936,P04637,901
P17936,P35858,999
P17936,P05231,733
P17936,Q13219,743
P17936,P01308,995
P17936,P78527,822
P17936,P08069,960
P17936,P23246,768
P17936,P00747,874
P17936,P37231,850
P17936,P08253,801
P17936,P00533,981
P17936,P04004,864
P53805,P0DP23,775
P53805,O95644,790
P53805,P49841,842
P07101,P14416,841
P07101,P00374,916
P07101,P01308,725
P07101,P00505,942
P07101,P17174,939
P07101,P20711,995
P07101,P15121,922
P07101,Q01959,950
P07101,P42574,709
P07101,P63104,878
P07101,P27338,792
P07101,Q05940,966
P07101,P01303,830
P07101,P37840,997
P07101,P09417,972
P07101,P09172,973
P07101,P21964,789
P07101,P23560,837
P07101,P01138,791
P07101,P00439,826
P07101,P14679,963
P07101,P01100,741
P07101,Q86XF0,937
P07101,P01189,748
P07101,O60218,921
P07101,Q99259,746
P07101,P28329,881
P07101,P21397,785
P07101,P31946,718
P07101,P21917,708
P07101,P17735,929
P07101,P07202,924
P07101,P23975,771
P46597,P12236,849
P46597,P30837,906
P46597,P49419,905
P46597,P05091,915
P46597,P05177,939
P46597,P14902,927
P46597,P51648,912
P46597,Q06278,918
P46597,P04798,925
P46597,Q16678,933
P46597,P17752,760
P46597,P49189,916
P46597,Q16613,994
Q86VZ1,O60674,759
P23378,P00374,900
P23378,Q93088,823
P23378,P14920,967
P23378,P13196,926
P23378,P21549,957
P23378,Q9BYV1,955
P23378,Q9Y617,735
P23378,P48728,999
P23378,O43175,869
P23378,P22557,927
P23378,P13995,972
P23378,Q99707,846
P23378,Q06203,716
P23378,P31939,756
P23378,P42898,930
P23378,P49448,865
P23378,P34897,998
P23378,Q05329,816
P23378,P00367,877
P23378,P30038,862
P23378,Q86XF0,884
P23378,P34896,998
P23378,P04818,919
P23378,P10515,765
P23378,P78330,704
P23378,P11586,908
P23378,P09622,995
P23378,Q99259,827
P23378,Q9H2M3,810
P23378,P22102,968
P23378,Q14749,929
Q14571,P17612,937
Q14571,P0DP23,957
Q14571,P16615,722
Q14571,P05129,909
Q14571,P17252,919
Q14571,O43306,740
Q14571,P21796,787
Q14571,Q14643,943
Q14571,P05771,917
Q14571,Q14573,953
Q14571,P43405,720
Q14571,Q06187,712
Q8TC12,Q9NYR8,747
Q8TC12,O75911,729
Q8TC12,Q6NUM9,928
Q8TC12,O43174,952
Q8TC12,P00352,951
Q8TC12,P09455,910
Q8TC12,P47895,956
Q8TC12,O95237,965
Q8TC12,Q92781,938
Q8TC12,O94788,949
Q8TC12,Q96NR8,903
Q8TC12,Q06278,914
P12236,P30405,965
P12236,P99999,961
P12236,P05141,969
P12236,P15509,785
P12236,P12235,917
P12236,P06576,815
P12236,Q02156,915
P12236,Q9P0J0,721
P12236,P46597,849
P12236,P21796,997
P12236,P25705,815
P12236,P30536,946
P49336,P17676,786
P49336,Q16665,787
P49336,P04637,726
P49336,P38936,776
P49336,P09874,762
P49336,P01106,707
P49336,Q92793,702
P49336,P50750,823
P49336,Q86YN6,900
Q6W5P4,P61927,769
Q6W5P4,P39023,856
Q6W5P4,P50579,724
Q6W5P4,P40429,871
Q6W5P4,Q96L21,770
Q6W5P4,P25705,745
Q6W5P4,Q9UHA3,943
Q6W5P4,P49411,940
Q6W5P4,P62913,957
Q6W5P4,P84098,959
Q6W5P4,P61313,959
Q6W5P4,P63244,809
Q6W5P4,P08865,849
Q6W5P4,P62829,949
Q6W5P4,Q9UNX3,858
Q6W5P4,P15880,943
Q6W5P4,P62750,950
Q6W5P4,P62917,949
Q6W5P4,P56537,857
Q9NZQ7,P01579,899
Q9NZQ7,P31749,720
Q9NZQ7,P00533,870
Q9NZQ7,P42345,711
Q9NZQ7,P15056,799
Q9NZQ7,P06239,715
Q9NZQ7,P12314,712
Q9NZQ7,P04626,798
Q9NZQ7,P60568,854
Q9NZQ7,P14902,902
Q9NZQ7,P08922,761
Q9NZQ7,P42081,972
Q9NZQ7,P08581,743
Q9NZQ7,P61073,752
Q9NZQ7,P01584,735
Q9NZQ7,P01375,807
Q9NZQ7,Q9NYK1,752
Q9NZQ7,P04637,776
Q9NZQ7,P05231,799
Q9NZQ7,P05089,721
Q9NZQ7,P40933,717
Q9NZQ7,Q9UM73,818
Q9NZQ7,P01137,781
O60674,P08581,920
O60674,P15509,879
O60674,P43405,851
O60674,P18031,980
O60674,P25024,764
O60674,P27797,797
O60674,P17787,900
O60674,P26951,879
O60674,P61073,874
O60674,P04049,803
O60674,O00329,938
O60674,P01584,806
O60674,P01375,801
O60674,P48736,714
O60674,P42336,980
O60674,P35225,845
O60674,P08631,842
O60674,P10415,720
O60674,P60568,896
O60674,P08069,981
O60674,Q9UQQ2,988
O60674,P09619,954
O60674,P07900,791
O60674,Q9UM73,936
O60674,P02751,824
O60674,Q16665,784
O60674,Q99062,983
O60674,P35968,926
O60674,P43681,903
O60674,P04637,728
O60674,P12931,917
O60674,P42338,935
O60674,Q86VZ1,759
O60674,P32927,992
O60674,P22607,921
O60674,P05231,995
O60674,P42345,742
O60674,P10145,758
O60674,P06213,797
O60674,P31749,732
O60674,P00533,986
O60674,P05113,889
O60674,Q02750,757
O60674,P29597,997
O60674,P51692,999
O60674,P06241,777
O60674,P24385,852
O60674,P32297,902
O60674,P27361,783
O60674,P01100,715
O60674,P01579,998
O60674,P30926,900
O60674,P17181,965
O60674,P27986,987
O60674,Q15825,900
O60674,P08700,978
O60674,P30556,719
O60674,P04626,966
O60674,P21802,921
O60674,P48551,968
O60674,O00206,793
O60674,P23458,999
O60674,P07948,931
O60674,P16234,929
O60674,P10721,707
O60674,P28482,794
O60674,P52333,975
O60674,P29350,984
O75600,Q00796,702
O75600,P48728,704
P22102,P13995,999
P22102,Q06203,999
P22102,Q99707,961
P22102,P23378,968
P22102,P31939,999
P22102,P42898,737
P22102,P20839,773
P22102,P34897,999
P22102,P00374,989
P22102,P21549,805
P22102,P48728,961
P22102,P78330,728
P22102,P11586,999
P22102,P39023,805
P22102,Q05932,768
P22102,Q12882,726
P22102,Q86XF0,989
P22102,P27708,877
P22102,P17181,762
P22102,P12268,811
P22102,P34896,999
P22102,Q02127,758
P22102,P04818,895
P27348,P04637,739
P27348,P08238,735
P27348,P49841,724
P27348,P36507,713
P27348,P49674,908
P27348,Q9UQL6,803
P27348,P07900,763
P27348,P56524,894
P27348,P63104,988
P27348,P37840,809
P27348,P10636,958
P27348,P04049,993
P27348,P62258,984
P27348,P31946,978
P27348,P00519,810
P27348,P05067,854
P27348,P10398,985
P27348,Q02750,788
P27348,P06493,724
P27348,Q8WUI4,742
P27348,P15056,997
P27348,P00533,823
P27348,Q04917,911
Q07912,P00533,868
Q07912,P31749,745
Q07912,P08631,831
Q07912,P10275,823
Q07912,P08238,702
Q07912,P12931,786
Q07912,P07900,841
Q8TDN2,Q13956,978
Q9HD40,Q96I15,715
Q70Z44,A5X5Y0,890
Q70Z44,O95264,986
Q70Z44,Q8WXA8,995
Q70Z44,P46098,995
Q09470,P78352,898
Q09470,P22001,966
Q09470,P35498,742
Q09470,P62750,736
Q09470,O00555,892
Q09470,P17658,985
Q09470,O00305,777
Q09470,Q99250,840
Q09470,Q14722,995
Q09470,P22459,987
Q09470,P16389,995
Q09470,Q13303,995
Q09470,O15554,742
Q09470,Q9UQD0,850
Q09470,Q16322,728
Q06323,P28065,993
Q06323,P28062,985
Q06323,P49721,984
Q06323,P25788,986
Q06323,P20618,986
Q06323,P01579,975
Q06323,P28074,988
Q06323,P01375,920
Q06323,P17980,808
Q06323,P40306,983
Q06323,P54578,795
Q7Z3S7,O95180,828
Q7Z3S7,O60359,915
Q7Z3S7,Q02641,930
Q7Z3S7,Q9BXT2,901
Q7Z3S7,Q00975,820
Q7Z3S7,Q9UBN1,937
Q7Z3S7,Q8WXS5,923
Q7Z3S7,P62942,720
Q7Z3S7,P54652,720
Q7Z3S7,O43497,704
Q7Z3S7,Q13698,959
Q7Z3S7,Q08289,948
Q7Z3S7,P54289,928
Q7Z3S7,P54284,990
Q7Z3S7,Q9Y698,791
Q7Z3S7,Q15878,809
Q7Z3S7,O00555,932
Q7Z3S7,O00305,961
Q7Z3S7,Q13936,984
Q7Z3S7,P21817,754
Q7Z3S7,Q01668,971
Q7Z3S7,Q06432,962
Q7Z3S7,P62955,930
Q7Z3S7,O60840,980
P08912,P11229,905
P08912,P41594,946
P08912,P20309,933
P08912,P01042,903
P35462,P21728,801
P35462,P21917,943
P35462,Q01959,784
P35462,P59768,941
P35462,P23560,841
P35462,P21964,783
P35462,P31645,787
P22352,Q8TED1,929
P22352,Q03013,757
P22352,P09211,840
P22352,O75715,902
P22352,P01584,742
P22352,P01375,727
P22352,P46439,766
P22352,P42574,741
P22352,O14880,733
P22352,Q7RTV2,728
P22352,P47989,881
P22352,Q16881,894
P22352,P08263,871
P22352,P18283,913
P22352,P48637,945
P22352,P10620,788
P22352,P15559,733
P22352,P00441,887
P22352,P09210,805
P22352,P10415,725
P22352,P01308,717
P22352,P59796,902
P22352,P10599,925
P22352,P30041,967
P22352,P36969,936
P22352,P35754,868
P22352,P05231,733
P22352,P32119,765
P22352,Q14145,727
P22352,O60760,891
P22352,P02649,715
P22352,P99999,737
P22352,P21266,803
P22352,P19440,820
P22352,P78417,818
P22352,P28161,822
P22352,P09917,940
P22352,O15217,831
P22352,O95479,826
P22352,Q96SL4,927
P22352,Q99735,758
P22352,P02768,716
P22352,P00390,996
P22352,P27169,745
P22352,Q16772,797
P22352,P16050,933
P22352,P24298,795
P22352,Q06830,794
P22352,P04839,739
P22352,P10632,910
P22352,Q9H4Y5,799
P22352,P49908,898
P22352,P09488,844
P22352,P09601,844
P37023,P62942,751
P37023,P12644,908
P37023,P33151,717
P37023,Q04771,966
P37023,P01137,958
O43525,P63252,933
O43525,P15382,867
O43525,P0DP23,984
O43525,O43526,999
O43525,Q9UNX9,919
O43525,Q13303,730
O43525,Q9UQD0,823
O43525,P56696,956
O43525,Q9NR82,998
O43525,Q99250,859
O43525,P51787,934
O43525,P43681,752
O43525,Q07699,757
O43525,P48050,943
O43525,Q14722,747
O43525,P35498,845
O43525,Q14500,934
Q9UM73,Q9NZQ7,818
Q9UM73,P06753,905
Q9UM73,P52333,950
Q9UM73,P04626,775
Q9UM73,P23458,944
Q9UM73,P27986,973
Q9UM73,P10644,715
Q9UM73,P01106,896
Q9UM73,P67936,846
Q9UM73,O00329,927
Q9UM73,P42336,979
Q9UM73,O60674,936
Q9UM73,P36896,932
Q9UM73,P31939,932
Q9UM73,P08238,756
Q9UM73,P04637,772
Q9UM73,P12931,813
Q9UM73,P42338,935
Q9UM73,P01137,788
Q9UM73,P07900,762
Q9UM73,P02751,744
P18283,Q8TED1,930
P18283,O75715,910
P18283,P01375,725
P18283,P01584,754
P18283,P09211,837
P18283,Q03013,755
P18283,O14880,735
P18283,P42574,769
P18283,P46439,750
P18283,P47989,886
P18283,Q7RTV2,757
P18283,P48637,945
P18283,P08263,838
P18283,Q16881,910
P18283,P01308,725
P18283,P59796,912
P18283,P10415,730
P18283,P09210,825
P18283,P10620,784
P18283,P15559,802
P18283,P00441,885
P18283,P05164,710
P18283,P10599,938
P18283,P30041,967
P18283,P36969,939
P18283,P35754,869
P18283,Q14145,772
P18283,P32119,757
P18283,P05231,748
P18283,O60760,897
P18283,P99999,737
P18283,P21266,790
P18283,P04637,802
P18283,P28161,814
P18283,P19440,748
P18283,P78417,817
P18283,Q96SL4,935
P18283,Q99735,848
P18283,O95479,820
P18283,P22352,913
P18283,O15217,821
P18283,P09917,939
P18283,P02768,721
P18283,P27169,747
P18283,P00390,997
P18283,Q16772,797
P18283,Q06830,796
P18283,P24298,797
P18283,P16050,933
P18283,Q9H4Y5,798
P18283,P10632,910
P18283,P04839,753
P18283,P49908,859
P18283,P09488,836
P18283,P09601,850
P25391,Q7L0J3,765
P25391,P08648,746
P25391,P07942,983
P25391,P08514,801
P25391,Q16787,702
P25391,O15230,951
P25391,P05106,817
P25391,P06756,724
P25391,P11047,944
Q8TDS4,P01303,791
Q8TDS4,P49019,999
P62955,P42261,873
P62955,Q14957,772
P62955,P46098,722
P62955,Q05586,782
P62955,P54289,965
P62955,P48058,875
P62955,Q08289,801
P62955,P05129,843
P62955,Q13698,913
P62955,Q9BXT2,933
P62955,Q00975,787
P62955,O15399,795
P62955,Q02641,885
P62955,P42262,883
P62955,Q13224,767
P62955,Q12879,772
P62955,Q9NY47,837
P62955,O60359,939
P62955,O95180,798
P62955,O43497,789
P62955,P54652,755
P62955,P62942,733
P62955,Q8WXS5,944
P62955,Q9UBN1,951
P62955,Q13936,923
P62955,P42263,858
P62955,Q9UF02,751
P62955,O00305,936
P62955,O60840,919
P62955,Q01668,977
P62955,Q06432,976
P62955,P62714,703
P62955,P21817,732
P62955,P78352,865
P62955,Q7Z3S7,930
P62955,Q9Y698,801
P62955,P54284,942
P62955,Q8TCU5,804
P62955,Q15878,796
P62955,O60391,816
P40429,P07437,856
P40429,P62913,999
P40429,P49411,964
P40429,P31040,818
P40429,P62829,999
P40429,P63244,999
P40429,P61313,999
P40429,P08865,999
P40429,P84098,999
P40429,P63104,778
P40429,P04406,999
P40429,P60842,861
P40429,P60709,731
P40429,Q9UNX3,996
P40429,P68104,989
P40429,P56537,980
P40429,P62750,999
P40429,P62917,999
P40429,P15880,999
P40429,P62937,727
P40429,P39023,999
P40429,P61927,999
P40429,P30086,784
P40429,P50579,717
P40429,P55769,731
P40429,O00303,849
P40429,Q96L21,996
P40429,Q6W5P4,871
P40429,Q9UHA3,980
P40429,P61769,750
P40429,P00450,746
Q9UNX9,Q9NR82,930
Q9UNX9,Q14500,906
Q9UNX9,P56696,917
Q9UNX9,O43525,919
Q9UNX9,P48050,906
Q9UNX9,O43526,925
Q9UNX9,P51787,917
Q9UNX9,P63252,905
P05187,Q03393,902
P05187,P10696,791
P05187,Q9H3S4,902
Q02338,P24752,746
P02786,P11142,969
P02786,P02768,880
P02786,P06239,805
P02786,P02787,999
P02786,P00533,832
P02786,P61769,998
P02786,P10721,773
P02786,P02794,995
P02786,P02788,889
P02786,P02792,921
P02786,P04406,753
P02786,P60709,761
P02786,P60568,743
P02786,P01375,725
P02786,P29317,724
P02786,P15144,832
P48048,P41180,884
P48048,P55017,965
P48048,P51170,715
P48048,P37088,707
P48048,P51168,743
P48048,Q12791,802
P48048,Q13621,988
P48048,P13569,925
P10644,O43741,764
P10644,P31323,954
P10644,P01189,730
P10644,P06753,746
P10644,P07949,758
P10644,P17612,999
P10644,O60503,710
P10644,P17735,785
P10644,Q9HCR9,921
P10644,O95263,843
P10644,Q9UM73,715
P10644,Q9UGJ0,783
Q9NY72,Q15842,731
Q9NY72,Q9Y6H6,890
Q9NY72,P51170,742
Q9NY72,Q9Y6J6,760
Q9NY72,O95180,721
Q9NY72,O60939,995
Q9NY72,Q9UQD0,829
Q9NY72,Q8WWG9,715
Q9NY72,P35498,805
Q9NY72,P51172,737
Q9NY72,Q9Y5Y9,901
Q9NY72,P35499,949
Q9NY72,Q07699,866
Q9NY72,Q8TD43,877
Q9NY72,Q08289,846
Q9NY72,P51168,737
Q9NY72,Q15858,796
Q9NY72,P54289,712
Q9NY72,Q9UJ90,733
Q9NY72,Q8IWT1,984
Q9NY72,Q9NY46,828
Q9NY72,Q9UI33,739
Q9NY72,P37088,744
Q9NY72,Q14524,968
Q9NY72,Q99250,950
Q9NY72,Q01118,973
Q9NY72,Q9UK17,741
Q9NY72,Q13936,792
P09172,P00439,720
P09172,P21917,784
P09172,P23975,723
P09172,P28329,764
P09172,Q16853,902
P09172,P21397,987
P09172,P27338,984
P09172,P01303,778
P09172,Q05940,702
P09172,P14416,748
P09172,P08913,711
P09172,P07101,973
P09172,Q01959,815
P09172,P20711,984
P09172,P21964,979
Q9Y234,Q9Y6H6,865
Q9Y234,P49327,805
Q9Y234,O43766,998
Q9Y234,P11177,821
Q9Y234,P09622,734
Q9Y234,P10515,970
Q14145,Q8TED1,737
Q14145,O75715,727
Q14145,O14920,997
Q14145,P04406,721
Q14145,P19838,733
Q14145,P29466,709
Q14145,P18283,772
Q14145,P15559,953
Q14145,Q96FI4,748
Q14145,P10415,920
Q14145,P59796,727
Q14145,P10599,771
Q14145,P07900,949
Q14145,O75340,734
Q14145,P04637,810
Q14145,P08238,933
Q14145,P55072,723
Q14145,Q04206,956
Q14145,P22352,727
Q14145,Q96SL4,741
Q14145,P31749,724
Q14145,P00533,746
Q14145,P00390,712
Q14145,Q08257,787
Q14145,Q99497,915
Q14145,Q969S2,999
Q14145,P09601,934
P15328,Q04609,817
P15328,P04818,729
P15328,P00533,721
P51606,P07686,903
P51606,Q9UJ70,950
P51606,P30518,837
P51606,P00797,871
P51606,P32004,826
P21728,P42261,740
P21728,Q12879,772
P21728,P01189,938
P21728,Q9Y5N1,782
P21728,P31645,763
P21728,Q9NYX4,952
P21728,P23560,795
P21728,P43681,709
P21728,P21964,715
P21728,P59768,834
P21728,Q01959,906
P21728,P35462,801
P21728,P21918,818
P21728,P78352,735
P21728,P30542,702
Q9NRX3,O75489,726
Q9NRX3,Q9Y6M9,824
Q9NRX3,O00483,904
Q9NRX3,Q9P0J0,746
Q9NRX3,O43674,805
Q9NRX3,O43181,709
Q9NRX3,O95182,804
Q9NRX3,O15239,710
Q9NRX3,P17568,726
Q9NRX3,O95169,821
Q9NRX3,P56556,774
Q9NRX3,O00217,736
Q9NRX3,O95168,767
Q9NRX3,Q16718,794
Q9NRX3,Q9UI09,917
Q9NRX3,O75306,711
Q9NRX3,O43678,741
P14923,P00533,847
P14923,P33151,893
P14923,P04626,717
P14923,P55287,803
P14923,Q9UJU2,971
P14923,P17302,761
P14923,P15924,999
P14923,Q92736,804
P13995,Q9H2M3,731
P13995,P11586,979
P13995,P08243,717
P13995,P22102,999
P13995,Q05932,925
P13995,P34896,997
P13995,P04818,994
P13995,P31939,992
P13995,P42898,993
P13995,Q06203,726
P13995,Q99707,769
P13995,P23378,972
P13995,P34897,997
P13995,P48728,990
P13995,Q9Y617,763
P13995,P00374,742
P13995,Q93088,738
P13995,O43175,722
P23743,O14939,805
P23743,P16233,707
P23743,Q13393,746
P07225,P38435,991
P07225,P04070,859
P07225,P08493,880
P07225,P04003,801
P07225,Q9BQB6,864
P07225,P0C0L5,953
P07225,P02671,764
P07225,P02818,741
P07225,P01008,743
P07225,P20851,874
P07225,P05546,801
P09525,P60903,802
Q02641,Q06432,997
Q02641,Q01668,990
Q02641,P21817,746
Q02641,O60840,886
Q02641,P62955,885
Q02641,Q9UF02,810
Q02641,Q13936,988
Q02641,O00555,919
Q02641,Q15878,882
Q02641,Q9Y698,847
Q02641,P54284,937
Q02641,Q7Z3S7,930
Q02641,Q13698,995
Q02641,P54289,999
Q02641,Q08289,942
Q02641,Q9UBN1,928
Q02641,Q8WXS5,900
Q02641,O43497,779
Q02641,Q9NY47,947
Q02641,O60359,912
Q02641,O95180,761
Q02641,Q8IZS8,926
Q02641,Q00975,982
P08243,O43175,829
P08243,Q6ZQY3,865
P08243,P04181,832
P08243,P00966,976
P08243,P00505,973
P08243,P17174,969
P08243,P45381,908
P08243,Q9Y617,864
P08243,P21549,770
P08243,P34897,778
P08243,Q86U10,794
P08243,P17676,769
P08243,P13995,717
P08243,Q05329,860
P08243,P27708,945
P08243,P00367,748
P08243,P41252,804
P08243,P49588,840
P08243,Q8N5Z0,777
P08243,Q99259,877
P08243,P78330,708
P08243,P18848,928
P07098,P33121,703
P07098,P16233,998
P12814,P06756,739
P12814,P05106,860
P12814,P63261,972
P12814,P06396,843
P12814,P06753,715
P12814,P08648,965
P12814,P23528,915
P12814,P09493,887
P12814,P60709,985
P12814,P12931,851
P12814,Q13936,940
P12814,P08514,750
O60658,Q96PN6,712
O60658,P40145,730
O60658,Q8NFM4,736
O60658,O60266,722
O60658,P51828,728
O60658,P27707,913
O60658,O43306,738
O60658,O95263,937
O60658,O60503,721
O60658,P49419,842
O60658,O95622,723
O60658,P55263,905
P05156,O75636,700
P05156,P04003,816
P05156,P02748,707
P05156,P20851,812
P05156,P05546,700
P05156,P0C0L5,954
P05156,P00734,773
P05156,P08603,999
P05156,P01024,999
P05156,P00751,970
P05156,P07204,886
P54652,P54284,728
P54652,Q9Y698,720
P54652,Q7Z3S7,720
P54652,P21817,736
P54652,O60603,909
P54652,Q06432,727
P54652,Q01668,720
P54652,P62955,755
P54652,P07900,896
P54652,O60840,720
P54652,O00305,733
P54652,P08238,899
P54652,P34932,804
P54652,Q13936,720
P54652,Q8WXS5,744
P54652,Q9UBN1,720
P54652,P62942,764
P54652,O95180,725
P54652,O60359,734
P54652,P45984,905
P54652,Q9BXT2,720
P54652,P11142,884
P54652,Q92598,905
P54652,Q13698,724
P54652,Q08289,732
P54652,P54289,730
P54652,P31948,862
P54652,P45983,906
P24298,P06276,829
P24298,P05181,740
P24298,Q96SL4,813
P24298,P22352,795
P24298,P02647,779
P24298,P00367,958
P24298,P01579,707
P24298,Q8TD30,921
P24298,O43837,841
P24298,P02768,928
P24298,P00734,918
P24298,Q02218,859
P24298,P12821,720
P24298,P51553,838
P24298,Q8TED1,814
P24298,P01584,774
P24298,P01375,791
P24298,O75715,801
P24298,Q07869,702
P24298,P21549,957
P24298,P04035,805
P24298,Q9BYV1,929
P24298,P18283,797
P24298,P00505,978
P24298,P59796,802
P24298,P01308,884
P24298,P50213,854
P24298,P17174,981
P24298,P05231,828
P24298,P49448,948
P24298,P31040,916
P13196,P22557,905
P13196,P13716,991
P13196,Q9BYV1,915
P13196,P14920,918
P13196,P21549,923
P13196,P34897,925
P13196,P23378,926
P13196,P11474,795
P13196,P34896,929
P13196,Q86YN6,790
P13196,Q14749,904
Q9BQB6,P33261,914
Q9BQB6,O95255,824
Q9BQB6,P00734,836
Q9BQB6,P10632,809
Q9BQB6,P00740,748
Q9BQB6,P20815,720
Q9BQB6,P11712,980
Q9BQB6,P07225,864
Q9BQB6,P51580,786
Q9BQB6,P38435,998
Q9BQB6,P08493,848
Q9BQB6,Q8N0U8,949
Q9BQB6,P10635,779
Q9BQB6,Q9Y6L6,784
Q9BQB6,P15559,942
P21796,P37840,979
P21796,P27797,703
P21796,P10636,975
P21796,P04049,708
P21796,P12532,776
P21796,P05141,991
P21796,Q14573,997
P21796,P02748,900
P21796,P62258,765
P21796,P42574,725
P21796,P04406,915
P21796,P60709,864
P21796,Q02156,943
P21796,P10809,898
P21796,P17540,766
P21796,P00441,996
P21796,P06576,888
P21796,P10415,998
P21796,P12235,986
P21796,P07358,900
P21796,O60603,788
P21796,Q14571,787
P21796,P36542,751
P21796,P30405,999
P21796,P07900,790
P21796,P01031,901
P21796,Q16795,770
P21796,O95169,737
P21796,P08238,817
P21796,P04637,772
P21796,P02649,761
P21796,P31040,769
P21796,P99999,996
P21796,Q16654,829
P21796,Q99623,822
P21796,P12236,997
P21796,P40926,751
P21796,Q14643,996
P21796,P30536,999
P21796,O75489,763
P21796,P07357,903
P21796,P25705,889
P21796,P27824,863
P21796,P11021,813
P21796,P06396,901
P21796,P06733,747
P21796,Q99497,934
P21796,Q99720,848
P04798,Q14994,789
P04798,P47895,958
P04798,P05093,925
P04798,P30405,776
P04798,P19793,714
P04798,P26439,968
P04798,O94788,925
P04798,P56937,932
P04798,P21266,950
P04798,P21964,985
P04798,O60760,968
P04798,Q02928,953
P04798,O75469,742
P04798,P11509,958
P04798,Q16678,937
P04798,Q06278,941
P04798,P10635,936
P04798,P08684,987
P04798,P11511,953
P04798,P03372,785
P04798,Q07869,719
P04798,Q92506,926
P04798,P09211,974
P04798,Q03013,920
P04798,P37059,962
P04798,P35869,973
P04798,P09210,948
P04798,P10620,923
P04798,P15559,746
P04798,Q04828,939
P04798,P08263,961
P04798,P14902,944
P04798,Q7RTV2,928
P04798,O14880,913
P04798,P05177,950
P04798,P46439,920
P04798,P14061,955
P04798,P46597,925
P04798,Q6V0L0,928
P04798,Q16772,933
P04798,P14060,950
P04798,P16152,936
P04798,P49888,948
P04798,O43174,945
P04798,P00352,939
P04798,P09488,991
P04798,Q9H4Y5,921
P04798,P10632,955
P04798,P20815,971
P04798,Q99735,912
P04798,P05181,939
P04798,P24462,956
P04798,O15217,936
P04798,P28161,947
P04798,P78417,925
P04798,P11712,964
P04798,P28845,931
P04798,P42330,935
P06493,Q00987,829
P06493,P55211,763
P06493,P07948,889
P06493,P67775,801
P06493,P24941,994
P06493,P00533,849
P06493,Q02750,837
P06493,P04818,846
P06493,P04183,840
P06493,P24385,998
P06493,Q13547,840
P06493,P07900,910
P06493,P53350,993
P06493,P17302,922
P06493,Q14790,716
P06493,P39748,829
P06493,P12004,930
P06493,Q16665,793
P06493,P34932,739
P06493,Q96GD4,997
P06493,P08238,809
P06493,P04637,962
P06493,P05412,778
P06493,P61024,999
P06493,P50613,976
P06493,P38936,998
P06493,O14965,951
P06493,P23921,777
P06493,P10636,709
P06493,P11388,997
P06493,P10415,920
P06493,O15392,997
P06493,Q16659,802
P06493,P01106,755
P06493,P27348,724
P06493,Q13315,733
P06493,P42574,862
P06493,P31350,973
Q15274,Q8N5Z0,706
Q15274,P49902,912
Q15274,P31040,920
Q15274,Q16719,866
Q15274,P14902,723
P78330,P22102,728
P78330,P08243,708
P78330,O15270,833
P78330,P34896,996
P78330,P20132,951
P78330,O14556,713
P78330,P34897,996
P78330,P23378,704
P78330,O15269,835
P78330,Q96GA7,933
P78330,O43175,938
P78330,P04406,779
P78330,P21549,991
P78330,Q9GZT4,948
P78330,Q9Y617,999
P78330,Q9NUV7,831
P45983,P25963,782
P45983,P15153,953
P45983,P28482,747
P45983,Q15759,913
P45983,P55211,727
P45983,P49585,909
P45983,P01100,986
P45983,P45984,999
P45983,P11142,932
P45983,P24385,724
P45983,P05067,718
P45983,Q02750,934
P45983,P00533,830
P45983,P31749,706
P45983,O15264,910
P45983,P14780,735
P45983,P54652,906
P45983,P42345,702
P45983,P18847,757
P45983,P15336,998
P45983,P05231,938
P45983,P01133,719
P45983,Q04206,975
P45983,P12931,959
P45983,Q9UQF2,999
P45983,P04637,997
P45983,P05412,999
P45983,P06401,921
P45983,P36507,924
P45983,P07900,732
P45983,P42858,930
P45983,Q14790,890
P45983,P16220,762
P45983,Q04759,913
P45983,Q05655,918
P45983,Q02156,917
P45983,P42574,943
P45983,Q16539,955
P45983,Q13315,792
P45983,P19838,987
P45983,Q14457,769
P45983,P53778,911
P45983,P01308,740
P45983,P10415,979
P45983,Q9Y5K3,906
P45983,P63000,877
P45983,P01584,845
P45983,P01375,890
P45983,O95644,951
P45983,P09211,974
P45983,P10636,757
P45983,P38936,808
P45983,Q6NVY1,791
P45983,Q92731,923
P45983,P03372,964
P45983,Q96EB6,727
P63104,P10636,974
P63104,P04049,999
P63104,Q71U36,726
P63104,P42336,759
P63104,P62258,998
P63104,P60709,899
P63104,P04406,773
P63104,Q02156,969
P63104,P27348,988
P63104,P23528,888
P63104,P07101,878
P63104,P08670,746
P63104,P13569,917
P63104,Q16613,972
P63104,P56524,838
P63104,P07900,801
P63104,P49674,909
P63104,P31040,822
P63104,P04637,991
P63104,P08238,835
P63104,P17752,864
P63104,P49841,904
P63104,P10398,993
P63104,Q02750,840
P63104,P15056,999
P63104,P04083,795
P63104,Q04917,972
P63104,P31749,851
P63104,P00533,925
P63104,P40429,778
P63104,P11142,823
P63104,P00558,787
P63104,P22626,704
P63104,P06733,794
P63104,P27986,961
P63104,P07359,979
P63104,Q92945,946
P63104,P04792,766
P63104,P31946,992
P63104,P06753,786
P63104,P04626,808
P63104,P0DP23,837
P63104,P00519,737
Q14123,P00492,900
Q14123,P33402,741
Q14123,P51828,722
Q14123,O60266,800
Q14123,P54750,960
Q14123,P27707,906
Q14123,Q8NFM4,715
Q14123,Q01064,957
Q14123,P40145,801
Q14123,Q96PN6,716
Q14123,Q08828,726
Q14123,P55263,909
Q14123,P0DP23,979
Q14123,O95622,876
Q14123,O60503,723
Q14123,P49419,889
Q14123,Q08462,703
Q14123,P16066,720
Q14123,O43306,779
P10620,P19440,722
P10620,P78417,859
P10620,P28161,832
P10620,O15217,809
P10620,P22352,788
P10620,Q99735,988
P10620,Q96SL4,764
P10620,P05181,924
P10620,P00390,936
P10620,P11712,907
P10620,P30838,719
P10620,Q16772,880
P10620,P11766,710
P10620,P07327,736
P10620,Q9H4Y5,812
P10620,P09488,807
P10620,P43353,712
P10620,Q8TED1,781
P10620,Q03013,802
P10620,P09211,830
P10620,O75715,760
P10620,Q16873,932
P10620,P08684,915
P10620,P04798,923
P10620,P46439,770
P10620,P05177,916
P10620,O14880,982
P10620,Q7RTV2,765
P10620,P08263,824
P10620,P48637,915
P10620,P18283,784
P10620,P09210,789
P10620,P59796,764
P10620,P30041,928
P10620,P36969,921
P10620,Q16678,925
P10620,P11509,907
P10620,P00325,701
P10620,P00326,719
P10620,O60760,911
P10620,P21266,812
P30536,P05108,786
P30536,P21796,999
P30536,P12236,946
P30536,P30405,807
P30536,P12235,937
P30536,P10415,736
P30536,P05141,943
P17050,P07686,943
P11511,P10275,787
P11511,P37059,966
P11511,Q92506,932
P11511,P51857,922
P11511,Q92731,925
P11511,P03372,927
P11511,P08684,950
P11511,P04798,953
P11511,P23945,831
P11511,P06401,883
P11511,P26439,979
P11511,P56937,961
P11511,P31213,961
P11511,P05093,971
P11511,Q16678,739
P11511,P37058,972
P11511,P51843,765
P11511,P31749,748
P11511,P20815,944
P11511,P22888,810
P11511,P42330,956
P11511,P24385,712
P11511,Q99527,712
P11511,P14061,984
P11511,P18405,972
P11511,P49888,959
P11511,P04278,769
P11511,P04626,809
P11511,P14060,988
P61925,P00813,719
P61925,P17612,998
P80404,Q9BYV1,939
P80404,P51648,947
P80404,Q6ZQY3,949
P80404,Q06278,905
P80404,P49448,743
P80404,P49189,945
P80404,Q00796,707
P80404,P48448,942
P80404,P00367,729
P80404,Q9NR19,829
P80404,Q05329,976
P80404,P16219,816
P80404,Q02252,963
P80404,P51649,994
P80404,P31937,938
P80404,Q99259,975
P80404,P43353,942
P80404,P30837,949
P80404,P30838,942
P80404,P49419,954
P80404,Q08426,936
P80404,P05091,945
P80404,Q9NUB1,827
P10828,P04637,705
P10828,P42338,907
P10828,P19793,993
P10828,P10827,938
P10828,Q15788,985
P10828,O15379,776
P10828,P42336,908
P10828,O00329,900
P10828,P28482,912
P10828,P27986,966
P10828,Q92793,709
P10828,Q15596,993
P10828,P27361,916
P10828,P48443,788
P49674,P62258,909
P49674,P15880,830
P49674,P63104,909
P49674,P27348,908
P49674,P08865,812
P49674,P53350,858
P49674,P04637,735
P49674,P35626,923
P49674,P49841,989
P49674,Q04917,932
P49674,Q99835,911
P49674,P25098,911
P49674,P31946,908
P49674,P17612,925
P04406,P11166,737
P04406,P42345,701
P04406,O95479,978
P04406,P24941,791
P04406,P49327,716
P04406,P02818,760
P04406,P21796,915
P04406,P06744,995
P04406,P00338,967
P04406,Q9BYZ2,859
P04406,P05067,980
P04406,P02768,895
P04406,P40429,999
P04406,P11142,986
P04406,P25705,785
P04406,P63261,809
P04406,P52209,751
P04406,P55211,786
P04406,P06733,998
P04406,P30101,848
P04406,P00747,990
P04406,P28482,701
P04406,P62937,846
P04406,P25963,789
P04406,P04075,999
P04406,P04626,806
P04406,P35354,820
P04406,P78330,779
P04406,P05109,723
P04406,P39023,725
P04406,O00206,761
P04406,P27797,757
P04406,P10636,765
P04406,P10275,828
P04406,Q96EB6,892
P04406,P03372,800
P04406,O43175,891
P04406,P62258,733
P04406,P00492,894
P04406,P05177,989
P04406,P63104,773
P04406,P10809,792
P04406,P01106,850
P04406,P15502,708
P04406,P06576,759
P04406,P08670,769
P04406,P23528,772
P04406,P10415,876
P04406,P26447,702
P04406,P13500,729
P04406,Q14790,717
P04406,P01137,811
P04406,P11177,815
P04406,P02751,945
P04406,P84098,766
P04406,P34897,920
P04406,P42858,993
P04406,P05231,879
P04406,P01133,783
P04406,P05412,781
P04406,P23560,709
P04406,P55072,742
P04406,Q13885,709
P04406,P34896,886
P04406,P61769,800
P04406,P29401,978
P04406,P31749,911
P04406,P00533,955
P04406,P02786,753
P04406,P40926,862
P04406,Q03405,809
P04406,P14780,814
P04406,P18669,928
P04406,P01100,722
P04406,P27361,832
P04406,P01579,794
P04406,P42262,729
P04406,P24385,819
P04406,P09038,746
P04406,P05121,745
P04406,P27824,828
P04406,P07864,859
P04406,P00558,999
P04406,P11021,806
P04406,P37231,742
P04406,Q00987,741
P04406,P14618,956
P04406,Q06830,812
P04406,P08758,943
P04406,P09429,740
P04406,P09601,759
P04406,P08253,718
P04406,P37840,769
P04406,P15531,700
P04406,P68104,972
P04406,P01375,849
P04406,P01584,872
P04406,Q6ZMR3,854
P04406,P38936,777
P04406,P15880,741
P04406,P42574,890
P04406,Q14457,757
P04406,P19838,783
P04406,P60709,975
P04406,P11802,723
P04406,P09874,793
P04406,P00441,862
P04406,P60568,813
P04406,P00505,754
P04406,P01308,816
P04406,P10599,824
P04406,Q16665,751
P04406,O14556,936
P04406,P07900,922
P04406,Q13547,762
P04406,P07355,712
P04406,P32119,765
P04406,Q14145,721
P04406,P07437,745
P04406,P60174,999
P04406,P04637,886
P04406,P08238,872
P04406,P22033,827
P04406,P31040,789
P04406,P99999,880
P04406,P34932,901
P04406,P49841,817
P04406,P12931,702
P04406,P61604,702
Q7RTT9,Q05940,932
P35367,Q8NER1,827
P35367,P59768,800
P35367,P19113,798
Q99527,P11511,712
Q99527,P01303,758
Q99527,P00533,843
Q99527,Q92731,943
Q99527,P03372,953
Q99527,P35372,732
Q99527,P01019,810
Q99527,P06401,717
Q99527,P12931,948
Q15080,P32927,795
Q15080,P19878,999
Q15080,Q05655,931
Q15080,Q16539,765
Q15080,P05771,926
Q15080,P53778,722
Q15080,P63000,926
Q15080,P13498,999
Q15080,P15153,999
Q15080,P28482,924
Q15080,P04839,999
Q15080,P08253,912
Q15080,P14598,999
Q15080,Q15759,717
Q15080,O15264,729
Q15080,P14780,936
Q15080,P31749,993
Q15080,P27361,938
Q15080,Q9Y5S8,999
Q15080,P19320,920
P01308,P37840,896
P01308,Q15878,919
P01308,P29474,732
P01308,P01042,796
P01308,Q8TED1,725
P01308,P11362,965
P01308,O00555,926
P01308,O75715,722
P01308,P01375,926
P01308,P01584,896
P01308,P00797,821
P01308,P22455,946
P01308,P07237,851
P01308,Q07869,898
P01308,P08581,823
P01308,Q96EB6,910
P01308,P03372,841
P01308,O14920,721
P01308,P01303,918
P01308,P18031,835
P01308,P04035,717
P01308,P04406,816
P01308,P42574,761
P01308,P19838,875
P01308,Q16539,757
P01308,P60709,801
P01308,P08069,999
P01308,P01106,714
P01308,P08620,821
P01308,P18283,725
P01308,P01019,863
P01308,P60568,735
P01308,P10415,721
P01308,P07101,725
P01308,Q96RI1,774
P01308,P00505,743
P01308,P59796,716
P01308,P10599,847
P01308,P00750,727
P01308,Q16620,801
P01308,P13500,780
P01308,P02766,805
P01308,Q01668,934
P01308,P17676,767
P01308,Q02763,791
P01308,P01137,758
P01308,P16220,776
P01308,P09619,975
P01308,P02751,701
P01308,P36956,890
P01308,P05231,933
P01308,P22607,933
P01308,P49286,730
P01308,P01133,995
P01308,Q5NUL3,744
P01308,P01138,707
P01308,P05412,741
P01308,P35968,850
P01308,P23560,750
P01308,P04637,879
P01308,P02649,920
P01308,P99999,952
P01308,P49841,753
P01308,P29317,734
P01308,Q13936,956
P01308,Q16654,777
P01308,P12931,886
P01308,P05305,797
P01308,Q14654,874
P01308,P11166,849
P01308,P14210,789
P01308,O95477,742
P01308,P61769,833
P01308,P17948,804
P01308,P01189,947
P01308,P22352,717
P01308,P42345,882
P01308,Q96SL4,726
P01308,P31749,953
P01308,P00533,992
P01308,P43220,903
P01308,P06213,999
P01308,O43497,916
P01308,P02647,906
P01308,Q15303,774
P01308,P27361,813
P01308,Q03181,715
P01308,Q09428,909
P01308,P49327,714
P01308,Q8TD30,726
P01308,P11168,942
P01308,P01579,813
P01308,P02818,717
P01308,Q05329,888
P01308,P10997,984
P01308,P02768,999
P01308,P05067,799
P01308,Q00975,919
P01308,P04746,741
P01308,P31639,885
P01308,P09038,842
P01308,P05121,853
P01308,P27487,906
P01308,O43451,883
P01308,P37231,944
P01308,P35916,757
P01308,P08700,728
P01308,P24298,884
P01308,P36888,763
P01308,P27986,824
P01308,P02788,815
P01308,P69905,701
P01308,P04629,996
P01308,P17936,995
P01308,P10721,958
P01308,P28482,763
P01308,P04278,883
P01308,P21802,936
P01308,P12821,849
P01308,P17612,738
P01308,P0DP23,770
P01308,P04626,965
P01308,P16233,717
P01308,P14410,885
P01308,P16234,949
P01308,P12314,777
P01308,P45983,740
P01308,O00206,710
P01308,P07333,781
Q16775,P10768,801
Q16775,Q04760,999
Q14289,P12931,999
Q14289,P08648,917
Q14289,P09769,949
Q14289,P78352,919
Q14289,P08631,930
Q14289,P33151,791
Q14289,P20701,922
Q14289,P07948,990
Q14289,P52333,942
Q14289,P15153,936
Q14289,Q05209,884
Q14289,P05106,872
Q14289,P00533,835
Q14289,P06241,919
Q14289,Q12879,846
Q14289,Q13224,744
P07998,P99999,964
P07998,P02768,772
P10415,P01308,721
P10415,P59796,726
P10415,P12235,771
P10415,P60568,758
P10415,P00441,998
P10415,Q00534,712
P10415,P18283,730
P10415,P09874,917
P10415,P98170,951
P10415,P01106,955
P10415,P11802,815
P10415,P29466,817
P10415,O15304,938
P10415,P08069,781
P10415,Q16539,701
P10415,Q13315,712
P10415,P60709,885
P10415,P19838,818
P10415,Q14457,999
P10415,P04406,876
P10415,P42574,987
P10415,O60674,720
P10415,P02748,750
P10415,P38936,820
P10415,O14920,727
P10415,Q14573,993
P10415,P03372,897
P10415,Q96EB6,744
P10415,P05141,781
P10415,O15111,813
P10415,O75715,726
P10415,P01375,885
P10415,P01584,808
P10415,P61073,759
P10415,P04049,892
P10415,Q8TED1,734
P10415,P12931,860
P10415,P34932,899
P10415,P49841,731
P10415,Q04206,898
P10415,P99999,997
P10415,P23560,793
P10415,P08238,775
P10415,P04637,999
P10415,P05412,927
P10415,Q14145,920
P10415,P04150,767
P10415,P05231,868
P10415,P01031,742
P10415,P02751,785
P10415,P07900,929
P10415,P30405,961
P10415,P16220,925
P10415,Q14790,984
P10415,P62714,904
P10415,Q16665,946
P10415,P07358,724
P10415,P24385,958
P10415,P07357,720
P10415,P45984,957
P10415,P02768,748
P10415,Q9NR28,884
P10415,P21796,998
P10415,P01579,795
P10415,P30536,736
P10415,P27361,985
P10415,P01100,784
P10415,P24941,812
P10415,P14780,804
P10415,Q14643,996
P10415,P00533,839
P10415,P31749,993
P10415,Q96SL4,731
P10415,P43235,928
P10415,P22352,725
P10415,P42345,765
P10415,P06493,920
P10415,P15056,761
P10415,Q02750,749
P10415,P08253,716
P10415,P45983,979
P10415,O00206,724
P10415,P67775,962
P10415,P09601,856
P10415,P04626,849
P10415,P35354,745
P10415,P17612,706
P10415,P25963,730
P10415,P28482,969
P10415,P04839,706
P10415,P18850,716
P10415,P10721,707
P10415,P08758,899
P10415,O14727,993
P10415,Q00987,953
P10415,Q9NRA0,899
P10415,P11021,738
P10415,Q92793,739
P10415,P55211,946
Q92945,P31749,869
Q92945,Q15759,810
Q92945,P52597,959
Q92945,P22626,740
Q92945,P31943,949
Q92945,Q16539,812
Q92945,P14866,766
Q92945,P23246,818
Q92945,P63104,946
Q92945,P09467,782
Q8TCT9,P09601,791
Q8TCT9,P14625,788
Q8TCT9,P55072,851
O15393,P12821,862
O15393,Q9BYF1,999
O15393,P27487,880
O15393,P01019,731
O15393,P00797,738
O15393,P10275,974
P09211,P11766,739
P09211,Q16772,722
P09211,P33261,819
P09211,P30838,758
P09211,Q06830,787
P09211,P09488,808
P09211,P10632,794
P09211,P07327,837
P09211,Q9H4Y5,927
P09211,P45983,974
P09211,P40394,723
P09211,P16455,725
P09211,P78417,915
P09211,P19440,781
P09211,P28161,769
P09211,P00533,713
P09211,P20815,842
P09211,O15217,731
P09211,P22352,840
P09211,P05181,979
P09211,Q99735,812
P09211,Q96SL4,836
P09211,P08319,713
P09211,P00390,952
P09211,P11712,951
P09211,Q9Y2Q3,754
P09211,P30041,973
P09211,P48448,702
P09211,P36969,945
P09211,P00326,762
P09211,P42898,725
P09211,O60760,773
P09211,Q16678,973
P09211,P11509,945
P09211,P00325,767
P09211,P05412,927
P09211,P21266,758
P09211,Q03013,763
P09211,O43708,945
P09211,O75715,815
P09211,Q8TED1,821
P09211,P08684,976
P09211,P10635,734
P09211,P04798,974
P09211,Q7RTV2,817
P09211,P46439,763
P09211,P05177,960
P09211,O14880,817
P09211,P00441,718
P09211,P15559,728
P09211,P10620,830
P09211,P09210,829
P09211,P59796,815
P09211,P08263,746
P09211,P48637,934
P09211,P18283,837
P25705,P00846,999
P25705,Q6W5P4,745
P25705,P12236,815
P25705,P08559,822
P25705,P40926,954
P25705,P21283,736
P25705,Q99437,959
P25705,O75489,932
P25705,P21796,889
P25705,P27449,988
P25705,P49821,958
P25705,Q96L21,766
P25705,Q9Y6M9,814
P25705,O75306,980
P25705,P06733,828
P25705,Q9Y487,775
P25705,Q9Y5K8,934
P25705,Q02218,817
P25705,P10515,800
P25705,P09622,917
P25705,P39023,831
P25705,O00217,801
P25705,O95299,759
P25705,P51553,728
P25705,P62750,978
P25705,P00966,724
P25705,P56385,999
P25705,P62917,837
P25705,P19404,897
P25705,P28331,961
P25705,O14561,767
P25705,Q96A05,857
P25705,Q9BY66,890
P25705,P05141,843
P25705,P48047,999
P25705,P36543,871
P25705,P15880,910
P25705,P00492,845
P25705,P04406,785
P25705,O00483,725
P25705,O43674,829
P25705,P10809,823
P25705,Q16864,911
P25705,P00395,928
P25705,P15313,940
P25705,P06576,999
P25705,P50213,855
P25705,P12235,868
P25705,P08865,741
P25705,P62829,916
P25705,P36542,999
P25705,P56381,999
P25705,P21281,961
P25705,Q8NEY4,728
P25705,P11177,810
P25705,Q9UI09,708
P25705,P31930,970
P25705,Q16795,947
P25705,P30049,999
P25705,Q16718,724
P25705,P62913,984
P25705,P49411,967
P25705,O75964,999
P25705,P38606,950
P25705,P08238,706
P25705,O95169,943
P25705,P31040,972
P25705,P56556,700
Q9Y6F1,P42574,920
Q9Y6F1,P55211,914
O14788,P07333,987
O14788,P00533,756
O14788,P31749,751
O14788,P14780,757
O14788,P43235,896
O14788,P02818,915
O14788,P01100,856
O14788,Q13488,752
O14788,P05231,810
O14788,P12931,876
O14788,P05412,738
O14788,P01375,831
O14788,P01584,854
O14788,O95644,945
O14788,P30988,779
O14788,P19838,768
Q99712,P63252,815
Q9NUV7,P17405,794
Q9NUV7,Q96GA7,840
Q9NUV7,Q9GZT4,834
Q9NUV7,P21549,874
Q9NUV7,P34897,841
Q9NUV7,O15269,998
Q9NUV7,P20132,846
Q9NUV7,P34896,843
Q9NUV7,Q9NRA0,762
Q9NUV7,P02763,912
Q9NUV7,O15270,942
Q9NUV7,P78330,831
Q9NUV7,Q16739,822
P15382,P17612,952
P15382,Q9UK17,748
P15382,Q13936,803
P15382,Q8IWT1,856
P15382,P51787,999
P15382,Q9UJ90,905
P15382,Q92736,767
P15382,Q12809,994
P15382,Q14524,977
P15382,P63252,891
P15382,P48544,799
P15382,Q03721,733
P15382,O43525,867
P15382,O43526,849
P15382,P22460,710
P15382,Q9NZV8,760
P15382,Q8WWG9,914
P15382,P56696,879
P15382,Q9Y6H6,971
Q13464,P42574,959
Q13464,P19838,936
Q13464,P01106,728
Q13464,P23528,924
Q13464,Q16665,711
Q13464,P62745,946
Q13464,P07900,784
Q13464,Q04206,925
Q13464,P19634,966
Q13464,P27361,927
Q13464,O75116,988
Q13464,P28482,922
P31644,P18505,834
P31644,P24046,707
P31644,P47870,788
P31644,Q15111,910
P31644,Q8N1C3,766
P31644,O75899,835
P31644,P18507,776
P31644,Q9UBS5,848
P31644,P28472,808
P31644,P34903,851
P31644,P14867,749
P31644,O14764,747
P31644,P30531,880
P31644,Q99928,766
P62942,P62937,706
P62942,P0DP23,994
P62942,Q13698,918
P62942,Q08289,722
P62942,P54289,721
P62942,O95180,728
P62942,O60359,728
P62942,Q9BXT2,721
P62942,Q9UBN1,723
P62942,Q8WXS5,733
P62942,P54652,764
P62942,P42345,999
P62942,P31749,734
P62942,Q14643,743
P62942,Q92736,982
P62942,Q04771,998
P62942,P36896,853
P62942,O00305,732
P62942,Q13936,856
P62942,P21817,999
P62942,Q01668,720
P62942,Q06432,723
P62942,P62955,733
P62942,P01137,873
P62942,O60840,725
P62942,P54284,722
P62942,P37023,751
P62942,Q9Y698,723
P62942,Q7Z3S7,720
P31152,Q16659,838
P14555,P09917,810
P14555,P05181,816
P14555,P04054,709
P14555,P27361,738
P14555,P47712,918
P14555,P09960,745
P14555,P16050,812
P14555,O60733,830
P14555,P23219,797
P14555,O14939,707
P14555,P35354,924
Q9Y4U1,Q99707,962
Q9Y4U1,P22033,910
Q9Y4U1,Q8IVH4,947
Q9Y4U1,P52429,780
Q9Y4U1,Q9UBK8,881
P55769,P62312,997
P55769,P39023,759
P55769,Q15428,991
P55769,Q12874,993
P55769,P40429,731
P55769,Q9UHA3,836
P55769,Q9Y230,869
P55769,P62913,919
P55769,Q15393,994
P55769,P08865,768
P55769,P61313,869
P55769,P63244,775
P55769,P62829,879
P55769,P84098,892
P55769,P62917,752
P55769,P62750,892
P55769,P56537,844
P55769,P15880,903
P55769,Q14978,850
P32927,P29597,714
P32927,P05113,997
P32927,P26951,999
P32927,O60674,992
P32927,P15509,999
P32927,P01579,739
P32927,P60568,808
P32927,Q15080,795
P32927,P35225,731
P32927,Q99062,726
P32927,P08700,999
P32927,P40933,788
P32927,P29350,849
P32927,P52333,737
P32927,P05231,769
P32927,P23458,900
P01189,P17612,770
P01189,P0DP23,828
P01189,P05108,835
P01189,P08185,720
P01189,Q99705,847
P01189,P10644,730
P01189,P08235,727
P01189,P49146,828
P01189,P09038,818
P01189,P16066,914
P01189,P30556,799
P01189,P41143,966
P01189,P02768,822
P01189,P14679,777
P01189,P28845,768
P01189,P01100,840
P01189,P08588,932
P01189,P22888,941
P01189,P10145,703
P01189,P35372,999
P01189,P50406,920
P01189,P43220,972
P01189,P06850,992
P01189,P21728,938
P01189,P23560,727
P01189,P05231,829
P01189,P43116,906
P01189,P04150,854
P01189,P59768,895
P01189,P08686,861
P01189,P28335,745
P01189,P05093,828
P01189,Q01718,999
P01189,P01019,887
P01189,P37288,786
P01189,P80365,868
P01189,P29274,923
P01189,P07101,748
P01189,P01308,947
P01189,P21918,918
P01189,P24530,765
P01189,Q16568,870
P01189,P47901,815
P01189,P01303,986
P01189,P23945,930
P01189,P01042,868
P01189,P00797,928
Q04206,P09429,720
Q04206,P11021,715
Q04206,Q92793,999
Q04206,Q00987,746
Q04206,P37231,998
Q04206,P17612,992
Q04206,Q92769,986
Q04206,P35354,737
Q04206,P67775,949
Q04206,O00206,966
Q04206,P45983,975
Q04206,P28482,717
Q04206,P50750,837
Q04206,P25963,999
Q04206,P15153,922
Q04206,P10145,995
Q04206,P00533,701
Q04206,P31749,780
Q04206,O75116,923
Q04206,P45984,954
Q04206,Q05513,760
Q04206,P24385,791
Q04206,P01100,917
Q04206,Q00653,999
Q04206,P19793,781
Q04206,Q14790,704
Q04206,P16220,986
Q04206,Q13547,998
Q04206,P06401,702
Q04206,Q16665,989
Q04206,Q15750,730
Q04206,P62714,935
Q04206,P17676,967
Q04206,O60603,956
Q04206,P13500,987
Q04206,P04637,955
Q04206,P05412,986
Q04206,P05231,986
Q04206,Q14145,956
Q04206,P04150,850
Q04206,P18847,716
Q04206,O14920,999
Q04206,P03372,978
Q04206,Q96EB6,995
Q04206,P38936,745
Q04206,O15379,764
Q04206,O15111,999
Q04206,P01375,997
Q04206,P01584,990
Q04206,P04049,925
Q04206,P09874,891
Q04206,P01106,852
Q04206,Q13464,925
Q04206,P60568,839
Q04206,P10415,898
Q04206,Q16539,798
Q04206,P19838,999
Q04206,Q04759,934
Q03154,P45381,981
Q03154,P04181,700
Q03154,P00966,844
Q03154,P05089,920
Q03154,P78540,938
P01303,Q16568,889
P01303,P08908,831
P01303,P43115,706
P01303,P01100,727
P01303,P01308,918
P01303,P07101,830
P01303,P01019,784
P01303,P14416,833
P01303,P28222,807
P01303,P28221,725
P01303,P30542,735
P01303,P09172,778
P01303,P07550,797
P01303,P01042,760
P01303,P30559,793
P01303,P06850,951
P01303,P35372,775
P01303,P01189,986
P01303,Q8TDS4,791
P01303,O75899,721
P01303,Q99705,817
P01303,Q9UBS5,785
P01303,P05231,710
P01303,P11229,738
P01303,Q99259,705
P01303,P23560,825
P01303,P08172,731
P01303,P30939,715
P01303,P25101,716
P01303,P49146,999
P01303,Q99527,758
P01303,P59768,811
O60266,Q13946,754
O60266,Q14432,809
O60266,P15531,706
O60266,O60658,722
O60266,Q01064,709
O60266,P16499,774
O60266,Q07343,863
O60266,P54750,710
O60266,Q05655,905
O60266,O76083,728
O60266,Q14123,800
O60266,P21554,906
O60266,Q13370,793
O60266,P51787,913
O60266,Q9HCR9,747
O60266,P31749,723
O60266,P55011,914
O60266,Q08499,763
O60266,P51160,751
O60266,Q08828,910
O60266,P40145,914
O60266,O00408,798
O60266,O43306,919
O60266,O76074,853
O60266,P35913,754
O60266,Q08493,770
O60266,O60503,933
O60266,Q9NP56,759
O60266,P17612,968
O60266,P0DP23,945
O60266,Q9Y233,756
O60266,P27815,822
P23945,P03372,717
P23945,P11511,831
P23945,P05093,825
P23945,P01189,930
P23945,P05108,822
P23945,Q16671,761
P23945,P14060,734
P23945,P30968,712
P32418,P20020,775
P32418,P16615,819
P32418,P17612,934
P32418,Q13936,783
P32418,Q01814,709
P32418,Q92736,837
P38936,P19838,751
P38936,P60709,709
P38936,Q13315,807
P38936,P04406,777
P38936,P42574,996
P38936,Q00534,999
P38936,P11802,999
P38936,P01106,981
P38936,P09874,856
P38936,P10415,820
P38936,Q9UBN7,775
P38936,P08670,763
P38936,Q96EB6,719
P38936,P03372,842
P38936,P61024,926
P38936,P18847,737
P38936,P99999,799
P38936,P05412,831
P38936,P04637,999
P38936,P08238,831
P38936,Q04206,745
P38936,P12004,999
P38936,P07900,909
P38936,Q13547,903
P38936,P01100,753
P38936,P51692,887
P38936,P24385,999
P38936,P49336,776
P38936,P16455,719
P38936,P06493,998
P38936,P24941,999
P38936,P31749,995
P38936,P00533,752
P38936,P28482,732
P38936,P45983,808
P38936,P25788,871
P38936,P00519,878
P38936,P05121,701
P38936,Q92793,904
P38936,Q00535,885
P38936,P55211,713
P38936,Q00987,980
P11474,P16220,720
P11474,P62508,927
P11474,P99999,861
P11474,O95718,824
P11474,Q96EB6,798
P11474,P03372,888
P11474,P06576,833
P11474,P30825,847
P11474,P13196,795
P11474,P37231,898
P11474,Q86YN6,997
P11474,Q15596,741
P32322,P13674,914
P32322,P04181,808
P32322,P30038,980
P32322,Q96C36,990
P32322,Q9Y487,809
Q9P0X4,Q13936,736
Q9P0X4,P35498,796
Q9P0X4,Q92731,911
Q9P0X4,P0DP23,940
Q9P0X4,Q08289,778
Q9P0X4,P29475,919
Q9P0X4,Q9UQD0,795
Q9P0X4,O95180,979
Q9P0X4,O43497,963
Q15822,P43681,939
Q15822,P36544,930
Q15822,Q9UGM1,916
Q15822,P17787,948
Q15822,Q05901,919
Q15822,O75899,767
Q15822,Q15825,763
Q15822,P32297,915
Q15822,P30926,918
Q15822,P02708,726
P09871,P05155,999
P09871,P01042,746
P09871,P04003,705
P09871,O75636,824
P09871,P02746,995
P09871,P02747,992
P09871,P01024,908
P09871,P10909,740
P09871,P08603,744
P09871,P00736,999
P09871,P0C0L5,993
P16930,O43708,997
P16930,P32754,993
P16930,P31040,854
P16930,P17735,935
Q15788,P08235,973
Q15788,P37231,999
Q15788,Q92793,999
Q15788,Q13133,992
Q15788,P10826,984
Q15788,P48443,866
Q15788,P24385,774
Q15788,Q15596,997
Q15788,Q03181,882
Q15788,P28702,881
Q15788,P01100,949
Q15788,Q14994,994
Q15788,P62508,923
Q15788,P19793,999
Q15788,Q92753,845
Q15788,P10276,996
Q15788,Q16665,831
Q15788,P06401,997
Q15788,P04637,826
Q15788,P05412,965
Q15788,Q969G3,815
Q15788,O75469,998
Q15788,P04150,997
Q15788,P55055,923
Q15788,O15528,920
Q15788,P03372,999
Q15788,Q92731,999
Q15788,Q07869,998
Q15788,P10275,984
Q15788,P35869,702
Q15788,Q96RI1,997
Q15788,P10828,985
Q15788,P10827,969
Q15788,P19838,781
Q14978,P55769,850
Q14978,P68400,746
Q07869,Q15788,998
Q07869,P13945,739
Q07869,P04035,856
Q07869,P02652,760
Q07869,P01308,898
Q07869,P00505,778
Q07869,P01019,767
Q07869,P33121,820
Q07869,P01375,810
Q07869,P01584,711
Q07869,P04798,719
Q07869,Q96EB6,906
Q07869,Q02928,749
Q07869,P23786,859
Q07869,P02656,709
Q07869,P05231,722
Q07869,Q16654,740
Q07869,P05412,979
Q07869,P17676,740
Q07869,Q16665,761
Q07869,P07900,811
Q07869,P36956,885
Q07869,P19793,999
Q07869,P30405,761
Q07869,Q8NER1,718
Q07869,P49327,784
Q07869,P02647,828
Q07869,Q03181,887
Q07869,P28702,932
Q07869,P50416,920
Q07869,Q15596,909
Q07869,P02768,751
Q07869,O95477,877
Q07869,Q9Y2T6,746
Q07869,P48443,889
Q07869,O43772,715
Q07869,P31749,700
Q07869,Q86YN6,891
Q07869,O60427,743
Q07869,P17612,946
Q07869,Q13133,860
Q07869,Q02083,702
Q07869,P35354,729
Q07869,Q92793,838
Q07869,Q08426,780
Q07869,P24298,702
Q13946,P40145,799
Q13946,Q08828,719
Q13946,Q8NFM4,766
Q13946,O60503,788
Q13946,P49419,949
Q13946,Q08462,741
Q13946,O43306,818
Q13946,Q9Y233,741
Q13946,P55263,925
Q13946,O95622,804
Q13946,P17612,784
Q13946,Q96PN6,722
Q13946,P21589,769
Q13946,P51828,792
Q13946,O60266,754
Q13946,P27707,905
P05231,P17676,896
P05231,Q02763,726
P05231,O60603,942
P05231,P13500,985
P05231,Q99062,899
P05231,P05164,872
P05231,P00750,737
P05231,Q16665,800
P05231,P98066,704
P05231,P35228,781
P05231,P02751,900
P05231,P40933,884
P05231,P07900,738
P05231,P09619,894
P05231,P16220,918
P05231,P01137,960
P05231,Q14790,739
P05231,P01138,747
P05231,P18847,779
P05231,P01133,890
P05231,P16109,827
P05231,P05089,804
P05231,P05305,765
P05231,P12931,787
P05231,Q9NYK1,888
P05231,P32927,769
P05231,P14174,708
P05231,P34932,790
P05231,Q04206,986
P05231,P99999,776
P05231,P02649,835
P05231,P08238,735
P05231,P23560,846
P05231,P04637,777
P05231,P05412,989
P05231,O75715,732
P05231,O15111,713
P05231,P00797,735
P05231,P01584,996
P05231,P01375,994
P05231,P61073,921
P05231,P26951,889
P05231,Q8TED1,749
P05231,P25024,868
P05231,P29474,718
P05231,O60674,995
P05231,P42081,862
P05231,P01303,710
P05231,O14920,736
P05231,Q96EB6,726
P05231,P03372,792
P05231,P08581,856
P05231,P05230,721
P05231,Q07869,722
P05231,Q16539,848
P05231,P60709,847
P05231,P19838,994
P05231,P42574,881
P05231,P04406,879
P05231,P01308,933
P05231,P59796,732
P05231,P10415,868
P05231,P60568,999
P05231,P01019,788
P05231,P35225,957
P05231,P18283,748
P05231,P01106,730
P05231,P14902,791
P05231,P08620,701
P05231,P29466,881
P05231,P08700,998
P05231,Q9BYF1,838
P05231,P37231,820
P05231,P11021,736
P05231,P05121,849
P05231,P09038,882
P05231,P55211,785
P05231,P09429,792
P05231,P08758,750
P05231,Q9NR97,821
P05231,P01023,950
P05231,P24298,828
P05231,P52333,914
P05231,P25963,927
P05231,P00734,703
P05231,P28482,936
P05231,P23219,708
P05231,P04839,708
P05231,P17936,733
P05231,P10721,781
P05231,P23458,996
P05231,P07333,779
P05231,P08253,847
P05231,P12314,723
P05231,O00206,973
P05231,P48551,828
P05231,P45983,938
P05231,P16234,817
P05231,P09601,810
P05231,Q9Y6Y9,713
P05231,P35354,960
P05231,P04626,752
P05231,P12821,776
P05231,Q02750,821
P05231,P29597,986
P05231,P16581,884
P05231,P14210,860
P05231,P14778,997
P05231,P05113,977
P05231,Q9NR96,895
P05231,P00749,763
P05231,Q03405,765
P05231,P14780,959
P05231,P00533,979
P05231,O14788,810
P05231,P31749,872
P05231,Q96SL4,750
P05231,P10145,991
P05231,P42345,772
P05231,Q9NZQ7,799
P05231,P22352,733
P05231,P01189,829
P05231,P01579,983
P05231,P17181,872
P05231,P27361,905
P05231,Q00653,767
P05231,P01100,891
P05231,P24385,763
P05231,P02768,926
P05231,P51692,807
P05231,P19320,921
P53004,P09601,995
P53004,P30043,993
P53004,Q9NPD5,742
P53004,P30519,992
P53004,Q9Y6L6,760
Q9Y6T7,P49286,884
Q9Y6T7,O14939,732
Q9Y6T7,O95622,928
P02787,P02652,806
P02787,P02765,866
P02787,P19823,733
P02787,P02766,817
P02787,P02768,900
P02787,P01009,848
P02787,P02647,919
P02787,P02774,811
P02787,P02786,999
P02787,P00450,835
P02787,P61769,777
P02787,P00734,725
P02787,P02763,731
P02787,P01023,820
Q9BQ31,P16389,708
Q9BQ31,Q14722,811
Q9BQ31,Q13303,739
Q9BQ31,Q14721,964
P18825,P23975,718
P18825,P01019,748
P18825,P08913,781
P18825,Q01959,797
P13716,P04181,885
P13716,P22557,985
P13716,P13196,991
P13716,P49327,814
Q15858,O95180,712
Q15858,Q9UQD0,743
Q15858,O43526,758
Q15858,P18507,864
Q15858,Q9NY46,939
Q15858,Q8IWT1,878
Q15858,P0DP23,778
Q15858,O75762,749
Q15858,O60939,995
Q15858,P35498,736
Q15858,Q07699,998
Q15858,Q9Y5Y9,740
Q15858,Q8TD43,763
Q15858,Q8NER1,769
Q15858,Q99250,943
Q15858,Q9NY72,796
Q15858,Q01118,711
P14778,P01584,999
P14778,P01375,996
P14778,O14561,710
P14778,P42081,750
P14778,P19838,817
P14778,P35225,761
P14778,P29466,876
P14778,P60568,749
P14778,O60603,867
P14778,P40933,731
P14778,P05231,997
P14778,Q9NYK1,762
P14778,P05113,803
P14778,P10145,870
P14778,Q9NR96,801
P14778,P01579,726
P14778,P27986,722
P14778,O00206,944
P14778,P48551,700
P61073,P09038,795
P61073,P20701,811
P61073,Q14624,999
P61073,P27487,985
P61073,P02775,963
P61073,P25098,787
P61073,P09429,932
P61073,P10721,833
P61073,P00734,918
P61073,P52333,914
P61073,P21453,719
P61073,P04626,729
P61073,O00206,824
P61073,P14210,812
P61073,P17948,702
P61073,P10145,997
P61073,Q9NZQ7,752
P61073,P31749,750
P61073,P14780,844
P61073,P01579,711
P61073,P19320,978
P61073,P24385,706
P61073,Q16665,915
P61073,P13500,998
P61073,O60603,894
P61073,P59768,917
P61073,P09619,707
P61073,P01137,794
P61073,P02751,857
P61073,P07900,746
P61073,P05231,921
P61073,P01133,825
P61073,P14174,991
P61073,P12931,864
P61073,P35626,869
P61073,P07550,826
P61073,P25024,857
P61073,P01584,838
P61073,P01375,814
P61073,P35348,795
P61073,P03372,702
P61073,P08581,797
P61073,P42081,801
P61073,O60674,874
P61073,P19838,734
P61073,P01019,936
P61073,P02776,895
P61073,P10415,759
P49419,Q05329,926
P49419,P08319,827
P49419,Q9NR19,942
P49419,Q13956,700
P49419,P00367,873
P49419,P30038,868
P49419,Q8IUZ5,937
P49419,Q02252,934
P49419,P16219,887
P49419,P51160,749
P49419,Q08499,910
P49419,Q9NP56,874
P49419,P0DP23,892
P49419,P17612,890
P49419,P40394,824
P49419,Q99259,929
P49419,O60218,932
P49419,Q16853,928
P49419,P31937,927
P49419,P27815,972
P49419,P21397,943
P49419,P07327,835
P49419,Q9Y233,895
P49419,Q9NUB1,939
P49419,P46597,905
P49419,O75936,921
P49419,P19801,934
P49419,Q08426,939
P49419,Q08493,909
P49419,O76074,946
P49419,P14550,940
P49419,Q8N5Z0,929
P49419,P11766,834
P49419,P16499,702
P49419,P54750,884
P49419,Q07343,942
P49419,Q93088,948
P49419,Q01064,852
P49419,P15121,936
P49419,Q9BYV1,941
P49419,P27338,945
P49419,Q13946,949
P49419,Q14432,899
P49419,Q6ZQY3,929
P49419,O60658,842
P49419,Q9UDR5,956
P49419,P00325,830
P49419,P80404,954
P49419,Q9HCR9,830
P49419,P49448,861
P49419,P00326,833
P49419,Q02928,915
P49419,O76083,881
P49419,Q00796,724
P49419,O95263,757
P49419,Q14123,889
P54219,P37840,912
P54219,Q05940,904
Q9H2X9,P23560,794
Q9H2X9,Q16620,711
Q9H2X9,Q05329,704
Q9H2X9,P14867,858
Q9H2X9,Q12879,701
P16220,P31749,965
P16220,P06850,815
P16220,P40145,706
P16220,P11474,720
P16220,P51812,883
P16220,P51692,739
P16220,P05067,713
P16220,P24385,949
P16220,P01100,998
P16220,P27361,987
P16220,Q12879,746
P16220,Q13224,821
P16220,P17252,803
P16220,Q92793,999
P16220,P05129,758
P16220,P0DP23,891
P16220,P17612,996
P16220,Q92769,769
P16220,P45983,762
P16220,O00206,749
P16220,P28482,962
P16220,P18850,701
P16220,P18848,959
P16220,Q92731,746
P16220,Q96EB6,781
P16220,P03372,757
P16220,Q15139,769
P16220,P18846,947
P16220,P27797,786
P16220,O95644,789
P16220,P01106,789
P16220,P01308,776
P16220,P10415,925
P16220,Q16539,706
P16220,P05771,757
P16220,Q13315,735
P16220,P19838,773
P16220,P17544,708
P16220,Q13547,877
P16220,P42858,982
P16220,Q16665,833
P16220,Q16620,771
P16220,P17676,963
P16220,P23560,956
P16220,P04637,998
P16220,P05412,998
P16220,P49841,988
P16220,Q04206,986
P16220,P05231,918
P16220,P04150,924
P16220,P15336,986
P16220,P18847,841
Q02218,P49448,898
Q02218,P31040,955
Q02218,P11177,947
Q02218,P21549,841
Q02218,P17174,900
Q02218,P06576,709
Q02218,P50213,995
Q02218,P00505,937
Q02218,P28331,800
Q02218,P40939,766
Q02218,P51649,923
Q02218,P09622,999
Q02218,P51553,983
Q02218,P10515,989
Q02218,O75306,861
Q02218,P24298,859
Q02218,O43837,984
Q02218,Q8TD30,856
Q02218,Q96I99,957
Q02218,P00367,937
Q02218,P25705,817
Q02218,P00390,707
Q02218,P49821,762
Q02218,P08559,950
Q02218,P40926,845
Q02218,P04424,833
P13631,P19793,945
P13631,P10276,958
P13631,O43174,732
P13631,P10826,911
P13631,P48443,959
P13631,P28702,946
P62750,Q9UNX3,997
P62750,P56537,995
P62750,P68104,977
P62750,P62917,999
P62750,P15880,999
P62750,P48047,870
P62750,P62913,999
P62750,P49411,999
P62750,P07437,845
P62750,P62829,999
P62750,P08865,999
P62750,P61313,999
P62750,P63244,999
P62750,P84098,999
P62750,P36542,944
P62750,P55769,892
P62750,Q09470,736
P62750,P25705,978
P62750,P40429,999
P62750,Q96L21,995
P62750,Q6W5P4,950
P62750,P00846,830
P62750,Q9UHA3,993
P62750,P62937,725
P62750,P39023,999
P62750,P61927,999
P62750,P14618,882
P62750,P50579,880
Q86Y39,P31930,969
Q86Y39,P56181,999
Q86Y39,Q9UI09,999
Q86Y39,O95178,996
Q86Y39,O96000,999
Q86Y39,O75306,999
Q86Y39,O43920,999
Q86Y39,O43678,999
Q86Y39,P51970,999
Q86Y39,O00217,999
Q86Y39,O95299,999
Q86Y39,O75380,999
Q86Y39,O95139,999
Q86Y39,P56556,999
Q86Y39,O95169,999
Q86Y39,O95168,999
Q86Y39,P30049,772
Q86Y39,Q16718,999
Q86Y39,O75438,997
Q86Y39,O75251,999
Q86Y39,Q16795,999
Q86Y39,P03915,999
Q86Y39,O43677,997
Q86Y39,O95182,999
Q86Y39,O43181,999
Q86Y39,P19404,999
Q86Y39,O14561,999
Q86Y39,P28331,999
Q86Y39,P17568,999
Q86Y39,O43676,999
Q86Y39,O15239,999
Q86Y39,P03923,993
Q86Y39,Q9Y6M9,999
Q86Y39,O95167,999
Q86Y39,P03901,984
Q86Y39,P49821,999
Q86Y39,O75489,999
Q86Y39,P03886,998
Q86Y39,P00395,863
Q86Y39,O95298,998
Q86Y39,Q9P0J0,999
Q86Y39,O43674,999
Q86Y39,P03891,999
Q86Y39,P03897,998
Q86Y39,P03905,999
Q86Y39,O00483,980
Q9BYF1,P01579,724
Q9BYF1,P02768,862
Q9BYF1,P27487,999
Q9BYF1,P11021,948
Q9BYF1,P30556,996
Q9BYF1,O15393,999
Q9BYF1,P12821,956
Q9BYF1,O00206,714
Q9BYF1,P01042,948
Q9BYF1,P01584,764
Q9BYF1,P01375,770
Q9BYF1,P00797,960
Q9BYF1,P08648,788
Q9BYF1,P01019,999
Q9BYF1,P60568,963
Q9BYF1,P13500,712
Q9BYF1,P05231,838
Q9BYF1,P15144,939
P08865,Q6W5P4,849
P08865,P11142,835
P08865,O00303,980
P08865,P25705,741
P08865,P54577,721
P08865,P40429,999
P08865,Q96L21,998
P08865,P55769,768
P08865,P69905,912
P08865,P39023,999
P08865,P25788,768
P08865,P61927,999
P08865,P04156,940
P08865,P49908,720
P08865,P15880,999
P08865,P68104,993
P08865,P62750,999
P08865,P62917,999
P08865,Q9UNX3,995
P08865,P60842,978
P08865,P49674,812
P08865,P11177,713
P08865,P84098,999
P08865,P62829,999
P08865,P63244,999
P08865,P61313,999
P08865,P34932,716
P08865,P49411,912
P08865,P62913,999
O95644,P01100,942
O95644,P27361,947
O95644,P53805,790
O95644,Q96LZ3,948
O95644,P45984,937
O95644,P43235,904
O95644,Q8N8Y2,731
O95644,O14788,945
O95644,P28482,927
O95644,P17612,927
O95644,P0DP23,786
O95644,P45983,951
O95644,P19838,798
O95644,P60568,775
O95644,P30988,781
O95644,P05412,963
O95644,P49841,953
O95644,P16220,789
P24557,P23219,866
P24557,Q16647,864
Q15139,P04792,731
Q15139,P05412,702
Q15139,P20701,902
Q15139,P05129,906
Q15139,P16220,769
Q15139,P17252,917
Q15139,Q9UQL6,899
Q15139,P05771,910
Q15139,P84077,836
Q9Y5Y9,O60939,932
Q9Y5Y9,O75762,763
Q9Y5Y9,Q14524,853
Q9Y5Y9,Q99250,752
Q9Y5Y9,P07355,815
Q9Y5Y9,P37088,750
Q9Y5Y9,Q9NY72,901
Q9Y5Y9,P60903,843
Q9Y5Y9,Q07699,950
Q9Y5Y9,Q8NER1,806
Q9Y5Y9,Q8TD43,856
Q9Y5Y9,O14649,750
Q9Y5Y9,O95180,713
Q9Y5Y9,P51172,746
Q9Y5Y9,P51170,753
Q9Y5Y9,Q8IWT1,926
Q9Y5Y9,P35499,753
Q9Y5Y9,P54289,710
Q9Y5Y9,Q15858,740
Q9Y5Y9,P51168,753
P29401,P52209,975
P29401,P00390,751
P29401,Q9BYZ2,915
P29401,P00338,925
P29401,P06744,997
P29401,Q9H3S4,964
P29401,P34896,700
P29401,P18669,929
P29401,O95479,940
P29401,P04075,973
P29401,P29803,879
P29401,P09622,706
P29401,P14618,951
P29401,P06733,967
P29401,P07864,896
P29401,P00558,831
P29401,P04406,978
P29401,Q6ZMR3,903
P29401,P09467,981
P29401,P60174,980
P29401,P34897,772
P29401,P11177,913
P29401,O14556,943
P29350,P43405,995
P29350,Q06187,953
P29350,O60674,984
P29350,P68104,903
P29350,P42336,920
P29350,O00329,926
P29350,P41240,743
P29350,Q04759,948
P29350,Q05655,760
P29350,P35968,972
P29350,P42338,919
P29350,P12931,917
P29350,P32927,849
P29350,Q05209,742
P29350,P00533,919
P29350,P29597,954
P29350,P06239,926
P29350,P51692,730
P29350,P06241,810
P29350,P27361,938
P29350,P27986,971
P29350,P07948,953
P29350,P23458,978
P29350,P10721,856
P29350,P28482,933
P29350,P52333,938
P20020,P17612,921
P20020,P0DP23,781
P20020,P16615,793
P20020,P32418,775
P20020,Q9HBA0,711
O75715,P04839,736
O75715,P10632,910
O75715,Q9H4Y5,791
O75715,P09488,831
O75715,P09601,842
O75715,Q16772,792
O75715,P16050,931
O75715,P24298,801
O75715,Q06830,771
O75715,P02768,713
O75715,P00390,998
O75715,P27169,745
O75715,P78417,793
O75715,P19440,746
O75715,P28161,805
O75715,P09917,937
O75715,O15217,804
O75715,P22352,902
O75715,O95479,828
O75715,Q96SL4,923
O75715,Q99735,749
O75715,P05231,732
O75715,P32119,750
O75715,Q14145,727
O75715,O60760,889
O75715,P21266,780
O75715,P99999,738
O75715,P10599,909
O75715,P30041,967
O75715,P05164,716
O75715,P36969,938
O75715,P35754,861
O75715,P46439,744
O75715,P42574,766
O75715,O14880,716
O75715,Q7RTV2,727
O75715,P47989,884
O75715,Q16881,866
O75715,P08263,811
O75715,P18283,910
O75715,P48637,943
O75715,P15559,732
O75715,P00441,883
O75715,P10620,760
O75715,P09210,794
O75715,P10415,726
O75715,P59796,902
O75715,P01308,722
O75715,Q8TED1,927
O75715,Q03013,737
O75715,P09211,815
O75715,P01375,728
O75715,P01584,743
P28331,O43181,999
P28331,O95182,999
P28331,P08559,752
P28331,P17568,999
P28331,Q86Y39,999
P28331,O15239,999
P28331,P00846,715
P28331,P03901,998
P28331,P49821,999
P28331,O75489,999
P28331,P03886,999
P28331,Q9Y6M9,999
P28331,O95167,999
P28331,P25705,961
P28331,P03891,999
P28331,Q96I99,728
P28331,O96000,999
P28331,P56181,999
P28331,P30043,803
P28331,P51970,999
P28331,O43920,999
P28331,O75306,999
P28331,O43678,999
P28331,O95139,999
P28331,P10515,773
P28331,O00217,999
P28331,O95299,999
P28331,P09622,946
P28331,O75438,996
P28331,O75251,999
P28331,Q02218,800
P28331,O95168,999
P28331,P48047,730
P28331,O43677,998
P28331,O43676,999
P28331,P19404,999
P28331,O14561,999
P28331,P00395,988
P28331,P03923,995
P28331,P06576,977
P28331,P03897,999
P28331,P03905,999
P28331,O00483,983
P28331,Q9P0J0,999
P28331,O95298,997
P28331,O43674,999
P28331,P36542,959
P28331,O95178,995
P28331,P31930,998
P28331,P11177,809
P28331,Q9UI09,999
P28331,P31040,995
P28331,O75380,999
P28331,P56556,999
P28331,P99999,782
P28331,O95169,999
P28331,Q16795,999
P28331,P03915,999
P28331,Q16718,999
Q99584,P60903,712
Q99584,P05230,995
P14867,P28472,993
P14867,O14764,792
P14867,O95180,707
P14867,P78334,760
P14867,Q12879,734
P14867,Q16445,818
P14867,Q99928,832
P14867,Q9UN88,867
P14867,Q8N1C3,811
P14867,Q9UBS5,873
P14867,P31644,749
P14867,P18507,998
P14867,O75899,901
P14867,Q99259,774
P14867,Q9H2X9,858
P14867,Q15111,913
P14867,P35498,817
P14867,P51788,876
P14867,P24046,701
P14867,P18505,970
P14867,Q07699,765
P14867,O00305,772
P14867,P47869,854
P14867,O00591,710
P14867,P47870,996
P11362,P32004,898
P11362,P07900,740
P11362,P01133,926
P11362,P22607,854
P11362,P01138,772
P11362,P23560,864
P11362,P42338,933
P11362,O00329,924
P11362,P42336,977
P11362,O95750,991
P11362,P05230,999
P11362,P22455,967
P11362,P08620,999
P11362,P29274,718
P11362,P01308,965
P11362,Q92793,923
P11362,P09038,999
P11362,P14618,932
P11362,P27986,992
P11362,P30968,758
P11362,P04626,737
P11362,P21802,853
P11362,P16234,715
P11362,P14210,814
P11362,Q9NR96,701
P11362,P08908,951
P11362,P00338,815
P11362,P51812,859
P21731,Q9NS75,719
P21731,P25100,792
P21731,Q12791,836
P21731,P35368,807
P21731,P43119,825
P21731,Q9Y271,750
O95069,O00180,975
O95069,P17612,960
P15509,P05113,774
P15509,O60674,879
P15509,P12236,785
P15509,O14920,778
P15509,P60568,775
P15509,Q99062,842
P15509,P08700,864
P15509,P10721,776
P15509,P32927,999
P15509,P07333,765
P45984,P15336,972
P45984,P62913,763
P45984,P04637,982
P45984,P05412,999
P45984,Q04206,954
P45984,Q9UQF2,993
P45984,P12931,954
P45984,P06401,908
P45984,P36507,924
P45984,P42858,917
P45984,P42574,775
P45984,Q16539,942
P45984,P19838,943
P45984,Q04759,910
P45984,Q05655,912
P45984,Q02156,910
P45984,Q9Y5K3,906
P45984,P53778,909
P45984,P10415,957
P45984,O95644,937
P45984,Q6NVY1,791
P45984,P03372,927
P45984,Q92731,915
P45984,P15153,928
P45984,Q15759,908
P45984,P45983,999
P45984,P01100,977
P45984,P49585,907
P45984,P11142,914
P45984,Q02750,931
P45984,P54652,905
P45984,O15264,941
P35372,Q99720,805
P35372,P09488,719
P35372,Q99527,732
P35372,P41143,967
P35372,P25098,951
P35372,P25103,742
P35372,P10145,701
P35372,P01189,999
P35372,P06850,737
P35372,P21964,870
P35372,P35626,936
P35372,P41594,703
P35372,Q8NER1,718
P35372,P59768,935
P35372,Q01959,704
P35372,P01303,775
P35372,P07550,743
P19652,P01024,772
P19652,P01023,808
P19652,P02766,856
P19652,P01011,903
P19652,P02679,721
P19652,P02763,999
P19652,P25311,715
P19652,P08684,753
P19652,P02774,726
P19652,P00450,908
P19652,P02768,998
P19652,P02671,751
P19652,P01009,972
P19652,P02765,908
P19652,P02647,828
P19652,P02652,834
P00374,P16152,975
P00374,O60218,909
P00374,P11586,990
P00374,P22102,989
P00374,Q05932,995
P00374,P00439,930
P00374,Q86XF0,909
P00374,O00142,861
P00374,P34896,995
P00374,Q02127,888
P00374,P04183,885
P00374,P04818,999
P00374,P13995,742
P00374,P04637,785
P00374,P17752,932
P00374,P23378,900
P00374,Q99707,978
P00374,P31939,987
P00374,P42898,843
P00374,P34897,992
P00374,P10809,755
P00374,P07101,916
P00374,P15121,974
P00374,P48728,958
P00374,P09417,979
P35499,P22001,710
P35499,Q96RP8,713
P35499,O60939,923
P35499,Q8TD43,766
P35499,Q9Y5Y9,753
P35499,Q06432,820
P35499,Q07699,999
P35499,Q9NY72,949
P35499,P37088,914
P35499,Q14524,848
P35499,Q99250,944
P35499,P51170,906
P35499,O43497,701
P35499,Q9Y6H6,799
P35499,Q9UQD0,764
P35499,P51172,758
P35499,P51168,915
P35499,P0DP23,989
P35499,Q8IWT1,978
P35499,Q12809,746
P35499,Q9NY46,909
P35499,P63252,824
Q9P2N6,Q9Y230,722
Q9P2N6,P15336,728
Q9P2N6,P60709,802
Q07699,Q9Y6J6,786
Q07699,O60939,999
Q07699,Q96RP8,711
Q07699,P35498,996
Q07699,Q8WWG9,736
Q07699,P51788,709
Q07699,O43525,757
Q07699,Q9Y5Y9,950
Q07699,Q8TD43,880
Q07699,Q99250,991
Q07699,Q14524,998
Q07699,Q9UI33,907
Q07699,P37088,925
Q07699,Q9NY72,866
Q07699,Q13936,880
Q07699,Q01118,976
Q07699,Q9Y6H6,885
Q07699,Q15842,720
Q07699,O43497,722
Q07699,P51170,903
Q07699,Q96PR1,756
Q07699,O14764,786
Q07699,O95180,748
Q07699,P14867,765
Q07699,P51172,753
Q07699,Q9UQD0,970
Q07699,O43526,783
Q07699,P35499,999
Q07699,Q14003,745
Q07699,Q15858,998
Q07699,P51168,908
Q07699,Q08289,828
Q07699,P18507,947
Q07699,Q9NY46,998
Q07699,Q8IWT1,998
Q07699,Q9UJ90,715
Q07699,Q9UK17,885
Q07699,P17612,908
Q9Y2D1,P17676,736
Q9Y2D1,P17544,751
Q9Y2D1,P18850,932
Q9Y2D1,Q9UBS5,771
Q13002,Q14957,714
Q13002,P42261,751
Q13002,Q05586,770
Q13002,Q12879,718
Q13002,Q13224,813
Q13002,P42262,767
Q13002,Q8WXS5,763
Q13002,Q16099,992
Q13002,P39086,998
Q13002,Q9Y698,747
Q13002,Q16478,999
Q13002,Q13003,985
Q13002,P78352,998
Q9UGI9,Q9Y478,999
Q9UGI9,P13569,901
Q9UGI9,Q9UGJ0,946
Q9UGI9,P31939,824
Q9UGI9,Q13131,997
Q9UGI9,P54646,997
Q9UGI9,P21589,715
Q9UGI9,P04035,928
Q9UGI9,P42345,924
Q9UGI9,P54619,957
Q9UGI9,O43741,999
Q9UGI9,P11217,708
Q9NR28,P42574,929
Q9NR28,P98170,999
Q9NR28,O15392,733
Q9NR28,P10415,884
Q9NR28,O15111,717
Q9NR28,O14920,714
Q9NR28,P99999,994
Q9NR28,Q14790,874
Q9NR28,Q14654,924
Q9NR28,P55211,981
Q9NR28,O14727,992
Q08881,P27986,949
Q08881,P07948,916
Q08881,P06239,917
Q08881,P00533,706
Q08881,P01579,787
Q08881,P06241,775
Q08881,P42338,919
Q08881,P12931,939
Q08881,P48736,938
Q08881,P42336,924
Q08881,O00329,948
Q08881,P09769,918
Q08881,P43405,726
Q08881,P08631,946
P01375,P19838,999
P01375,Q16539,839
P01375,P60709,847
P01375,P42574,939
P01375,P04406,849
P01375,P10415,885
P01375,P01308,926
P01375,P59796,727
P01375,P60568,957
P01375,P15559,712
P01375,P35225,957
P01375,P02776,714
P01375,P18283,725
P01375,P01019,856
P01375,P14902,758
P01375,P01106,702
P01375,P29466,904
P01375,P08620,768
P01375,P98170,902
P01375,P09874,735
P01375,P61073,814
P01375,O75715,728
P01375,O15111,999
P01375,P00797,703
P01375,P01584,998
P01375,P01042,769
P01375,P07550,718
P01375,Q8TED1,734
P01375,O60674,801
P01375,P42081,922
P01375,Q96EB6,706
P01375,O14920,999
P01375,P43405,782
P01375,Q07869,810
P01375,P05452,908
P01375,P01138,714
P01375,P04150,745
P01375,P01133,793
P01375,P05231,994
P01375,P16109,741
P01375,P05089,777
P01375,P12931,904
P01375,Q9NYK1,880
P01375,P05305,732
P01375,P34932,790
P01375,Q04206,997
P01375,P02649,806
P01375,P99999,810
P01375,P05412,989
P01375,Q06323,920
P01375,P23560,739
P01375,P04637,865
P01375,O60603,951
P01375,P13500,978
P01375,P17676,760
P01375,Q16665,818
P01375,Q15750,998
P01375,P05164,832
P01375,P63244,730
P01375,P35228,858
P01375,P40933,885
P01375,P02751,970
P01375,P01137,941
P01375,Q14790,999
P01375,P01579,991
P01375,Q00653,772
P01375,P27361,922
P01375,P01100,728
P01375,P02768,870
P01375,P05067,799
P01375,P19320,923
P01375,Q02750,702
P01375,P29597,737
P01375,P14778,996
P01375,P16581,872
P01375,P11166,816
P01375,P05113,930
P01375,P00749,751
P01375,P14780,930
P01375,Q9NR96,896
P01375,P31749,907
P01375,P00533,890
P01375,O14788,831
P01375,P02786,725
P01375,P10145,983
P01375,Q9NZQ7,807
P01375,P22352,727
P01375,Q96SL4,723
P01375,P05181,729
P01375,P25963,967
P01375,P00734,760
P01375,P04839,721
P01375,P19525,796
P01375,P28482,757
P01375,O00206,969
P01375,P45983,890
P01375,P23458,828
P01375,P08253,729
P01375,P09601,792
P01375,Q9Y6Y9,716
P01375,P35354,916
P01375,P12821,720
P01375,P0DP23,820
P01375,P08700,852
P01375,Q9BYF1,770
P01375,P37231,807
P01375,P05121,764
P01375,P20701,710
P01375,P55211,816
P01375,P28065,708
P01375,P09038,732
P01375,P09429,753
P01375,P08758,758
P01375,Q9NR97,740
P01375,P01023,828
P01375,P24298,791
Q13630,O60701,771
P30556,P29474,784
P30556,P30518,796
P30556,P07550,873
P30556,P01042,968
P30556,P00797,969
P30556,P01189,799
P30556,P10145,782
P30556,O60674,719
P30556,P41595,746
P30556,P30411,975
P30556,P01019,999
P30556,P05067,734
P30556,P05121,953
P30556,Q9BYF1,996
P30556,P25098,799
P30556,P25100,770
P30556,P04839,730
P30556,P00734,920
P30556,P43088,783
P30556,P12821,974
P30556,P05305,898
P30556,P12931,704
P04156,P11021,954
P04156,Q13698,900
P04156,Q07954,806
P04156,P11047,907
P04156,P25788,715
P04156,P31948,997
P04156,P51693,714
P04156,P67870,909
P04156,P05067,998
P04156,P10997,890
P04156,O15399,779
P04156,P06241,990
P04156,Q00975,906
P04156,O60840,902
P04156,P42858,840
P04156,P07900,760
P04156,P28074,758
P04156,P08865,940
P04156,P68400,939
P04156,Q01668,905
P04156,P02766,821
P04156,P02649,717
P04156,Q13936,910
P04156,P34932,833
P04156,P49841,937
P04156,P41594,953
P04156,P10636,884
P04156,P37840,984
P04156,P10809,814
P04156,P00441,740
Q16773,Q16881,920
Q16773,Q93088,925
Q16773,P00505,979
Q16773,P17174,943
Q16773,Q16719,986
Q16773,Q96GA7,824
Q16773,P15144,828
Q16773,Q99707,929
Q16773,P32929,963
Q16773,P23526,925
Q16773,Q6YP21,909
Q16773,Q16878,904
Q16773,P20132,851
Q16773,Q9H2M3,923
Q16773,Q8N5Z0,999
P17544,P01100,983
P17544,Q9Y2D1,751
P17544,P05412,974
P17544,P15336,825
P17544,P16220,708
P08172,P01303,731
P08172,P01042,904
P08172,P17787,709
P08172,P48736,708
P08172,Q99677,902
P08172,P43657,901
P08172,P11229,908
P08172,P47869,812
P08172,P59768,799
Q08257,P09601,882
Q08257,P15559,910
Q08257,Q14145,787
Q15596,Q03181,724
Q15596,P28702,951
Q15596,P48443,986
Q15596,P11474,741
Q15596,Q13133,868
Q15596,P37231,998
Q15596,Q92793,997
Q15596,Q96RI1,981
Q15596,P10828,993
Q15596,Q15788,997
Q15596,P10827,868
Q15596,P55055,975
Q15596,O15528,834
Q15596,Q92731,993
Q15596,P03372,999
Q15596,Q07869,909
Q15596,P10275,999
Q15596,P35869,705
Q15596,P04150,998
Q15596,Q14994,911
Q15596,P19793,999
Q15596,P10276,992
Q15596,P06401,911
P52597,P31943,994
P52597,P23246,864
P52597,P14866,950
P52597,Q07955,970
P52597,P61978,971
P52597,P31942,865
P52597,Q92945,959
P52597,P22626,985
P43487,P62937,787
P05120,P04070,916
P05120,Q03405,938
P05120,P00749,986
P05120,P05121,958
P05120,P00747,966
P05120,P00750,989
P04049,P42336,972
P04049,O00329,932
P04049,P62258,991
P04049,O60674,803
P04049,P05771,908
P04049,P19838,940
P04049,P63104,999
P04049,P27348,993
P04049,Q05655,912
P04049,Q02156,932
P04049,P98170,856
P04049,P01106,755
P04049,P10415,892
P04049,P36507,996
P04049,P09619,742
P04049,P07900,985
P04049,P08238,993
P04049,P49841,922
P04049,P34932,867
P04049,Q04206,925
P04049,P42338,939
P04049,P12931,954
P04049,P10398,995
P04049,Q02750,999
P04049,P15056,999
P04049,P00533,848
P04049,P31749,992
P04049,Q04917,998
P04049,P27361,962
P04049,P21796,708
P04049,P11142,776
P04049,P05129,903
P04049,P30086,988
P04049,P17252,917
P04049,P27986,944
P04049,P28482,975
P04049,P31946,998
P04049,P17612,923
P04049,P67775,787
P55017,P51168,826
P55017,P51170,804
P55017,P37088,858
P55017,P48048,965
P55017,P00797,846
Q9UBK8,P22033,775
Q9UBK8,Q99707,999
Q9UBK8,P32929,757
Q9UBK8,P42898,981
Q9UBK8,Q93088,816
Q9UBK8,P08684,867
Q9UBK8,Q8IVH4,885
Q9UBK8,P11586,941
Q9UBK8,Q9Y4U1,881
Q9UBK8,Q9H2M3,812
Q9UBK8,P34896,929
Q9UBK8,P04818,789
Q03431,P59768,823
Q03431,P0DP23,732
Q03431,P49190,905
Q03431,P06850,770
Q15111,P18505,908
Q15111,P47870,909
Q15111,O00591,901
Q15111,Q9UN88,900
Q15111,Q8N1C3,918
Q15111,P48169,909
Q15111,P31644,910
Q15111,P28472,904
Q15111,P34903,905
Q15111,Q16445,909
Q15111,Q99928,905
Q15111,P78334,910
Q15111,O14764,916
Q15111,P14867,913
Q8N0U8,P38435,954
Q8N0U8,Q9BQB6,949
Q8N0U8,P15559,906
Q14353,P06732,945
Q14353,P12532,963
Q14353,P12277,944
Q14353,P17540,956
Q14353,P48029,945
P20711,P07202,918
P20711,Q9NVS9,895
P20711,P19801,972
P20711,P17735,931
P20711,P21397,986
P20711,Q16853,904
P20711,P00439,983
P20711,P14679,962
P20711,Q16613,967
P20711,P31645,756
P20711,P21964,981
P20711,P17752,981
P20711,P09417,723
P20711,P09172,984
P20711,P27338,987
P20711,Q05940,967
P20711,Q01959,862
P20711,P14902,930
P20711,P07101,995
P20711,P00505,926
P20711,P17174,931
Q9UDR5,P49419,956
Q9UDR5,P11926,813
Q9UDR5,Q96A70,794
Q9UDR5,Q8IUZ5,944
Q9UDR5,P00966,733
P17540,Q14353,956
P17540,Q9BYZ2,740
P17540,P21796,766
P17540,P06732,866
P17540,Q6ZMR3,741
P17540,P12532,864
Q04771,P37023,966
Q04771,P36896,979
Q04771,P62942,998
Q04771,P12644,998
Q04771,Q16671,942
P03372,Q969G3,872
P03372,P05231,792
P03372,P50613,743
P03372,P01133,802
P03372,P04150,896
P03372,Q04206,978
P03372,P34932,931
P03372,P12931,999
P03372,P04637,992
P03372,P08238,993
P03372,P05412,999
P03372,P10589,729
P03372,P17676,908
P03372,P06401,974
P03372,Q16665,948
P03372,P02751,969
P03372,P07900,999
P03372,Q13547,998
P03372,P16220,757
P03372,Q15788,999
P03372,P08069,999
P03372,P04406,800
P03372,P60709,947
P03372,Q16539,954
P03372,P19838,957
P03372,P53778,923
P03372,P01308,841
P03372,Q96RI1,744
P03372,P10415,897
P03372,P09874,746
P03372,P41240,810
P03372,P11802,718
P03372,P01106,982
P03372,P78527,717
P03372,P42336,941
P03372,P01584,820
P03372,O15111,735
P03372,P61073,702
P03372,P29474,773
P03372,P35869,906
P03372,P10275,981
P03372,P38936,842
P03372,P11511,927
P03372,P04798,785
P03372,P23945,717
P03372,P10635,712
P03372,Q96EB6,733
P03372,O14965,769
P03372,Q92731,998
P03372,P04278,729
P03372,P28482,987
P03372,P31946,952
P03372,P04792,737
P03372,P13647,737
P03372,P45983,964
P03372,P12314,820
P03372,P0DP23,995
P03372,P21802,774
P03372,P17612,956
P03372,Q92769,903
P03372,Q15759,925
P03372,P04626,976
P03372,P37231,794
P03372,Q00987,946
P03372,Q92793,993
P03372,P04629,720
P03372,Q99527,953
P03372,P27986,994
P03372,P49327,792
P03372,P22888,731
P03372,Q15303,961
P03372,P01100,999
P03372,P27361,981
P03372,P04155,978
P03372,P11142,919
P03372,P45984,927
P03372,P24385,997
P03372,P51812,700
P03372,Q15596,999
P03372,P02768,796
P03372,Q99623,985
P03372,P11474,888
P03372,P30559,751
P03372,Q9UBC3,783
P03372,Q15185,935
P03372,P00533,988
P03372,P31749,913
P03372,O15264,922
P03372,P24941,714
P03372,P14780,772
P03372,P15056,746
P03372,Q8WUI4,707
P03372,P42345,745
P03372,Q86YN6,895
P06744,Q6ZMR3,930
P06744,P00505,764
P06744,P60568,769
P06744,P04406,995
P06744,O14556,962
P06744,P11177,981
P06744,P30041,707
P06744,P29218,860
P06744,P60174,999
P06744,P09467,992
P06744,P29401,997
P06744,O95479,999
P06744,P18669,969
P06744,P40926,847
P06744,P00338,976
P06744,Q9BYZ2,930
P06744,P11216,816
P06744,P52209,887
P06744,P11217,812
P06744,P07864,927
P06744,P00558,971
P06744,P14618,986
P06744,P06733,994
P06744,O14732,864
P06744,P29803,918
P06744,P09622,736
P06744,P55263,783
P06744,O60701,730
P06744,P04075,987
A5X5Y0,Q70Z44,890
A5X5Y0,O95264,813
A5X5Y0,Q8WXA8,962
A5X5Y0,P46098,979
A5X5Y0,P42263,715
Q9HBA0,P20020,711
Q9HBA0,O15554,713
Q9HBA0,P17252,923
Q9HBA0,Q96QT4,754
Q9HBA0,P05129,911
Q9HBA0,P07948,773
Q9HBA0,P0DP23,796
Q9HBA0,O75762,720
Q9HBA0,Q02156,911
Q9HBA0,Q05655,905
Q9HBA0,Q04759,902
Q9HBA0,Q7Z2W7,892
Q9HBA0,P05771,905
Q9HBA0,Q8TD43,846
Q9HBA0,Q8NER1,773
Q9HBA0,P12931,822
Q9HBA0,P01138,795
Q8TCT1,P49585,927
Q8TCT1,Q9Y5K3,912
Q8TCT1,P28329,903
Q8TCT1,P22303,904
O43676,Q16718,999
O43676,O75964,804
O43676,P03915,999
O43676,Q16795,999
O43676,O95169,999
O43676,O75380,999
O43676,P56556,999
O43676,Q9UI09,999
O43676,P31930,940
O43676,O95178,999
O43676,P36542,759
O43676,O43674,999
O43676,Q9P0J0,999
O43676,O95298,999
O43676,O00483,994
O43676,P03905,999
O43676,P03897,999
O43676,P03923,986
O43676,P00395,870
O43676,P19404,999
O43676,P28331,999
O43676,O14561,999
O43676,P56385,908
O43676,O43677,999
O43676,P48047,759
O43676,O95168,999
O43676,O75251,999
O43676,O75438,999
O43676,O95299,999
O43676,O00217,999
O43676,O95139,999
O43676,O43678,999
O43676,O43920,999
O43676,O75306,999
O43676,P51970,999
O43676,P30043,719
O43676,P56181,999
O43676,O96000,999
O43676,P03891,999
O43676,Q9Y6M9,999
O43676,O95167,999
O43676,O75489,999
O43676,P03886,999
O43676,P49821,999
O43676,P03901,986
O43676,O15239,999
O43676,Q86Y39,999
O43676,P17568,999
O43676,O95182,999
O43676,O43181,999
P36544,Q15822,930
P36544,P17787,923
P36544,P05067,716
P36544,P30926,924
P36544,P32297,918
P36544,Q15825,776
P36544,Q9UGM1,919
P36544,P43681,925
P36544,Q05901,777
Q9Y691,O15554,925
Q9Y691,P17612,900
Q9Y691,Q86W47,935
Q9Y691,Q92952,933
Q9Y691,Q9UGI6,931
Q9Y691,Q9NPA1,911
Q9Y691,Q12791,970
Q9Y691,Q9H2S1,919
Q9Y691,Q01668,733
Q9Y691,Q16558,929
P09467,P06744,992
P09467,P40926,728
P09467,P29401,981
P09467,P04075,977
P09467,P14618,700
P09467,Q92945,782
P09467,P60174,713
P09467,Q16665,713
P09467,P11177,786
Q99677,P11229,904
Q99677,P43657,906
Q99677,P00734,901
Q99677,P08172,902
Q99677,P01019,907
P29218,Q9NPH2,994
P29218,O14732,987
P29218,P06744,860
Q9UKV0,Q9BY41,740
Q9UKV0,Q92793,824
Q9UKV0,P0DP23,734
Q9UKV0,O15379,759
Q9UKV0,Q96EB6,819
Q9UKV0,Q9UBN7,715
Q9UKV0,Q16665,783
Q9UKV0,Q13547,982
Q9UKV0,P56524,715
Q9UKV0,P62807,732
P17252,P01100,946
P17252,Q13393,960
P17252,P27361,956
P17252,P47712,858
P17252,Q13224,747
P17252,O15554,918
P17252,Q99835,916
P17252,P63261,918
P17252,Q9H6Z9,906
P17252,P08100,768
P17252,P40145,910
P17252,Q08828,801
P17252,P10398,904
P17252,P05106,723
P17252,P15056,937
P17252,P19634,916
P17252,P42345,969
P17252,P00533,932
P17252,Q14643,937
P17252,P28482,931
P17252,P10721,912
P17252,Q9UGI6,912
P17252,P25963,713
P17252,P0DP23,730
P17252,P07948,914
P17252,P42261,706
P17252,O95622,878
P17252,P67775,928
P17252,P14598,969
P17252,O60503,730
P17252,Q9NRA0,921
P17252,Q08462,713
P17252,P05129,984
P17252,P37231,808
P17252,Q13698,919
P17252,Q01959,913
P17252,P42574,948
P17252,Q96KS0,929
P17252,P05771,963
P17252,P60709,955
P17252,P19838,716
P17252,Q05655,967
P17252,Q02156,765
P17252,P51828,707
P17252,P78352,957
P17252,O15530,943
P17252,Q9H2S1,907
P17252,Q9HBA0,923
P17252,O00555,915
P17252,P04049,917
P17252,Q15904,900
P17252,Q14573,934
P17252,Q15139,917
P17252,O14939,952
P17252,P15336,708
P17252,Q92952,907
P17252,P04637,700
P17252,Q13936,953
P17252,P12931,867
P17252,P63244,970
P17252,P62714,920
P17252,Q9GZT9,911
P17252,Q01668,917
P17252,Q14571,919
P17252,P59768,704
P17252,P16220,803
P17252,O60733,903
P17252,O60840,926
P08173,P01042,905
P08173,P59768,872
P21802,P03372,774
P21802,P05230,999
P21802,O60674,921
P21802,P11362,853
P21802,P42336,908
P21802,O95750,969
P21802,O00329,727
P21802,P08620,999
P21802,P01308,936
P21802,Q13315,705
P21802,P06401,854
P21802,P23560,827
P21802,P12931,958
P21802,P42338,754
P21802,P22607,987
P21802,P01133,936
P21802,P01138,736
P21802,Q9NR96,704
P21802,P14210,906
P21802,P51812,703
P21802,P51692,787
P21802,P27986,924
P21802,P09038,999
P21802,Q00987,867
P21802,P04626,744
P21802,P23458,913
P54750,Q8NFM4,713
P54750,Q01064,911
P54750,O60266,710
P54750,P51828,713
P54750,P27707,906
P54750,P33402,782
P54750,P00492,901
P54750,Q96PN6,721
P54750,Q08828,754
P54750,P40145,768
P54750,O95622,802
P54750,P0DP23,985
P54750,P55263,909
P54750,O43306,782
P54750,Q14123,960
P54750,P16066,745
P54750,P49419,884
P18507,P51788,892
P18507,P24046,711
P18507,Q07699,947
P18507,P18505,870
P18507,Q99250,774
P18507,P47869,793
P18507,P47870,989
P18507,P35498,952
P18507,P48169,929
P18507,O43526,709
P18507,Q15858,864
P18507,Q9UN88,789
P18507,Q8N1C3,868
P18507,P31644,776
P18507,Q9UBS5,879
P18507,O75899,830
P18507,P34903,762
P18507,P28472,990
P18507,O14764,768
P18507,P14867,998
P18507,O95180,736
P18507,Q9UQD0,726
P18507,Q99928,732
P18507,P30531,724
P11388,P04637,843
P11388,Q96GD4,970
P11388,Q13547,809
P11388,P53350,931
P11388,P12004,789
P11388,P39748,785
P11388,P68400,711
P11388,Q969P6,964
P11388,O15392,976
P11388,P78527,793
P11388,P11802,773
P11388,P09874,742
P11388,P31350,956
P11388,P23921,882
P11388,O14965,963
P11388,Q02880,973
P11388,P11387,994
P11388,P24941,801
P11388,P06493,997
P11388,P04818,960
P11388,P04183,806
P23415,P48167,812
P19801,P20711,972
P19801,P27338,971
P19801,P51648,946
P19801,P49189,936
P19801,P19113,963
P19801,P21397,970
P19801,P05091,939
P19801,P30837,932
P19801,P11926,964
P19801,P49419,934
Q8NHE4,P38606,973
Q8NHE4,Q9Y5K8,971
Q8NHE4,Q13488,840
Q8NHE4,Q8NEY4,950
Q8NHE4,P21281,951
Q8NHE4,Q9UI12,986
Q8NHE4,Q9Y487,855
Q8NHE4,Q96LB4,882
Q8NHE4,P20648,794
Q8NHE4,Q93050,958
Q8NHE4,Q99437,991
Q8NHE4,Q9HBG4,946
Q8NHE4,P15313,955
Q8NHE4,P61421,948
Q8NHE4,Q16864,978
Q8NHE4,O75348,961
Q8NHE4,P27449,977
Q8NHE4,Q96A05,943
Q8NHE4,O15342,942
Q8NHE4,P21283,973
Q8NHE4,O95670,971
Q8NHE4,P36543,962
Q8NHE4,Q8N8Y2,971
Q8NHE4,Q15904,944
P30838,P14550,941
P30838,P11766,860
P30838,Q16772,727
P30838,Q9NUB1,940
P30838,P09488,753
P30838,P07327,846
P30838,P21397,951
P30838,Q9H4Y5,739
P30838,P40394,918
P30838,Q99259,926
P30838,O60218,717
P30838,Q16853,928
P30838,P43353,909
P30838,P78417,746
P30838,P28161,719
P30838,P05181,939
P30838,Q99735,705
P30838,O15217,757
P30838,Q9NR19,944
P30838,P08319,874
P30838,Q05329,926
P30838,P48448,909
P30838,O60760,747
P30838,P00326,866
P30838,P80404,942
P30838,P00325,857
P30838,P21266,726
P30838,P21964,946
P30838,P09211,758
P30838,Q03013,729
P30838,Q6ZQY3,926
P30838,P27338,952
P30838,P10620,719
P30838,P09210,762
P30838,P08263,823
P51659,P37058,953
P51659,P23786,890
P51659,Q16836,892
P51659,P43155,940
P51659,P37059,928
P51659,Q9BTZ2,737
P51659,P40939,729
P51659,P04040,954
P51659,P28329,814
P51659,P49588,719
P51659,Q08426,988
P51659,P14061,943
P51659,Q9UKG9,718
P51659,P16219,723
P51659,O43772,749
Q13574,O14939,801
Q13574,P78352,818
Q13574,Q13393,760
P24046,P47869,708
P24046,P78334,701
P24046,P14867,701
P24046,P18507,711
P24046,O75899,738
P24046,P31644,707
Q9UKG9,Q16836,721
Q9UKG9,P51659,718
P23560,P01303,825
P23560,P22455,708
P23560,P27338,708
P23560,P05230,707
P23560,P08581,742
P23560,Q9H2X9,794
P23560,P11362,864
P23560,P01375,739
P23560,P01584,844
P23560,P37840,798
P23560,P10415,793
P23560,P01308,750
P23560,P07101,837
P23560,P04271,786
P23560,P14416,790
P23560,P78352,786
P23560,P08069,907
P23560,P04406,709
P23560,P35462,841
P23560,P42574,720
P23560,P60709,710
P23560,Q13547,726
P23560,P42858,823
P23560,P16220,956
P23560,P09619,761
P23560,Q16620,999
P23560,Q02763,739
P23560,P00750,757
P23560,P29317,708
P23560,P21554,784
P23560,P35968,795
P23560,P21964,919
P23560,P02649,831
P23560,P05231,846
P23560,P31645,922
P23560,P22607,747
P23560,P01133,798
P23560,P04150,788
P23560,P31749,835
P23560,P00533,877
P23560,P14780,740
P23560,P06213,726
P23560,P06850,818
P23560,P01189,727
P23560,P17948,769
P23560,P10145,713
P23560,P21728,795
P23560,P06241,828
P23560,Q05329,739
P23560,P05067,858
P23560,P08908,816
P23560,Q13224,931
P23560,Q12879,819
P23560,Q15303,781
P23560,P01100,748
P23560,P27361,942
P23560,Q05586,745
P23560,P04629,999
P23560,P21917,817
P23560,P35916,715
P23560,Q00535,847
P23560,P09038,840
P23560,Q92793,886
P23560,P42261,828
P23560,P16234,860
P23560,P28223,890
P23560,P07949,741
P23560,P07333,760
P23560,P21802,827
P23560,P0DP23,746
P23560,P04626,746
P23560,P11137,713
P23560,P10721,841
P23560,P28482,845
P23560,P21397,741
Q06033,P02647,818
Q06033,P19823,787
Q06033,P19827,724
Q06033,P02765,730
Q06033,P02749,777
Q06033,P02649,705
P0C0L5,P01024,998
P0C0L5,P02747,967
P0C0L5,P00751,948
P0C0L5,P08603,951
P0C0L5,P00736,991
P0C0L5,P04004,733
P0C0L5,P09871,993
P0C0L5,P01031,732
P0C0L5,P08686,742
P0C0L5,P07225,953
P0C0L5,P05155,756
P0C0L5,P20851,995
P0C0L5,P02746,969
P0C0L5,P05156,954
P0C0L5,P04003,998
P0C0L5,O75636,747
P01009,P01042,943
P01009,P02671,831
P01009,P15502,718
P01009,P08697,837
P01009,P06727,793
P01009,P02652,822
P01009,P02765,971
P01009,P02751,825
P01009,P02749,845
P01009,P02655,708
P01009,P02766,961
P01009,P02675,810
P01009,P00739,762
P01009,P07288,917
P01009,P05164,753
P01009,P11309,863
P01009,P02649,781
P01009,P02656,767
P01009,P08246,999
P01009,P02679,886
P01009,P02774,876
P01009,P19652,972
P01009,P00450,944
P01009,P04070,934
P01009,P02787,848
P01009,P04004,718
P01009,P02768,998
P01009,P05067,764
P01009,P02647,927
P01009,P00751,725
P01009,P04217,735
P01009,P00747,819
P01009,P01024,859
P01009,P10909,896
P01009,P01023,980
P01009,P36955,744
P01009,P27824,772
P01009,P02763,979
P01009,P00734,790
O15547,Q9UBL9,982
O15547,P51582,809
O15547,Q9BPV8,784
O15547,Q99572,949
O15547,P41231,768
O15547,Q96G91,752
O15547,Q93086,971
O15547,P56373,993
O15547,Q14957,923
O15547,Q05586,912
O15547,O15399,915
O15547,P51575,995
O15547,Q15391,731
O15547,Q12879,910
O15547,Q99571,993
P11166,P14618,814
P11166,P00558,720
P11166,P31639,735
P11166,P00338,863
P11166,Q16790,849
P11166,P11168,906
P11166,P00533,704
P11166,P31749,708
P11166,P04637,967
P11166,Q16665,902
P11166,P01308,849
P11166,P01106,700
P11166,P04406,737
P11166,P01375,816
P00751,P01024,999
P00751,P08603,961
P00751,P01023,726
P00751,P01009,725
P00751,P52429,796
P00751,P0C0L5,948
P00751,P01031,774
P00751,P05155,880
P00751,P02649,700
P00751,P05156,970
P35858,P17936,999
Q15125,Q15800,740
Q15125,Q9UBM7,966
Q15125,Q9H252,901
Q15125,P56937,961
Q15125,O60427,833
Q15125,Q15738,964
Q16718,P56181,999
Q16718,O96000,999
Q16718,O43920,999
Q16718,O75306,999
Q16718,O43678,999
Q16718,P30043,791
Q16718,P51970,999
Q16718,O00217,999
Q16718,O95299,999
Q16718,O95139,999
Q16718,O95168,999
Q16718,O75438,998
Q16718,O75251,999
Q16718,O95182,999
Q16718,O43181,999
Q16718,Q86Y39,999
Q16718,P17568,999
Q16718,O15239,999
Q16718,Q9Y6M9,999
Q16718,O95167,999
Q16718,P25705,724
Q16718,P03901,999
Q16718,P49821,999
Q16718,O75489,999
Q16718,P03886,999
Q16718,P03891,999
Q16718,P31930,992
Q16718,Q9UI09,999
Q16718,P36542,873
Q16718,P56381,817
Q16718,O95178,998
Q16718,O75380,999
Q16718,P31040,793
Q16718,P56556,999
Q16718,P99999,842
Q16718,Q9NRX3,794
Q16718,O95169,999
Q16718,O75964,869
Q16718,P30049,720
Q16718,Q16795,999
Q16718,P03915,999
Q16718,O43677,999
Q16718,P48047,892
Q16718,P19404,999
Q16718,O14561,999
Q16718,P28331,999
Q16718,P56385,944
Q16718,O43676,999
Q16718,P03923,989
Q16718,P00395,894
Q16718,Q9P0J0,999
Q16718,O95298,999
Q16718,O00244,882
Q16718,O43674,999
Q16718,P03897,999
Q16718,P03905,999
Q16718,O00483,995
Q96LB4,Q8NHE4,882
Q96LB4,P38606,932
Q96LB4,P21281,934
Q96LB4,Q8NEY4,951
Q96LB4,Q13488,924
Q96LB4,Q9Y5K8,986
Q96LB4,Q9UI12,969
Q96LB4,Q9Y487,934
Q96LB4,P15313,953
Q96LB4,Q16864,990
Q96LB4,P61421,953
Q96LB4,P27449,960
Q96LB4,Q99437,970
Q96LB4,Q93050,950
Q96LB4,Q9HBG4,960
Q96LB4,P21283,935
Q96LB4,Q8N8Y2,961
Q96LB4,Q15904,941
Q96LB4,P36543,972
Q96LB4,Q96A05,978
Q96LB4,O15342,885
Q16864,O00217,717
Q16864,Q9Y5K8,999
Q16864,Q9Y487,998
Q16864,Q99437,999
Q16864,P25705,911
Q16864,P61421,999
Q16864,O75348,999
Q16864,P27449,999
Q16864,O15342,998
Q16864,P21283,999
Q16864,O95670,997
Q16864,Q8N8Y2,999
Q16864,Q8NHE4,978
Q16864,P30049,938
Q16864,P38606,999
Q16864,P21281,999
Q16864,Q8NEY4,996
Q16864,Q13488,995
Q16864,Q9UI12,999
Q16864,P36542,911
Q16864,Q96LB4,990
Q16864,P56381,762
Q16864,Q93050,999
Q16864,Q9HBG4,999
Q16864,P06576,885
Q16864,P15313,999
Q16864,Q96A05,998
Q16864,P48047,891
Q16864,Q15904,987
Q16864,P36543,999
P09466,P07360,721
P09466,P31025,844
P09466,P41222,716
Q9NY47,P62955,837
Q9NY47,O60840,854
Q9NY47,Q01668,971
Q9NY47,Q06432,981
Q9NY47,Q13936,982
Q9NY47,O00305,960
Q9NY47,Q15878,970
Q9NY47,O00555,982
Q9NY47,P54284,869
Q9NY47,Q9Y698,824
Q9NY47,Q08289,990
Q9NY47,P54289,741
Q9NY47,Q13698,861
Q9NY47,O43497,877
Q9NY47,Q8WXS5,746
Q9NY47,Q9UBN1,837
Q9NY47,Q02641,947
Q9NY47,Q00975,931
Q9NY47,Q8IZS8,779
Q9NY47,O95180,820
Q9Y2I1,P08648,805
O95167,Q9P0J0,999
O95167,O95298,998
O95167,O43674,999
O95167,P03897,999
O95167,O00483,986
O95167,P03905,997
O95167,P03923,997
O95167,P00395,860
O95167,P19404,999
O95167,P28331,999
O95167,O14561,999
O95167,O43676,999
O95167,P56385,801
O95167,O43677,999
O95167,P30049,755
O95167,Q16718,999
O95167,P03915,998
O95167,Q16795,999
O95167,O95169,999
O95167,O75380,999
O95167,P56556,999
O95167,Q9UI09,999
O95167,P31930,939
O95167,P56381,791
O95167,O95178,996
O95167,P03891,997
O95167,Q9Y6M9,999
O95167,O75489,999
O95167,P03886,998
O95167,P03901,988
O95167,P49821,999
O95167,O15239,999
O95167,P17568,999
O95167,Q86Y39,999
O95167,O95182,999
O95167,O43181,999
O95167,O95168,999
O95167,O75251,999
O95167,O75438,996
O95167,O00217,999
O95167,O95299,999
O95167,O95139,999
O95167,O43920,999
O95167,O75306,999
O95167,O43678,999
O95167,P51970,999
O95167,P30043,704
O95167,P56181,999
O95167,O96000,999
P67775,P05771,914
P67775,P19838,931
P67775,P10415,962
P67775,P01106,779
P67775,P14416,915
P67775,P04049,787
P67775,P19429,913
P67775,O14920,782
P67775,Q92736,944
P67775,Q13936,747
P67775,P49841,897
P67775,Q04206,949
P67775,P12931,822
P67775,P04637,833
P67775,P36507,955
P67775,P62714,986
P67775,P53350,824
P67775,P27361,971
P67775,Q05513,922
P67775,P41743,913
P67775,Q02750,944
P67775,P31749,980
P67775,P06493,801
P67775,P28482,974
P67775,P05129,914
P67775,P17252,928
P15056,P49841,925
P15056,P12931,842
P15056,P04637,887
P15056,P08238,998
P15056,P07900,984
P15056,P02751,718
P15056,P36507,998
P15056,P10415,761
P15056,P01106,722
P15056,P27348,997
P15056,P63104,999
P15056,Q02156,910
P15056,Q13315,778
P15056,P05771,909
P15056,P62258,994
P15056,P03372,746
P15056,P42336,947
P15056,P04049,999
P15056,O14746,815
P15056,P17612,922
P15056,P28482,949
P15056,P31946,994
P15056,P53041,979
P15056,P17252,937
P15056,P05129,943
P15056,P30086,851
P15056,P11021,773
P15056,P11142,806
P15056,P24385,864
P15056,P27361,960
P15056,P31749,783
P15056,Q04917,993
P15056,Q9NZQ7,799
P15056,Q02750,999
P15056,P10398,998
O95178,O96000,999
O95178,Q9UI09,996
O95178,P56181,998
O95178,P31930,866
O95178,P51970,997
O95178,O43678,999
O95178,O43920,995
O95178,O75306,996
O95178,O95169,999
O95178,O75380,997
O95178,O95139,997
O95178,P56556,999
O95178,O95299,999
O95178,O00217,996
O95178,P03915,997
O95178,O75438,998
O95178,O75251,996
O95178,Q16795,995
O95178,Q16718,998
O95178,O95168,999
O95178,O43181,996
O95178,O95182,999
O95178,O43677,998
O95178,O43676,999
O95178,O15239,999
O95178,Q86Y39,996
O95178,P17568,999
O95178,P19404,997
O95178,O14561,999
O95178,P28331,995
O95178,P00395,807
O95178,O75489,996
O95178,P03886,994
O95178,P49821,996
O95178,P03901,975
O95178,Q9Y6M9,999
O95178,O95167,996
O95178,P03923,974
O95178,P03905,994
O95178,O00483,990
O95178,P03891,994
O95178,P03897,994
O95178,O43674,998
O95178,Q9P0J0,997
O95178,O95298,996
Q8IZS8,O43497,744
Q8IZS8,O95180,822
Q8IZS8,Q9NY47,779
Q8IZS8,Q02641,926
Q8IZS8,Q9BXT2,756
Q8IZS8,Q00975,874
Q8IZS8,Q13698,755
Q8IZS8,Q08289,939
Q8IZS8,P54289,810
Q8IZS8,Q15878,896
Q8IZS8,O00555,936
Q8IZS8,P54284,890
Q8IZS8,Q9Y698,708
Q8IZS8,Q01668,876
Q8IZS8,Q06432,941
Q8IZS8,O60840,783
Q8IZS8,O00305,888
Q8IZS8,Q13936,871
Q16595,Q9Y697,999
Q16595,P00450,945
Q16595,Q96I15,968
Q16595,P09601,939
Q16595,P30519,924
Q16595,P10809,736
Q16595,O00555,727
Q16595,O14561,720
Q16595,P31040,800
Q16595,Q96EN8,824
P48736,P27986,999
P48736,P07948,982
P48736,P07333,757
P48736,P04626,704
P48736,P11229,707
P48736,P10721,852
P48736,P31749,994
P48736,P00533,748
P48736,P42345,857
P48736,P06241,750
P48736,Q05513,927
P48736,Q08881,938
P48736,Q96I99,769
P48736,P59768,847
P48736,P09619,731
P48736,P08172,708
P48736,P42338,997
P48736,P12931,966
P48736,Q13370,757
P48736,P09769,931
P48736,O60674,714
P48736,P43405,882
P48736,P42336,997
P48736,O00329,994
P48736,P11274,732
P48736,O15530,967
P48736,P08631,937
P48736,Q14457,921
Q96I99,P07550,740
Q96I99,P28331,728
Q96I99,P48736,769
Q96I99,P19404,713
Q96I99,P50213,854
Q96I99,P36542,728
Q96I99,P48544,741
Q96I99,P24752,867
Q96I99,P59768,798
Q96I99,P63244,799
Q96I99,P42765,880
Q96I99,P31040,997
Q96I99,P22033,957
Q96I99,P40926,733
Q96I99,P08100,709
Q96I99,O75489,731
Q96I99,Q9NR19,834
Q96I99,O43837,806
Q96I99,Q9NUB1,844
Q96I99,P25098,939
Q96I99,O75306,800
Q96I99,P48549,892
Q96I99,P10515,967
Q96I99,P51553,803
Q96I99,P09622,862
Q96I99,Q02218,957
O95622,P16499,772
O95622,P51828,808
O95622,P54750,802
O95622,Q07343,797
O95622,P29274,725
O95622,Q01064,843
O95622,P08913,738
O95622,P29275,714
O95622,P05771,708
O95622,Q05655,913
O95622,Q13946,804
O95622,Q14432,823
O95622,O60658,723
O95622,Q9Y6T7,928
O95622,P21554,922
O95622,Q13936,786
O95622,P49286,911
O95622,Q9HCR9,774
O95622,Q13370,805
O95622,P59768,828
O95622,O76083,754
O95622,O95263,740
O95622,Q14123,876
O95622,O00408,847
O95622,P31323,781
O95622,Q8NFM4,835
O95622,P31749,737
O95622,P40145,719
O95622,Q08499,816
O95622,P51160,750
O95622,Q9NP56,791
O95622,P0DP23,838
O95622,P17612,983
O95622,P27815,850
O95622,Q9Y233,868
O95622,P17252,878
O95622,O43306,960
O95622,P35913,759
O95622,Q08462,891
O95622,O60503,827
O95622,Q08493,960
O95622,O76074,788
O95622,P05129,722
P62937,P62942,706
P62937,P40429,727
P62937,P11142,777
P62937,P00558,753
P62937,P06733,870
P62937,P62750,725
P62937,P43487,787
P62937,P60709,866
P62937,P04406,846
P62937,P10809,709
P62937,P23528,880
P62937,P07900,733
P62937,P08238,747
P19793,P10828,993
P19793,Q96RI1,999
P19793,Q15788,999
P19793,P10827,967
P19793,Q07869,999
P19793,P04798,714
P19793,P55055,998
P19793,O15528,981
P19793,O15379,774
P19793,Q04206,781
P19793,O75469,999
P19793,P45844,815
P19793,Q14994,987
P19793,P36956,759
P19793,Q13547,755
P19793,P10276,999
P19793,P17676,762
P19793,Q15596,999
P19793,P28702,934
P19793,Q03181,995
P19793,P10826,996
P19793,P48443,943
P19793,O95477,916
P19793,Q92769,730
P19793,Q13133,999
P19793,P17936,931
P19793,P13631,945
P19793,Q92793,977
P19793,P37231,999
Q00535,Q12879,763
Q00535,Q13224,800
Q00535,P06241,951
Q00535,P24385,885
Q00535,P05067,868
Q00535,P24941,928
Q00535,P00519,900
Q00535,P0DP23,739
Q00535,P37231,909
Q00535,Q06830,805
Q00535,P11802,710
Q00535,P78352,974
Q00535,P10636,999
Q00535,P38936,885
Q00535,P62258,706
Q00535,P32119,836
Q00535,P23560,847
Q00535,P04637,967
Q00535,P05412,926
Q00535,P12004,784
Q14722,Q96RP8,769
Q14722,Q9NSA2,774
Q14722,P22001,945
Q14722,P22460,986
Q14722,P17658,904
Q14722,P51787,717
Q14722,O95259,748
Q14722,O43525,747
Q14722,Q8TDN1,774
Q14722,P22459,986
Q14722,Q9BQ31,811
Q14722,P16389,980
Q14722,Q96PR1,770
Q14722,Q9NZV8,841
Q14722,Q09470,995
Q14722,Q14721,858
Q14722,Q9NR82,712
Q14722,P48547,907
Q14722,Q16322,766
Q14722,Q9UK17,837
Q14722,Q9H3M0,726
Q14722,Q92953,761
Q14722,O43526,745
Q14722,Q03721,797
Q14722,Q14003,772
Q14722,Q6PIU1,891
O60513,P15291,912
P09210,Q03013,734
P09210,P09211,829
P09210,O43708,910
P09210,O75715,794
P09210,Q8TED1,791
P09210,P08684,942
P09210,P04798,948
P09210,Q7RTV2,958
P09210,P46439,807
P09210,P05177,944
P09210,O14880,801
P09210,P10620,789
P09210,P59796,791
P09210,P08263,987
P09210,P48637,927
P09210,P18283,825
P09210,P30041,913
P09210,P36969,932
P09210,P00326,750
P09210,O60760,785
P09210,Q16678,936
P09210,P11509,931
P09210,P00325,714
P09210,P21266,740
P09210,P78417,857
P09210,P19440,719
P09210,P28161,754
P09210,P20815,738
P09210,O15217,970
P09210,P22352,805
P09210,P05181,937
P09210,Q99735,749
P09210,Q96SL4,800
P09210,P08319,777
P09210,P00390,939
P09210,P11712,931
P09210,Q16772,947
P09210,P33261,737
P09210,P30838,762
P09210,P09488,834
P09210,P10632,719
P09210,P07327,740
P09210,Q9H4Y5,820
P09210,P40394,726
P09210,P43353,711
Q9NR33,P09884,985
Q9NR33,Q07864,999
Q9NR33,P56282,999
Q9NR33,Q14181,965
Q9NR33,Q9NRF9,999
P41180,P48048,884
P41180,Q13621,768
P41180,O75899,819
P41180,Q9UBS5,904
P40394,P27338,918
P40394,Q06278,930
P40394,P51648,878
P40394,P09211,723
P40394,Q03013,717
P40394,P08263,800
P40394,P09210,726
P40394,P46439,706
P40394,P48448,871
P40394,O95237,931
P40394,P47895,851
P40394,O94788,821
P40394,P21266,724
P40394,P49189,869
P40394,P21964,942
P40394,P10768,838
P40394,O60760,703
P40394,P00326,720
P40394,P05181,953
P40394,O15217,710
P40394,P28161,708
P40394,P78417,722
P40394,P05091,968
P40394,P49419,824
P40394,P30838,918
P40394,P30837,878
P40394,Q16772,709
P40394,Q6NUM9,921
P40394,P43353,845
P40394,Q9H4Y5,700
P40394,P21397,924
P40394,O43174,936
P40394,P00352,929
P40394,P09488,809
P35913,P40145,719
P35913,P08100,898
P35913,Q08828,724
P35913,P18545,997
P35913,Q8NFM4,719
P35913,O43306,759
P35913,Q08462,727
P35913,O60503,717
P35913,P16066,770
P35913,O95622,759
P35913,P21589,763
P35913,P16499,982
P35913,P51828,720
P35913,O60266,754
P35913,P00492,909
P35913,P33402,775
P35913,O60840,704
P35913,Q96NR8,739
P62829,P62913,999
P62829,P49411,998
P62829,P07437,844
P62829,P08865,999
P62829,P61313,999
P62829,P63244,999
P62829,P84098,999
P62829,P36542,896
P62829,Q9Y4W6,809
P62829,Q9UNX3,997
P62829,P56537,997
P62829,O14561,860
P62829,P68104,962
P62829,P62917,999
P62829,P62750,999
P62829,P15880,999
P62829,P48047,906
P62829,Q6NVY1,922
P62829,P39023,999
P62829,P61927,999
P62829,P14618,863
P62829,Q00987,941
P62829,P50579,861
P62829,P55769,879
P62829,P25705,916
P62829,P27449,745
P62829,Q96L21,997
P62829,P40429,999
P62829,Q6W5P4,949
P62829,P00846,900
P62829,Q9UHA3,994
P62829,P30085,731
P98194,P23528,871
P02774,O15528,858
P02774,P25311,823
P02774,P19652,726
P02774,P02787,811
P02774,P00390,702
P02774,P02671,779
P02774,P02768,980
P02774,P01009,876
P02774,P62736,972
P02774,P02753,749
P02774,P02652,765
P02774,P02765,959
P02774,P00747,719
P02774,P01024,768
P02774,P02749,766
P02774,P10909,745
P02774,P01008,840
P02774,P06396,826
P02774,P02766,899
P02774,P02675,931
P02774,Q9UBM7,720
P02774,O60494,997
P02774,P02763,785
P02774,P02679,868
P02774,P00734,792
P33121,P40939,764
P33121,Q07869,820
P33121,P42765,788
P33121,P07098,703
P33121,O60488,770
P33121,P49327,981
P33121,Q96PD7,748
P33121,P50416,975
P33121,P37231,745
Q8N5Z0,P54687,889
Q8N5Z0,Q15274,706
Q8N5Z0,O15382,894
Q8N5Z0,Q16719,980
Q8N5Z0,P49419,929
Q8N5Z0,P08243,777
Q8N5Z0,P09622,909
Q8N5Z0,Q6YP21,960
Q8N5Z0,Q16773,999
Q9P0J0,O75489,999
Q9P0J0,P03886,999
Q9P0J0,P49821,999
Q9P0J0,P03901,998
Q9P0J0,Q9Y6M9,999
Q9P0J0,O95167,999
Q9P0J0,P03891,999
Q9P0J0,O43181,999
Q9P0J0,P12236,721
Q9P0J0,O95182,999
Q9P0J0,O15239,999
Q9P0J0,P17568,999
Q9P0J0,Q86Y39,999
Q9P0J0,O95139,999
Q9P0J0,O95299,999
Q9P0J0,O00217,999
Q9P0J0,O75438,998
Q9P0J0,O75251,999
Q9P0J0,O95168,999
Q9P0J0,O96000,999
Q9P0J0,P56181,999
Q9P0J0,P51970,999
Q9P0J0,P30043,772
Q9P0J0,O43678,999
Q9P0J0,O43920,999
Q9P0J0,O75306,999
Q9P0J0,P00395,894
Q9P0J0,P03923,993
Q9P0J0,P03905,999
Q9P0J0,O00483,989
Q9P0J0,P03897,999
Q9P0J0,O43674,999
Q9P0J0,O95298,999
Q9P0J0,Q9Y4W6,995
Q9P0J0,O43677,997
Q9P0J0,O43676,999
Q9P0J0,P56385,959
Q9P0J0,P19404,999
Q9P0J0,O14561,999
Q9P0J0,P28331,999
Q9P0J0,O95169,999
Q9P0J0,Q9NRX3,746
Q9P0J0,P31040,768
Q9P0J0,O75380,999
Q9P0J0,P56556,999
Q9P0J0,P03915,999
Q9P0J0,Q16795,999
Q9P0J0,P30049,934
Q9P0J0,Q16718,999
Q9P0J0,O75964,816
Q9P0J0,P56381,799
Q9P0J0,O95178,997
Q9P0J0,P36542,883
Q9P0J0,Q9UI09,999
Q9P0J0,P31930,982
Q8TED1,P78417,800
Q8TED1,P19440,734
Q8TED1,P28161,801
Q8TED1,P09917,937
Q8TED1,O15217,807
Q8TED1,P22352,929
Q8TED1,O95479,820
Q8TED1,Q99735,761
Q8TED1,Q96SL4,917
Q8TED1,P02768,723
Q8TED1,P00390,997
Q8TED1,P27169,742
Q8TED1,Q16772,782
Q8TED1,P16050,929
Q8TED1,P24298,814
Q8TED1,Q06830,785
Q8TED1,P04839,743
Q8TED1,P10632,909
Q8TED1,Q9H4Y5,795
Q8TED1,P09488,828
Q8TED1,P09601,842
Q8TED1,Q03013,725
Q8TED1,P09211,821
Q8TED1,P01375,734
Q8TED1,P01584,760
Q8TED1,O75715,927
Q8TED1,P46439,731
Q8TED1,P42574,773
Q8TED1,O14880,773
Q8TED1,Q7RTV2,721
Q8TED1,P47989,884
Q8TED1,Q16881,874
Q8TED1,P08263,817
Q8TED1,P48637,942
Q8TED1,P18283,930
Q8TED1,P00441,890
Q8TED1,P15559,750
Q8TED1,P10620,781
Q8TED1,P09210,791
Q8TED1,P10415,734
Q8TED1,P59796,928
Q8TED1,P01308,725
Q8TED1,P10599,914
Q8TED1,P30041,971
Q8TED1,P05164,717
Q8TED1,P36969,929
Q8TED1,P35754,863
Q8TED1,P05231,749
Q8TED1,P32119,774
Q8TED1,Q14145,737
Q8TED1,O60760,892
Q8TED1,P21266,767
Q8TED1,P22303,702
Q8TED1,P99999,763
P08319,P21266,708
P08319,P49189,854
P08319,P21964,916
P08319,P10768,891
P08319,O60760,703
P08319,O95237,917
P08319,P47895,816
P08319,P48448,844
P08319,O94788,810
P08319,P09210,777
P08319,P08263,794
P08319,Q06278,937
P08319,P27338,919
P08319,P09211,713
P08319,P51648,891
P08319,P43353,875
P08319,O43174,933
P08319,P00352,949
P08319,P09488,838
P08319,P21397,925
P08319,P05091,979
P08319,P30837,872
P08319,Q6NUM9,921
P08319,P30838,874
P08319,P49419,827
P08319,P05181,961
P49908,P22352,898
P49908,P05452,729
P49908,P36969,735
P49908,P63244,768
P49908,P10599,813
P49908,P08865,720
P49908,P18283,859
P49908,Q16881,728
P49908,P15880,893
P00326,P08263,776
P00326,P09210,750
P00326,P10620,719
P00326,P46439,738
P00326,Q7RTV2,703
P00326,P27338,931
P00326,Q06278,932
P00326,P51648,862
P00326,P09211,762
P00326,P49189,856
P00326,P21964,927
P00326,P21266,708
P00326,P00325,986
P00326,O60760,730
P00326,P10768,863
P00326,P48448,847
P00326,O95237,919
P00326,P47895,829
P00326,O94788,801
P00326,P05181,965
P00326,P78417,704
P00326,P43353,828
P00326,P40394,720
P00326,P21397,936
P00326,P07327,983
P00326,P09488,782
P00326,P00352,921
P00326,O43174,926
P00326,P05091,989
P00326,P49419,833
P00326,P30838,866
P00326,Q16772,729
P00326,Q6NUM9,914
P00326,P30837,888
Q16134,P16219,759
Q16134,O43772,759
Q16134,P42765,810
Q16134,P23786,758
Q16134,P40939,752
Q16134,P19404,703
P63244,O00303,979
P63244,P11142,852
P63244,P06241,805
P63244,Q96L21,999
P63244,P40429,999
P63244,P17181,970
P63244,P55769,775
P63244,Q96I99,799
P63244,Q13224,777
P63244,P31749,750
P63244,Q6W5P4,809
P63244,Q08499,880
P63244,P39023,999
P63244,P48551,976
P63244,P61927,999
P63244,P49908,768
P63244,P27815,842
P63244,P17252,970
P63244,Q9UNX3,997
P63244,P08069,871
P63244,Q02156,808
P63244,P60842,985
P63244,P05771,925
P63244,Q14457,757
P63244,P15880,999
P63244,P68104,993
P63244,P01375,730
P63244,P56537,963
P63244,P62750,999
P63244,P62917,999
P63244,P34932,823
P63244,P12931,993
P63244,P08238,878
P63244,P05412,777
P63244,P62913,999
P63244,P07900,910
P63244,P84098,999
P63244,P62829,999
P63244,P61313,999
P63244,P08865,999
P63244,Q16665,933
P42684,P00533,782
P42684,P36888,710
P42684,P15153,926
P42684,P00519,981
P47869,P47870,812
P47869,P18505,917
P47869,P08172,812
P47869,P24046,708
P47869,P78334,776
P47869,O14764,720
P47869,P14867,854
P47869,Q16445,724
P47869,P28472,829
P47869,O75899,890
P47869,P18507,793
P47869,Q9UBS5,772
P47869,P48169,782
P47869,Q9UN88,719
P47869,Q8N1C3,809
P27986,P07359,863
P27986,P04629,962
P27986,P36888,956
P27986,P35916,853
P27986,Q8TCG2,916
P27986,P07949,898
P27986,P07333,925
P27986,P00519,832
P27986,P23458,939
P27986,O00206,925
P27986,P16234,995
P27986,P07948,964
P27986,P04626,995
P27986,P21802,924
P27986,P15153,934
P27986,P25963,773
P27986,P52333,932
P27986,P29350,971
P27986,P10721,995
P27986,P06213,988
P27986,P00533,998
P27986,P31749,995
P27986,P42345,956
P27986,P17948,909
P27986,P29597,716
P27986,P06239,939
P27986,P10398,795
P27986,P14778,722
P27986,Q05513,933
P27986,P06241,988
P27986,P41743,919
P27986,Q08881,949
P27986,Q15303,948
P27986,Q9UM73,973
P27986,P07900,788
P27986,P09619,999
P27986,Q02763,735
P27986,Q16620,741
P27986,P06401,931
P27986,P42338,999
P27986,P12931,998
P27986,P29317,733
P27986,P04637,853
P27986,P35968,943
P27986,P01133,911
P27986,P22607,824
P27986,O60674,987
P27986,P09769,741
P27986,Q06187,947
P27986,P08581,872
P27986,P03372,994
P27986,P43405,980
P27986,P22455,798
P27986,O00329,999
P27986,P04049,944
P27986,P07947,707
P27986,P11362,992
P27986,P42336,999
P27986,P48736,999
P27986,P01308,824
P27986,P11274,744
P27986,O15530,953
P27986,P08631,857
P27986,P10828,966
P27986,P63000,794
P27986,Q05655,934
P27986,P08069,994
P27986,P63104,961
P27986,P10827,956
Q9UNX3,Q6W5P4,858
Q9UNX3,Q9UHA3,901
Q9UNX3,P40429,996
Q9UNX3,Q96L21,985
Q9UNX3,P50579,781
Q9UNX3,P39023,995
Q9UNX3,P61927,995
Q9UNX3,P15880,998
Q9UNX3,P48047,716
Q9UNX3,P56537,902
Q9UNX3,P62917,998
Q9UNX3,P62750,997
Q9UNX3,P84098,997
Q9UNX3,P36542,713
Q9UNX3,P62829,997
Q9UNX3,P61313,998
Q9UNX3,P63244,997
Q9UNX3,P08865,995
Q9UNX3,P49411,949
Q9UNX3,P62913,997
P07948,Q99062,916
P07948,P07900,809
P07948,P08238,714
P07948,P42338,957
P07948,P12931,989
P07948,P42263,902
P07948,P29317,775
P07948,P07947,823
P07948,O00329,956
P07948,P01584,763
P07948,Q9HBA0,773
P07948,P48736,982
P07948,P42336,935
P07948,P43405,999
P07948,O60674,931
P07948,Q06187,997
P07948,P09769,743
P07948,P05771,947
P07948,P08631,986
P07948,P78527,745
P07948,P41240,948
P07948,Q14289,990
P07948,P05129,903
P07948,P17252,914
P07948,P27986,964
P07948,P14770,919
P07948,P07359,946
P07948,P10721,928
P07948,P28482,829
P07948,P29350,953
P07948,P12314,939
P07948,P23458,836
P07948,P07333,719
P07948,P42261,907
P07948,P06239,905
P07948,P29597,806
P07948,P06493,889
P07948,P31749,820
P07948,P00533,859
P07948,P27361,832
P07948,P51692,782
P07948,P42262,904
P07948,Q08881,916
P07948,P06241,996
P42261,P07948,907
P42261,P17612,970
P42261,Q14957,829
P42261,P46098,814
P42261,Q05586,907
P42261,P17252,706
P42261,P48058,997
P42261,P00390,817
P42261,O15399,816
P42261,P42262,999
P42261,O60359,867
P42261,Q13224,934
P42261,Q12879,926
P42261,Q16099,752
P42261,P21728,740
P42261,Q9UBN1,843
P42261,Q8WXS5,996
P42261,P42263,999
P42261,P23560,828
P42261,Q9UF02,828
P42261,P41594,916
P42261,P62955,873
P42261,P60880,731
P42261,P78352,994
P42261,Q13003,822
P42261,Q9Y698,999
P42261,Q8TCU5,815
P42261,Q13002,751
P42261,O60391,840
P42261,P07550,706
O15342,Q9Y5K8,998
O15342,Q8NEY4,937
O15342,Q13488,835
O15342,P21281,993
O15342,Q9UI12,997
O15342,Q9Y487,950
O15342,Q96LB4,885
O15342,Q8NHE4,942
O15342,P38606,997
O15342,Q96A05,956
O15342,P21283,997
O15342,O95670,973
O15342,P36543,993
O15342,Q15904,991
O15342,Q8N8Y2,947
O15342,Q93050,995
O15342,Q99437,998
O15342,Q9HBG4,989
O15342,P15313,951
O15342,P61421,990
O15342,Q16864,998
O15342,O75348,983
O15342,P27449,998
O00591,Q16445,707
O00591,P78334,705
O00591,P14867,710
O00591,O75899,719
O00591,Q15111,901
P21283,P38606,999
P21283,Q8NHE4,973
P21283,Q96LB4,935
P21283,Q9UI12,999
P21283,Q8NEY4,977
P21283,Q13488,969
P21283,P21281,999
P21283,Q16864,999
P21283,P06576,768
P21283,P15313,998
P21283,Q9HBG4,998
P21283,Q93050,999
P21283,P36543,999
P21283,Q15904,996
P21283,Q96A05,989
P21283,Q9Y487,977
P21283,Q9Y5K8,999
P21283,O75348,998
P21283,P27449,999
P21283,P61421,998
P21283,P25705,736
P21283,Q99437,999
P21283,Q8N8Y2,983
P21283,O95670,997
P21283,O15342,997
Q92769,P62807,755
Q92769,P04150,862
Q92769,P26358,999
Q92769,Q969G3,771
Q92769,P05412,846
Q92769,P04637,990
Q92769,Q969S8,834
Q92769,Q04206,986
Q92769,P34932,741
Q92769,P68400,972
Q92769,Q16665,781
Q92769,P19793,730
Q92769,P16220,769
Q92769,Q13547,999
Q92769,Q9UQL6,751
Q92769,P56524,827
Q92769,P19838,803
Q92769,P01106,838
Q92769,P09874,882
Q92769,Q9UBN7,741
Q92769,O15379,906
Q92769,P03372,903
Q92769,Q96EB6,898
Q92769,Q92793,934
Q92769,Q9NRA0,921
Q92769,P37231,784
Q92769,Q9Y6K1,970
Q92769,P01100,784
Q92769,Q9UBC3,994
Q92769,P29590,859
Q92769,Q8WUI4,836
O00244,O75880,794
O00244,O14618,973
O00244,P00450,723
O00244,Q16718,882
O00244,P35754,706
O00244,P00441,932
P00915,P00918,833
P00915,Q9NZD4,845
P00915,P43166,702
P00915,P07451,701
P00915,P22557,810
O14920,O15530,924
O14920,P98170,858
O14920,P01106,778
O14920,P01308,721
O14920,P10415,727
O14920,P19838,999
O14920,Q04759,981
O14920,P15509,778
O14920,Q06187,920
O14920,P01584,865
O14920,P01375,999
O14920,O15111,999
O14920,P56556,886
O14920,P04637,933
O14920,P08238,976
O14920,P05412,785
O14920,P12931,918
O14920,Q04206,999
O14920,Q14145,997
O14920,P05231,736
O14920,Q14790,870
O14920,P07900,975
O14920,Q15750,994
O14920,Q9NR28,714
O14920,Q00653,955
O14920,P42345,769
O14920,P31749,990
O14920,O00206,903
O14920,P67775,782
O14920,P04792,877
O14920,P19525,966
O14920,P25963,999
O14920,Q92793,801
Q92953,Q96KK3,709
Q92953,Q14722,761
Q92953,Q13303,771
Q92953,Q14721,782
P14902,P78540,707
P14902,P21397,939
P14902,P46597,927
P14902,P01579,930
P14902,Q9NZQ7,902
P14902,Q15274,723
P14902,P17752,957
P14902,P05089,775
P14902,Q16678,938
P14902,P05231,791
P14902,Q16613,931
P14902,P60568,808
P14902,P20711,930
P14902,P05177,930
P14902,Q16719,983
P14902,P27338,936
P14902,P04798,944
P14902,P42081,786
P14902,P21589,700
P14902,P01584,748
P14902,P01375,758
Q9Y2Q3,Q9H4Y5,754
Q9Y2Q3,P78417,711
Q9Y2Q3,O60760,948
Q9Y2Q3,P09211,754
P04629,Q16620,989
P04629,P23560,999
P04629,P42338,932
P04629,P01133,997
P04629,P01138,999
P04629,P05230,854
P04629,P03372,720
P04629,P42336,960
P04629,O95750,713
P04629,O00329,922
P04629,P08620,887
P04629,P01308,996
P04629,P29274,857
P04629,Q9UQQ2,916
P04629,P27986,962
P04629,P09038,959
P04629,P04626,751
P04629,P00519,958
P04629,P06753,986
P04629,P14210,997
P04629,P05067,856
O00303,P40429,849
O00303,P42345,805
O00303,P60842,966
O00303,P68104,725
O00303,P15880,968
O00303,P62913,777
O00303,P63244,979
O00303,P61313,772
O00303,P08865,980
P29597,P18031,771
P29597,O60674,997
P29597,P43405,834
P29597,P42336,726
P29597,O00329,760
P29597,P01375,737
P29597,P26951,717
P29597,P60568,700
P29597,P35225,831
P29597,P08631,823
P29597,P09619,818
P29597,Q99062,896
P29597,P36507,711
P29597,P42338,709
P29597,P32927,714
P29597,P05231,986
P29597,P25105,808
P29597,P00533,821
P29597,Q03405,808
P29597,Q02750,710
P29597,P51692,984
P29597,P17181,999
P29597,P01579,878
P29597,P27986,716
P29597,P07948,806
P29597,P48551,999
P29597,P23458,998
P29597,P29350,954
P29597,P52333,906
P52333,P61073,914
P52333,O00329,937
P52333,P42336,967
P52333,P25024,723
P52333,P26951,848
P52333,O60674,975
P52333,P60568,999
P52333,Q14289,942
P52333,Q99062,948
P52333,P40933,996
P52333,Q9UM73,950
P52333,P09619,729
P52333,P05231,914
P52333,P42338,923
P52333,P32927,737
P52333,P06239,852
P52333,P29597,906
P52333,P00533,956
P52333,P17181,933
P52333,P51692,997
P52333,P08700,870
P52333,P27986,932
P52333,P29350,938
P52333,P48551,935
P52333,P23458,999
P52333,P16234,737
P52333,P04626,951
P23528,P12814,915
P23528,P62745,709
P23528,Q96GD0,894
P23528,P12931,847
P23528,P60174,755
P23528,P62258,723
P23528,P63104,888
P23528,P04406,772
P23528,P60709,999
P23528,P01106,706
P23528,Q13464,924
P23528,P06733,755
P23528,P06396,867
P23528,P98194,871
P23528,Q06830,704
P23528,P06753,750
P23528,P62937,880
P23528,P0DP23,859
P23528,P00533,794
P23528,P63261,998
P23528,O75116,876
P29466,P14778,876
P29466,P50453,792
P29466,Q9NR96,771
P29466,P01100,740
P29466,P01579,893
P29466,P55211,712
P29466,O14727,817
P29466,O00206,916
P29466,P01375,904
P29466,P01584,999
P29466,P43405,791
P29466,Q06187,703
P29466,P42574,709
P29466,P60709,729
P29466,P19838,826
P29466,P98170,966
P29466,P10415,817
P29466,O60603,809
P29466,P13500,707
P29466,Q14790,999
P29466,Q99572,793
P29466,P05231,881
P29466,Q14145,709
P29466,P04637,876
P29466,P99999,780
P48544,P17612,932
P48544,P15382,799
P48544,P48549,997
P48544,P05023,801
P48544,Q12809,791
P48544,Q9UBS5,910
P48544,Q8IWT1,841
P48544,O75899,911
P48544,Q16720,878
P48544,O95180,706
P48544,Q96I99,741
P48544,Q13936,763
P48544,P48051,924
P48544,P51787,745
P48544,Q14524,763
P48544,P59768,881
P48544,Q92806,917
P48544,Q01668,806
P48544,Q9Y6J6,806
Q14003,O00555,724
Q14003,Q14722,772
Q14003,Q07699,745
Q14003,Q13303,785
Q14003,P48547,786
Q14003,Q03721,740
Q16881,O75715,866
Q16881,Q8TED1,874
Q16881,P30044,766
Q16881,Q9NS18,711
Q16881,P59796,874
Q16881,P15559,803
Q16881,P18283,910
Q16881,P10599,999
Q16881,P35754,923
Q16881,P11177,837
Q16881,P36969,819
Q16881,P32929,940
Q16881,O95479,812
Q16881,P22352,894
Q16881,Q96SL4,883
Q16881,Q16773,920
Q16881,Q6YP21,918
Q16881,P11021,700
Q16881,Q06830,795
Q16881,P49908,728
Q16881,P09601,756
Q16881,P10515,781
Q16881,Q96I15,942
Q99437,Q16864,999
Q99437,P15313,995
Q99437,Q9HBG4,999
Q99437,Q93050,999
Q99437,P36543,999
Q99437,Q15904,999
Q99437,P48047,950
Q99437,P56385,834
Q99437,Q96A05,994
Q99437,Q8NHE4,991
Q99437,P30049,961
Q99437,P38606,999
Q99437,O75964,853
Q99437,P49411,707
Q99437,Q96LB4,970
Q99437,P56381,747
Q99437,P36542,953
Q99437,Q13488,996
Q99437,Q8NEY4,984
Q99437,P21281,999
Q99437,Q9UI12,999
Q99437,P61421,999
Q99437,O75348,998
Q99437,P27449,999
Q99437,P25705,959
Q99437,Q8N8Y2,998
Q99437,P21283,999
Q99437,O95670,995
Q99437,O15342,998
Q99437,P00846,981
Q99437,Q9Y487,997
Q99437,Q9Y5K8,999
Q16099,Q8TCU5,795
Q16099,Q13002,992
Q16099,Q13003,991
Q16099,P78352,717
Q16099,Q9Y698,706
Q16099,Q16478,989
Q16099,P39086,993
Q16099,O15399,791
Q16099,P48058,756
Q16099,P42261,752
Q6PIU1,Q13303,840
Q6PIU1,Q14722,891
O14618,O00244,973
O14618,P00441,999
P49019,Q8TDS4,999
Q9UF02,Q8TCU5,724
Q9UF02,O60391,743
Q9UF02,Q9Y698,795
Q9UF02,P62955,751
Q9UF02,Q06432,918
Q9UF02,P42263,830
Q9UF02,Q9UBN1,844
Q9UF02,Q8WXS5,800
Q9UF02,O15399,751
Q9UF02,Q02641,810
Q9UF02,P42262,907
Q9UF02,Q13224,748
Q9UF02,Q12879,733
Q9UF02,O60359,814
Q9UF02,Q05586,751
Q9UF02,P54289,711
Q9UF02,P48058,864
Q9UF02,P42261,828
Q9UF02,Q14957,747
Q9UF02,P46098,723
P11142,P37840,987
P11142,P10636,948
P11142,P27797,718
P11142,P68104,941
P11142,P04049,776
P11142,Q71U36,900
P11142,P03372,919
P11142,P62258,735
P11142,P04406,986
P11142,P60842,802
P11142,P60709,955
P11142,P63104,823
P11142,P48723,723
P11142,P10809,933
P11142,P01106,716
P11142,P00441,870
P11142,Q9UBN7,812
P11142,P30041,746
P11142,P63244,852
P11142,P08865,835
P11142,Q16665,883
P11142,P13569,986
P11142,O60603,953
P11142,P60880,903
P11142,Q13509,720
P11142,P07900,999
P11142,P42858,921
P11142,P04150,757
P11142,P07437,891
P11142,Q9Y230,768
P11142,P08238,999
P11142,P04637,987
P11142,P55072,920
P11142,P61978,791
P11142,P34932,999
P11142,Q13885,875
P11142,P61604,807
P11142,P68363,801
P11142,Q15185,928
P11142,P68371,863
P11142,P54652,884
P11142,P15056,806
P11142,P00533,932
P11142,P02786,969
P11142,P31749,850
P11142,P04350,713
P11142,P02768,712
P11142,P05067,826
P11142,P45984,914
P11142,P24385,945
P11142,P09936,924
P11142,P11021,983
P11142,P00558,755
P11142,P06733,876
P11142,Q92598,998
P11142,P30101,888
P11142,P16050,755
P11142,Q06830,812
P11142,P53041,724
P11142,P09429,724
P11142,Q99497,794
P11142,P04792,988
P11142,P31948,999
P11142,P62937,777
P11142,P25963,708
P11142,P0DP23,723
P11142,P14625,884
P11142,P45983,932
P28223,P59768,816
P28223,O60840,900
P28223,P28335,991
P28223,Q13698,909
P28223,Q01668,916
P28223,P23560,890
P28223,P21964,864
P28223,P21554,760
P28223,P17752,901
P28223,Q13936,937
P28223,P21397,786
P28223,P31645,961
P28223,P46098,881
P28223,P41594,714
P28223,P78352,915
P28223,P14416,799
P28223,P28222,839
P28223,Q01959,708
P28223,P41595,962
P28223,P08908,920
P07864,P48163,951
P07864,P23368,952
P07864,P20132,820
P07864,O95479,926
P07864,P29401,896
P07864,P00338,985
P07864,P06744,927
P07864,P14618,983
P07864,P04075,897
P07864,P48547,774
P07864,P29803,951
P07864,Q6ZMR3,786
P07864,P12532,716
P07864,Q96GA7,820
P07864,Q9BYV1,842
P07864,P04406,859
P07864,P00505,970
P07864,Q16798,956
P07864,P17174,977
P07864,P54687,833
P07864,P11177,942
P07864,O14556,780
P07864,P32929,839
P07864,O15382,830
P07864,P60174,716
Q16665,P00338,912
Q16665,P24385,876
Q16665,Q9H6Z9,999
Q16665,P11142,883
Q16665,Q13882,906
Q16665,P27361,969
Q16665,P01100,805
Q16665,Q16790,944
Q16665,P10145,716
Q16665,P42345,789
Q16665,Q8WUI4,927
Q16665,P06493,793
Q16665,P17948,735
Q16665,P14780,824
Q16665,P24941,773
Q16665,P31749,932
Q16665,P00533,934
Q16665,P11166,902
Q16665,P49336,787
Q16665,P35354,831
Q16665,Q92769,781
Q16665,O14746,702
Q16665,P08253,731
Q16665,P09601,701
Q16665,Q9UKV0,783
Q16665,P28482,985
Q16665,P25963,735
Q16665,P00558,808
Q16665,Q92793,999
Q16665,P55211,746
Q16665,P09038,727
Q16665,P14618,996
Q16665,P37231,854
Q16665,Q00987,988
Q16665,Q13464,711
Q16665,P13674,716
Q16665,P01106,993
Q16665,P78527,796
Q16665,P09874,707
Q16665,P10415,946
Q16665,P15559,852
Q16665,Q9UBN7,752
Q16665,P19838,816
Q16665,P60709,787
Q16665,Q96KS0,999
Q16665,P04406,751
Q16665,P42574,766
Q16665,P08069,752
Q16665,Q15788,831
Q16665,Q96EB6,927
Q16665,P03372,948
Q16665,Q07869,761
Q16665,O60674,784
Q16665,P17980,727
Q16665,P10275,871
Q16665,O15379,804
Q16665,P61073,915
Q16665,P01375,818
Q16665,P01584,771
Q16665,P35968,785
Q16665,P05412,961
Q16665,P04637,999
Q16665,P08238,998
Q16665,P12931,872
Q16665,Q04206,989
Q16665,P34932,938
Q16665,P09467,713
Q16665,P01133,785
Q16665,P04150,852
Q16665,P05231,800
Q16665,Q9Y230,775
Q16665,P01137,838
Q16665,P16220,833
Q16665,P56524,955
Q16665,Q13547,983
Q16665,P07900,999
Q16665,P06401,717
Q16665,P63244,933
Q16665,Q9GZT9,999
O00305,P62942,732
O00305,O00555,995
O00305,Q15878,816
O00305,Q8WXS5,940
O00305,Q9UBN1,934
O00305,O43497,739
O00305,P54652,733
O00305,Q9NY47,960
O00305,Q9Y698,951
O00305,O60359,958
O00305,O14764,799
O00305,P54284,964
O00305,O95180,861
O00305,P14867,772
O00305,Q8IZS8,888
O00305,Q9BXT2,949
O00305,Q09470,777
O00305,Q00975,885
O00305,P35498,708
O00305,Q7Z3S7,961
O00305,O43526,727
O00305,Q13698,968
O00305,Q01668,965
O00305,Q06432,935
O00305,P51788,801
O00305,P21817,785
O00305,P54289,983
O00305,O60840,965
O00305,P62955,936
O00305,Q08289,891
O00305,Q13936,970
Q71U36,P07900,744
Q71U36,Q13509,999
Q71U36,P17302,915
Q71U36,P53350,888
Q71U36,Q13885,999
Q71U36,P68366,947
Q71U36,P07437,996
Q71U36,Q9H169,925
Q71U36,P10636,978
Q71U36,Q9UBN7,953
Q71U36,P63104,726
Q71U36,P60709,838
Q71U36,P06733,769
Q71U36,P11021,717
Q71U36,P00533,817
Q71U36,P04350,979
Q71U36,Q9H4B7,963
Q71U36,P68363,966
Q71U36,P68371,999
Q71U36,P63261,788
Q71U36,P11142,900
P84077,Q13393,979
P84077,Q15139,836
P84077,O14939,991
P16615,P19634,798
P16615,Q14643,827
P16615,P00533,714
P16615,P20020,793
P16615,P05023,820
P16615,P23634,776
P16615,P27824,849
P16615,P32418,819
P16615,O14983,935
P16615,Q14573,908
P16615,P15924,704
P16615,Q92736,886
P16615,Q01814,788
P16615,Q14571,722
P16615,P23297,756
P16615,P21817,801
P01591,P60568,922
P01591,P15814,893
Q16798,P14618,963
Q16798,P07864,956
Q16798,P29803,924
Q16798,P40926,981
Q16798,O95479,757
Q16798,P23368,906
Q16798,P48163,902
Q16798,P52209,765
Q16798,P00338,949
Q16798,Q9BYZ2,959
Q16798,P11177,950
Q16798,Q6ZMR3,959
Q14542,Q99808,913
P05181,P24298,740
P05181,P16050,916
P05181,P05091,857
P05181,P11766,947
P05181,Q16772,932
P05181,P33261,915
P05181,P30838,939
P05181,P14060,936
P05181,P40394,953
P05181,P43353,935
P05181,P16152,927
P05181,P35354,943
P05181,P09488,976
P05181,P23219,921
P05181,P10632,951
P05181,Q9H4Y5,921
P05181,P07327,963
P05181,P20815,830
P05181,O15217,941
P05181,P09917,920
P05181,Q99735,907
P05181,P28161,938
P05181,P78417,926
P05181,P28845,931
P05181,P11712,936
P05181,P42330,910
P05181,P47712,705
P05181,P14555,816
P05181,P08319,961
P05181,O60733,790
P05181,P05093,931
P05181,P48448,928
P05181,P23141,933
P05181,P26439,931
P05181,Q9NZK7,800
P05181,P21266,944
P05181,P00326,965
P05181,Q02928,964
P05181,O60760,961
P05181,P11509,928
P05181,P00325,988
P05181,P04054,790
P05181,P08684,991
P05181,P04798,939
P05181,P00167,959
P05181,Q03013,922
P05181,P01375,729
P05181,P09211,979
P05181,P09210,937
P05181,P10620,924
P05181,P08263,945
P05181,Q04828,923
P05181,Q7RTV2,923
P05181,P46439,921
P05181,O43169,898
P05181,P05177,982
P05181,O14880,942
O43677,P56181,999
O43677,Q9UI09,999
O43677,P31930,894
O43677,O96000,997
O43677,O95178,998
O43677,O75306,997
O43677,O43920,995
O43677,O43678,999
O43677,P51970,998
O43677,O00217,997
O43677,O95299,998
O43677,O95169,998
O43677,O75380,999
O43677,O95139,998
O43677,P56556,999
O43677,O95168,999
O43677,Q16718,999
O43677,P03915,995
O43677,O75438,995
O43677,O75251,997
O43677,Q16795,993
O43677,O95182,999
O43677,O43181,997
O43677,P19404,999
O43677,O14561,999
O43677,P28331,998
O43677,O43676,999
O43677,O15239,998
O43677,P56385,738
O43677,P17568,998
O43677,Q86Y39,997
O43677,Q9Y6M9,998
O43677,O95167,999
O43677,P03923,987
O43677,O75489,997
O43677,P03886,995
O43677,P00395,833
O43677,P03901,987
O43677,P49821,998
O43677,O95298,999
O43677,Q9P0J0,997
O43677,O43674,999
O43677,P03891,997
O43677,P03897,997
O43677,P03905,995
O43677,O00483,982
Q9Y478,Q13131,999
Q9Y478,Q9UGJ0,999
Q9Y478,P13569,908
Q9Y478,P04035,928
Q9Y478,P54646,999
Q9Y478,Q9UGI9,999
Q9Y478,O43741,997
Q9Y478,P54619,999
Q9Y478,P42345,967
P40261,Q06278,957
P40261,Q96EB6,942
P40261,P42898,725
P40261,Q9NXA8,919
P40261,Q10588,931
P40261,P00533,872
P40261,P00491,917
P00739,P05067,784
P00739,P27169,962
P00739,P02647,997
P00739,P01009,762
P00739,P10909,851
P00739,P69905,962
P00739,P68871,935
P00739,O14791,999
P00739,P02652,932
P00739,P06727,831
P00739,P02649,796
P00739,P02656,851
P00739,P02655,820
P00739,P02749,874
Q99623,Q9NRA0,710
Q99623,P51970,740
Q99623,Q9Y6K1,784
Q99623,P21796,822
Q99623,P31930,887
Q99623,Q13547,946
Q99623,Q07021,964
Q99623,P49411,911
Q99623,P99999,788
Q99623,P03372,985
Q99623,Q9Y4W6,892
Q99623,P06576,712
Q13882,P18031,926
Q13882,P23246,836
Q13882,Q16665,906
Q13882,P04150,740
Q13882,P01133,780
Q13882,P31749,927
Q13882,P00533,989
Q13882,P04626,838
P36896,Q9UM73,932
P36896,Q04771,979
P36896,P62942,853
P36896,P12644,865
P25105,P29597,808
P25105,O00206,723
P54687,P32929,948
P54687,O15382,907
P54687,P11177,759
P54687,Q9BYV1,934
P54687,Q6ZMR3,830
P54687,Q96GA7,909
P54687,Q05932,870
P54687,Q8N5Z0,889
P54687,P07864,833
P54687,Q9BYZ2,833
P54687,P00338,903
P54687,P20132,912
Q9BQE3,P07437,994
Q9BQE3,Q13885,990
Q9BQE3,P68366,778
Q9BQE3,Q13509,993
Q9BQE3,P17302,903
Q9BQE3,P60709,825
Q9BQE3,P10636,938
Q9BQE3,P63261,754
Q9BQE3,Q9H4B7,963
Q9BQE3,P68363,984
Q9BQE3,P68371,990
Q9BQE3,P04350,978
P55263,P23526,769
P55263,O00408,918
P55263,P06744,783
P55263,Q08499,923
P55263,P40926,780
P55263,P00491,986
P55263,Q9Y233,915
P55263,P27815,920
P55263,Q9NP56,937
P55263,Q08493,914
P55263,P49902,937
P55263,P00492,775
P55263,Q01064,921
P55263,P15559,760
P55263,Q07343,920
P55263,P54750,909
P55263,P62917,802
P55263,Q14432,924
P55263,O60658,905
P55263,Q99808,733
P55263,Q13946,925
P55263,P21589,970
P55263,P00813,992
P55263,Q13370,924
P55263,Q9HCR9,914
P55263,O95263,907
P55263,Q14123,909
P00736,P0C0L5,991
P00736,P08603,844
P00736,P02747,993
P00736,P01024,935
P00736,O75636,788
P00736,P02746,995
P00736,P01133,705
P00736,P05155,999
P00736,P07360,717
P00736,P09871,999
P26439,Q14534,803
P26439,P05177,935
P26439,P80365,949
P26439,Q15800,717
P26439,Q04828,957
P26439,P51857,943
P26439,Q92506,923
P26439,P37059,970
P26439,P11511,979
P26439,P08684,945
P26439,P04798,968
P26439,P37058,987
P26439,P31213,971
P26439,P56937,858
P26439,P05093,994
P26439,P08686,985
P26439,P22888,701
P26439,P28845,952
P26439,P42330,981
P26439,P20815,937
P26439,P24462,939
P26439,P05181,931
P26439,Q99720,727
P26439,P18405,980
P26439,P14060,965
P26439,P05108,994
P00338,O15382,861
P00338,P60174,913
P00338,P31040,726
P00338,P32929,855
P00338,Q16665,912
P00338,P54687,903
P00338,P11177,961
P00338,P04406,967
P00338,Q9BYV1,842
P00338,P01106,817
P00338,Q16798,949
P00338,P17174,972
P00338,P00505,972
P00338,P11362,815
P00338,Q96GA7,820
P00338,Q6ZMR3,799
P00338,P04075,973
P00338,P29803,939
P00338,P00558,923
P00338,P07864,985
P00338,P06733,924
P00338,P14618,997
P00338,P06744,976
P00338,Q14654,759
P00338,P11166,863
P00338,P48163,958
P00338,P23368,982
P00338,P20132,832
P00338,O95479,966
P00338,P29401,925
P00338,P08559,712
P00338,P18669,831
P05023,Q01668,754
P05023,P48544,801
P05023,Q13621,794
P05023,P28482,943
P05023,P17612,742
P05023,P16615,820
P05023,P19634,821
P05023,P27361,942
Q96KK3,Q92953,709
Q96KK3,Q14721,730
Q96KK3,Q13303,700
P08670,P14780,709
P08670,P31749,779
P08670,P62736,776
P08670,Q14790,820
P08670,P07900,701
P08670,P02751,809
P08670,P26447,764
P08670,P55072,779
P08670,P04637,712
P08670,P38936,763
P08670,P19838,736
P08670,P60709,723
P08670,P04406,769
P08670,P42574,908
P08670,P63104,746
Q96RI1,Q92887,720
Q96RI1,P48443,869
Q96RI1,O95477,754
Q96RI1,Q15596,981
Q96RI1,O15439,705
Q96RI1,P28702,878
Q96RI1,O95342,964
Q96RI1,P19793,999
Q96RI1,P36956,834
Q96RI1,P03372,744
Q96RI1,P22455,837
Q96RI1,O95750,916
Q96RI1,P01308,774
Q96RI1,Q15788,997
O43451,P43220,785
O43451,P06276,776
O43451,P31639,796
O43451,P04746,998
O43451,P11216,969
O43451,P11217,969
O43451,P27487,885
O43451,P14410,909
O43451,P16233,722
O43451,P10253,942
O43451,P01308,883
O43451,Q8TET4,925
O43451,P22303,789
P00439,P15121,918
P00439,P20711,983
P00439,P17174,939
P00439,P00505,943
P00439,P07101,826
P00439,P00374,930
P00439,P09172,720
P00439,P09417,991
P00439,Q03393,706
P00439,Q86XF0,925
P00439,P14679,938
P00439,O60218,908
P00439,P07202,822
P00439,P17735,967
O14727,P07900,993
O14727,Q14790,970
O14727,P34932,997
O14727,P04637,974
O14727,P08238,988
O14727,P99999,999
O14727,P10415,993
O14727,P29466,817
O14727,P98170,977
O14727,P09874,745
O14727,P42574,999
O14727,P55211,999
O14727,P04792,775
O14727,Q9NR28,992
Q96NR8,P16499,788
Q96NR8,Q06278,914
Q96NR8,O94788,964
Q96NR8,Q92781,936
Q96NR8,P20839,895
Q96NR8,O95237,987
Q96NR8,P47895,987
Q96NR8,Q8TC12,903
Q96NR8,P09455,707
Q96NR8,P00352,969
Q96NR8,O43174,943
Q96NR8,P35913,739
Q96NR8,Q6NUM9,934
Q96NR8,Q9NYR8,788
Q96PR1,Q14722,770
Q96PR1,Q07699,756
Q96PR1,P48547,763
Q96PR1,Q13303,771
P05787,P04083,723
P05787,P00533,754
P05787,P11021,741
P05787,P13569,752
P05787,P04637,763
P05787,P15924,869
Q86U10,P08243,794
Q02252,Q06278,917
Q02252,Q6NVY1,811
Q02252,P51648,939
Q02252,Q9BYV1,933
Q02252,P24752,938
Q02252,P42765,957
Q02252,P49189,937
Q02252,P80404,963
Q02252,P16219,948
Q02252,P45954,755
Q02252,Q9NR19,925
Q02252,Q08426,953
Q02252,Q9NUB1,945
Q02252,P05091,961
Q02252,P30837,933
Q02252,P49419,934
Q02252,P31937,996
Q02252,P10515,855
P30411,P01019,989
P30411,P46663,969
P30411,P01042,999
P30411,O75762,726
P30411,P00734,910
P30411,P12821,917
P30411,P05305,935
P30411,P30556,975
P30411,P59768,904
P01011,P19652,903
P01011,P00450,822
P01011,P02768,914
P01011,P05067,800
P01011,P01023,929
P01011,P02763,918
P01011,P02750,711
P01011,P02765,848
P01011,P02766,820
P01011,P07288,995
P01011,P08246,745
P01011,P02649,916
P29622,P06870,997
P31749,P11142,850
P31749,Q05513,974
P31749,P02768,795
P31749,O14788,751
P31749,P05106,781
P31749,P19634,749
P31749,Q9NZQ7,720
P31749,P42345,999
P31749,P06239,799
P31749,P62942,734
P31749,P40145,723
P31749,P14210,882
P31749,P11166,708
P31749,P07948,820
P31749,P14598,993
P31749,O00206,769
P31749,P0DP23,802
P31749,P35354,775
P31749,Q15759,940
P31749,P25963,849
P31749,P15153,864
P31749,P28482,988
P31749,P04839,994
P31749,P10721,818
P31749,P04792,991
P31749,O43306,748
P31749,P06733,816
P31749,P25098,778
P31749,P55211,989
P31749,Q92793,854
P31749,Q08462,708
P31749,P08670,779
P31749,Q9UBN7,712
P31749,P15559,706
P31749,P10415,993
P31749,O60266,723
P31749,P78527,889
P31749,P01106,928
P31749,P63000,865
P31749,P01019,821
P31749,P78352,747
P31749,P63104,851
P31749,P04406,911
P31749,Q13315,742
P31749,P42081,783
P31749,P11511,748
P31749,O60674,732
P31749,Q14573,967
P31749,P03372,913
P31749,Q96EB6,873
P31749,P48736,994
P31749,P61073,750
P31749,O00329,976
P31749,O15379,811
P31749,P10275,895
P31749,P10636,872
P31749,Q07912,745
P31749,Q04206,780
P31749,Q9UQF2,754
P31749,P23560,835
P31749,P05412,991
P31749,P55072,735
P31749,P18847,708
P31749,P15336,799
P31749,P26358,822
P31749,P05231,872
P31749,P01133,933
P31749,P02751,846
P31749,P36956,760
P31749,P35228,976
P31749,Q14790,790
P31749,P16220,965
P31749,P01137,868
P31749,P13500,720
P31749,Q8NFM4,700
P31749,Q13882,927
P31749,P06241,834
P31749,P24385,923
P31749,P51692,810
P31749,P01579,817
P31749,P01100,746
P31749,Q9Y5S8,949
P31749,P27361,957
P31749,P00533,792
P31749,O15264,937
P31749,P14780,827
P31749,Q14643,981
P31749,P15056,783
P31749,P10145,720
P31749,P29590,732
P31749,Q08828,714
P31749,O95622,737
P31749,P09601,796
P31749,P67775,980
P31749,P08253,846
P31749,P45983,706
P31749,O14746,903
P31749,P14625,981
P31749,P18848,826
P31749,Q92945,869
P31749,P08758,821
P31749,P27986,995
P31749,Q00987,999
P31749,P37231,790
P31749,P29475,953
P31749,P13498,992
P31749,P09038,926
P31749,O60503,706
P31749,P11021,971
P31749,P53778,937
P31749,P01308,953
P31749,P51828,712
P31749,P98170,939
P31749,P09874,825
P31749,Q15080,993
P31749,O15530,999
P31749,P42574,945
P31749,Q16539,990
P31749,P60709,923
P31749,P19838,896
P31749,Q14457,918
P31749,P38936,995
P31749,Q07869,700
P31749,P19878,994
P31749,O14920,990
P31749,P42336,998
P31749,O15111,996
P31749,P01584,864
P31749,P01375,907
P31749,P04049,992
P31749,P29474,997
P31749,P49841,996
P31749,P34932,964
P31749,P12931,995
P31749,P42338,992
P31749,P08238,999
P31749,P04637,994
P31749,P35968,715
P31749,P99999,812
P31749,P01138,818
P31749,Q13370,943
P31749,P07437,810
P31749,Q14145,724
P31749,P04150,791
P31749,Q13547,758
P31749,P07900,999
P31749,O60603,704
P31749,P10599,765
P31749,P63244,750
P31749,P10276,765
P31749,Q16665,932
P31749,P62714,736
O43708,Q9H4Y5,736
O43708,P09488,921
O43708,O15217,735
O43708,P28161,920
O43708,P78417,765
O43708,P21266,927
O43708,O60760,964
O43708,P08263,815
O43708,P09210,910
O43708,P46439,932
O43708,Q7RTV2,724
O43708,P16930,997
O43708,P09211,945
O43708,Q03013,921
P05106,P63261,913
P05106,O15230,797
P05106,P27361,758
P05106,P31749,781
P05106,P06756,999
P05106,P04004,999
P05106,P11047,755
P05106,P28482,728
P05106,P17252,723
P05106,P14770,888
P05106,P09429,759
P05106,P07359,886
P05106,P20701,954
P05106,P02671,978
P05106,Q14289,872
P05106,P60709,949
P05106,P05771,768
P05106,P08069,932
P05106,P43405,868
P05106,P08648,999
P05106,P07942,838
P05106,Q9H244,704
P05106,P35968,979
P05106,P12931,998
P05106,P31645,741
P05106,P16109,928
P05106,P02679,980
P05106,P08514,999
P05106,P01137,764
P05106,P09619,727
P05106,P07900,722
P05106,P02751,999
P05106,Q16787,744
P05106,P25391,817
P05106,P12814,860
P05106,P49747,945
P05106,P02675,952
P01130,P02749,707
P01130,P02649,839
Q8N543,P49411,809
P63261,Q13885,725
P63261,Q9Y230,706
P63261,Q969G3,915
P63261,P08514,904
P63261,P07437,773
P63261,P02751,768
P63261,P12814,972
P63261,P23528,998
P63261,P60709,999
P63261,P04406,809
P63261,P42574,922
P63261,P10827,903
P63261,P08648,716
P63261,Q71U36,788
P63261,P68104,856
P63261,P06753,742
P63261,Q9BQE3,754
P63261,P04075,774
P63261,P17252,918
P63261,P08758,841
P63261,P06396,749
P63261,P37231,906
P63261,P23258,884
P63261,P05106,913
P63261,P06756,709
P63261,P68363,726
O14561,O43677,999
O14561,P48047,762
O14561,P19404,999
O14561,P28331,999
O14561,O43676,999
O14561,P03923,998
O14561,P00395,891
O14561,O43674,999
O14561,O95298,999
O14561,Q9P0J0,999
O14561,P03905,999
O14561,O00483,990
O14561,P03897,999
O14561,P11177,741
O14561,Q9UI09,999
O14561,P31930,983
O14561,O95178,999
O14561,P36542,889
O14561,P62829,860
O14561,P61604,744
O14561,O95169,999
O14561,O75380,999
O14561,P56556,999
O14561,P30049,924
O14561,Q16718,999
O14561,P10768,750
O14561,O75964,702
O14561,P49411,949
O14561,P03915,999
O14561,Q16795,999
O14561,O95182,999
O14561,P40926,786
O14561,O43181,999
O14561,Q9Y697,964
O14561,Q16595,720
O14561,O15239,999
O14561,P17568,999
O14561,Q86Y39,999
O14561,P14778,710
O14561,P25705,767
O14561,Q9Y6M9,999
O14561,O95167,999
O14561,O75489,999
O14561,P03886,999
O14561,P49821,999
O14561,P03901,999
O14561,P49327,877
O14561,P03891,999
O14561,P56181,999
O14561,O96000,999
O14561,O43678,999
O14561,O75306,999
O14561,O43920,999
O14561,P51970,999
O14561,P30043,707
O14561,O95299,999
O14561,O00217,999
O14561,P10515,705
O14561,O95139,999
O14561,O95168,999
O14561,O75438,999
O14561,O75251,999
Q8NER1,Q7Z2W7,994
Q8NER1,Q02156,950
Q8NER1,P35367,827
Q8NER1,P01042,918
Q8NER1,Q9HBA0,773
Q8NER1,Q07869,718
Q8NER1,O75762,991
Q8NER1,P01138,853
Q8NER1,Q14330,796
Q8NER1,P12931,934
Q8NER1,P21554,781
Q8NER1,Q9Y5Y9,806
Q8NER1,Q9UHC3,828
Q8NER1,Q8TD43,747
Q8NER1,P25103,735
Q8NER1,P08908,740
Q8NER1,Q9Y2T6,922
Q8NER1,P35372,718
Q8NER1,P08185,720
Q8NER1,P0DP23,998
Q8NER1,P17612,963
Q8NER1,P56373,897
Q8NER1,Q96QT4,747
Q8NER1,Q15858,769
P07947,P02751,919
P07947,P12931,973
P07947,P09769,739
P07947,P27986,707
P07947,P10721,707
P07947,P07948,823
P07947,P04818,763
P07947,P06239,809
P07947,P00533,913
P07947,Q15303,719
P07947,P06241,994
Q9H252,Q15125,901
Q9H252,Q99720,944
Q9H252,Q12809,883
Q9H252,P22459,742
Q14500,Q9NR82,936
Q14500,P56696,934
Q14500,P63252,973
Q14500,Q9UNX9,906
Q14500,O43526,948
Q14500,P78352,737
Q14500,P51787,954
Q14500,O43525,934
Q14500,P48050,977
P08246,P14780,973
P08246,P10145,824
P08246,P01009,999
P08246,P09429,869
P08246,P01023,735
P08246,P02788,997
P08246,O00206,732
P08246,P01011,745
P08246,P00734,855
P08246,P12724,900
P08246,P15502,873
P08246,P08697,826
P08246,P02751,705
P08246,P01031,823
P08246,P05155,716
P08246,P01008,753
P08246,Q99062,804
P08246,Q9UM07,877
P08246,P05164,999
O43681,P00167,759
O43681,P00966,809
O43681,P49069,999
P02655,P02647,997
P02655,P06727,987
P02655,P02652,995
P02655,P01009,708
P02655,O14791,907
P02655,P05067,772
P02655,P27169,884
P02655,P05090,754
P02655,P02656,999
P02655,P02649,999
P02655,P00739,820
P02655,P10909,955
P02655,P02749,946
Q13332,Q03393,854
P04183,Q86XF0,821
P04183,O00142,961
P04183,P04818,991
P04183,P06493,840
P04183,Q96GD4,767
P04183,P34897,750
P04183,P31350,914
P04183,P00374,885
P04183,P27707,931
P04183,O15392,920
P04183,P11388,806
P04183,P23921,765
Q9NRA0,P10415,899
Q9NRA0,Q99500,942
Q9NRA0,Q9NUV7,762
Q9NRA0,Q02156,901
Q9NRA0,P05771,902
Q9NRA0,O95977,922
Q9NRA0,O15269,800
Q9NRA0,O95470,993
Q9NRA0,O14939,931
Q9NRA0,Q13547,933
Q9NRA0,Q9H228,897
Q9NRA0,Q13393,922
Q9NRA0,P27361,945
Q9NRA0,Q99623,710
Q9NRA0,O15270,773
Q9NRA0,P21453,870
Q9NRA0,Q92769,921
Q9NRA0,P28482,916
Q9NRA0,P17252,921
Q9NRA0,P05129,900
Q9UN88,Q8N1C3,720
Q9UN88,O75899,754
Q9UN88,P18507,789
Q9UN88,P34903,771
Q9UN88,Q99928,776
Q9UN88,P78334,747
Q9UN88,P14867,867
Q9UN88,P47869,719
Q9UN88,Q15111,900
Q96KS0,P05129,901
Q96KS0,P17252,929
Q96KS0,Q9H6Z9,954
Q96KS0,Q16665,999
Q96KS0,Q9GZT9,942
Q96KS0,P05771,902
P21462,Q9NR96,724
P21462,P04083,999
P21462,Q9NR97,820
P21462,O00206,765
P21462,P25024,842
P21462,P01584,714
P21462,P59768,840
Q9Y230,Q15185,815
Q9Y230,P11142,768
Q9Y230,Q9P2N6,722
Q9Y230,P63261,706
Q9Y230,P55769,869
Q9Y230,O14746,992
Q9Y230,P31948,766
Q9Y230,P78527,831
Q9Y230,P01106,960
Q9Y230,P49773,717
Q9Y230,P19838,702
Q9Y230,P60709,995
Q9Y230,Q13547,946
Q9Y230,P07900,886
Q9Y230,Q16665,775
Q9Y230,P08238,937
Q9Y230,P15336,878
O95479,O14556,938
O95479,P11177,891
O95479,Q00796,738
O95479,P60174,951
O95479,P04637,879
O95479,Q6ZMR3,926
O95479,Q8TED1,820
O95479,P51857,731
O95479,O75715,828
O95479,Q16881,812
O95479,P18283,820
O95479,Q16798,757
O95479,P80365,886
O95479,P59796,828
O95479,P04406,978
O95479,P00558,806
O95479,P07864,926
O95479,P06733,948
O95479,P14618,958
O95479,P29803,890
O95479,P04792,819
O95479,P18405,720
O95479,P04075,905
O95479,P29401,940
O95479,P22352,826
O95479,Q96SL4,820
O95479,P40926,722
O95479,P18669,912
O95479,P48163,810
O95479,P11216,792
O95479,P06744,999
O95479,Q9BYZ2,926
O95479,P00338,966
O95479,P00390,931
O95479,P52209,999
O95479,P28845,931
O95479,P11217,790
P43353,P48448,959
P43353,P80404,942
P43353,P00325,819
P43353,O60760,710
P43353,P00326,828
P43353,P21964,951
P43353,Q6ZQY3,926
P43353,P27338,948
P43353,P10620,712
P43353,P09210,711
P43353,P30838,909
P43353,P14550,948
P43353,P11766,819
P43353,Q16772,719
P43353,Q9NUB1,945
P43353,P07327,815
P43353,P21397,950
P43353,Q9H4Y5,720
P43353,O00217,849
P43353,P40394,845
P43353,Q99259,926
P43353,Q16853,928
P43353,P78417,710
P43353,P05181,935
P43353,O15217,716
P43353,Q9NR19,947
P43353,P08319,875
P43353,Q05329,926
Q16836,P23786,703
Q16836,P42765,958
Q16836,P24752,935
Q16836,Q16568,874
Q16836,Q99714,858
Q16836,P51659,892
Q16836,P45954,806
Q16836,Q9UKG9,721
Q16836,P40926,713
Q16836,P04424,821
Q16836,P16219,875
P42685,P41240,762
Q9NXA8,P00491,918
Q9NXA8,P99999,968
Q9NXA8,Q10588,927
Q9NXA8,Q13423,921
Q9NXA8,P40261,919
Q92952,O15554,939
Q92952,P05771,909
Q92952,Q9Y691,933
Q92952,Q9NPA1,937
Q92952,Q9H2S1,932
Q92952,Q86W47,937
Q92952,Q9UGI6,907
Q92952,P17252,907
Q92952,Q12791,980
Q92952,P05129,917
Q92952,Q16558,945
P48051,P48549,998
P48051,P17612,916
P48051,O75899,962
P48051,P63252,710
P48051,Q9UBS5,960
P48051,P14416,835
P48051,P98170,838
P48051,P48544,924
P48051,P59768,898
P48051,Q15750,795
P48051,Q92806,994
P48051,Q96GD4,904
Q13224,Q15303,753
Q13224,Q12879,999
Q13224,O60359,800
Q13224,P05067,872
Q13224,P42262,885
Q13224,O15399,998
Q13224,P06241,993
Q13224,Q8WXS5,822
Q13224,Q9UBN1,763
Q13224,P40145,785
Q13224,P46098,818
Q13224,Q14957,998
Q13224,O75899,741
Q13224,P0DP23,910
Q13224,P17612,951
Q13224,P42261,934
Q13224,Q00535,800
Q13224,P29475,984
Q13224,P48058,853
Q13224,P17252,747
Q13224,Q05586,999
Q13224,P60709,738
Q13224,Q9Y698,893
Q13224,Q16478,726
Q13224,Q13003,711
Q13224,P78352,999
Q13224,Q14289,744
Q13224,O60391,996
Q13224,P01584,773
Q13224,Q13002,813
Q13224,Q8TCU5,999
Q13224,Q9UF02,748
Q13224,P41594,842
Q13224,P23560,931
Q13224,P42263,823
Q13224,P12931,933
Q13224,P63244,777
Q13224,Q16620,897
Q13224,P16220,821
Q13224,P62955,767
Q5KSL6,O14939,727
P30519,P30043,951
P30519,P53004,992
P30519,P09601,911
P30519,Q16595,924
P30519,P00450,917
P30519,P05067,719
P31213,Q04828,949
P31213,P51857,957
P31213,Q92506,919
P31213,P10275,821
P31213,P37059,958
P31213,P11511,961
P31213,P37058,979
P31213,P26439,971
P31213,P05093,986
P31213,P08686,956
P31213,P17516,959
P31213,P42330,969
P31213,P18405,935
P31213,P14060,963
P31213,P52895,964
Q9UJ70,P51606,950
Q9UJ70,P07686,913
Q13133,P45844,932
Q13133,P19793,999
Q13133,P36956,964
Q13133,P02649,850
Q13133,Q07869,860
Q13133,P55055,915
Q13133,Q15788,992
Q13133,P37231,865
Q13133,O95477,967
Q13133,P48443,961
Q13133,P28702,998
Q13133,P49327,827
Q13133,Q15596,868
P06239,P20701,703
P06239,P27986,939
P06239,P36888,762
P06239,P52333,852
P06239,P29350,926
P06239,P10721,724
P06239,P07948,905
P06239,P31749,799
P06239,P00533,748
P06239,P02786,805
P06239,Q9NZQ7,715
P06239,P01579,749
P06239,P06241,998
P06239,P51692,790
P06239,Q08881,917
P06239,P07900,834
P06239,P12931,876
P06239,P07947,809
P06239,P42336,777
P06239,Q06187,752
P06239,P42081,701
P06239,P43405,987
P06239,Q9UQQ2,768
P06239,Q04759,940
P06239,P60568,913
P06239,P08631,873
P06239,P41240,912
P29475,P33402,912
P29475,P47989,923
P29475,Q96A70,940
P29475,P78352,996
P29475,P19429,771
P29475,P00966,960
P29475,P29474,906
P29475,Q14573,922
P29475,Q92736,958
P29475,P05089,951
P29475,P32929,729
P29475,Q13936,924
P29475,Q01668,918
P29475,P21817,954
P29475,P35228,939
P29475,Q12879,974
P29475,Q13224,984
P29475,O95180,920
P29475,P27361,936
P29475,P46939,758
P29475,O15399,945
P29475,Q9P0X4,919
P29475,Q14643,923
P29475,O43497,916
P29475,P04424,956
P29475,P31749,953
P29475,Q14957,922
P29475,P23634,969
P29475,P04839,700
P29475,P28482,915
P29475,P28329,760
P29475,P78540,959
P29475,P0DP23,999
P29475,P11766,702
P29475,Q05586,955
P08183,P10632,722
P08183,P33261,858
P08183,Q9NPD5,844
P08183,P11712,742
P08183,P20815,920
P08183,O75469,842
P08183,Q9Y6L6,883
P08183,Q9H244,705
P08183,P10635,779
P08183,P08684,886
Q16678,P46597,933
Q16678,P14061,958
Q16678,Q16772,919
Q16678,Q9H4Y5,921
Q16678,P09488,962
Q16678,Q99735,916
Q16678,O15217,929
Q16678,P28161,947
Q16678,P78417,929
Q16678,P42330,937
Q16678,P56937,932
Q16678,P21266,943
Q16678,P21964,971
Q16678,O60760,954
Q16678,P04798,937
Q16678,P08684,706
Q16678,P11511,739
Q16678,P37059,941
Q16678,P35869,763
Q16678,Q92506,933
Q16678,P09211,973
Q16678,Q03013,917
Q16678,P08263,954
Q16678,P14902,938
Q16678,P09210,936
Q16678,P15559,797
Q16678,P10620,925
Q16678,O14880,908
Q16678,P46439,920
Q16678,P05177,936
Q16678,Q7RTV2,915
Q8IVL6,Q32P28,758
P01106,P04637,997
P01106,P11309,796
P01106,P08238,890
P01106,P35968,723
P01106,P05412,970
P01106,Q96GD4,761
P01106,P61978,736
P01106,Q04206,852
P01106,P49841,996
P01106,P34932,839
P01106,P12931,805
P01106,P07355,951
P01106,P05231,730
P01106,P01133,836
P01106,P18847,737
P01106,P26358,837
P01106,P62913,880
P01106,Q9Y230,960
P01106,Q14790,790
P01106,P53350,844
P01106,P16220,789
P01106,P01137,796
P01106,P02751,775
P01106,Q9UM73,896
P01106,Q13547,991
P01106,P07900,975
P01106,P36956,810
P01106,P06401,705
P01106,Q16665,993
P01106,O15350,706
P01106,P17676,958
P01106,P09874,762
P01106,P11802,966
P01106,P78527,731
P01106,Q13464,728
P01106,Q00534,788
P01106,O15392,825
P01106,P60568,709
P01106,P01308,714
P01106,P10415,955
P01106,P23528,706
P01106,P04406,850
P01106,P42574,881
P01106,P60709,892
P01106,Q13315,871
P01106,Q16539,710
P01106,P19838,917
P01106,P08069,712
P01106,O14920,778
P01106,Q96EB6,860
P01106,P03372,982
P01106,O14965,914
P01106,P38936,981
P01106,O43175,782
P01106,O15379,949
P01106,Q9UJU2,893
P01106,P10275,700
P01106,P42336,740
P01106,P01584,778
P01106,P01375,702
P01106,O15111,879
P01106,P04049,755
P01106,Q92769,838
P01106,P35354,715
P01106,P04626,886
P01106,P67775,779
P01106,P00519,785
P01106,O14746,920
P01106,P28482,983
P01106,P50750,953
P01106,P30101,773
P01106,Q9Y6K1,991
P01106,Q06830,766
P01106,P08758,741
P01106,P22626,720
P01106,P09038,708
P01106,P55211,717
P01106,Q92793,945
P01106,P11926,771
P01106,Q00987,813
P01106,P14618,805
P01106,P00338,817
P01106,P02768,759
P01106,P11142,716
P01106,P24385,969
P01106,P01100,965
P01106,P27361,986
P01106,P27708,710
P01106,P06493,755
P01106,P15056,722
P01106,P42345,730
P01106,P00533,875
P01106,P31749,928
P01106,P24941,960
P01106,P14780,704
P01106,P00749,708
P01106,Q9UBC3,842
P01106,P11166,700
P01106,P29590,783
P01106,P49336,707
Q99928,P47870,763
Q99928,P18505,772
Q99928,Q15111,905
Q99928,O75899,774
Q99928,P18507,732
Q99928,Q9UBS5,706
Q99928,P31644,766
Q99928,Q9UN88,776
Q99928,P14867,832
Q99928,P28472,774
Q99928,P34903,735
P29274,P59768,855
P29274,Q16620,940
P29274,P21554,956
P29274,P41594,976
P29274,Q99808,718
P29274,P21589,868
P29274,P00813,907
P29274,P30542,784
P29274,P11362,718
P29274,P29275,937
P29274,P14416,997
P29274,P04629,857
P29274,P27487,767
P29274,O95622,725
P29274,P17612,705
P29274,P01189,923
O75911,O43174,972
O75911,P00352,951
O75911,Q6NUM9,936
O75911,Q8TC12,729
O75911,P47895,961
O75911,O95237,950
O75911,O94788,956
O75911,Q06278,910
O75911,Q9BTZ2,934
P54756,P54760,759
P54756,P29317,713
P54756,P00519,963
P05230,P14210,802
P05230,P17948,944
P05230,P00533,887
P05230,Q15303,773
P05230,P09038,962
P05230,P35916,807
P05230,P36888,759
P05230,P04629,854
P05230,P10721,811
P05230,P21802,999
P05230,P04626,787
P05230,P16234,819
P05230,P07333,842
P05230,Q99584,995
P05230,P11362,999
P05230,P22455,999
P05230,P08581,761
P05230,P08069,772
P05230,P08620,777
P05230,Q16620,770
P05230,Q02763,825
P05230,P01137,813
P05230,P09619,842
P05230,P22607,999
P05230,P05231,721
P05230,P01133,841
P05230,P01138,814
P05230,P35968,919
P05230,P23560,707
P05230,P29317,704
P17980,P37840,904
P17980,P46736,721
P17980,P40306,844
P17980,P54578,999
P17980,P00441,812
P17980,Q16665,727
P17980,P28074,999
P17980,P42858,704
P17980,P55072,790
P17980,Q06323,808
P17980,P20618,999
P17980,P28062,966
P17980,P28065,956
P17980,P49721,999
P17980,P25788,999
P41439,Q04609,797
P04746,P11217,970
P04746,P02768,762
P04746,P11216,972
P04746,O43451,998
P04746,P10253,956
P04746,P16233,811
P04746,P14410,993
P04746,Q8TET4,900
P04746,P01308,741
P42263,P00390,770
P42263,O15399,799
P42263,P42262,999
P42263,O60359,852
P42263,Q12879,886
P42263,Q13224,823
P42263,Q8WXS5,936
P42263,Q9UBN1,837
P42263,P07948,902
P42263,P42261,999
P42263,P17612,922
P42263,Q14957,809
P42263,P46098,796
P42263,Q05586,877
P42263,P48058,997
P42263,P78352,873
P42263,Q9Y698,984
P42263,Q8TCU5,802
P42263,A5X5Y0,715
P42263,O60391,791
P42263,P41594,782
P42263,Q9UF02,830
P42263,P62955,858
Q9UGI6,Q92952,907
Q9UGI6,Q86W47,982
Q9UGI6,Q12791,966
Q9UGI6,P05771,910
Q9UGI6,Q9H2S1,931
Q9UGI6,P0DP23,741
Q9UGI6,P05129,911
Q9UGI6,Q16558,936
Q9UGI6,P17252,912
Q9UGI6,Q9Y691,931
Q9UGI6,O15554,923
Q9UGI6,Q9NPA1,929
Q15185,P11142,928
Q15185,P08235,864
Q15185,P53041,985
Q15185,P31948,996
Q15185,Q9Y266,863
Q15185,P23219,956
Q15185,P35354,954
Q15185,P16152,939
Q15185,P14625,780
Q15185,O14746,989
Q15185,P10275,946
Q15185,P35869,908
Q15185,P03372,935
Q15185,Q92731,817
Q15185,P41222,946
Q15185,Q9UBN7,849
Q15185,P06576,773
Q15185,Q16647,961
Q15185,P06401,856
Q15185,Q9GZT9,783
Q15185,P07900,999
Q15185,P04150,997
Q15185,Q9Y230,815
Q15185,O60760,944
Q15185,P55072,912
Q15185,P08238,999
Q15185,P34932,906
P56556,P03891,999
P56556,P49821,999
P56556,P03901,998
P56556,P03886,999
P56556,O75489,999
P56556,P25705,700
P56556,O95167,999
P56556,Q9Y6M9,999
P56556,Q86Y39,999
P56556,P17568,999
P56556,O15239,999
P56556,O43181,999
P56556,O95182,999
P56556,O75438,999
P56556,O75251,999
P56556,O95168,999
P56556,O95139,999
P56556,O95299,999
P56556,O00217,999
P56556,P30043,777
P56556,P51970,999
P56556,Q04760,835
P56556,O43678,999
P56556,O75306,999
P56556,O43920,999
P56556,O96000,999
P56556,P56181,999
P56556,P03905,999
P56556,O00483,999
P56556,P03897,999
P56556,O43674,999
P56556,O95298,999
P56556,Q9P0J0,999
P56556,P00395,884
P56556,P03923,987
P56556,P56385,946
P56556,O43676,999
P56556,O14561,999
P56556,P28331,999
P56556,P19404,999
P56556,O14920,886
P56556,P48047,795
P56556,O43677,999
P56556,Q16795,999
P56556,P03915,999
P56556,O75964,921
P56556,Q16718,999
P56556,Q9NRX3,774
P56556,O75380,999
P56556,P31040,766
P56556,O95169,999
P56556,O95178,999
P56556,P56381,809
P56556,P36542,799
P56556,P31930,987
P56556,Q9UI09,999
Q99735,O15217,782
Q99735,P22352,758
Q99735,Q96SL4,747
Q99735,P05181,907
Q99735,P78417,857
Q99735,P28161,801
Q99735,P00390,923
Q99735,P11712,908
Q99735,P30838,705
Q99735,Q16772,781
Q99735,P11766,716
Q99735,Q9H4Y5,818
Q99735,P09488,766
Q99735,P08684,913
Q99735,P04798,912
Q99735,Q8TED1,761
Q99735,Q03013,806
Q99735,P09211,812
Q99735,O75715,749
Q99735,P08263,795
Q99735,P18283,848
Q99735,P48637,917
Q99735,P10620,988
Q99735,P09210,749
Q99735,P59796,742
Q99735,P05177,912
Q99735,P46439,777
Q99735,O14880,828
Q99735,Q7RTV2,795
Q99735,P36969,912
Q99735,P30041,911
Q99735,P21266,779
Q99735,Q16678,916
Q99735,P11509,904
Q99735,O60760,907
O43837,P16499,703
O43837,P00505,908
O43837,P50213,999
O43837,P17174,851
O43837,P31040,824
O43837,P49448,899
O43837,P36542,812
O43837,P20839,733
O43837,P31930,766
O43837,P11177,749
O43837,Q13423,814
O43837,P49821,896
O43837,P00367,900
O43837,Q96I99,806
O43837,Q8TD30,846
O43837,P04424,865
O43837,P40926,860
O43837,P18545,725
O43837,P51553,999
O43837,P09622,890
O43837,Q02218,984
O43837,P51649,844
O43837,P24298,841
O43837,O75306,841
Q9UHF0,P30968,889
Q9UHF0,P25103,996
Q9UHF0,P21452,998
Q06187,P27986,947
Q06187,Q9NR97,744
Q06187,O00206,831
Q06187,P07948,997
Q06187,P29350,953
Q06187,Q9NR96,911
Q06187,P61769,700
Q06187,P06239,752
Q06187,P15814,747
Q06187,P06241,876
Q06187,P07900,716
Q06187,Q14571,712
Q06187,P42338,943
Q06187,Q9NYK1,772
Q06187,O14920,920
Q06187,P43405,999
Q06187,Q96SW2,836
Q06187,O00329,978
Q06187,O15111,917
Q06187,P42336,946
Q06187,P08631,759
Q06187,P29466,703
Q06187,P19838,759
Q06187,P05771,775
O75438,O43181,996
O75438,O43677,995
O75438,O95182,998
O75438,P17568,998
O75438,Q86Y39,997
O75438,O43676,999
O75438,O15239,999
O75438,P19404,998
O75438,O14561,999
O75438,P28331,996
O75438,P49821,995
O75438,P03901,960
O75438,P00395,864
O75438,O75489,998
O75438,P03886,988
O75438,P03923,976
O75438,Q9Y6M9,998
O75438,O95167,996
O75438,P03905,999
O75438,O00483,984
O75438,P03891,997
O75438,P03897,991
O75438,O43674,999
O75438,O95298,999
O75438,Q9P0J0,998
O75438,O95178,998
O75438,O96000,999
O75438,P31930,893
O75438,Q9UI09,997
O75438,P56181,997
O75438,P51970,999
O75438,O43678,999
O75438,O75306,996
O75438,O43920,998
O75438,O75380,998
O75438,O95139,999
O75438,P56556,999
O75438,O95169,995
O75438,O95299,995
O75438,O00217,995
O75438,O75251,996
O75438,Q16795,999
O75438,P03915,992
O75438,Q16718,998
O75438,O95168,999
Q92598,P07900,938
Q92598,P08238,916
Q92598,P61604,870
Q92598,P34932,935
Q92598,P10809,799
Q92598,P11021,854
Q92598,P14625,761
Q92598,P31948,928
Q92598,P04792,872
Q92598,P54652,905
Q92598,P11142,998
P16389,Q14721,923
P16389,Q13303,999
P16389,Q09470,995
P16389,O15554,747
P16389,Q9UQD0,769
P16389,Q99720,707
P16389,Q12809,816
P16389,P17658,986
P16389,P35498,721
P16389,P78352,853
P16389,P22001,934
P16389,P22460,982
P16389,Q14722,980
P16389,P22459,983
P16389,Q9BQ31,708
P16389,Q12791,716
P16389,Q99250,764
O00555,Q15878,950
O00555,Q9Y698,912
O00555,P05771,919
O00555,P54284,853
O00555,P01308,926
O00555,Q7Z3S7,932
O00555,Q06432,886
O00555,P21817,946
O00555,P60880,875
O00555,O00305,995
O00555,Q13936,952
O00555,Q16595,727
O00555,O43497,778
O00555,Q9NY47,982
O00555,O60359,815
O00555,Q8IZS8,936
O00555,O95180,762
O00555,Q00975,945
O00555,Q09470,892
O00555,Q02641,919
O00555,P05129,980
O00555,O43526,734
O00555,P54289,951
O00555,Q08289,955
O00555,P17252,915
O00555,Q14003,724
O00555,P0DP23,977
Q99250,O60939,996
Q99250,P35498,948
Q99250,O43525,859
Q99250,Q9Y5Y9,752
Q99250,Q07699,991
Q99250,Q8TD43,830
Q99250,P16389,764
Q99250,P37088,741
Q99250,Q9UI33,744
Q99250,Q8TAB3,853
Q99250,Q9NY72,950
Q99250,Q14524,838
Q99250,P51170,734
Q99250,O43497,721
Q99250,O95180,707
Q99250,Q9UQD0,802
Q99250,Q09470,840
Q99250,P51172,731
Q99250,P35499,944
Q99250,O43526,942
Q99250,P68871,820
Q99250,Q15858,943
Q99250,P51168,739
Q99250,Q9NY46,982
Q99250,Q8IWT1,964
Q99250,P18507,774
Q99250,P0DP23,993
O43766,Q9Y697,753
O43766,Q9Y6H6,746
O43766,Q9Y234,998
Q9NVS9,Q06278,932
Q9NVS9,P20711,895
Q9NVS9,O94903,817
Q9NVS9,Q96GD0,964
Q9NVS9,O00764,996
O43175,P78330,938
O43175,P11586,704
O43175,P08243,829
O43175,Q05932,801
O43175,P14618,718
O43175,Q8TD30,714
O43175,P18669,947
O43175,P34896,881
O43175,P04818,838
O43175,P13995,722
O43175,P04637,719
O43175,P23378,869
O43175,P34897,926
O43175,P01106,782
O43175,P21549,844
O43175,P04406,891
O43175,Q9Y617,999
O43175,P00966,731
P01042,P12821,995
P01042,P11229,914
P01042,P00734,891
P01042,P20309,903
P01042,P00742,717
P01042,P01023,927
P01042,P07359,794
P01042,P01024,804
P01042,P00747,898
P01042,Q14624,723
P01042,P03952,999
P01042,P11021,710
P01042,P04264,927
P01042,Q9BYF1,948
P01042,P30556,968
P01042,P41143,939
P01042,P25098,769
P01042,P02768,962
P01042,P05067,732
P01042,P08173,905
P01042,P15169,704
P01042,P30411,999
P01042,P01009,943
P01042,P01189,868
P01042,P10145,742
P01042,P46663,999
P01042,P04004,803
P01042,P00740,783
P01042,P12931,719
P01042,P05305,827
P01042,P08912,903
P01042,P00748,998
P01042,P02679,917
P01042,P05546,779
P01042,P01138,846
P01042,P05155,964
P01042,Q07021,998
P01042,Q8NER1,918
P01042,P02751,819
P01042,P01031,701
P01042,P25101,942
P01042,P01008,758
P01042,P08172,904
P01042,P09871,746
P01042,P06870,953
P01042,P02675,864
P01042,P02671,908
P01042,P02776,728
P01042,P01019,992
P01042,P01308,796
P01042,P02765,936
P01042,Q7Z2W7,798
P01042,P24530,943
P01042,P01303,760
P01042,O75762,928
P01042,P29474,832
P01042,P30542,928
P01042,P0DMS8,915
P01042,P00797,950
P01042,P01375,769
P67936,P06753,946
P67936,P09493,982
P67936,P19429,946
P67936,P02585,782
P67936,P31939,805
P67936,Q9UM73,846
P30531,P18507,724
P30531,P31644,880
P30531,Q99259,829
P30531,O14764,932
P30531,Q16445,749
P30531,Q05329,865
P68871,P69905,999
P68871,Q9NZD4,955
P68871,P00387,847
P68871,P02647,839
P68871,P00739,935
P68871,Q99250,820
P68871,P22557,831
Q09428,P11168,809
Q09428,Q15842,999
Q09428,Q14654,999
Q09428,P17612,935
Q09428,P01308,909
Q09428,Q8TD43,992
Q09428,O60706,898
O15439,O94956,713
O15439,Q4U2R8,734
O15439,Q8TCC7,806
O15439,Q96S37,768
O15439,Q9NPD5,714
O15439,Q9Y6L6,722
O15439,Q96RI1,705
O15439,Q9NSA0,828
O15439,O75469,722
P60709,P09601,785
P60709,P12821,765
P60709,Q9BQE3,825
P60709,P31946,908
P60709,P08758,950
P60709,P33151,746
P60709,P37231,971
P60709,P06396,878
P60709,P09038,725
P60709,P11021,808
P60709,P00558,829
P60709,P24385,811
P60709,P01579,795
P60709,P23258,888
P60709,Q13224,738
P60709,P01100,722
P60709,P27361,844
P60709,P02786,761
P60709,P00533,839
P60709,P31749,923
P60709,P14780,778
P60709,P61769,813
P60709,P10145,729
P60709,P68363,782
P60709,P34932,720
P60709,P49841,847
P60709,P12931,774
P60709,P22033,709
P60709,P08238,911
P60709,P04637,879
P60709,P99999,871
P60709,P68366,825
P60709,P07437,844
P60709,P78559,700
P60709,Q969G3,996
P60709,Q9Y230,995
P60709,P07355,767
P60709,Q13509,731
P60709,P07900,967
P60709,Q13547,766
P60709,P13569,717
P60709,P12814,985
P60709,Q16665,787
P60709,P01308,801
P60709,P09874,794
P60709,P11802,712
P60709,P42574,989
P60709,P19838,766
P60709,Q14457,785
P60709,P38936,709
P60709,P08648,801
P60709,P07237,714
P60709,P68104,950
P60709,P01375,847
P60709,P01584,847
P60709,Q71U36,838
P60709,P29474,892
P60709,P14598,763
P60709,O00206,745
P60709,P04626,932
P60709,P35354,728
P60709,P04075,784
P60709,P25963,823
P60709,P28482,767
P60709,P04839,720
P60709,P62937,866
P60709,P17252,955
P60709,P06733,869
P60709,P55211,819
P60709,P63261,999
P60709,Q9P2N6,802
P60709,P11142,955
P60709,P21796,864
P60709,P40429,731
P60709,P02768,886
P60709,P05067,801
P60709,P24941,816
P60709,P04350,801
P60709,P06756,799
P60709,P06213,726
P60709,P04083,700
P60709,P05106,949
P60709,P42345,752
P60709,Q13885,832
P60709,P23560,710
P60709,P05412,806
P60709,P55072,728
P60709,P15336,800
P60709,P18847,766
P60709,P08514,937
P60709,P26358,714
P60709,P05231,847
P60709,P62807,903
P60709,P01133,778
P60709,P02751,886
P60709,Q14790,779
P60709,P01137,773
P60709,P08670,723
P60709,Q9UBN7,716
P60709,P23528,999
P60709,P10415,885
P60709,P01106,892
P60709,P63000,823
P60709,P29466,729
P60709,P63104,899
P60709,P10827,920
P60709,P04406,975
P60709,P00492,795
P60709,Q96EB6,790
P60709,P03372,947
P60709,P10636,817
Q13621,P05023,794
Q13621,P51170,719
Q13621,P48048,988
Q13621,P00797,767
Q13621,P30518,743
Q13621,P41180,768
P06733,P00533,928
P06733,P31749,816
P06733,P18669,996
P06733,P04083,701
P06733,P40926,759
P06733,P30085,759
P06733,P29401,967
P06733,O95479,948
P06733,P68371,701
P06733,P52209,903
P06733,P25705,828
P06733,P11142,876
P06733,P06744,994
P06733,P21796,747
P06733,P00918,766
P06733,P00338,924
P06733,P11217,784
P06733,P00747,997
P06733,Q06830,724
P06733,P14618,997
P06733,P11021,726
P06733,P00558,996
P06733,P04075,988
P06733,P62937,870
P06733,P62258,702
P06733,Q71U36,769
P06733,P12277,736
P06733,P00441,783
P06733,P23280,781
P06733,P00505,707
P06733,P23528,755
P06733,P63104,794
P06733,P04406,998
P06733,P60709,869
P06733,P02751,791
P06733,P07900,771
P06733,O14556,754
P06733,P36542,739
P06733,O60603,709
P06733,P30041,737
P06733,P10599,713
P06733,P34932,760
P06733,P61604,710
P06733,P12931,815
P06733,P08238,804
P06733,P60174,998
P06733,P68366,702
P06733,P05452,762
P06733,P07355,765
P06733,P32119,760
P78508,P48050,756
P48637,P28161,927
P48637,P78417,948
P48637,P19440,960
P48637,Q96SL4,943
P48637,Q99735,917
P48637,P22352,945
P48637,O15217,924
P48637,P00390,961
P48637,Q16772,927
P48637,Q9H4Y5,935
P48637,P09488,931
P48637,Q8TED1,942
P48637,O75715,943
P48637,P09211,934
P48637,Q03013,919
P48637,O14880,904
P48637,P42574,722
P48637,P46439,918
P48637,Q7RTV2,918
P48637,P18283,945
P48637,P08263,927
P48637,P59796,943
P48637,P09210,927
P48637,P10620,915
P48637,P30041,915
P48637,P36969,944
P48637,O60760,952
P48637,P21266,930
P48637,P15144,921
Q96QT4,Q9Y5S1,978
Q96QT4,Q9HBA0,754
Q96QT4,Q8NET8,730
Q96QT4,O75762,751
Q96QT4,Q8NER1,747
Q01118,Q15858,711
Q01118,Q8IWT1,936
Q01118,P17612,902
Q01118,O60939,855
Q01118,Q07699,976
Q01118,Q9NY72,973
Q01118,Q14524,916
P05771,Q92952,909
P05771,Q13936,916
P05771,P63244,925
P05771,P62714,915
P05771,Q9GZT9,905
P05771,Q01668,933
P05771,P59768,719
P05771,Q14571,917
P05771,P16220,757
P05771,O60733,900
P05771,O60840,902
P05771,Q96KS0,902
P05771,P42574,931
P05771,Q01959,917
P05771,Q04759,915
P05771,Q05655,966
P05771,Q15080,926
P05771,P51828,740
P05771,O15530,728
P05771,Q9H2S1,907
P05771,P10275,731
P05771,P04049,908
P05771,O00555,919
P05771,Q9HBA0,905
P05771,Q15904,903
P05771,Q14573,923
P05771,P19878,922
P05771,Q06187,775
P05771,Q15139,910
P05771,P28482,928
P05771,Q9UGI6,910
P05771,P67775,914
P05771,O95622,708
P05771,P07948,947
P05771,P14598,975
P05771,O60503,719
P05771,Q08462,768
P05771,Q9NRA0,902
P05771,P05129,946
P05771,Q13698,902
P05771,P17252,963
P05771,P01100,930
P05771,P27361,949
P05771,P47712,738
P05771,O15554,917
P05771,Q9H6Z9,919
P05771,P14679,922
P05771,Q08828,715
P05771,P10398,904
P05771,P15056,909
P05771,P05106,768
P05771,P42345,937
P05771,P19634,911
P05771,Q14643,937
P05771,P06213,911
P10635,P09211,734
P10635,P04798,936
P10635,P08684,961
P10635,P03372,712
P10635,P27338,961
P10635,Q9Y6L6,862
P10635,Q9BQB6,779
P10635,Q04828,912
P10635,P20648,714
P10635,P11509,953
P10635,P51580,917
P10635,P11712,781
P10635,P28845,927
P10635,P08183,779
P10635,P33261,925
P10635,P21397,963
P10635,P16152,930
P04075,P04406,999
P04075,P60709,784
P04075,Q6ZMR3,893
P04075,P60174,997
P04075,P09467,977
P04075,O14556,977
P04075,P11177,930
P04075,P06744,987
P04075,P00338,973
P04075,Q9BYZ2,893
P04075,P63261,774
P04075,P11217,733
P04075,P29401,973
P04075,O95479,905
P04075,P18669,982
P04075,P29803,850
P04075,P07864,897
P04075,P00558,962
P04075,P06733,988
P04075,P14618,983
P62913,P36542,965
P62913,P84098,999
P62913,P61313,999
P62913,P63244,999
P62913,P08865,999
P62913,P62829,999
P62913,P04637,971
P62913,P51843,720
P62913,P07437,817
P62913,P49411,999
P62913,P48047,872
P62913,P15880,999
P62913,P62750,999
P62913,P62917,999
P62913,P68104,987
P62913,P56537,995
P62913,Q9UNX3,997
P62913,P01106,880
P62913,P60842,780
P62913,P50579,846
P62913,Q00987,999
P62913,P14618,885
P62913,P61927,999
P62913,P39023,999
P62913,P25788,706
P62913,Q9UHA3,996
P62913,P29590,735
P62913,P00846,939
P62913,Q6W5P4,957
P62913,P40429,999
P62913,Q96L21,998
P62913,P25705,984
P62913,P45984,763
P62913,O00303,777
P62913,P55769,919
Q05940,Q7RTT9,932
Q05940,P19113,713
Q05940,P23975,815
Q05940,P60880,710
Q05940,P31645,886
Q05940,P21397,793
Q05940,P28329,747
Q05940,P37840,979
Q05940,P09172,702
Q05940,P27338,792
Q05940,P54219,904
Q05940,Q01959,966
Q05940,P20711,967
Q05940,P14416,814
Q05940,P07101,966
P30518,P07550,755
P30518,P00797,713
P30518,P47901,939
P30518,P01019,800
P30518,P37288,953
P30518,P59768,925
P30518,P32004,752
P30518,P12931,752
P30518,P51606,837
P30518,Q13621,743
P30518,P30556,796
P30518,O43306,823
P08686,P51857,919
P08686,P80365,985
P08686,Q04828,917
P08686,P31213,956
P08686,P26439,985
P08686,Q01718,888
P08686,P05093,951
P08686,P51843,744
P08686,P01189,861
P08686,P28845,956
P08686,P0C0L5,742
P08686,P18405,957
P08686,P14060,979
P08686,P05108,963
O15554,Q09470,742
O15554,Q9Y691,925
O15554,Q9NPA1,934
O15554,Q9Y6H6,947
O15554,P0DP23,993
O15554,Q9UGI6,923
O15554,P17252,918
O15554,P05129,922
O15554,Q16558,942
O15554,P22001,858
O15554,P05771,917
O15554,Q9HBA0,713
O15554,Q9H2S1,922
O15554,Q92952,939
O15554,Q86W47,975
O15554,P51787,936
O15554,P16389,747
O15554,Q12791,981
O15554,Q01668,833
Q8IVH4,Q9UBK8,885
Q8IVH4,Q9Y4U1,947
Q8IVH4,Q99707,889
Q8IVH4,P22033,997
P08069,O00329,950
P08069,O95750,718
P08069,P42336,978
P08069,P10275,808
P08069,O60674,981
P08069,P18031,993
P08069,P03372,999
P08069,P05230,772
P08069,Q92731,813
P08069,P10415,781
P08069,P01308,999
P08069,P08620,853
P08069,P01106,712
P08069,Q16665,752
P08069,P63244,871
P08069,P06401,820
P08069,P07900,791
P08069,P02751,875
P08069,P01137,744
P08069,P01138,846
P08069,P01133,997
P08069,P12931,996
P08069,P42338,971
P08069,P04637,853
P08069,P23560,907
P08069,P14210,955
P08069,P06213,997
P08069,P06756,892
P08069,P00533,989
P08069,P42345,872
P08069,P05106,932
P08069,Q00987,981
P08069,P11021,701
P08069,P09038,900
P08069,P27986,994
P08069,P31946,739
P08069,P17936,960
P08069,P23458,964
P08069,P04626,993
P08069,P17612,921
P22557,Q9BYV1,916
P22557,P21549,922
P22557,P14920,913
P22557,P13196,905
P22557,P13716,985
P22557,P23378,927
P22557,P34897,926
P22557,P00915,810
P22557,P34896,921
P22557,Q9NZD4,919
P22557,P68871,831
P22557,Q14749,906
P22557,P30043,757
Q92887,Q4U2R8,738
Q92887,Q8TCC7,913
Q92887,O94956,719
Q92887,P20815,708
Q92887,P46059,717
Q92887,P27487,708
Q92887,Q9NPD5,817
Q92887,P08684,754
Q92887,Q9Y6L6,842
Q92887,Q96RI1,720
Q92887,O75469,730
P33151,P60709,746
P33151,P37023,717
P33151,Q14289,791
P33151,P29474,764
P33151,P19878,834
P33151,P12931,826
P33151,P15924,867
P33151,P35968,999
P33151,Q02763,901
P33151,P02751,704
P33151,P14923,893
P33151,P06241,752
P33151,P19320,806
P33151,P16581,980
P33151,P00533,736
P33151,P17948,833
P33151,P10721,723
P33151,P35916,954
P49821,P56556,999
P49821,P31040,999
P49821,O75380,999
P49821,O95169,999
P49821,P49411,937
P49821,Q16718,999
P49821,P30049,980
P49821,Q16795,999
P49821,P03915,999
P49821,P31930,999
P49821,Q9UI09,999
P49821,P11177,738
P49821,P36542,949
P49821,O95178,996
P49821,P03923,998
P49821,P50213,722
P49821,P06576,891
P49821,P27707,755
P49821,P00395,990
P49821,O95298,999
P49821,Q9P0J0,999
P49821,O43674,999
P49821,P03897,999
P49821,P03905,999
P49821,O00483,988
P49821,O43677,998
P49821,P48047,759
P49821,O14561,999
P49821,P28331,999
P49821,P19404,999
P49821,O43676,999
P49821,O00217,999
P49821,O95299,999
P49821,O95139,999
P49821,Q02218,762
P49821,O95168,999
P49821,O75438,995
P49821,O75251,999
P49821,P56181,999
P49821,O96000,999
P49821,O75306,999
P49821,O43920,999
P49821,O43678,999
P49821,P30043,842
P49821,P51970,999
P49821,O95167,999
P49821,Q9Y6M9,999
P49821,P25705,958
P49821,P03901,999
P49821,P03886,999
P49821,O75489,999
P49821,Q12882,732
P49821,O43837,896
P49821,P03891,999
P49821,P40926,873
P49821,P08559,878
P49821,O95182,999
P49821,O43181,999
P49821,P00846,709
P49821,P17568,999
P49821,Q86Y39,999
P49821,O00142,774
P49821,O15239,999
Q06481,Q9UQF2,730
Q06481,P05067,816
P78352,P12931,979
P78352,P42263,873
P78352,P23560,786
P78352,P04637,734
P78352,P41594,902
P78352,P78559,979
P78352,Q13574,818
P78352,P16389,853
P78352,P22459,997
P78352,P42858,709
P78352,P60880,853
P78352,P62955,865
P78352,Q16620,860
P78352,P39086,943
P78352,P48050,935
P78352,Q14289,919
P78352,P22460,857
P78352,P22001,737
P78352,Q16478,949
P78352,P33402,708
P78352,Q9Y698,999
P78352,Q13002,998
P78352,Q8TCU5,966
P78352,Q14500,737
P78352,O60391,942
P78352,P07550,795
P78352,P10636,753
P78352,P42261,994
P78352,P28223,915
P78352,P0DP23,989
P78352,P04626,771
P78352,P11137,827
P78352,Q14957,990
P78352,Q05586,998
P78352,Q16515,756
P78352,P17252,957
P78352,P48058,829
P78352,Q00987,936
P78352,Q07954,946
P78352,P29475,996
P78352,Q00535,974
P78352,Q09470,898
P78352,P00390,721
P78352,P06241,996
P78352,O15399,976
P78352,Q9NZV8,877
P78352,P42262,968
P78352,Q05329,730
P78352,P05067,829
P78352,O75912,734
P78352,P08588,953
P78352,Q12879,999
P78352,Q13224,999
P78352,Q15303,998
P78352,P31749,747
P78352,Q16099,717
P78352,Q8WXS5,901
P78352,P21728,735
P61769,P10997,754
P61769,P02768,987
P61769,P05067,766
P61769,P40429,750
P61769,P02647,913
P61769,P02786,998
P61769,P25311,709
P61769,P10145,722
P61769,P02743,767
P61769,P02787,777
P61769,P30101,999
P61769,P01023,774
P61769,P28065,721
P61769,P27824,853
P61769,P28062,811
P61769,P01308,833
P61769,O60502,790
P61769,P00492,738
P61769,P04406,800
P61769,P60709,813
P61769,Q06187,700
P61769,P27797,999
P61769,P02649,803
P61769,P12004,770
P61769,P02766,968
O95342,Q9NPD5,841
O95342,Q96RI1,964
O95342,Q9Y6L6,862
O95342,O75469,839
P35218,Q9Y2D0,734
Q9NPC2,O14649,986
Q9NPC2,O00180,792
Q9Y2T6,Q7Z2W7,747
Q9Y2T6,P08908,782
Q9Y2T6,Q07869,746
Q9Y2T6,P21554,983
Q9Y2T6,Q14330,767
Q9Y2T6,P08185,705
Q9Y2T6,Q8NER1,922
Q9Y2T6,P34972,793
Q96LZ3,P0DP23,720
Q96LZ3,P00441,904
Q96LZ3,O95644,948
Q96LZ3,P49841,906
P11586,P04818,986
P11586,P34896,999
P11586,Q9UBK8,941
P11586,Q86XF0,985
P11586,P23526,713
P11586,Q05932,958
P11586,P22102,999
P11586,Q9H2M3,801
P11586,O43175,704
P11586,Q93088,867
P11586,P00374,990
P11586,Q9Y617,769
P11586,P48728,965
P11586,P34897,996
P11586,P23378,908
P11586,Q99707,997
P11586,Q06203,900
P11586,P13995,979
P11586,P42898,996
P11586,P31939,998
Q6V0L0,P29762,815
Q6V0L0,P20815,931
Q6V0L0,P24462,933
Q6V0L0,P11712,925
Q6V0L0,P00352,953
Q6V0L0,O43174,930
Q6V0L0,P10632,927
Q6V0L0,P08684,933
Q6V0L0,P04798,928
Q6V0L0,Q06278,917
Q6V0L0,P05177,926
Q6V0L0,O94788,983
Q6V0L0,P47895,966
Q6V0L0,Q02928,939
Q6V0L0,P11509,927
P02671,P05106,978
P02671,P02774,779
P02671,P19652,751
P02671,P04004,720
P02671,P02743,791
P02671,P04070,851
P02671,P05067,785
P02671,P02768,975
P02671,P07357,753
P02671,P02647,902
P02671,P01009,831
P02671,P00742,752
P02671,P01023,832
P02671,P02788,750
P02671,P00747,965
P02671,P02775,727
P02671,P02763,747
P02671,P00734,999
P02671,P19823,811
P02671,P02748,731
P02671,P01042,908
P02671,P02776,745
P02671,P08697,967
P02671,P02652,893
P02671,P02765,984
P02671,P07225,764
P02671,P02751,932
P02671,P05543,827
P02671,P02749,871
P02671,P00750,880
P02671,P01008,980
P02671,P05160,960
P02671,P02766,773
P02671,P02675,999
P02671,P02649,705
P02671,P02656,822
P02671,P02679,999
P02671,P05546,960
P02671,P08514,928
P06753,P09493,998
P06753,P60568,805
P06753,P23528,750
P06753,P67936,946
P06753,P08922,769
P06753,P63104,786
P06753,P19429,994
P06753,P07550,825
P06753,P31939,809
P06753,P02585,951
P06753,P63316,968
P06753,Q9UM73,905
P06753,P12814,715
P06753,P63261,742
P06753,P08588,708
P06753,P62736,741
P06753,P08100,787
P06753,Q9H3N8,702
P06753,P10644,746
P06753,P04629,986
Q99808,P29274,718
Q99808,P27707,879
Q99808,P00813,736
Q99808,P23921,703
Q99808,P30542,880
Q99808,P55263,733
Q99808,Q14542,913
Q9NYR8,Q6NUM9,934
Q9NYR8,P00352,937
Q9NYR8,O43174,941
Q9NYR8,P08100,825
Q9NYR8,Q8TC12,747
Q9NYR8,O94788,942
Q9NYR8,P47895,940
Q9NYR8,O95237,958
Q9NYR8,Q96NR8,788
Q9NYR8,Q06278,917
P08684,P16050,912
P08684,Q6V0L0,933
P08684,P14061,939
P08684,Q9NPD5,749
P08684,Q92887,754
P08684,Q16772,929
P08684,P33261,968
P08684,P16152,941
P08684,P14060,947
P08684,P10632,973
P08684,P02763,745
P08684,Q12809,730
P08684,Q9H4Y5,910
P08684,P21397,953
P08684,P00352,937
P08684,P09488,958
P08684,P49888,947
P08684,O43174,944
P08684,O15217,926
P08684,Q99735,913
P08684,P05181,991
P08684,P20815,950
P08684,P19652,753
P08684,P78417,914
P08684,P28161,948
P08684,Q9UBK8,867
P08684,P42330,935
P08684,P02768,744
P08684,P08183,886
P08684,P11712,980
P08684,P28845,941
P08684,P20648,738
P08684,P23141,958
P08684,P05093,948
P08684,Q14994,919
P08684,P47895,925
P08684,P56937,921
P08684,P26439,945
P08684,O94788,923
P08684,P21266,923
P08684,Q16678,706
P08684,P11509,975
P08684,O75469,962
P08684,Q02928,958
P08684,O60760,959
P08684,P27338,953
P08684,P11511,950
P08684,P10635,961
P08684,Q06278,956
P08684,P04798,987
P08684,P37059,932
P08684,Q03013,918
P08684,P00167,960
P08684,P09211,976
P08684,Q92506,921
P08684,P08263,956
P08684,Q04828,926
P08684,P10620,915
P08684,P09210,942
P08684,P05177,968
P08684,O43169,923
P08684,P46439,917
P08684,Q9Y6L6,932
P08684,O14880,912
P08684,Q7RTV2,923
P55055,Q13133,915
P55055,P28702,993
P55055,P49327,773
P55055,Q15596,975
P55055,O95477,991
P55055,P48443,951
P55055,P02649,793
P55055,P19793,998
P55055,P45844,892
P55055,P36956,884
P55055,Q15788,923
Q96I15,Q16881,942
Q96I15,Q9HD40,715
Q96I15,Q96EN8,871
Q96I15,Q16595,968
P29034,P04271,789
P29034,P31151,705
P29034,P04637,980
P29034,Q86YZ3,738
P29034,P23297,812
Q15842,Q07699,720
Q15842,O60706,999
Q15842,Q9NY72,731
Q15842,Q02156,901
Q15842,P22460,712
Q15842,P54289,728
Q15842,Q9UJ90,726
Q15842,Q9UK17,740
Q15842,Q14654,991
Q15842,Q9Y6H6,734
Q15842,Q09428,999
Q9UI33,Q9UQD0,776
Q9UI33,Q8IWT1,953
Q9UI33,O60939,805
Q9UI33,P35498,829
Q9UI33,Q16620,710
Q9UI33,Q07699,907
Q9UI33,Q9NY72,739
Q9UI33,Q99250,744
P23458,P29597,998
P23458,P00533,970
P23458,P01579,993
P23458,P17181,999
P23458,P51692,999
P23458,P08700,893
P23458,P27986,939
P23458,P52333,999
P23458,P29350,978
P23458,P28482,745
P23458,P48551,999
P23458,P07948,836
P23458,P16234,919
P23458,P04626,959
P23458,P21802,913
P23458,P01375,828
P23458,O00329,945
P23458,P42336,969
P23458,P26951,857
P23458,O60674,999
P23458,P08581,917
P23458,P08069,964
P23458,P60568,989
P23458,P35225,869
P23458,P13500,781
P23458,Q99062,961
P23458,Q9UM73,944
P23458,P40933,952
P23458,P09619,921
P23458,P22607,915
P23458,P05231,996
P23458,P42338,933
P23458,P32927,900
P23458,P04637,774
P23458,P35968,947
P37840,P27338,815
P37840,Q05940,979
P37840,P54219,912
P37840,P17980,904
P37840,P10636,994
P37840,P19404,805
P37840,P01308,896
P37840,P07101,997
P37840,Q9UBN7,754
P37840,P00441,897
P37840,P04406,769
P37840,Q01959,996
P37840,P27348,809
P37840,P60880,779
P37840,P42858,989
P37840,P07900,743
P37840,O60603,906
P37840,P02766,753
P37840,P02649,996
P37840,P23560,798
P37840,P34932,994
P37840,O43181,724
P37840,Q04917,821
P37840,P00533,728
P37840,P10997,934
P37840,P05067,993
P37840,O75489,725
P37840,P21796,979
P37840,P06241,836
P37840,P09936,957
P37840,P11142,987
P37840,P02647,883
P37840,P10909,861
P37840,Q99497,994
P37840,P11021,947
P37840,P06396,711
P37840,O75306,711
P37840,P23975,809
P37840,P04156,984
P37840,O95139,854
P37840,P0DP23,995
P37840,P25788,802
P37840,O00206,752
P37840,P00519,823
P37840,P04792,853
P37840,P21397,710
P51828,Q13946,792
P51828,O60658,728
P51828,Q14432,810
P51828,Q01064,714
P51828,Q07343,841
P51828,P54750,713
P51828,P16499,758
P51828,Q05655,918
P51828,P05771,740
P51828,O76083,720
P51828,O95263,703
P51828,Q14123,722
P51828,P21554,907
P51828,Q13370,797
P51828,Q9HCR9,727
P51828,P31749,712
P51828,P51160,719
P51828,Q08499,798
P51828,Q08828,718
P51828,P31323,719
P51828,Q8NFM4,780
P51828,P31639,903
P51828,O00408,762
P51828,P17252,707
P51828,O43306,747
P51828,P05129,713
P51828,P23975,840
P51828,O76074,759
P51828,Q08493,747
P51828,O60503,749
P51828,P35913,720
P51828,O95622,808
P51828,P0DP23,767
P51828,P17612,798
P51828,Q9NP56,840
P51828,Q9Y233,756
P51828,P27815,820
P42338,Q9UM73,935
P42338,P09619,960
P42338,P06401,920
P42338,P12931,967
P42338,P35968,932
P42338,P22607,745
P42338,O60674,935
P42338,Q06187,943
P42338,P09769,702
P42338,P08581,925
P42338,P22455,724
P42338,P43405,938
P42338,P04049,939
P42338,O00329,998
P42338,P48736,997
P42338,P42336,998
P42338,P11362,933
P42338,P08631,885
P42338,O15530,973
P42338,P10828,907
P42338,P08069,971
P42338,Q05655,966
P42338,P10827,900
P42338,Q14457,789
P42338,P04629,932
P42338,P27986,999
P42338,P36888,930
P42338,P35916,735
P42338,O00206,924
P42338,P23458,933
P42338,P07948,957
P42338,P16234,957
P42338,P04626,972
P42338,P21802,754
P42338,P52333,923
P42338,P15153,965
P42338,P29350,919
P42338,P10721,961
P42338,P06213,944
P42338,P31749,992
P42338,P00533,993
P42338,P42345,943
P42338,P17948,908
P42338,P29597,709
P42338,P06241,951
P42338,Q05513,928
P42338,P41743,917
P42338,Q08881,919
P42338,Q15303,947
P48448,Q9NUB1,941
P48448,P30838,909
P48448,P14550,939
P48448,Q16772,716
P48448,P11766,825
P48448,P43353,959
P48448,Q16853,928
P48448,P40394,871
P48448,Q99259,926
P48448,P21397,941
P48448,Q9H4Y5,703
P48448,P07327,839
P48448,P05181,928
P48448,Q05329,926
P48448,P08319,844
P48448,Q9NR19,947
P48448,P21964,917
P48448,P00325,836
P48448,P80404,942
P48448,P00326,847
P48448,P27338,936
P48448,Q6ZQY3,926
P48448,P09211,702
