Disease,Drug
D020434,DB00459
D020434,DB01101
D020434,DB00091
D020434,DB00987
D020434,DB01004
D020434,DB00281
D020434,DB00563
D020434,DB00959
D020434,DB01017
D020434,DB00929
D020434,DB00698
D020434,DB00727
D020434,DB00755
D020434,DB00541
D000170,DB11590
D000172,DB01200
D000172,DB06791
D000172,DB01065
D000172,DB00350
D000370,DB00758
D000370,DB00390
D000370,DB00158
D000370,DB01611
D000370,DB00678
D000370,DB00763
D000370,DB00563
D000370,DB00350
D000370,DB00727
D000370,DB00252
D000370,DB00857
D000370,DB00495
D000370,DB01593
D000377,DB01181
D000377,DB14509
D000377,DB09241
D000381,DB00563
D015526,DB00907
D015526,DB00649
D015526,DB00495
D017109,DB00404
D017109,DB06288
D017109,DB00321
D017109,DB00381
D017109,DB00543
D017109,DB01238
D017109,DB00810
D017109,DB00490
D017109,DB00477
D017109,DB00568
D017109,DB00215
D017109,DB01068
D017109,DB00363
D017109,DB00907
D017109,DB00829
D017109,DB01075
D017109,DB00450
D017109,DB00593
D017109,DB01205
D017109,DB04841
D017109,DB00472
D017109,DB00623
D017109,DB00176
D017109,DB00502
D017109,DB01235
D017109,DB00281
D017109,DB14509
D017109,DB00186
D017109,DB00933
D017109,DB01403
D017109,DB01233
D017109,DB00264
D017109,DB06148
D017109,DB00683
D017109,DB00370
D017109,DB01203
D017109,DB01149
D017109,DB00585
D017109,DB00334
D017109,DB00842
D017109,DB00715
D017109,DB00252
D017109,DB05316
D017109,DB00433
D017109,DB00387
D017109,DB00818
D017109,DB00571
D017109,DB00409
D017109,DB00734
D017109,DB01104
D017109,DB01236
D017109,DB00669
D017109,DB00864
D017109,DB04844
D017109,DB00679
D017109,DB01623
D017109,DB01056
D017109,DB00323
D017109,DB00831
D017109,DB00508
D017109,DB00376
D017109,DB01392
D017109,DB00246
D017109,DB09225
D000405,DB01351
D000405,DB00181
D000405,DB01200
D000405,DB00477
D000405,DB00544
D000405,DB00502
D000405,DB00741
D000405,DB00186
D000405,DB00563
D000405,DB00422
D000405,DB00264
D000405,DB00184
D000405,DB00864
D020268,DB00898
D020268,DB01273
D000430,DB00475
D000430,DB00829
D000430,DB00898
D000430,DB00158
D000430,DB00502
D000430,DB00186
D000430,DB00371
D000430,DB00252
D000430,DB00571
D000430,DB00152
D020270,DB00829
D020270,DB00898
D020270,DB01174
D020270,DB00252
D038261,DB01080
D020237,DB00563
D055964,DB01068
D056769,DB00331
D056769,DB00412
D000544,DB03128
D000544,DB11081
D000544,DB04115
D000544,DB09061
D000544,DB01212
D000544,DB00482
D000544,DB01394
D000544,DB09130
D000544,DB09131
D000544,DB11672
D000544,DB00746
D000544,DB00975
D000544,DB00843
D000544,DB00470
D000544,DB00494
D000544,DB00176
D000544,DB00158
D000544,DB00674
D000544,DB00014
D000544,DB00502
D000544,DB04864
D000544,DB01050
D000544,DB00328
D000544,DB01592
D000544,DB00934
D000544,DB01065
D000544,DB01043
D000544,DB00683
D000544,DB00834
D000544,DB01017
D000544,DB01618
D000544,DB00627
D000544,DB00184
D000544,DB00435
D000544,DB00715
D000544,DB00850
D000544,DB00981
D000544,DB00960
D000544,DB00206
D000544,DB00989
D000544,DB00412
D000544,DB00747
D000544,DB00428
D000544,DB00382
D000544,DB00820
D000544,DB00679
D000544,DB00323
D000544,DB00656
D000544,DB11094
D000544,DB01593
D020757,DB01109
D020757,DB00373
D020757,DB00682
D000550,DB00330
D000550,DB00189
D000550,DB01235
D000550,DB00627
D000550,DB00468
D000550,DB00675
D000550,DB00313
D000550,DB00162
D000647,DB00404
D000647,DB01223
D000647,DB00321
D000647,DB00182
D000647,DB00714
D000647,DB00126
D000647,DB00572
D000647,DB00181
D000647,DB04115
D000647,DB01156
D000647,DB01164
D000647,DB00395
D000647,DB00185
D000647,DB00475
D000647,DB00608
D000647,DB00122
D000647,DB00575
D000647,DB01394
D000647,DB11672
D000647,DB00260
D000647,DB01234
D000647,DB01576
D000647,DB00829
D000647,DB00586
D000647,DB00804
D000647,DB13345
D000647,DB00343
D000647,DB01075
D000647,DB00843
D000647,DB00561
D000647,DB00228
D000647,DB00668
D000647,DB00783
D000647,DB00898
D000647,DB00813
D000647,DB01205
D000647,DB04841
D000647,DB01544
D000647,DB00693
D000647,DB00176
D000647,DB00674
D000647,DB00143
D000647,DB00629
D000647,DB00502
D000647,DB00458
D000647,DB00753
D000647,DB01221
D000647,DB01202
D000647,DB00186
D000647,DB00657
D000647,DB01065
D000647,DB01043
D000647,DB00454
D000647,DB00371
D000647,DB00474
D000647,DB00422
D000647,DB00683
D000647,DB00370
D000647,DB09282
D000647,DB00295
D000647,DB01183
D000647,DB01400
D000647,DB00699
D000647,DB00184
D000647,DB01115
D000647,DB00393
D000647,DB00368
D000647,DB01165
D000647,DB00334
D000647,DB00338
D000647,DB01092
D000647,DB00652
D000647,DB00312
D000647,DB00806
D000647,DB00850
D000647,DB00388
D000647,DB00252
D000647,DB00981
D000647,DB00457
D000647,DB00818
D000647,DB00571
D000647,DB00989
D000647,DB00747
D000647,DB01236
D000647,DB00202
D000647,DB00391
D000647,DB00382
D000647,DB00231
D000647,DB00624
D000647,DB00897
D000647,DB11699
D000647,DB00661
D000647,DB01392
D000647,DB00425
D020324,DB00829
D020324,DB00843
D020324,DB01205
D020324,DB01544
D020324,DB00690
D020324,DB01221
D020324,DB00186
D020324,DB00683
D020324,DB00818
D020324,DB00747
D020324,DB00382
D020324,DB00897
D000648,DB01156
D000648,DB01234
D000648,DB00829
D000648,DB00959
D000648,DB00683
D000648,DB00818
D000648,DB00571
D000648,DB00747
D000648,DB00313
D020236,DB00572
D020236,DB00181
D020236,DB00320
D020236,DB00841
D020236,DB00696
D020236,DB00898
D020236,DB00687
D020236,DB00727
D020236,DB01182
D020236,DB00897
D028227,DB00861
D000690,DB11081
D000690,DB00321
D000690,DB01076
D000690,DB01200
D000690,DB04540
D000690,DB09130
D000690,DB00470
D000690,DB03843
D000690,DB00480
D000690,DB01235
D000690,DB00227
D000690,DB01065
D000690,DB01017
D000690,DB00435
D000690,DB00540
D000690,DB00175
D000690,DB01069
D000690,DB00740
D000690,DB00641
D000690,DB01041
D000690,DB00163
D000757,DB00928
D000757,DB00158
D000757,DB00333
D000757,DB01041
D059445,DB01234
D059445,DB00470
D059445,DB00472
D059445,DB01221
D059445,DB00184
D059445,DB11094
D015875,DB00964
D015875,DB01156
D015875,DB00907
D015875,DB00332
D015875,DB00753
D015875,DB00715
D015875,DB00747
D015875,DB01104
D000849,DB14509
D000849,DB00571
D020759,DB00907
D001037,DB00188
D001037,DB00297
D001037,DB00564
D001037,DB00907
D001037,DB00987
D001037,DB01151
D001037,DB01234
D001037,DB00668
D001037,DB00472
D001037,DB00441
D001037,DB01120
D001037,DB00741
D001037,DB01181
D001037,DB00762
D001037,DB00848
D001037,DB14509
D001037,DB00961
D001037,DB00563
D001037,DB09241
D001037,DB00683
D001037,DB01113
D001037,DB00397
D001037,DB00296
D001037,DB00747
D001037,DB00708
D001037,DB00795
D001037,DB00864
D001037,DB00273
D001037,DB00541
D001039,DB01394
D001039,DB00987
D001039,DB00571
D001039,DB00864
D001044,DB01242
D001044,DB00987
D001044,DB00668
D001044,DB00281
D001044,DB00540
D001044,DB00420
D001044,DB00541
D020240,DB00563
D001072,DB00564
D001072,DB00502
D001072,DB00951
D001072,DB14509
D001072,DB09212
D001072,DB00929
D001072,DB00747
D001072,DB00391
D001072,DB00864
D001072,DB01041
D001072,DB00313
D001100,DB11148
D001100,DB00987
D001100,DB00563
D001100,DB00652
D001100,DB00860
D001139,DB00252
D001139,DB00755
D001139,DB00313
D001139,DB00162
D020261,DB01169
D020261,DB00126
D020261,DB11672
D020261,DB06782
D020261,DB01956
D020261,DB00730
D020261,DB00163
D020261,DB14533
D001184,DB00564
D001184,DB00438
D001184,DB01233
D001259,DB00819
D001259,DB00787
D001259,DB00404
D001259,DB00915
D001259,DB00357
D001259,DB00855
D001259,DB01118
D001259,DB00182
D001259,DB01076
D001259,DB00572
D001259,DB00181
D001259,DB13746
D001259,DB01558
D001259,DB00490
D001259,DB09061
D001259,DB00564
D001259,DB00493
D001259,DB00341
D001259,DB00475
D001259,DB00477
D001259,DB00501
D001259,DB00515
D001259,DB01211
D001259,DB00349
D001259,DB01068
D001259,DB00575
D001259,DB00907
D001259,DB01394
D001259,DB09130
D001259,DB09131
D001259,DB01176
D001259,DB00979
D001259,DB00531
D001259,DB00091
D001259,DB00434
D001259,DB00987
D001259,DB01151
D001259,DB00967
D001259,DB01234
D001259,DB01576
D001259,DB00514
D001259,DB00829
D001259,DB01119
D001259,DB00390
D001259,DB00343
D001259,DB00985
D001259,DB01075
D001259,DB00822
D001259,DB00997
D001259,DB00470
D001259,DB00668
D001259,DB00898
D001259,DB00773
D001259,DB00949
D001259,DB00322
D001259,DB01205
D001259,DB00544
D001259,DB00472
D001259,DB01185
D001259,DB00690
D001259,DB00158
D001259,DB00996
D001259,DB02530
D001259,DB00441
D001259,DB01016
D001259,DB00801
D001259,DB00502
D001259,DB01181
D001259,DB01598
D001259,DB01592
D001259,DB00753
D001259,DB00677
D001259,DB00951
D001259,DB00982
D001259,DB00270
D001259,DB01221
D001259,DB00555
D001259,DB00848
D001259,DB00281
D001259,DB14509
D001259,DB00186
D001259,DB00678
D001259,DB00603
D001259,DB00814
D001259,DB01043
D001259,DB00333
D001259,DB00134
D001259,DB00563
D001259,DB09241
D001259,DB00422
D001259,DB00916
D001259,DB00683
D001259,DB00211
D001259,DB01017
D001259,DB00929
D001259,DB00788
D001259,DB00184
D001259,DB00393
D001259,DB00727
D001259,DB00904
D001259,DB01229
D001259,DB00312
D001259,DB04930
D001259,DB01174
D001259,DB00252
D001259,DB00554
D001259,DB00860
D001259,DB00635
D001259,DB00794
D001259,DB01182
D001259,DB00818
D001259,DB00571
D001259,DB00852
D001259,DB00165
D001259,DB00734
D001259,DB00503
D001259,DB00747
D001259,DB00641
D001259,DB01082
D001259,DB00263
D001259,DB00864
D001259,DB00599
D001259,DB00208
D001259,DB00755
D001259,DB00897
D001259,DB00313
D001259,DB00661
D001259,DB00541
D001259,DB00163
D001259,DB02546
D001259,DB06283
D001259,DB00425
D001259,DB00909
D001260,DB01592
D001264,DB01212
D001264,DB00477
D001264,DB00907
D001264,DB00434
D001264,DB00829
D001264,DB01075
D001264,DB00968
D001264,DB00422
D001264,DB00683
D001264,DB01618
D001264,DB00334
D001264,DB01174
D001264,DB00252
D001264,DB00981
D001264,DB00794
D001264,DB00387
D001264,DB00420
D001264,DB04844
D001264,DB00679
D001264,DB00906
D001264,DB00376
D001264,DB00541
D001308,DB00564
D001308,DB00907
D001308,DB00184
D001308,DB04930
D001308,DB01085
D020211,DB00929
D001342,DB00404
D001342,DB00321
D001342,DB00335
D001342,DB00290
D001342,DB00136
D001342,DB01136
D001342,DB00477
D001342,DB00515
D001342,DB00215
D001342,DB00575
D001342,DB00363
D001342,DB00907
D001342,DB01234
D001342,DB00450
D001342,DB00898
D001342,DB00441
D001342,DB00741
D001342,DB01235
D001342,DB00916
D001342,DB00683
D001342,DB00350
D001342,DB00022
D001342,DB00738
D001342,DB00780
D001342,DB01174
D001342,DB00457
D001342,DB00571
D001342,DB00811
D001342,DB00734
D001342,DB00570
D001342,DB00541
D001342,DB00361
D001342,DB01392
D020144,DB00907
D020144,DB00822
D001480,DB00915
D001480,DB01118
D001480,DB06288
D001480,DB00321
D001480,DB00381
D001480,DB00543
D001480,DB00714
D001480,DB06216
D001480,DB00810
D001480,DB01200
D001480,DB00490
D001480,DB00201
D001480,DB00564
D001480,DB00608
D001480,DB00477
D001480,DB01239
D001480,DB00501
D001480,DB00568
D001480,DB00363
D001480,DB00907
D001480,DB01151
D001480,DB00829
D001480,DB01075
D001480,DB00822
D001480,DB01184
D001480,DB00843
D001480,DB00988
D001480,DB00450
D001480,DB04841
D001480,DB00472
D001480,DB00623
D001480,DB00176
D001480,DB00502
D001480,DB01181
D001480,DB00458
D001480,DB00224
D001480,DB11757
D001480,DB00465
D001480,DB00709
D001480,DB00555
D001480,DB00448
D001480,DB01235
D001480,DB14509
D001480,DB00408
D001480,DB00737
D001480,DB00784
D001480,DB00422
D001480,DB01233
D001480,DB00683
D001480,DB01618
D001480,DB00295
D001480,DB01149
D001480,DB01115
D001480,DB00585
D001480,DB00540
D001480,DB00334
D001480,DB00904
D001480,DB00776
D001480,DB00715
D001480,DB00850
D001480,DB00252
D001480,DB01085
D001480,DB01100
D001480,DB00635
D001480,DB00433
D001480,DB00387
D001480,DB00392
D001480,DB00818
D001480,DB00571
D001480,DB00165
D001480,DB00734
D001480,DB00503
D001480,DB00989
D001480,DB06144
D001480,DB01104
D001480,DB01236
D001480,DB00391
D001480,DB00372
D001480,DB00679
D001480,DB01623
D001480,DB00831
D001480,DB00508
D001480,DB00376
D001480,DB11699
D001480,DB00313
D001480,DB01080
D001480,DB00246
D001480,DB09225
D020145,DB00907
D020330,DB00022
D020330,DB00811
D001766,DB01118
D001766,DB00126
D001766,DB09121
D001766,DB00993
D001766,DB00207
D001766,DB00443
D001766,DB00201
D001766,DB00262
D001766,DB00608
D001766,DB00477
D001766,DB00537
D001766,DB00515
D001766,DB00242
D001766,DB00907
D001766,DB04838
D001766,DB00987
D001766,DB01234
D001766,DB01119
D001766,DB00330
D001766,DB00898
D001766,DB00441
D001766,DB00741
D001766,DB00951
D001766,DB01221
D001766,DB00281
D001766,DB01206
D001766,DB00961
D001766,DB00331
D001766,DB00333
D001766,DB00563
D001766,DB00959
D001766,DB00325
D001766,DB00368
D001766,DB00904
D001766,DB01062
D001766,DB01113
D001766,DB00914
D001766,DB00721
D001766,DB00165
D001766,DB00468
D001766,DB01045
D001766,DB00302
D001766,DB00376
D001766,DB00541
D001766,DB00162
D001766,DB00682
D019575,DB00316
D019575,DB06151
D019575,DB00290
D019575,DB01200
D019575,DB00297
D019575,DB00515
D019575,DB00091
D019575,DB00441
D019575,DB00959
D019575,DB01115
D019575,DB00325
D019575,DB00864
D019575,DB00570
D019575,DB00541
D019575,DB00309
D001906,DB00907
D020968,DB00864
D020516,DB00297
D020516,DB00987
D020516,DB01109
D001922,DB00415
D001922,DB00446
D001922,DB01234
D001922,DB00563
D001922,DB00916
D001922,DB01263
D001922,DB00635
D001922,DB01045
D001925,DB00182
D001925,DB00201
D001925,DB00564
D001925,DB00907
D001925,DB00158
D001925,DB01085
D001925,DB00864
D001926,DB00819
D001926,DB00563
D001927,DB00316
D001927,DB00718
D001927,DB00437
D001927,DB11081
D001927,DB01223
D001927,DB01118
D001927,DB00321
D001927,DB00182
D001927,DB00673
D001927,DB00126
D001927,DB00928
D001927,DB00993
D001927,DB00181
D001927,DB12783
D001927,DB00290
D001927,DB00297
D001927,DB01101
D001927,DB00564
D001927,DB00190
D001927,DB00262
D001927,DB01413
D001927,DB00493
D001927,DB00438
D001927,DB01212
D001927,DB01112
D001927,DB00608
D001927,DB00122
D001927,DB00568
D001927,DB00537
D001927,DB01068
D001927,DB00907
D001927,DB01394
D001927,DB00260
D001927,DB00091
D001927,DB00987
D001927,DB00970
D001927,DB01406
D001927,DB00746
D001927,DB01234
D001927,DB00829
D001927,DB00586
D001927,DB00390
D001927,DB00320
D001927,DB00975
D001927,DB00822
D001927,DB01248
D001927,DB00997
D001927,DB00783
D001927,DB00898
D001927,DB00609
D001927,DB00593
D001927,DB00813
D001927,DB01216
D001927,DB04841
D001927,DB00544
D001927,DB00472
D001927,DB00176
D001927,DB00158
D001927,DB00695
D001927,DB00996
D001927,DB01004
D001927,DB00502
D001927,DB01159
D001927,DB00756
D001927,DB00999
D001927,DB00741
D001927,DB01005
D001927,DB01050
D001927,DB01181
D001927,DB01598
D001927,DB00328
D001927,DB01592
D001927,DB00753
D001927,DB00951
D001927,DB01221
D001927,DB00581
D001927,DB01202
D001927,DB01235
D001927,DB14509
D001927,DB01206
D001927,DB00408
D001927,DB00358
D001927,DB01065
D001927,DB01043
D001927,DB00563
D001927,DB01028
D001927,DB09241
D001927,DB00959
D001927,DB00916
D001927,DB00683
D001927,DB01017
D001927,DB00295
D001927,DB01183
D001927,DB00994
D001927,DB00184
D001927,DB00325
D001927,DB01092
D001927,DB00776
D001927,DB01229
D001927,DB00312
D001927,DB01174
D001927,DB00252
D001927,DB00794
D001927,DB01168
D001927,DB00818
D001927,DB00550
D001927,DB00205
D001927,DB01045
D001927,DB00533
D001927,DB00360
D001927,DB00747
D001927,DB01236
D001927,DB00877
D001927,DB00359
D001927,DB00795
D001927,DB00605
D001927,DB00864
D001927,DB00277
D001927,DB00152
D001927,DB00273
D001927,DB00755
D001927,DB00376
D001927,DB00313
D001927,DB01080
D001927,DB00541
D001927,DB00162
D001927,DB00163
D001928,DB00543
D001928,DB01393
D001928,DB00672
D001928,DB00091
D001928,DB00746
D001928,DB00343
D001928,DB00959
D001928,DB00776
D001928,DB00914
D001928,DB00433
D001928,DB00428
D001928,DB00864
D001928,DB01124
D001928,DB00273
D001928,DB00313
D001928,DB11094
D001929,DB00316
D001929,DB00819
D001929,DB06151
D001929,DB01200
D001929,DB00201
D001929,DB09061
D001929,DB00262
D001929,DB00477
D001929,DB00907
D001929,DB11672
D001929,DB00987
D001929,DB00694
D001929,DB00746
D001929,DB01234
D001929,DB00829
D001929,DB08809
D001929,DB00470
D001929,DB00584
D001929,DB00696
D001929,DB00898
D001929,DB00292
D001929,DB00502
D001929,DB01109
D001929,DB00756
D001929,DB00741
D001929,DB00328
D001929,DB01206
D001929,DB00186
D001929,DB00653
D001929,DB01065
D001929,DB00333
D001929,DB00563
D001929,DB00968
D001929,DB00916
D001929,DB01017
D001929,DB00184
D001929,DB00393
D001929,DB00727
D001929,DB00325
D001929,DB01092
D001929,DB09140
D001929,DB00107
D001929,DB01229
D001929,DB00652
D001929,DB00692
D001929,DB00388
D001929,DB00252
D001929,DB01085
D001929,DB01132
D001929,DB00818
D001929,DB00852
D001929,DB00412
D001929,DB01104
D001929,DB00641
D001929,DB00864
D001929,DB00302
D001929,DB00755
D001929,DB00313
D001929,DB00309
D001929,DB00162
D001929,DB00744
D020201,DB00396
D020520,DB01418
D020520,DB00459
D020520,DB06441
D020520,DB00515
D020520,DB01242
D020520,DB00363
D020520,DB00822
D020520,DB00584
D020520,DB00696
D020520,DB00544
D020520,DB00472
D020520,DB01109
D020520,DB00422
D020520,DB00959
D020520,DB00393
D020520,DB01092
D020520,DB01229
D020520,DB00252
D020520,DB00641
D020520,DB00877
D020520,DB01041
D020520,DB00163
D001930,DB06151
D001930,DB00132
D001930,DB11081
D001930,DB00915
D001930,DB01223
D001930,DB00543
D001930,DB00182
D001930,DB08799
D001930,DB01169
D001930,DB00126
D001930,DB01076
D001930,DB09121
D001930,DB00181
D001930,DB04115
D001930,DB00121
D001930,DB01200
D001930,DB00201
D001930,DB06774
D001930,DB00564
D001930,DB00190
D001930,DB11588
D001930,DB00515
D001930,DB01068
D001930,DB11338
D001930,DB00363
D001930,DB00907
D001930,DB01394
D001930,DB09130
D001930,DB11672
D001930,DB00531
D001930,DB00091
D001930,DB00151
D001930,DB00987
D001930,DB03619
D001930,DB01234
D001930,DB00829
D001930,DB00804
D001930,DB00255
D001930,DB00917
D001930,DB00843
D001930,DB00584
D001930,DB01225
D001930,DB00783
D001930,DB00898
D001930,DB04953
D001930,DB00142
D001930,DB13751
D001930,DB01159
D001930,DB00328
D001930,DB00753
D001930,DB00951
D001930,DB01221
D001930,DB01202
D001930,DB01235
D001930,DB00281
D001930,DB08882
D001930,DB00227
D001930,DB00653
D001930,DB01065
D001930,DB01043
D001930,DB00331
D001930,DB00563
D001930,DB00422
D001930,DB00959
D001930,DB01017
D001930,DB01183
D001930,DB00627
D001930,DB00184
D001930,DB00393
D001930,DB00435
D001930,DB00325
D001930,DB01092
D001930,DB01626
D001930,DB00312
D001930,DB01174
D001930,DB00388
D001930,DB01085
D001930,DB01132
D001930,DB11263
D001930,DB00733
D001930,DB00396
D001930,DB00818
D001930,DB00550
D001930,DB00899
D001930,DB00206
D001930,DB00412
D001930,DB01698
D001930,DB00747
D001930,DB01037
D001930,DB01236
D001930,DB00641
D001930,DB00428
D001930,DB00382
D001930,DB00864
D001930,DB06204
D001930,DB00277
D001930,DB00599
D001930,DB00273
D001930,DB00193
D001930,DB00313
D001930,DB01080
D001930,DB00541
D001930,DB00682
D001930,DB01593
D001930,DB00315
D001930,DB00425
D000070642,DB11672
D002545,DB00659
D002545,DB06151
D002545,DB00640
D002545,DB00513
D002545,DB00182
D002545,DB00126
D002545,DB00181
D002545,DB06774
D002545,DB00262
D002545,DB01212
D002545,DB00515
D002545,DB00758
D002545,DB00907
D002545,DB11672
D002545,DB01119
D002545,DB00975
D002545,DB00822
D002545,DB00584
D002545,DB00668
D002545,DB01196
D002545,DB00898
D002545,DB00292
D002545,DB00949
D002545,DB04841
D002545,DB00544
D002545,DB01109
D002545,DB09526
D002545,DB01050
D002545,DB01181
D002545,DB00808
D002545,DB00328
D002545,DB00753
D002545,DB00982
D002545,DB00270
D002545,DB11757
D002545,DB01221
D002545,DB00281
D002545,DB01065
D002545,DB01017
D002545,DB00691
D002545,DB00295
D002545,DB01183
D002545,DB00622
D002545,DB09220
D002545,DB01115
D002545,DB06712
D002545,DB04743
D002545,DB00393
D002545,DB00435
D002545,DB00727
D002545,DB00368
D002545,DB09140
D002545,DB00388
D002545,DB00981
D002545,DB01085
D002545,DB09369
D002545,DB00818
D002545,DB00533
D002545,DB00412
D002545,DB01236
D002545,DB00641
D002545,DB01138
D002545,DB00864
D002545,DB00675
D002545,DB00966
D002545,DB00624
D002545,DB00599
D002545,DB00273
D002545,DB00302
D002545,DB00309
D002545,DB00163
D002545,DB00682
D001932,DB00993
D001932,DB00262
D001932,DB00515
D001932,DB00257
D001932,DB09130
D001932,DB11672
D001932,DB00987
D001932,DB00694
D001932,DB01234
D001932,DB00255
D001932,DB00997
D001932,DB00773
D001932,DB01181
D001932,DB00328
D001932,DB01206
D001932,DB12130
D001932,DB00563
D001932,DB01229
D001932,DB00806
D001932,DB01168
D001932,DB00444
D001932,DB00541
D001932,DB00309
D020526,DB00297
D020526,DB00907
D020526,DB00668
D020526,DB00492
D020526,DB01275
D020526,DB01115
D020295,DB09073
D018437,DB00907
D010244,DB00987
D010244,DB00668
D010244,DB00544
D020165,DB03793
D002340,DB00182
D002340,DB00696
D002340,DB01109
D002340,DB00627
D002340,DB00412
D020212,DB00006
D020212,DB00877
D020215,DB00907
D020215,DB00898
D002341,DB01118
D002341,DB01200
D002341,DB00851
D002341,DB01406
D002341,DB00997
D002341,DB00696
D002341,DB00783
D002341,DB00396
D002341,DB00302
D016893,DB00758
D016893,DB00668
D016893,DB00445
D016893,DB00435
D016893,DB00635
D002349,DB01217
D002349,DB00537
D002349,DB01406
D002349,DB00829
D002349,DB00822
D002349,DB00264
D002349,DB00571
D002349,DB01041
D002349,DB00682
D002375,DB00316
D002375,DB03128
D002375,DB00770
D002375,DB00915
D002375,DB01118
D002375,DB06288
D002375,DB00321
D002375,DB00381
D002375,DB00613
D002375,DB00543
D002375,DB00714
D002375,DB01238
D002375,DB00126
D002375,DB00572
D002375,DB00181
D002375,DB00810
D002375,DB01200
D002375,DB00490
D002375,DB00201
D002375,DB09061
D002375,DB00190
D002375,DB00521
D002375,DB00403
D002375,DB00475
D002375,DB00608
D002375,DB00477
D002375,DB00568
D002375,DB01242
D002375,DB00575
D002375,DB00363
D002375,DB00907
D002375,DB00318
D002375,DB00531
D002375,DB00091
D002375,DB00434
D002375,DB01151
D002375,DB01191
D002375,DB01576
D002375,DB00514
D002375,DB00829
D002375,DB00343
D002375,DB12789
D002375,DB00917
D002375,DB01075
D002375,DB01184
D002375,DB00988
D002375,DB00470
D002375,DB06262
D002375,DB01240
D002375,DB00783
D002375,DB00949
D002375,DB00574
D002375,DB00813
D002375,DB01205
D002375,DB04841
D002375,DB00472
D002375,DB00623
D002375,DB02530
D002375,DB00502
D002375,DB00741
D002375,DB01050
D002375,DB00458
D002375,DB00328
D002375,DB11757
D002375,DB01221
D002375,DB01026
D002375,DB00007
D002375,DB00848
D002375,DB01235
D002375,DB00854
D002375,DB00408
D002375,DB09238
D002375,DB00934
D002375,DB00657
D002375,DB00939
D002375,DB00603
D002375,DB01065
D002375,DB01043
D002375,DB00454
D002375,DB13520
D002375,DB00333
D002375,DB00723
D002375,DB06800
D002375,DB00247
D002375,DB01233
D002375,DB06148
D002375,DB00683
D002375,DB00805
D002375,DB00370
D002375,DB01618
D002375,DB09282
D002375,DB00295
D002375,DB01183
D002375,DB00704
D002375,DB06711
D002375,DB00788
D002375,DB00184
D002375,DB01115
D002375,DB04743
D002375,DB00393
D002375,DB01595
D002375,DB01054
D002375,DB00325
D002375,DB04821
D002375,DB00368
D002375,DB00540
D002375,DB00334
D002375,DB00776
D002375,DB01580
D002375,DB01062
D002375,DB01113
D002375,DB05829
D002375,DB00652
D002375,DB00850
D002375,DB00252
D002375,DB00981
D002375,DB01085
D002375,DB05316
D002375,DB01100
D002375,DB00960
D002375,DB00670
D002375,DB00413
D002375,DB00721
D002375,DB00433
D002375,DB00396
D002375,DB01069
D002375,DB12278
D002375,DB00571
D002375,DB00550
D002375,DB00344
D002375,DB01367
D002375,DB00409
D002375,DB00206
D002375,DB06155
D002375,DB00734
D002375,DB00268
D002375,DB00747
D002375,DB01037
D002375,DB06144
D002375,DB09072
D002375,DB00605
D002375,DB00391
D002375,DB00864
D002375,DB00624
D002375,DB04844
D002375,DB00277
D002375,DB11590
D002375,DB00679
D002375,DB01623
D002375,DB00323
D002375,DB00656
D002375,DB00755
D002375,DB00831
D002375,DB00376
D002375,DB11699
D002375,DB00661
D002375,DB06694
D002375,DB01392
D002375,DB00246
D002375,DB09225
D002385,DB00321
D002385,DB00182
D002385,DB00572
D002385,DB01242
D002385,DB00575
D002385,DB00363
D002385,DB01576
D002385,DB00472
D002385,DB00502
D002385,DB00579
D002385,DB00422
D002385,DB00247
D002385,DB00981
D002385,DB01100
D002385,DB00457
D002385,DB00344
D002389,DB00640
D002389,DB00802
D002389,DB00915
D002389,DB00855
D002389,DB06288
D002389,DB00714
D002389,DB00207
D002389,DB00181
D002389,DB01200
D002389,DB00490
D002389,DB00201
D002389,DB00564
D002389,DB00190
D002389,DB00482
D002389,DB00477
D002389,DB00501
D002389,DB01068
D002389,DB00575
D002389,DB00363
D002389,DB00907
D002389,DB00434
D002389,DB01219
D002389,DB01576
D002389,DB00829
D002389,DB01075
D002389,DB00822
D002389,DB00843
D002389,DB00988
D002389,DB00292
D002389,DB00574
D002389,DB00472
D002389,DB00623
D002389,DB02530
D002389,DB00502
D002389,DB05381
D002389,DB00557
D002389,DB01221
D002389,DB01202
D002389,DB01235
D002389,DB00186
D002389,DB00408
D002389,DB00934
D002389,DB01065
D002389,DB00454
D002389,DB00422
D002389,DB00295
D002389,DB01183
D002389,DB00788
D002389,DB04743
D002389,DB01165
D002389,DB00334
D002389,DB00338
D002389,DB00850
D002389,DB00780
D002389,DB00397
D002389,DB00960
D002389,DB00592
D002389,DB00860
D002389,DB00635
D002389,DB01032
D002389,DB00433
D002389,DB00206
D002389,DB00734
D002389,DB00533
D002389,DB00747
D002389,DB01037
D002389,DB01104
D002389,DB00391
D002389,DB00864
D002389,DB00679
D002389,DB01623
D002389,DB00193
D002389,DB00831
D002389,DB00376
D002389,DB00313
D002422,DB00181
D002422,DB01068
D002422,DB01221
D002422,DB00281
D002422,DB00683
D002422,DB01618
D002422,DB00925
D020226,DB00531
D020226,DB01045
D020806,DB01212
D020863,DB00907
D002493,DB00915
D002493,DB01223
D002493,DB01118
D002493,DB00714
D002493,DB09274
D002493,DB00993
D002493,DB00181
D002493,DB01393
D002493,DB00297
D002493,DB01101
D002493,DB00564
D002493,DB01161
D002493,DB00501
D002493,DB00827
D002493,DB00537
D002493,DB01211
D002493,DB00907
D002493,DB00979
D002493,DB00531
D002493,DB00987
D002493,DB00851
D002493,DB00694
D002493,DB00900
D002493,DB00985
D002493,DB01075
D002493,DB00822
D002493,DB01184
D002493,DB00988
D002493,DB00997
D002493,DB00625
D002493,DB00898
D002493,DB00927
D002493,DB00813
D002493,DB01073
D002493,DB01205
D002493,DB00690
D002493,DB03843
D002493,DB00400
D002493,DB00756
D002493,DB00327
D002493,DB01181
D002493,DB00458
D002493,DB00328
D002493,DB00951
D002493,DB01009
D002493,DB00848
D002493,DB01002
D002493,DB00281
D002493,DB00227
D002493,DB00737
D002493,DB01065
D002493,DB00454
D002493,DB00961
D002493,DB00333
D002493,DB00563
D002493,DB09241
D002493,DB00264
D002493,DB00916
D002493,DB00379
D002493,DB00683
D002493,DB01017
D002493,DB00648
D002493,DB00238
D002493,DB00435
D002493,DB01165
D002493,DB01229
D002493,DB00487
D002493,DB00652
D002493,DB00312
D002493,DB00806
D002493,DB01174
D002493,DB00252
D002493,DB00981
D002493,DB01168
D002493,DB00396
D002493,DB00818
D002493,DB00908
D002493,DB00206
D002493,DB00296
D002493,DB00649
D002493,DB00795
D002493,DB00373
D002493,DB01056
D002493,DB00273
D002493,DB00755
D002493,DB00897
D002493,DB00347
D002493,DB00792
D002493,DB00427
D002493,DB00313
D002493,DB00541
D002493,DB00361
D002493,DB00163
D002493,DB00909
D020314,DB01263
D020314,DB00635
D002494,DB00262
D002494,DB07565
D002494,DB00608
D002494,DB00091
D002494,DB00196
D002494,DB01026
D002494,DB00635
D016543,DB00262
D016543,DB00987
D016543,DB00773
D016543,DB00741
D016543,DB01206
D016543,DB00563
D016543,DB01204
D016543,DB01024
D016543,DB01168
D016543,DB00755
D016543,DB00541
D002524,DB00819
D002524,DB00915
D002524,DB01118
D002524,DB00181
D002524,DB00490
D002524,DB01101
D002524,DB00564
D002524,DB01068
D002524,DB00987
D002524,DB00822
D002524,DB01248
D002524,DB00544
D002524,DB00158
D002524,DB00996
D002524,DB01437
D002524,DB00951
D002524,DB00281
D002524,DB14509
D002524,DB00934
D002524,DB00454
D002524,DB00961
D002524,DB00916
D002524,DB01595
D002524,DB00487
D002524,DB00780
D002524,DB00252
D002524,DB01035
D002524,DB00571
D002524,DB00864
D002524,DB00675
D002524,DB00152
D002526,DB01118
D002526,DB00321
D002526,DB01101
D002526,DB00564
D002526,DB00477
D002526,DB00501
D002526,DB00907
D002526,DB00987
D002526,DB00694
D002526,DB00829
D002526,DB00390
D002526,DB00898
D002526,DB00544
D002526,DB00502
D002526,DB01181
D002526,DB00951
D002526,DB14509
D002526,DB00563
D002526,DB00916
D002526,DB01115
D002526,DB00698
D002526,DB00497
D002526,DB00850
D002526,DB00252
D002526,DB01168
D002526,DB11132
D002526,DB08329
D002526,DB00675
D002526,DB00755
D002526,DB00313
D002526,DB00661
D002526,DB00541
D002526,DB00163
D002526,DB00682
D002528,DB00959
D002528,DB02546
D002539,DB01200
D002539,DB00696
D002539,DB00422
D002539,DB01113
D002539,DB00388
D002539,DB00397
D002543,DB00819
D002543,DB00770
D002543,DB00321
D002543,DB00182
D002543,DB00278
D002543,DB01076
D002543,DB00181
D002543,DB01200
D002543,DB00201
D002543,DB00482
D002543,DB00446
D002543,DB01166
D002543,DB00215
D002543,DB00758
D002543,DB00907
D002543,DB00531
D002543,DB00091
D002543,DB00987
D002543,DB00694
D002543,DB00746
D002543,DB01234
D002543,DB00829
D002543,DB00997
D002543,DB01225
D002543,DB01364
D002543,DB00668
D002543,DB00783
D002543,DB00898
D002543,DB00574
D002543,DB00472
D002543,DB00695
D002543,DB01109
D002543,DB01050
D002543,DB00328
D002543,DB00982
D002543,DB00007
D002543,DB00589
D002543,DB01206
D002543,DB00653
D002543,DB00563
D002543,DB00959
D002543,DB00916
D002543,DB01204
D002543,DB00622
D002543,DB00184
D002543,DB00727
D002543,DB00368
D002543,DB09140
D002543,DB00022
D002543,DB01174
D002543,DB00946
D002543,DB00191
D002543,DB00397
D002543,DB01168
D002543,DB00396
D002543,DB00550
D002543,DB00852
D002543,DB00811
D002543,DB00867
D002543,DB00864
D002543,DB00675
D002543,DB00277
D002543,DB00752
D002543,DB00755
D002543,DB00541
D002543,DB00682
D020202,DB01234
D002544,DB01118
D002544,DB00182
D002544,DB00217
D002544,DB01200
D002544,DB00201
D002544,DB01166
D002544,DB00515
D002544,DB00907
D002544,DB01234
D002544,DB00320
D002544,DB00822
D002544,DB01248
D002544,DB00997
D002544,DB00470
D002544,DB00584
D002544,DB00668
D002544,DB00696
D002544,DB00783
D002544,DB01628
D002544,DB00544
D002544,DB00695
D002544,DB01296
D002544,DB01170
D002544,DB01109
D002544,DB01181
D002544,DB00563
D002544,DB00968
D002544,DB00422
D002544,DB01017
D002544,DB01115
D002544,DB00393
D002544,DB00325
D002544,DB09140
D002544,DB00388
D002544,DB00397
D002544,DB00252
D002544,DB01085
D002544,DB00396
D002544,DB01045
D002544,DB00669
D002544,DB00864
D002544,DB01041
D002544,DB00208
D002544,DB00302
D002544,DB00682
D002547,DB00181
D002547,DB11136
D002547,DB01219
D002547,DB01234
D002547,DB00653
D002547,DB00867
D002547,DB12965
D002547,DB00273
D002547,DB01080
D058565,DB01212
D058565,DB00563
D002558,DB01200
D002559,DB01200
D002561,DB00572
D002561,DB01200
D002561,DB06774
D002561,DB00575
D002561,DB00907
D002561,DB00091
D002561,DB00333
D002561,DB00959
D002561,DB00184
D002561,DB01115
D002561,DB00393
D002561,DB00435
D002561,DB00334
D002561,DB00022
D002561,DB00806
D002561,DB00175
D002561,DB00635
D002561,DB00396
D002561,DB00881
D002561,DB00811
D002561,DB00734
D002561,DB00669
D002561,DB00864
D002561,DB00624
D002561,DB13944
D002561,DB00208
D002561,DB08814
D002561,DB00682
D002607,DB00126
D002607,DB00541
D002819,DB00787
D002819,DB00915
D002819,DB00321
D002819,DB00543
D002819,DB00182
D002819,DB00972
D002819,DB00181
D002819,DB00810
D002819,DB00477
D002819,DB00501
D002819,DB00363
D002819,DB00907
D002819,DB01176
D002819,DB00434
D002819,DB00829
D002819,DB00390
D002819,DB01084
D002819,DB00426
D002819,DB00927
D002819,DB00472
D002819,DB00996
D002819,DB00502
D002819,DB00557
D002819,DB00555
D002819,DB01202
D002819,DB01235
D002819,DB00333
D002819,DB00563
D002819,DB00968
D002819,DB00422
D002819,DB01233
D002819,DB00916
D002819,DB00370
D002819,DB00745
D002819,DB01618
D002819,DB09389
D002819,DB00334
D002819,DB00904
D002819,DB00715
D002819,DB00850
D002819,DB00252
D002819,DB00981
D002819,DB00387
D002819,DB00818
D002819,DB00863
D002819,DB00206
D002819,DB00795
D002819,DB00391
D002819,DB04844
D002819,DB00277
D002819,DB00679
D002819,DB00752
D002819,DB00656
D002819,DB00831
D002819,DB00376
D002819,DB00313
D002819,DB00541
D021081,DB00813
D021081,DB00677
D021081,DB01183
D021081,DB00818
D021081,DB00519
D021081,DB00361
D054221,DB00550
D003027,DB00907
D003027,DB00696
D003027,DB00328
D003027,DB00883
D003027,DB00727
D003027,DB09140
D003027,DB00669
D003027,DB00273
D003027,DB00661
D003027,DB00682
D003117,DB01118
D003117,DB00564
D003117,DB00608
D003117,DB00537
D003117,DB00907
D003117,DB00746
D003117,DB00390
D003117,DB00330
D003117,DB00158
D003117,DB01050
D003117,DB00371
D003117,DB00703
D003117,DB00563
D003117,DB00350
D003117,DB00022
D003117,DB00252
D003117,DB00908
D003117,DB00863
D003117,DB00811
D003117,DB00675
D003117,DB00679
D003117,DB00906
D003117,DB00302
D003117,DB00313
D003117,DB01080
D003128,DB00316
D003128,DB00819
D003128,DB00414
D003128,DB00787
D003128,DB00404
D003128,DB00915
D003128,DB01118
D003128,DB06288
D003128,DB00321
D003128,DB01351
D003128,DB09274
D003128,DB00572
D003128,DB00181
D003128,DB01558
D003128,DB01156
D003128,DB01101
D003128,DB00564
D003128,DB00608
D003128,DB00672
D003128,DB00501
D003128,DB00537
D003128,DB00515
D003128,DB00215
D003128,DB01068
D003128,DB00575
D003128,DB00363
D003128,DB00907
D003128,DB00318
D003128,DB00091
D003128,DB00987
D003128,DB00633
D003128,DB00514
D003128,DB00647
D003128,DB00829
D003128,DB01119
D003128,DB00390
D003128,DB01075
D003128,DB00280
D003128,DB00822
D003128,DB01184
D003128,DB01142
D003128,DB00997
D003128,DB00450
D003128,DB01364
D003128,DB00402
D003128,DB00330
D003128,DB00898
D003128,DB00573
D003128,DB00813
D003128,DB01205
D003128,DB01544
D003128,DB00544
D003128,DB00623
D003128,DB00176
D003128,DB00695
D003128,DB01437
D003128,DB01016
D003128,DB00502
D003128,DB01050
D003128,DB01181
D003128,DB00224
D003128,DB00328
D003128,DB00951
D003128,DB01221
D003128,DB01235
D003128,DB00281
D003128,DB14509
D003128,DB00186
D003128,DB00653
D003128,DB00934
D003128,DB00933
D003128,DB00333
D003128,DB00703
D003128,DB00134
D003128,DB00563
D003128,DB01403
D003128,DB05246
D003128,DB00916
D003128,DB00683
D003128,DB00295
D003128,DB01183
D003128,DB01149
D003128,DB01115
D003128,DB01595
D003128,DB00727
D003128,DB00325
D003128,DB00334
D003128,DB00842
D003128,DB00776
D003128,DB09140
D003128,DB00595
D003128,DB01229
D003128,DB01337
D003128,DB01113
D003128,DB00715
D003128,DB00738
D003128,DB00652
D003128,DB00312
D003128,DB00780
D003128,DB01174
D003128,DB03255
D003128,DB00388
D003128,DB00252
D003128,DB00981
D003128,DB00635
D003128,DB00818
D003128,DB00571
D003128,DB00165
D003128,DB00468
D003128,DB01045
D003128,DB00734
D003128,DB00503
D003128,DB00936
D003128,DB00747
D003128,DB01104
D003128,DB09072
D003128,DB00139
D003128,DB00795
D003128,DB00864
D003128,DB00675
D003128,DB01162
D003128,DB00342
D003128,DB00277
D003128,DB00599
D003128,DB00679
D003128,DB00193
D003128,DB00302
D003128,DB00752
D003128,DB00656
D003128,DB00897
D003128,DB00376
D003128,DB00313
D003128,DB00541
D003128,DB00495
D003128,DB00425
D020918,DB00126
D020918,DB00295
D003221,DB06736
D003221,DB00316
D003221,DB00819
D003221,DB00787
D003221,DB00518
D003221,DB01001
D003221,DB00915
D003221,DB01118
D003221,DB00714
D003221,DB00181
D003221,DB01558
D003221,DB01200
D003221,DB00490
D003221,DB00611
D003221,DB00564
D003221,DB00262
D003221,DB01413
D003221,DB00438
D003221,DB00482
D003221,DB00475
D003221,DB00477
D003221,DB00501
D003221,DB00537
D003221,DB00215
D003221,DB01211
D003221,DB01068
D003221,DB01147
D003221,DB00363
D003221,DB00907
D003221,DB01176
D003221,DB00979
D003221,DB00091
D003221,DB00987
D003221,DB00746
D003221,DB01151
D003221,DB01234
D003221,DB01191
D003221,DB00514
D003221,DB00829
D003221,DB01396
D003221,DB00390
D003221,DB00985
D003221,DB01075
D003221,DB00822
D003221,DB00199
D003221,DB00898
D003221,DB00773
D003221,DB00927
D003221,DB00574
D003221,DB00813
D003221,DB01195
D003221,DB00322
D003221,DB01205
D003221,DB01544
D003221,DB00544
D003221,DB00472
D003221,DB00176
D003221,DB00695
D003221,DB00441
D003221,DB00502
D003221,DB01181
D003221,DB00458
D003221,DB00328
D003221,DB01247
D003221,DB00753
D003221,DB00951
D003221,DB01221
D003221,DB01026
D003221,DB04398
D003221,DB00848
D003221,DB01235
D003221,DB00281
D003221,DB00589
D003221,DB14509
D003221,DB00186
D003221,DB00678
D003221,DB00737
D003221,DB00358
D003221,DB01065
D003221,DB00814
D003221,DB01043
D003221,DB00961
D003221,DB00331
D003221,DB00333
D003221,DB00703
D003221,DB00563
D003221,DB01403
D003221,DB00968
D003221,DB00422
D003221,DB00959
D003221,DB01233
D003221,DB00916
D003221,DB00683
D003221,DB01017
D003221,DB00745
D003221,DB00295
D003221,DB00218
D003221,DB01183
D003221,DB01149
D003221,DB01595
D003221,DB01165
D003221,DB00338
D003221,DB01173
D003221,DB00497
D003221,DB00595
D003221,DB01229
D003221,DB00715
D003221,DB00487
D003221,DB00652
D003221,DB01186
D003221,DB00780
D003221,DB01174
D003221,DB00191
D003221,DB00397
D003221,DB00252
D003221,DB00981
D003221,DB01085
D003221,DB00319
D003221,DB00554
D003221,DB00761
D003221,DB00230
D003221,DB01087
D003221,DB00721
D003221,DB00387
D003221,DB00818
D003221,DB00571
D003221,DB00165
D003221,DB00468
D003221,DB01129
D003221,DB00863
D003221,DB01367
D003221,DB00734
D003221,DB00503
D003221,DB00747
D003221,DB01104
D003221,DB00864
D003221,DB00231
D003221,DB01041
D003221,DB00277
D003221,DB00679
D003221,DB00373
D003221,DB01056
D003221,DB00752
D003221,DB00656
D003221,DB00897
D003221,DB00376
D003221,DB00313
D003221,DB00661
D003221,DB00541
D003221,DB06283
D003221,DB00495
D003244,DB00714
D003244,DB00964
D003244,DB00181
D003244,DB00575
D003244,DB00531
D003244,DB00987
D003244,DB01151
D003244,DB01075
D003244,DB01248
D003244,DB00898
D003244,DB00813
D003244,DB01205
D003244,DB00502
D003244,DB00458
D003244,DB00328
D003244,DB00951
D003244,DB14509
D003244,DB00563
D003244,DB00422
D003244,DB00959
D003244,DB01017
D003244,DB00295
D003244,DB01183
D003244,DB00334
D003244,DB00338
D003244,DB01173
D003244,DB01229
D003244,DB00715
D003244,DB00312
D003244,DB00252
D003244,DB00981
D003244,DB00433
D003244,DB01182
D003244,DB01045
D003244,DB00391
D003244,DB00864
D003244,DB00675
D003244,DB00302
D003244,DB00897
D003244,DB00313
D065306,DB00195
D065306,DB00575
D065306,DB01234
D065306,DB00997
D065306,DB00898
D003389,DB00515
D003389,DB00907
D003389,DB00987
D003389,DB00563
D003389,DB00929
D003389,DB00165
D003389,DB01041
D003389,DB00541
D006259,DB00819
D006259,DB00572
D006259,DB01234
D006259,DB00312
D007562,DB09130
D003616,DB00313
D003616,DB00682
D003638,DB00415
D003638,DB00626
D003638,DB00446
D003638,DB07565
D003638,DB00515
D003638,DB00746
D003638,DB01234
D003638,DB00647
D003638,DB00997
D003638,DB00452
D003638,DB00695
D003638,DB01172
D003638,DB00772
D003638,DB00603
D003638,DB00916
D003638,DB00994
D003638,DB01229
D003638,DB01421
D003638,DB00571
D003638,DB01839
D003638,DB00908
D003638,DB00468
D003638,DB01082
D003638,DB01041
D003655,DB00181
D003655,DB00563
D003693,DB00819
D003693,DB00787
D003693,DB00518
D003693,DB00404
D003693,DB00915
D003693,DB00513
D003693,DB01118
D003693,DB06288
D003693,DB00321
D003693,DB00913
D003693,DB00335
D003693,DB00572
D003693,DB00207
D003693,DB00181
D003693,DB06698
D003693,DB00810
D003693,DB01558
D003693,DB01200
D003693,DB01156
D003693,DB00564
D003693,DB01413
D003693,DB00567
D003693,DB00475
D003693,DB00608
D003693,DB00477
D003693,DB00501
D003693,DB00537
D003693,DB00215
D003693,DB01211
D003693,DB01242
D003693,DB00575
D003693,DB00363
D003693,DB00907
D003693,DB00318
D003693,DB00924
D003693,DB00091
D003693,DB00434
D003693,DB01151
D003693,DB01234
D003693,DB00633
D003693,DB00514
D003693,DB00829
D003693,DB00586
D003693,DB01396
D003693,DB00390
D003693,DB00343
D003693,DB01075
D003693,DB00822
D003693,DB00843
D003693,DB01142
D003693,DB00450
D003693,DB00898
D003693,DB00927
D003693,DB00813
D003693,DB01195
D003693,DB00196
D003693,DB01205
D003693,DB00472
D003693,DB00695
D003693,DB00674
D003693,DB00502
D003693,DB11181
D003693,DB01050
D003693,DB01181
D003693,DB00458
D003693,DB00328
D003693,DB01029
D003693,DB00753
D003693,DB01167
D003693,DB01221
D003693,DB00555
D003693,DB01202
D003693,DB01235
D003693,DB00281
D003693,DB14509
D003693,DB00836
D003693,DB00186
D003693,DB00653
D003693,DB00934
D003693,DB00358
D003693,DB01043
D003693,DB00454
D003693,DB00333
D003693,DB00703
D003693,DB00563
D003693,DB01233
D003693,DB00264
D003693,DB00683
D003693,DB00929
D003693,DB00295
D003693,DB00704
D003693,DB00238
D003693,DB00627
D003693,DB00184
D003693,DB01115
D003693,DB01595
D003693,DB00325
D003693,DB00585
D003693,DB01165
D003693,DB00334
D003693,DB00338
D003693,DB00904
D003693,DB01062
D003693,DB00497
D003693,DB00715
D003693,DB00487
D003693,DB00022
D003693,DB01438
D003693,DB00780
D003693,DB00252
D003693,DB00981
D003693,DB01085
D003693,DB00635
D003693,DB01035
D003693,DB01069
D003693,DB01182
D003693,DB00818
D003693,DB00571
D003693,DB00908
D003693,DB00863
D003693,DB00811
D003693,DB00734
D003693,DB00989
D003693,DB00747
D003693,DB01037
D003693,DB01104
D003693,DB01236
D003693,DB00605
D003693,DB00382
D003693,DB00277
D003693,DB00599
D003693,DB00679
D003693,DB00193
D003693,DB00752
D003693,DB00656
D003693,DB00897
D003693,DB00440
D003693,DB00313
D003693,DB00661
D003693,DB00425
D003704,DB00915
D003704,DB01222
D003704,DB01136
D003704,DB00438
D003704,DB04540
D003704,DB00501
D003704,DB00575
D003704,DB00363
D003704,DB09130
D003704,DB11672
D003704,DB00746
D003704,DB00390
D003704,DB00843
D003704,DB00544
D003704,DB00158
D003704,DB00502
D003704,DB01592
D003704,DB00951
D003704,DB00848
D003704,DB00408
D003704,DB00603
D003704,DB01043
D003704,DB00563
D003704,DB00968
D003704,DB00218
D003704,DB01183
D003704,DB00393
D003704,DB00435
D003704,DB00540
D003704,DB00334
D003704,DB00252
D003704,DB01085
D003704,DB00635
D003704,DB00794
D003704,DB00396
D003704,DB00908
D003704,DB00734
D003704,DB00989
D003704,DB00747
D003704,DB01104
D003704,DB00428
D003704,DB00679
D003704,DB00656
D003704,DB00313
D003704,DB11094
D015161,DB00806
D015140,DB00993
D015140,DB00674
D015140,DB01043
D015140,DB00435
D015140,DB00860
D015140,DB11094
D003711,DB06151
D003711,DB01118
D003711,DB06756
D003711,DB00608
D003711,DB00672
D003711,DB00242
D003711,DB00907
D003711,DB00987
D003711,DB01234
D003711,DB00586
D003711,DB01093
D003711,DB00997
D003711,DB00783
D003711,DB00544
D003711,DB00756
D003711,DB00848
D003711,DB08882
D003711,DB00134
D003711,DB00563
D003711,DB01204
D003711,DB06174
D003711,DB01229
D003711,DB00252
D003711,DB01085
D003711,DB01263
D003711,DB00635
D003711,DB00721
D003711,DB00396
D003711,DB00205
D003711,DB00296
D003711,DB00877
D003711,DB00428
D003711,DB00605
D003711,DB00864
D003711,DB00675
D003711,DB00152
D003711,DB00685
D003711,DB01080
D003711,DB00541
D003711,DB00309
D003711,DB00943
D003882,DB01217
D003882,DB00993
D003882,DB00531
D003882,DB00586
D003882,DB00773
D003882,DB00544
D003882,DB01095
D003882,DB01611
D003882,DB01005
D003882,DB00227
D003882,DB00563
D003882,DB00959
D003882,DB01017
D003882,DB00338
D003882,DB00812
D003882,DB00252
D003882,DB00175
D003882,DB00860
D003882,DB00635
D003882,DB00641
D003882,DB00675
D003929,DB00321
D003929,DB00514
D003929,DB00584
D003929,DB01095
D003929,DB00996
D003929,DB00458
D003929,DB01029
D003929,DB00281
D003929,DB00722
D003929,DB01017
D003929,DB09140
D003929,DB00715
D003929,DB00806
D003929,DB00230
D003929,DB00396
D003929,DB00412
D003929,DB01082
D003929,DB00428
D003929,DB00605
D020833,DB00641
D004172,DB00459
D004172,DB00993
D004172,DB00564
D004172,DB00608
D004172,DB00501
D004172,DB00537
D004172,DB00215
D004172,DB01190
D004172,DB00987
D004172,DB00829
D004172,DB00343
D004172,DB01075
D004172,DB00668
D004172,DB01544
D004172,DB00472
D004172,DB01611
D004172,DB01050
D004172,DB00951
D004172,DB00555
D004172,DB00281
D004172,DB00653
D004172,DB00961
D004172,DB00563
D004172,DB00264
D004172,DB00683
D004172,DB01017
D004172,DB00929
D004172,DB00295
D004172,DB01183
D004172,DB00698
D004172,DB00727
D004172,DB00776
D004172,DB01580
D004172,DB01229
D004172,DB01337
D004172,DB00022
D004172,DB00812
D004172,DB00252
D004172,DB00571
D004172,DB00811
D004172,DB00503
D004172,DB00864
D004172,DB00759
D004172,DB00679
D004172,DB00755
D004172,DB00897
D004172,DB00541
D004172,DB00162
D006970,DB00918
D006970,DB00404
D006970,DB00321
D006970,DB00714
D006970,DB01238
D006970,DB00335
D006970,DB00972
D006970,DB01558
D006970,DB01200
D006970,DB00490
D006970,DB00248
D006970,DB00564
D006970,DB00341
D006970,DB00475
D006970,DB01114
D006970,DB00477
D006970,DB00310
D006970,DB00356
D006970,DB00501
D006970,DB00537
D006970,DB00215
D006970,DB00283
D006970,DB00349
D006970,DB01242
D006970,DB01068
D006970,DB00575
D006970,DB00363
D006970,DB00907
D006970,DB00260
D006970,DB00091
D006970,DB01191
D006970,DB00514
D006970,DB00829
D006970,DB00985
D006970,DB01075
D006970,DB00561
D006970,DB01142
D006970,DB00450
D006970,DB00494
D006970,DB00199
D006970,DB01205
D006970,DB04841
D006970,DB01544
D006970,DB00472
D006970,DB00623
D006970,DB00176
D006970,DB01018
D006970,DB00502
D006970,DB00557
D006970,DB01181
D006970,DB00951
D006970,DB00982
D006970,DB01221
D006970,DB01202
D006970,DB01235
D006970,DB00281
D006970,DB00589
D006970,DB00186
D006970,DB00934
D006970,DB01065
D006970,DB00454
D006970,DB00333
D006970,DB00703
D006970,DB00563
D006970,DB00422
D006970,DB01233
D006970,DB00916
D006970,DB00683
D006970,DB00745
D006970,DB00295
D006970,DB00788
D006970,DB00334
D006970,DB00338
D006970,DB00776
D006970,DB00497
D006970,DB01192
D006970,DB00213
D006970,DB00715
D006970,DB00652
D006970,DB00312
D006970,DB01186
D006970,DB00780
D006970,DB01174
D006970,DB00252
D006970,DB00981
D006970,DB01324
D006970,DB00413
D006970,DB00635
D006970,DB00230
D006970,DB01069
D006970,DB00571
D006970,DB00852
D006970,DB00734
D006970,DB00503
D006970,DB00268
D006970,DB00747
D006970,DB00669
D006970,DB01041
D006970,DB00599
D006970,DB00679
D006970,DB00697
D006970,DB00273
D006970,DB00193
D006970,DB00752
D006970,DB00313
D006970,DB01080
D006970,DB00541
D006970,DB01392
D006970,DB00425
D049310,DB01076
D004314,DB01394
D004314,DB00252
D004314,DB00734
D004370,DB01041
D004401,DB00787
D004401,DB00770
D004401,DB01076
D004401,DB00995
D004401,DB00443
D004401,DB00810
D004401,DB00297
D004401,DB00564
D004401,DB00438
D004401,DB00477
D004401,DB00537
D004401,DB00363
D004401,DB09130
D004401,DB00987
D004401,DB00829
D004401,DB00586
D004401,DB01075
D004401,DB00822
D004401,DB00668
D004401,DB01195
D004401,DB00176
D004401,DB00695
D004401,DB00502
D004401,DB00762
D004401,DB00270
D004401,DB01026
D004401,DB00367
D004401,DB00281
D004401,DB14509
D004401,DB00678
D004401,DB00227
D004401,DB00454
D004401,DB00961
D004401,DB00371
D004401,DB00933
D004401,DB00331
D004401,DB00563
D004401,DB01233
D004401,DB00916
D004401,DB00683
D004401,DB01017
D004401,DB01115
D004401,DB01595
D004401,DB01165
D004401,DB00715
D004401,DB00252
D004401,DB00175
D004401,DB00433
D004401,DB00165
D004401,DB00863
D004401,DB00734
D004401,DB00296
D004401,DB00747
D004401,DB01104
D004401,DB00641
D004401,DB00864
D004401,DB00679
D004401,DB00208
D004401,DB01056
D004401,DB00273
D004401,DB00656
D004401,DB00831
D004401,DB00376
D004401,DB00313
D004401,DB00661
D004401,DB00541
D004408,DB00819
D004408,DB00381
D004408,DB00993
D004408,DB00207
D004408,DB00343
D004408,DB00975
D004408,DB01248
D004408,DB00584
D004408,DB00813
D004408,DB00281
D004408,DB14509
D004408,DB00678
D004408,DB01115
D004408,DB01229
D004408,DB00550
D004408,DB06217
D004408,DB01593
D004409,DB00770
D004409,DB00915
D004409,DB01118
D004409,DB06288
D004409,DB00321
D004409,DB00543
D004409,DB00182
D004409,DB00714
D004409,DB01238
D004409,DB00995
D004409,DB00181
D004409,DB12783
D004409,DB00810
D004409,DB01200
D004409,DB00835
D004409,DB01156
D004409,DB00490
D004409,DB00248
D004409,DB00201
D004409,DB00564
D004409,DB00190
D004409,DB01212
D004409,DB01112
D004409,DB01114
D004409,DB00477
D004409,DB00501
D004409,DB00215
D004409,DB01407
D004409,DB01242
D004409,DB01068
D004409,DB00575
D004409,DB00363
D004409,DB00907
D004409,DB00148
D004409,DB00091
D004409,DB01151
D004409,DB01576
D004409,DB00514
D004409,DB00829
D004409,DB00343
D004409,DB00917
D004409,DB01075
D004409,DB00975
D004409,DB00988
D004409,DB00450
D004409,DB00494
D004409,DB00593
D004409,DB00949
D004409,DB00574
D004409,DB04841
D004409,DB00472
D004409,DB00623
D004409,DB00996
D004409,DB00143
D004409,DB00502
D004409,DB00328
D004409,DB11757
D004409,DB01202
D004409,DB01235
D004409,DB00589
D004409,DB14509
D004409,DB00653
D004409,DB00657
D004409,DB00603
D004409,DB01065
D004409,DB01043
D004409,DB00454
D004409,DB00331
D004409,DB00333
D004409,DB01403
D004409,DB05246
D004409,DB00422
D004409,DB00247
D004409,DB01233
D004409,DB00683
D004409,DB00370
D004409,DB01618
D004409,DB00295
D004409,DB00486
D004409,DB01183
D004409,DB00704
D004409,DB00184
D004409,DB01115
D004409,DB00393
D004409,DB04821
D004409,DB00368
D004409,DB00334
D004409,DB00904
D004409,DB01173
D004409,DB01113
D004409,DB01626
D004409,DB00715
D004409,DB01186
D004409,DB00850
D004409,DB00780
D004409,DB01174
D004409,DB00252
D004409,DB00981
D004409,DB05316
D004409,DB01100
D004409,DB00413
D004409,DB00794
D004409,DB00433
D004409,DB00387
D004409,DB00392
D004409,DB00396
D004409,DB01069
D004409,DB00818
D004409,DB00571
D004409,DB00409
D004409,DB00206
D004409,DB00740
D004409,DB06155
D004409,DB00734
D004409,DB00268
D004409,DB01698
D004409,DB00747
D004409,DB01037
D004409,DB01082
D004409,DB00391
D004409,DB08329
D004409,DB00382
D004409,DB00864
D004409,DB00675
D004409,DB00624
D004409,DB04844
D004409,DB00277
D004409,DB00372
D004409,DB00679
D004409,DB00323
D004409,DB00273
D004409,DB00656
D004409,DB00897
D004409,DB00831
D004409,DB00376
D004409,DB01273
D004409,DB00661
D004409,DB01392
D020820,DB00915
D020820,DB01118
D020820,DB00182
D020820,DB00714
D020820,DB00572
D020820,DB00181
D020820,DB01200
D020820,DB00490
D020820,DB00564
D020820,DB00477
D020820,DB01239
D020820,DB01068
D020820,DB00363
D020820,DB00260
D020820,DB01151
D020820,DB01576
D020820,DB00829
D020820,DB01075
D020820,DB00898
D020820,DB00593
D020820,DB00292
D020820,DB00813
D020820,DB04841
D020820,DB00690
D020820,DB00996
D020820,DB00502
D020820,DB01181
D020820,DB01592
D020820,DB00951
D020820,DB11757
D020820,DB01221
D020820,DB01026
D020820,DB01235
D020820,DB00589
D020820,DB14509
D020820,DB00657
D020820,DB00371
D020820,DB00331
D020820,DB00370
D020820,DB00627
D020820,DB01115
D020820,DB00776
D020820,DB01186
D020820,DB00850
D020820,DB01174
D020820,DB00252
D020820,DB00413
D020820,DB00230
D020820,DB00433
D020820,DB01367
D020820,DB00206
D020820,DB04844
D020820,DB00599
D020820,DB00679
D020820,DB01607
D020820,DB00313
D020820,DB01080
D055154,DB00459
D055154,DB00443
D055154,DB01222
D055154,DB00537
D055154,DB01234
D055154,DB00390
D055154,DB00320
D055154,DB00472
D055154,DB00709
D055154,DB00281
D055154,DB00959
D055154,DB00334
D055154,DB00715
D055154,DB00790
D055154,DB00376
D055154,DB00313
D055154,DB00541
D055154,DB00246
D020920,DB00509
D020920,DB00502
D020920,DB00328
D020920,DB00960
D020920,DB00734
D020920,DB11094
D004421,DB00819
D004421,DB00802
D004421,DB06288
D004421,DB00321
D004421,DB01351
D004421,DB00543
D004421,DB00182
D004421,DB00714
D004421,DB01238
D004421,DB00181
D004421,DB06698
D004421,DB01019
D004421,DB00810
D004421,DB01558
D004421,DB01200
D004421,DB01156
D004421,DB00490
D004421,DB09061
D004421,DB01101
D004421,DB00564
D004421,DB01413
D004421,DB00341
D004421,DB00608
D004421,DB00477
D004421,DB00501
D004421,DB00604
D004421,DB00215
D004421,DB01242
D004421,DB01068
D004421,DB00363
D004421,DB00907
D004421,DB00318
D004421,DB01176
D004421,DB01234
D004421,DB01576
D004421,DB00514
D004421,DB00829
D004421,DB01075
D004421,DB00822
D004421,DB01184
D004421,DB00843
D004421,DB01142
D004421,DB00450
D004421,DB06262
D004421,DB00494
D004421,DB00696
D004421,DB00773
D004421,DB00813
D004421,DB01205
D004421,DB00472
D004421,DB00623
D004421,DB04842
D004421,DB00176
D004421,DB00529
D004421,DB00996
D004421,DB00674
D004421,DB01018
D004421,DB00502
D004421,DB01221
D004421,DB00709
D004421,DB00555
D004421,DB01235
D004421,DB00589
D004421,DB14509
D004421,DB00186
D004421,DB00408
D004421,DB00454
D004421,DB00933
D004421,DB01403
D004421,DB09241
D004421,DB00422
D004421,DB00247
D004421,DB01233
D004421,DB00916
D004421,DB06148
D004421,DB00683
D004421,DB00211
D004421,DB00370
D004421,DB00184
D004421,DB00368
D004421,DB00334
D004421,DB00904
D004421,DB01173
D004421,DB01626
D004421,DB00715
D004421,DB01186
D004421,DB04930
D004421,DB00850
D004421,DB00780
D004421,DB01174
D004421,DB00397
D004421,DB00252
D004421,DB00981
D004421,DB01100
D004421,DB00413
D004421,DB00433
D004421,DB00387
D004421,DB01069
D004421,DB00818
D004421,DB00571
D004421,DB00165
D004421,DB00468
D004421,DB00863
D004421,DB00734
D004421,DB00989
D004421,DB01104
D004421,DB01236
D004421,DB00202
D004421,DB00391
D004421,DB00669
D004421,DB04844
D004421,DB00372
D004421,DB00599
D004421,DB00679
D004421,DB01623
D004421,DB00656
D004421,DB00831
D004421,DB00376
D004421,DB00313
D004421,DB00246
D004422,DB00502
D004422,DB00387
D004422,DB04844
D020821,DB00810
D020821,DB00490
D020821,DB00477
D020821,DB00215
D020821,DB01068
D020821,DB00363
D020821,DB00829
D020821,DB01075
D020821,DB00843
D020821,DB00450
D020821,DB00623
D020821,DB00502
D020821,DB14509
D020821,DB01233
D020821,DB00683
D020821,DB00184
D020821,DB00334
D020821,DB00981
D020821,DB00433
D020821,DB01069
D020821,DB00818
D020821,DB00734
D020821,DB00989
D020821,DB04844
D020821,DB00376
D020821,DB01080
D020821,DB00246
D004454,DB00422
D004454,DB01165
D004652,DB01200
D004660,DB00787
D004660,DB09121
D004660,DB00355
D004660,DB00987
D004660,DB00711
D004660,DB04173
D004660,DB01004
D004660,DB00400
D004660,DB00677
D004660,DB00848
D004660,DB01065
D004660,DB00563
D004660,DB00738
D004660,DB00981
D004660,DB01069
D004660,DB00205
D004660,DB00359
D004660,DB00864
D004660,DB00152
D004660,DB00440
D020803,DB00787
D020803,DB00445
D020803,DB00529
D018792,DB00787
D004677,DB00987
D004677,DB00794
D004677,DB01041
D004678,DB00515
D004678,DB00907
D004678,DB00997
D004678,DB00471
D004679,DB00563
D004673,DB00907
D004673,DB00959
D004673,DB00295
D004681,DB00182
D004681,DB14083
D004681,DB00136
D004681,DB09061
D004681,DB00564
D004681,DB00907
D004681,DB00531
D004681,DB01234
D004681,DB00783
D004681,DB04573
D004681,DB04854
D004681,DB01195
D004681,DB00741
D004681,DB00959
D004681,DB01017
D004681,DB01204
D004681,DB00435
D004681,DB00252
D004681,DB00860
D004681,DB00396
D004681,DB01045
D004681,DB00864
D004681,DB00675
D004685,DB01065
D016603,DB00448
D016603,DB01065
D016603,DB00635
D020802,DB01413
D020802,DB00828
D020802,DB00916
D020802,DB01017
D017036,DB00252
D004831,DB00787
D004831,DB00182
D004831,DB00714
D004831,DB00572
D004831,DB09061
D004831,DB00564
D004831,DB01068
D004831,DB00575
D004831,DB00363
D004831,DB00829
D004831,DB00586
D004831,DB00996
D004831,DB00327
D004831,DB00951
D004831,DB01221
D004831,DB00555
D004831,DB01202
D004831,DB01235
D004831,DB14509
D004831,DB00683
D004831,DB00295
D004831,DB01183
D004831,DB00776
D004831,DB01174
D004831,DB00252
D004831,DB00981
D004831,DB00860
D004831,DB01182
D004831,DB00624
D004831,DB00313
D004831,DB00909
D004828,DB01061
D004828,DB00564
D004828,DB00493
D004828,DB01068
D004828,DB00363
D004828,DB00829
D004828,DB00593
D004828,DB00949
D004828,DB00555
D004828,DB01202
D004828,DB14509
D004828,DB00563
D004828,DB00776
D004828,DB01174
D004828,DB00252
D004828,DB01085
D004828,DB00794
D004828,DB08329
D004828,DB00906
D004828,DB00273
D004828,DB00347
D004828,DB00313
D004828,DB00661
D004828,DB01080
D004828,DB00909
D004827,DB00819
D004827,DB00640
D004827,DB00802
D004827,DB00321
D004827,DB00182
D004827,DB00415
D004827,DB00572
D004827,DB00993
D004827,DB05541
D004827,DB00564
D004827,DB00446
D004827,DB00501
D004827,DB00537
D004827,DB00515
D004827,DB00215
D004827,DB01068
D004827,DB00575
D004827,DB01147
D004827,DB00363
D004827,DB00987
D004827,DB01234
D004827,DB01576
D004827,DB00829
D004827,DB00985
D004827,DB00470
D004827,DB00467
D004827,DB00668
D004827,DB00199
D004827,DB00593
D004827,DB00773
D004827,DB00949
D004827,DB01205
D004827,DB00472
D004827,DB00176
D004827,DB00158
D004827,DB00996
D004827,DB02530
D004827,DB00400
D004827,DB00502
D004827,DB01181
D004827,DB00458
D004827,DB01221
D004827,DB01026
D004827,DB00555
D004827,DB01202
D004827,DB00281
D004827,DB00934
D004827,DB00532
D004827,DB00610
D004827,DB00763
D004827,DB00474
D004827,DB00563
D004827,DB00948
D004827,DB00683
D004827,DB00295
D004827,DB01183
D004827,DB04743
D004827,DB01595
D004827,DB00368
D004827,DB00776
D004827,DB00487
D004827,DB00312
D004827,DB08883
D004827,DB00850
D004827,DB01174
D004827,DB00692
D004827,DB00252
D004827,DB01085
D004827,DB11642
D004827,DB00230
D004827,DB00794
D004827,DB00818
D004827,DB00344
D004827,DB06201
D004827,DB01236
D004827,DB09118
D004827,DB08329
D004827,DB01041
D004827,DB00273
D004827,DB00347
D004827,DB00313
D004827,DB01080
D004827,DB00909
D004832,DB00564
D004832,DB01068
D004832,DB00829
D004832,DB00997
D004832,DB00593
D004832,DB00502
D004832,DB01109
D004832,DB00555
D004832,DB00007
D004832,DB01202
D004832,DB14509
D004832,DB01183
D004832,DB00776
D004832,DB01174
D004832,DB00252
D004832,DB01085
D004832,DB00794
D004832,DB00396
D004832,DB00420
D004832,DB00740
D004832,DB09072
D004832,DB00347
D004832,DB00313
D004832,DB01080
D020936,DB01080
D017029,DB00564
D017029,DB01068
D017029,DB00363
D017029,DB00829
D017029,DB00996
D017029,DB00555
D017029,DB01202
D017029,DB00563
D017029,DB00776
D017029,DB01174
D017029,DB00252
D017029,DB00794
D017029,DB00906
D017029,DB00273
D017029,DB00656
D017029,DB00313
D017029,DB01080
D017029,DB00909
D004829,DB00564
D004829,DB00363
D004829,DB00829
D004829,DB00555
D004829,DB00186
D004829,DB01183
D004829,DB01174
D004829,DB00252
D004829,DB00860
D004829,DB00230
D004829,DB00818
D004829,DB01154
D004829,DB00656
D004829,DB00313
D004829,DB00495
D020195,DB00949
D020195,DB00313
D019305,DB00564
D019305,DB00349
D019305,DB00273
D019305,DB00313
D004833,DB06774
D004833,DB00564
D004833,DB01068
D004833,DB00555
D004833,DB01202
D004833,DB00603
D004833,DB00563
D004833,DB01174
D004833,DB00252
D004833,DB01085
D004833,DB00794
D004833,DB00864
D004833,DB00273
D004833,DB00313
D004833,DB01080
D004830,DB00316
D004830,DB00787
D004830,DB00640
D004830,DB01223
D004830,DB00321
D004830,DB00572
D004830,DB00835
D004830,DB00297
D004830,DB01156
D004830,DB00490
D004830,DB00201
D004830,DB00564
D004830,DB00578
D004830,DB00438
D004830,DB01161
D004830,DB00608
D004830,DB00477
D004830,DB00501
D004830,DB00537
D004830,DB00215
D004830,DB00349
D004830,DB01242
D004830,DB01068
D004830,DB00575
D004830,DB00363
D004830,DB00907
D004830,DB00979
D004830,DB00746
D004830,DB00829
D004830,DB00586
D004830,DB12789
D004830,DB00822
D004830,DB01184
D004830,DB00228
D004830,DB00467
D004830,DB04880
D004830,DB01364
D004830,DB00668
D004830,DB00303
D004830,DB00199
D004830,DB00898
D004830,DB00593
D004830,DB00292
D004830,DB00813
D004830,DB00529
D004830,DB01320
D004830,DB00996
D004830,DB00502
D004830,DB01109
D004830,DB00327
D004830,DB00458
D004830,DB00555
D004830,DB01202
D004830,DB01002
D004830,DB00281
D004830,DB14509
D004830,DB00934
D004830,DB00643
D004830,DB00358
D004830,DB00454
D004830,DB00474
D004830,DB00563
D004830,DB01403
D004830,DB00422
D004830,DB00959
D004830,DB00916
D004830,DB00683
D004830,DB00295
D004830,DB01183
D004830,DB00540
D004830,DB01173
D004830,DB00776
D004830,DB00715
D004830,DB00487
D004830,DB00652
D004830,DB00780
D004830,DB01174
D004830,DB00925
D004830,DB00397
D004830,DB00252
D004830,DB01085
D004830,DB01100
D004830,DB00733
D004830,DB00635
D004830,DB00794
D004830,DB00721
D004830,DB01131
D004830,DB00818
D004830,DB00114
D004830,DB00468
D004830,DB00296
D004830,DB01104
D004830,DB00202
D004830,DB00864
D004830,DB09085
D004830,DB00277
D004830,DB01154
D004830,DB00599
D004830,DB00273
D004830,DB00302
D004830,DB00726
D004830,DB00313
D004830,DB00541
D004830,DB00909
D004948,DB00564
D004948,DB00537
D004948,DB14509
D004948,DB00186
D004948,DB00334
D004948,DB00747
D020329,DB00714
D020329,DB00181
D020329,DB00564
D020329,DB00898
D020329,DB00996
D020329,DB00794
D020329,DB00571
D020329,DB09072
D020329,DB00277
D020329,DB00656
D020329,DB00313
D020329,DB00909
D005099,DB00829
D005099,DB00186
D005099,DB01392
D005131,DB00819
D005131,DB00513
D005131,DB01718
D005131,DB03619
D005131,DB00586
D005131,DB03085
D005131,DB04398
D000795,DB05018
D005151,DB00907
D005155,DB00787
D005155,DB01075
D005155,DB00929
D005155,DB00698
D005155,DB01229
D005155,DB01113
D005155,DB00433
D005155,DB00165
D005155,DB00541
D005155,DB00361
D020220,DB00281
D020220,DB00860
D005156,DB00564
D005158,DB00518
D005158,DB00297
D005158,DB00091
D005158,DB00987
D005158,DB00822
D005158,DB00281
D005158,DB14509
D005158,DB00563
D005158,DB00834
D005158,DB00929
D005158,DB00338
D005158,DB01229
D005158,DB01113
D005158,DB00850
D005158,DB00252
D005158,DB01041
D005158,DB00541
D005158,DB00361
D005207,DB00802
D005207,DB00572
D005207,DB00565
D005207,DB01219
D005207,DB00829
D005207,DB01093
D005207,DB00843
D005207,DB00483
D005207,DB00753
D005207,DB00281
D005207,DB00653
D005207,DB01043
D005207,DB00683
D005207,DB01226
D005207,DB01337
D005207,DB00252
D005207,DB00981
D005207,DB00818
D005207,DB00899
D005207,DB00728
D005207,DB00202
D005207,DB00605
D005207,DB00871
D005207,DB00599
D005207,DB01199
D005207,DB00661
D015673,DB00668
D015673,DB00252
D020428,DB01418
D020428,DB00297
D020428,DB01225
D020428,DB01109
D020428,DB00498
D020428,DB00296
D020428,DB00682
D005356,DB00482
D005356,DB00924
D005356,DB01221
D005356,DB00281
D005356,DB04896
D005356,DB00704
D005356,DB01174
D005356,DB00960
D005356,DB00230
D005356,DB00193
D005356,DB00162
D005600,DB01017
D005621,DB00443
D005621,DB00515
D005621,DB01592
D005621,DB09282
D057180,DB00334
D057180,DB00734
D057180,DB02546
D020235,DB01182
D020234,DB00564
D020234,DB00446
D020234,DB01248
D020234,DB00848
D020234,DB00281
D020234,DB14509
D020234,DB00934
D020234,DB00358
D020234,DB00961
D020234,DB00916
D020234,DB00252
D020234,DB00679
D020234,DB01623
D020234,DB00273
D020234,DB00897
D020234,DB00313
D020234,DB00661
D020234,DB00541
D020233,DB01118
D020233,DB00543
D020233,DB00182
D020233,DB00207
D020233,DB01200
D020233,DB00564
D020233,DB00608
D020233,DB00604
D020233,DB00215
D020233,DB01075
D020233,DB00822
D020233,DB06262
D020233,DB00472
D020233,DB00677
D020233,DB01221
D020233,DB01235
D020233,DB14509
D020233,DB00653
D020233,DB00331
D020233,DB00333
D020233,DB00563
D020233,DB00968
D020233,DB01233
D020233,DB00916
D020233,DB00370
D020233,DB01229
D020233,DB00715
D020233,DB00252
D020233,DB00413
D020233,DB00641
D020233,DB00864
D020233,DB11699
D020233,DB00313
D020233,DB01080
D020233,DB00541
D020233,DB00163
D020233,DB06283
D005776,DB00419
D005776,DB00682
D005862,DB00819
D013700,DB00993
D013700,DB00584
D013700,DB00696
D013700,DB00959
D013700,DB00860
D013700,DB00635
D020435,DB00541
D049912,DB01200
D020275,DB00515
D020275,DB00242
D020275,DB01394
D020275,DB00531
D020275,DB00091
D020275,DB00987
D020275,DB00441
D020275,DB00175
D020275,DB00641
D006212,DB00316
D006212,DB00787
D006212,DB00404
D006212,DB00915
D006212,DB00513
D006212,DB00321
D006212,DB00543
D006212,DB01060
D006212,DB00182
D006212,DB00714
D006212,DB00126
D006212,DB00572
D006212,DB00181
D006212,DB01200
D006212,DB00835
D006212,DB00921
D006212,DB01156
D006212,DB00490
D006212,DB00201
D006212,DB00564
D006212,DB00190
D006212,DB00438
D006212,DB00482
D006212,DB00475
D006212,DB00608
D006212,DB00477
D006212,DB01239
D006212,DB01340
D006212,DB00501
D006212,DB00537
D006212,DB00215
D006212,DB01211
D006212,DB01242
D006212,DB01068
D006212,DB00575
D006212,DB00758
D006212,DB00363
D006212,DB00907
D006212,DB01176
D006212,DB00924
D006212,DB00979
D006212,DB00091
D006212,DB00434
D006212,DB00987
D006212,DB01219
D006212,DB00250
D006212,DB00746
D006212,DB01234
D006212,DB01191
D006212,DB01576
D006212,DB00514
D006212,DB00829
D006212,DB00390
D006212,DB00343
D006212,DB00985
D006212,DB01075
D006212,DB00975
D006212,DB00822
D006212,DB00561
D006212,DB01142
D006212,DB00470
D006212,DB00450
D006212,DB00494
D006212,DB01364
D006212,DB00199
D006212,DB00898
D006212,DB01077
D006212,DB00927
D006212,DB00574
D006212,DB00813
D006212,DB01195
D006212,DB00472
D006212,DB00690
D006212,DB00176
D006212,DB01320
D006212,DB01004
D006212,DB01437
D006212,DB01018
D006212,DB00502
D006212,DB00956
D006212,DB01181
D006212,DB00458
D006212,DB00328
D006212,DB00753
D006212,DB00951
D006212,DB00883
D006212,DB01167
D006212,DB01221
D006212,DB00555
D006212,DB00448
D006212,DB01235
D006212,DB00281
D006212,DB00589
D006212,DB14509
D006212,DB00186
D006212,DB00934
D006212,DB00737
D006212,DB00358
D006212,DB01065
D006212,DB01043
D006212,DB00454
D006212,DB01365
D006212,DB00333
D006212,DB01403
D006212,DB00968
D006212,DB00422
D006212,DB00959
D006212,DB00247
D006212,DB01233
D006212,DB00264
D006212,DB00916
D006212,DB06148
D006212,DB00683
D006212,DB01171
D006212,DB00745
D006212,DB00680
D006212,DB00295
D006212,DB00486
D006212,DB01183
D006212,DB00704
D006212,DB00238
D006212,DB01595
D006212,DB00325
D006212,DB01059
D006212,DB00540
D006212,DB01165
D006212,DB00334
D006212,DB00338
D006212,DB01173
D006212,DB01580
D006212,DB01062
D006212,DB00497
D006212,DB00595
D006212,DB01229
D006212,DB00715
D006212,DB00652
D006212,DB00806
D006212,DB01186
D006212,DB00850
D006212,DB01579
D006212,DB00780
D006212,DB00191
D006212,DB00397
D006212,DB00252
D006212,DB00981
D006212,DB01085
D006212,DB00960
D006212,DB00319
D006212,DB01324
D006212,DB00457
D006212,DB00860
D006212,DB00635
D006212,DB00794
D006212,DB01035
D006212,DB00721
D006212,DB01069
D006212,DB00818
D006212,DB00571
D006212,DB00863
D006212,DB01367
D006212,DB00409
D006212,DB00734
D006212,DB00268
D006212,DB00747
D006212,DB01037
D006212,DB01104
D006212,DB00605
D006212,DB00391
D006212,DB00864
D006212,DB00231
D006212,DB01041
D006212,DB00277
D006212,DB00679
D006212,DB01623
D006212,DB01607
D006212,DB00373
D006212,DB01056
D006212,DB00273
D006212,DB00193
D006212,DB00752
D006212,DB00656
D006212,DB00897
D006212,DB00376
D006212,DB00792
D006212,DB00313
D006212,DB00661
D006212,DB00541
D006212,DB11094
D006212,DB00582
D006212,DB06283
D006212,DB01593
D006212,DB00246
D006212,DB00425
D006212,DB00909
D020773,DB00316
D020773,DB01118
D020773,DB00833
D020773,DB00328
D020773,DB00447
D020773,DB00776
D051270,DB00819
D051270,DB00321
D051270,DB00584
D051270,DB00696
D051270,DB14509
D051270,DB01233
D051270,DB00435
D051270,DB00727
D051270,DB00368
D051271,DB00669
D016489,DB01109
D006311,DB06151
D006311,DB00479
D006311,DB00321
D006311,DB00207
D006311,DB00297
D006311,DB00564
D006311,DB00493
D006311,DB01212
D006311,DB01112
D006311,DB00608
D006311,DB00501
D006311,DB00515
D006311,DB00907
D006311,DB00531
D006311,DB00091
D006311,DB00746
D006311,DB00861
D006311,DB00997
D006311,DB00695
D006311,DB00951
D006311,DB01172
D006311,DB00281
D006311,DB00994
D006311,DB00955
D006311,DB00435
D006311,DB00540
D006311,DB01229
D006311,DB01421
D006311,DB00252
D006311,DB00339
D006311,DB00468
D006311,DB01045
D006311,DB00296
D006311,DB01082
D006311,DB00541
D034381,DB06151
D034381,DB00459
D034381,DB01143
D034381,DB00479
D034381,DB00321
D034381,DB00182
D034381,DB00415
D034381,DB00207
D034381,DB00887
D034381,DB00297
D034381,DB06774
D034381,DB00389
D034381,DB00262
D034381,DB01212
D034381,DB01112
D034381,DB00608
D034381,DB00515
D034381,DB00907
D034381,DB00531
D034381,DB00987
D034381,DB00746
D034381,DB01234
D034381,DB00900
D034381,DB01093
D034381,DB00997
D034381,DB00668
D034381,DB00773
D034381,DB00472
D034381,DB00452
D034381,DB00695
D034381,DB00956
D034381,DB00741
D034381,DB01611
D034381,DB01181
D034381,DB00951
D034381,DB01172
D034381,DB00465
D034381,DB01206
D034381,DB00358
D034381,DB01065
D034381,DB00134
D034381,DB00994
D034381,DB00955
D034381,DB00435
D034381,DB01421
D034381,DB00319
D034381,DB02925
D034381,DB00554
D034381,DB00860
D034381,DB00635
D034381,DB00750
D034381,DB00908
D034381,DB00468
D034381,DB00936
D034381,DB01082
D034381,DB00605
D034381,DB01041
D034381,DB00313
D034381,DB00541
D006312,DB00479
D006312,DB00188
D006312,DB01200
D006312,DB00493
D006312,DB00446
D006312,DB01211
D006312,DB00907
D006312,DB01406
D006312,DB01219
D006312,DB00746
D006312,DB00695
D006312,DB01172
D006312,DB00709
D006312,DB00959
D006312,DB00350
D006312,DB00955
D006312,DB00238
D006312,DB01229
D006312,DB00022
D006312,DB00550
D006312,DB00811
D006312,DB00649
D006312,DB01082
D006312,DB00864
D006312,DB01607
D006312,DB01080
D006312,DB00541
D006312,DB00361
D006312,DB00682
D006312,DB00943
D006314,DB00290
D006314,DB00515
D006314,DB00746
D006314,DB01082
D006314,DB00570
D006316,DB00479
D006316,DB00515
D006316,DB00746
D006316,DB01172
D006316,DB00358
D006316,DB00994
D006316,DB01421
D046089,DB00264
D006317,DB00514
D006317,DB00755
D006319,DB00479
D006319,DB00415
D006319,DB00928
D006319,DB00207
D006319,DB09096
D006319,DB01200
D006319,DB00446
D006319,DB00537
D006319,DB00515
D006319,DB01211
D006319,DB01190
D006319,DB00907
D006319,DB09130
D006319,DB00091
D006319,DB01406
D006319,DB01219
D006319,DB00746
D006319,DB00668
D006319,DB00199
D006319,DB00452
D006319,DB00695
D006319,DB01109
D006319,DB01611
D006319,DB01050
D006319,DB00328
D006319,DB01172
D006319,DB00709
D006319,DB00959
D006319,DB00916
D006319,DB00788
D006319,DB00994
D006319,DB00955
D006319,DB00238
D006319,DB01229
D006319,DB01337
D006319,DB01113
D006319,DB01421
D006319,DB00008
D006319,DB00022
D006319,DB00860
D006319,DB00635
D006319,DB00571
D006319,DB00550
D006319,DB00468
D006319,DB00863
D006319,DB00811
D006319,DB00649
D006319,DB01082
D006319,DB00864
D006319,DB00277
D006319,DB00313
D006319,DB00661
D006319,DB01080
D006319,DB00541
D006319,DB00361
D006319,DB00943
D003639,DB00907
D003639,DB01219
D003639,DB00709
D003639,DB00358
D003639,DB00333
D003639,DB00959
D003639,DB00788
D003639,DB00238
D003639,DB00008
D003639,DB00811
D003639,DB00649
D003639,DB00864
D003639,DB00541
D046088,DB00479
D046088,DB00008
D046088,DB00022
D046088,DB00635
D046088,DB00811
D020260,DB09130
D020260,DB00370
D006408,DB01418
D006408,DB00758
D006408,DB00907
D006408,DB01206
D006408,DB01168
D006408,DB00541
D006408,DB00682
D020199,DB00907
D020199,DB01045
D020199,DB00682
D046648,DB00397
D006423,DB01200
D006423,DB00189
D006423,DB01109
D006423,DB00669
D006423,DB00273
D019569,DB00564
D019569,DB00883
D006429,DB00181
D006429,DB00188
D006429,DB00987
D006429,DB01119
D006429,DB02530
D006429,DB01120
D006429,DB00502
D006429,DB00563
D006429,DB00422
D006429,DB00959
D006429,DB00295
D006429,DB01183
D006429,DB00727
D006429,DB01113
D006429,DB00780
D006429,DB00252
D006429,DB00864
D006429,DB00302
D006429,DB00541
D006501,DB00316
D006501,DB06151
D006501,DB01118
D006501,DB00321
D006501,DB01200
D006501,DB00921
D006501,DB00564
D006501,DB00389
D006501,DB00363
D006501,DB00907
D006501,DB04839
D006501,DB00586
D006501,DB08995
D006501,DB00822
D006501,DB01248
D006501,DB00330
D006501,DB01205
D006501,DB00499
D006501,DB00014
D006501,DB01159
D006501,DB00328
D006501,DB00951
D006501,DB01167
D006501,DB00581
D006501,DB00709
D006501,DB01202
D006501,DB00722
D006501,DB14509
D006501,DB00653
D006501,DB00703
D006501,DB00134
D006501,DB00563
D006501,DB01028
D006501,DB00968
D006501,DB00264
D006501,DB00916
D006501,DB01017
D006501,DB00295
D006501,DB01149
D006501,DB00994
D006501,DB00627
D006501,DB01165
D006501,DB01229
D006501,DB01421
D006501,DB00715
D006501,DB01174
D006501,DB00946
D006501,DB00252
D006501,DB01132
D006501,DB00860
D006501,DB00571
D006501,DB00550
D006501,DB00863
D006501,DB01045
D006501,DB00503
D006501,DB00398
D006501,DB00421
D006501,DB00795
D006501,DB00759
D006501,DB00152
D006501,DB00599
D006501,DB00679
D006501,DB00273
D006501,DB00197
D006501,DB00313
D006501,DB00549
D006501,DB01593
D006501,DB00425
D006527,DB09130
D006527,DB09131
D006527,DB01592
D006527,DB01235
D006527,DB00252
D006527,DB00165
D006527,DB00734
D006527,DB01593
D006527,DB14487
D015417,DB11672
D016697,DB00787
D006685,DB00321
D006685,DB01142
D006685,DB00696
D006685,DB00982
D006685,DB00247
D006685,DB08804
D006685,DB00540
D006685,DB01229
D006685,DB00936
D006685,DB00202
D006685,DB00541
D006685,DB00361
D016142,DB00182
D016142,DB09061
D016142,DB00470
D016142,DB00898
D016142,DB00563
D016142,DB00929
D016142,DB00252
D006712,DB06756
D006732,DB00964
D006732,DB00297
D006732,DB00987
D006732,DB00668
D006732,DB00696
D006732,DB00813
D006732,DB01002
D006732,DB00281
D006732,DB00247
D006732,DB00296
D006816,DB00640
D006816,DB00915
D006816,DB01238
D006816,DB09130
D006816,DB00148
D006816,DB00470
D006816,DB01592
D006816,DB00422
D006816,DB01017
D006816,DB00540
D006816,DB00334
D006816,DB00981
D006816,DB01104
D006816,DB00877
D006816,DB04844
D006816,DB11699
D006832,DB00907
D006849,DB00819
D006849,DB00513
D006849,DB00201
D006849,DB00262
D006849,DB00446
D006849,DB00997
D006849,DB00158
D006849,DB00695
D006849,DB01109
D006849,DB00982
D006849,DB00333
D006849,DB00916
D006849,DB00497
D006849,DB00794
D006849,DB00755
D006849,DB00313
D006849,DB00162
D012001,DB00450
D012001,DB00734
D012001,DB00953
D012001,DB00669
D006930,DB00316
D006930,DB00819
D006930,DB00640
D006930,DB00802
D006930,DB00969
D006930,DB00770
D006930,DB01616
D006930,DB00321
D006930,DB00182
D006930,DB00126
D006930,DB00972
D006930,DB00181
D006930,DB12783
D006930,DB00188
D006930,DB00887
D006930,DB00297
D006930,DB00921
D006930,DB00611
D006930,DB00201
D006930,DB01164
D006930,DB06774
D006930,DB00564
D006930,DB00482
D006930,DB00403
D006930,DB00515
D006930,DB00575
D006930,DB00318
D006930,DB11672
D006930,DB00531
D006930,DB01234
D006930,DB00633
D006930,DB00514
D006930,DB00829
D006930,DB01119
D006930,DB00586
D006930,DB00917
D006930,DB01075
D006930,DB00988
D006930,DB00997
D006930,DB00470
D006930,DB00668
D006930,DB01240
D006930,DB00783
D006930,DB00898
D006930,DB00593
D006930,DB09086
D006930,DB04953
D006930,DB00813
D006930,DB01205
D006930,DB00472
D006930,DB00176
D006930,DB03843
D006930,DB00996
D006930,DB01016
D006930,DB00889
D006930,DB01170
D006930,DB01159
D006930,DB05381
D006930,DB00327
D006930,DB09526
D006930,DB01050
D006930,DB06196
D006930,DB00458
D006930,DB00328
D006930,DB00753
D006930,DB01221
D006930,DB01026
D006930,DB00465
D006930,DB00920
D006930,DB00555
D006930,DB01106
D006930,DB01235
D006930,DB00854
D006930,DB00281
D006930,DB00722
D006930,DB00653
D006930,DB00179
D006930,DB00657
D006930,DB01065
D006930,DB01043
D006930,DB14123
D006930,DB00454
D006930,DB00333
D006930,DB09241
D006930,DB00247
D006930,DB00264
D006930,DB00916
D006930,DB00379
D006930,DB00683
D006930,DB04896
D006930,DB01017
D006930,DB00929
D006930,DB00295
D006930,DB00844
D006930,DB01183
D006930,DB00704
D006930,DB00994
D006930,DB01400
D006930,DB00184
D006930,DB01115
D006930,DB04743
D006930,DB00393
D006930,DB00435
D006930,DB00727
D006930,DB00325
D006930,DB00368
D006930,DB00904
D006930,DB01173
D006930,DB00776
D006930,DB00497
D006930,DB01192
D006930,DB00107
D006930,DB01229
D006930,DB00715
D006930,DB00487
D006930,DB00312
D006930,DB01174
D006930,DB00925
D006930,DB00692
D006930,DB00388
D006930,DB00960
D006930,DB00457
D006930,DB00860
D006930,DB00230
D006930,DB00433
D006930,DB01069
D006930,DB00818
D006930,DB00863
D006930,DB00899
D006930,DB00206
D006930,DB06155
D006930,DB00953
D006930,DB00533
D006930,DB00412
D006930,DB01698
D006930,DB01236
D006930,DB00649
D006930,DB01082
D006930,DB00428
D006930,DB00708
D006930,DB00391
D006930,DB00669
D006930,DB00624
D006930,DB00759
D006930,DB01041
D006930,DB00277
D006930,DB00599
D006930,DB00697
D006930,DB01124
D006930,DB00273
D006930,DB00193
D006930,DB00656
D006930,DB00755
D006930,DB09069
D006930,DB00661
D006930,DB00541
D006930,DB01392
D006930,DB00943
D006930,DB00495
D006930,DB00399
D006930,DB00909
D006941,DB00316
D006941,DB00201
D006941,DB00255
D006941,DB00917
D006941,DB06196
D006941,DB00328
D006941,DB00295
D006941,DB09256
D020158,DB00514
D020158,DB00145
D006948,DB01063
D006948,DB06151
D006948,DB00404
D006948,DB00915
D006948,DB06288
D006948,DB00321
D006948,DB00182
D006948,DB00714
D006948,DB01238
D006948,DB06216
D006948,DB00572
D006948,DB00181
D006948,DB01558
D006948,DB01200
D006948,DB00921
D006948,DB01156
D006948,DB00201
D006948,DB06774
D006948,DB00564
D006948,DB00403
D006948,DB00475
D006948,DB01114
D006948,DB00477
D006948,DB00501
D006948,DB00215
D006948,DB01242
D006948,DB01068
D006948,DB00575
D006948,DB00363
D006948,DB00907
D006948,DB01394
D006948,DB01176
D006948,DB00434
D006948,DB00618
D006948,DB12161
D006948,DB01234
D006948,DB01576
D006948,DB00829
D006948,DB01075
D006948,DB00843
D006948,DB00988
D006948,DB00470
D006948,DB06262
D006948,DB00467
D006948,DB01364
D006948,DB01240
D006948,DB00783
D006948,DB00898
D006948,DB04953
D006948,DB00574
D006948,DB00813
D006948,DB04841
D006948,DB01544
D006948,DB00472
D006948,DB00623
D006948,DB00176
D006948,DB00158
D006948,DB00674
D006948,DB00502
D006948,DB00458
D006948,DB01592
D006948,DB00951
D006948,DB01221
D006948,DB00555
D006948,DB01202
D006948,DB01235
D006948,DB00281
D006948,DB00589
D006948,DB14509
D006948,DB00408
D006948,DB00657
D006948,DB01043
D006948,DB00333
D006948,DB00723
D006948,DB00422
D006948,DB00247
D006948,DB01233
D006948,DB00379
D006948,DB06148
D006948,DB01017
D006948,DB00745
D006948,DB01618
D006948,DB09282
D006948,DB00295
D006948,DB01183
D006948,DB00704
D006948,DB00184
D006948,DB01115
D006948,DB00393
D006948,DB01595
D006948,DB04821
D006948,DB00334
D006948,DB00904
D006948,DB01173
D006948,DB01092
D006948,DB00497
D006948,DB00107
D006948,DB01626
D006948,DB00715
D006948,DB00312
D006948,DB01186
D006948,DB01620
D006948,DB01174
D006948,DB00925
D006948,DB00692
D006948,DB00397
D006948,DB00252
D006948,DB00981
D006948,DB01085
D006948,DB05316
D006948,DB01100
D006948,DB00413
D006948,DB00457
D006948,DB00433
D006948,DB01069
D006948,DB00571
D006948,DB01839
D006948,DB00165
D006948,DB00468
D006948,DB00863
D006948,DB00409
D006948,DB00206
D006948,DB00740
D006948,DB06155
D006948,DB00734
D006948,DB05271
D006948,DB00747
D006948,DB06144
D006948,DB01104
D006948,DB09118
D006948,DB02772
D006948,DB00391
D006948,DB00382
D006948,DB00675
D006948,DB00624
D006948,DB04844
D006948,DB00277
D006948,DB01623
D006948,DB00752
D006948,DB00376
D006948,DB00347
D006948,DB00726
D006948,DB00792
D006948,DB11699
D006948,DB11915
D006948,DB00313
D006948,DB00661
D006948,DB01392
D006948,DB00246
D006948,DB09225
D006966,DB00404
D006966,DB06288
D006966,DB01238
D006966,DB00993
D006966,DB01200
D006966,DB00248
D006966,DB00477
D006966,DB00501
D006966,DB00515
D006966,DB00575
D006966,DB00363
D006966,DB00907
D006966,DB00091
D006966,DB00987
D006966,DB01406
D006966,DB00255
D006966,DB01184
D006966,DB00783
D006966,DB00927
D006966,DB00574
D006966,DB00472
D006966,DB00623
D006966,DB00502
D006966,DB00598
D006966,DB00589
D006966,DB00333
D006966,DB00968
D006966,DB00959
D006966,DB01233
D006966,DB00834
D006966,DB01618
D006966,DB00334
D006966,DB00850
D006966,DB01100
D006966,DB00396
D006966,DB09097
D006966,DB00863
D006966,DB00206
D006966,DB00734
D006966,DB00391
D006966,DB00679
D006966,DB00661
D006966,DB01392
D006966,DB00246
D020343,DB00201
D020343,DB00564
D020343,DB00907
D020343,DB01234
D020343,DB00841
D020343,DB01364
D020343,DB00598
D020343,DB00252
D020343,DB00852
D006987,DB01418
D006987,DB00181
D006987,DB01086
D006987,DB00188
D006987,DB00297
D006987,DB00564
D006987,DB01161
D006987,DB00515
D006987,DB00758
D006987,DB00907
D006987,DB00531
D006987,DB00987
D006987,DB00343
D006987,DB01075
D006987,DB00822
D006987,DB00997
D006987,DB00773
D006987,DB00472
D006987,DB01109
D006987,DB00367
D006987,DB00281
D006987,DB00227
D006987,DB00653
D006987,DB00358
D006987,DB00703
D006987,DB00968
D006987,DB00916
D006987,DB00295
D006987,DB00238
D006987,DB00727
D006987,DB00338
D006987,DB01229
D006987,DB00715
D006987,DB00738
D006987,DB00692
D006987,DB00252
D006987,DB00175
D006987,DB00721
D006987,DB01041
D006987,DB00656
D006987,DB00570
D006987,DB00541
D006987,DB00162
D020437,DB00165
D020437,DB00541
D020514,DB00819
D020514,DB00594
D020514,DB01118
D020514,DB00443
D020514,DB00515
D020514,DB00907
D020514,DB14500
D020514,DB00421
D020514,DB00384
D018476,DB00915
D018476,DB06288
D018476,DB00182
D018476,DB00714
D018476,DB13746
D018476,DB01200
D018476,DB00564
D018476,DB00190
D018476,DB00477
D018476,DB00215
D018476,DB00575
D018476,DB00363
D018476,DB00318
D018476,DB01151
D018476,DB01576
D018476,DB00255
D018476,DB00822
D018476,DB00843
D018476,DB00988
D018476,DB00997
D018476,DB00470
D018476,DB00813
D018476,DB01099
D018476,DB04841
D018476,DB00544
D018476,DB00472
D018476,DB00502
D018476,DB00458
D018476,DB00677
D018476,DB11757
D018476,DB01221
D018476,DB01235
D018476,DB00589
D018476,DB14509
D018476,DB01065
D018476,DB00763
D018476,DB00968
D018476,DB00295
D018476,DB01183
D018476,DB00627
D018476,DB00184
D018476,DB01115
D018476,DB00325
D018476,DB00585
D018476,DB04821
D018476,DB00334
D018476,DB00776
D018476,DB01626
D018476,DB00715
D018476,DB01186
D018476,DB04930
D018476,DB00925
D018476,DB01100
D018476,DB00413
D018476,DB01032
D018476,DB00571
D018476,DB01367
D018476,DB00206
D018476,DB00734
D018476,DB00747
D018476,DB01037
D018476,DB09072
D018476,DB00391
D018476,DB00382
D018476,DB00864
D018476,DB04844
D018476,DB00277
D018476,DB09536
D018476,DB00752
D018476,DB00831
D018476,DB00376
D018476,DB00313
D018476,DB00162
D018476,DB01392
D007018,DB01200
D007018,DB00907
D007018,DB01234
D007018,DB04573
D007018,DB01109
D007018,DB00741
D007018,DB06710
D007018,DB00295
D007018,DB00396
D007018,DB00624
D007024,DB01001
D007024,DB00346
D007024,DB01118
D007024,DB00321
D007024,DB00714
D007024,DB01238
D007024,DB00335
D007024,DB00928
D007024,DB12783
D007024,DB00217
D007024,DB00188
D007024,DB01200
D007024,DB00297
D007024,DB01156
D007024,DB01136
D007024,DB00608
D007024,DB00477
D007024,DB00310
D007024,DB00515
D007024,DB01242
D007024,DB00575
D007024,DB00363
D007024,DB00318
D007024,DB01151
D007024,DB00320
D007024,DB00343
D007024,DB01184
D007024,DB00988
D007024,DB00590
D007024,DB01142
D007024,DB06262
D007024,DB00584
D007024,DB01364
D007024,DB00696
D007024,DB00813
D007024,DB00687
D007024,DB01095
D007024,DB00176
D007024,DB00695
D007024,DB01170
D007024,DB01018
D007024,DB00999
D007024,DB00741
D007024,DB00458
D007024,DB00328
D007024,DB01247
D007024,DB00883
D007024,DB00598
D007024,DB01235
D007024,DB00722
D007024,DB00678
D007024,DB00358
D007024,DB00968
D007024,DB00422
D007024,DB00264
D007024,DB06148
D007024,DB00211
D007024,DB00350
D007024,DB00295
D007024,DB09205
D007024,DB00220
D007024,DB01400
D007024,DB01115
D007024,DB00727
D007024,DB00368
D007024,DB00540
D007024,DB00334
D007024,DB01580
D007024,DB00107
D007024,DB01229
D007024,DB00715
D007024,DB00022
D007024,DB00312
D007024,DB00780
D007024,DB00925
D007024,DB00692
D007024,DB00388
D007024,DB00397
D007024,DB00252
D007024,DB00981
D007024,DB00457
D007024,DB01035
D007024,DB00571
D007024,DB00344
D007024,DB00881
D007024,DB00908
D007024,DB00468
D007024,DB01367
D007024,DB00234
D007024,DB00811
D007024,DB00734
D007024,DB01037
D007024,DB01104
D007024,DB00706
D007024,DB00966
D007024,DB00231
D007024,DB01162
D007024,DB04844
D007024,DB00679
D007024,DB00373
D007024,DB00752
D007024,DB00656
D007024,DB00831
D007024,DB03904
D007024,DB00541
D007024,DB11094
D007024,DB01392
D007024,DB06283
D007024,DB00495
D007027,DB04839
D007027,DB00445
D007027,DB00623
D007027,DB04173
D007027,DB00428
D002534,DB00181
D002534,DB11588
D002534,DB00907
D002534,DB00292
D002534,DB00295
D002534,DB00388
D002534,DB00252
D002534,DB00425
D020925,DB00907
D020925,DB01234
D020925,DB01396
D020925,DB00472
D020925,DB01092
D020925,DB09140
D007177,DB00915
D007177,DB00357
D007177,DB01118
D007177,DB00321
D007177,DB01238
D007177,DB00207
D007177,DB00564
D007177,DB00477
D007177,DB00672
D007177,DB00515
D007177,DB00215
D007177,DB01242
D007177,DB00575
D007177,DB00531
D007177,DB00618
D007177,DB01151
D007177,DB01234
D007177,DB00586
D007177,DB01248
D007177,DB00584
D007177,DB00609
D007177,DB00813
D007177,DB00544
D007177,DB00472
D007177,DB00623
D007177,DB00176
D007177,DB00695
D007177,DB00502
D007177,DB00999
D007177,DB01181
D007177,DB00458
D007177,DB00328
D007177,DB01167
D007177,DB00848
D007177,DB00722
D007177,DB00186
D007177,DB00563
D007177,DB01403
D007177,DB00968
D007177,DB00776
D007177,DB00715
D007177,DB00780
D007177,DB00252
D007177,DB00413
D007177,DB00635
D007177,DB00433
D007177,DB00615
D007177,DB01104
D007177,DB00864
D007177,DB00277
D007177,DB00679
D007177,DB00831
D007177,DB00376
D007177,DB03904
D007177,DB00313
D007177,DB00570
D007177,DB00541
D007177,DB00309
D007177,DB00361
D020244,DB00182
D020244,DB01136
D020244,DB00783
D020244,DB00441
D020244,DB01159
D020244,DB01109
D020244,DB04398
D020244,DB01065
D020244,DB00834
D020244,DB01017
D020244,DB00929
D020244,DB00627
D020244,DB00540
D020244,DB09140
D020244,DB01132
D020244,DB00396
D020244,DB00412
D020244,DB00641
D020244,DB00549
D020244,DB00744
D020762,DB00907
D008607,DB01238
D008607,DB00564
D008607,DB00898
D008607,DB00563
D008607,DB04930
D008607,DB01174
D008607,DB00252
D008607,DB00734
D008607,DB00313
D002532,DB00182
D002532,DB00898
D002532,DB01115
D002532,DB00393
D002532,DB00641
D002532,DB00302
D020765,DB00907
D020765,DB01109
D002537,DB00132
D002537,DB04540
D002538,DB00564
D020766,DB00544
D020766,DB01109
D020766,DB00603
D020766,DB01113
D020766,DB00820
D020766,DB00675
D002542,DB00182
D002542,DB00907
D002542,DB00367
D002542,DB00184
D002542,DB00957
D002542,DB00252
D002542,DB00682
D020299,DB00598
D020300,DB01418
D020300,DB00182
D020300,DB00278
D020300,DB01200
D020300,DB00921
D020300,DB00564
D020300,DB01166
D020300,DB00758
D020300,DB00907
D020300,DB00531
D020300,DB00987
D020300,DB00822
D020300,DB01225
D020300,DB00696
D020300,DB00898
D020300,DB00544
D020300,DB00317
D020300,DB01109
D020300,DB14539
D020300,DB00328
D020300,DB08813
D020300,DB00652
D020300,DB01174
D020300,DB00946
D020300,DB00397
D020300,DB00794
D020300,DB00015
D020300,DB00503
D020300,DB00932
D020300,DB00755
D020300,DB00792
D020300,DB00313
D020300,DB00309
D020300,DB00163
D020300,DB00682
D020198,DB00682
D019586,DB00316
D019586,DB00819
D019586,DB06151
D019586,DB00518
D019586,DB01118
D019586,DB00381
D019586,DB00537
D019586,DB01234
D019586,DB00829
D019586,DB00320
D019586,DB00292
D019586,DB00328
D019586,DB00982
D019586,DB01221
D019586,DB00007
D019586,DB00186
D019586,DB00683
D019586,DB01017
D019586,DB00295
D019586,DB00727
D019586,DB00325
D019586,DB01165
D019586,DB01113
D019586,DB00652
D019586,DB00312
D019586,DB00252
D019586,DB00635
D019586,DB00533
D019586,DB00202
D019586,DB01015
D019586,DB00864
D019586,DB00759
D019586,DB00599
D019586,DB00755
D019586,DB00313
D019586,DB00162
D020767,DB00513
D020767,DB01242
D020767,DB00758
D020767,DB00363
D020767,DB00907
D020767,DB01628
D020767,DB01109
D020767,DB00959
D020767,DB08901
D020767,DB00635
D020767,DB00675
D020767,DB01041
D020767,DB00302
D020767,DB00541
D020767,DB00682
D020386,DB00993
D020386,DB00564
D020386,DB00252
D002546,DB00770
D002546,DB00612
D002546,DB00758
D002546,DB00907
D002546,DB00937
D002546,DB00255
D002546,DB00975
D002546,DB00696
D002546,DB00472
D002546,DB01109
D002546,DB01005
D002546,DB00598
D002546,DB00281
D002546,DB00563
D002546,DB00627
D002546,DB01115
D002546,DB00393
D002546,DB09140
D002546,DB00715
D002546,DB00953
D002546,DB00412
D002546,DB00641
D002546,DB00864
D002546,DB00599
D002546,DB00208
D002546,DB00373
D002546,DB00682
D002546,DB00909
D000083242,DB05099
D000083242,DB00290
D000083242,DB01166
D000083242,DB00515
D000083242,DB00758
D000083242,DB06754
D000083242,DB01225
D000083242,DB00773
D000083242,DB01109
D000083242,DB01017
D000083242,DB08813
D000083242,DB00191
D000083242,DB11094
D020179,DB01065
D007647,DB00263
D017593,DB00982
D020232,DB00563
D020915,DB00898
D015624,DB00343
D007805,DB00907
D007805,DB00763
D007805,DB00563
D007805,DB00184
D007805,DB01174
D007805,DB00313
D007806,DB00564
D007806,DB00264
D007806,DB00648
D007806,DB00184
D007806,DB01229
D014854,DB00907
D020264,DB00126
D007859,DB00316
D007859,DB06151
D007859,DB00404
D007859,DB11081
D007859,DB00915
D007859,DB00321
D007859,DB00182
D007859,DB00714
D007859,DB01169
D007859,DB00126
D007859,DB00572
D007859,DB00181
D007859,DB13746
D007859,DB00201
D007859,DB08907
D007859,DB00564
D007859,DB00262
D007859,DB00475
D007859,DB04540
D007859,DB00122
D007859,DB00515
D007859,DB00363
D007859,DB00907
D007859,DB01394
D007859,DB09130
D007859,DB11672
D007859,DB00531
D007859,DB00434
D007859,DB01234
D007859,DB01576
D007859,DB00829
D007859,DB00255
D007859,DB00390
D007859,DB06782
D007859,DB00843
D007859,DB00988
D007859,DB00997
D007859,DB00470
D007859,DB00783
D007859,DB00898
D007859,DB00593
D007859,DB01205
D007859,DB00158
D007859,DB00674
D007859,DB00502
D007859,DB05381
D007859,DB04864
D007859,DB01005
D007859,DB00753
D007859,DB01221
D007859,DB00555
D007859,DB01235
D007859,DB14642
D007859,DB00657
D007859,DB01065
D007859,DB01043
D007859,DB00331
D007859,DB00763
D007859,DB00134
D007859,DB00563
D007859,DB09241
D007859,DB01011
D007859,DB00683
D007859,DB00295
D007859,DB08804
D007859,DB00184
D007859,DB00904
D007859,DB00842
D007859,DB09140
D007859,DB00312
D007859,DB01186
D007859,DB04930
D007859,DB01174
D007859,DB00252
D007859,DB00981
D007859,DB01085
D007859,DB00413
D007859,DB00387
D007859,DB00818
D007859,DB00550
D007859,DB00899
D007859,DB00734
D007859,DB00989
D007859,DB00412
D007859,DB00747
D007859,DB01037
D007859,DB01236
D007859,DB00428
D007859,DB00382
D007859,DB00820
D007859,DB01956
D007859,DB00624
D007859,DB01041
D007859,DB00277
D007859,DB00599
D007859,DB00273
D007859,DB00755
D007859,DB00897
D007859,DB00347
D007859,DB00313
D007859,DB01392
D007859,DB01593
D007859,DB00425
D053609,DB00316
D053609,DB00819
D053609,DB00787
D053609,DB01001
D053609,DB00915
D053609,DB00357
D053609,DB00613
D053609,DB01060
D053609,DB00964
D053609,DB01014
D053609,DB01200
D053609,DB09061
D053609,DB00564
D053609,DB00748
D053609,DB01340
D053609,DB00501
D053609,DB01242
D053609,DB00575
D053609,DB00363
D053609,DB00907
D053609,DB01394
D053609,DB01576
D053609,DB00514
D053609,DB00829
D053609,DB01396
D053609,DB00390
D053609,DB00985
D053609,DB00898
D053609,DB00593
D053609,DB00949
D053609,DB00574
D053609,DB00695
D053609,DB00441
D053609,DB05381
D053609,DB01181
D053609,DB00270
D053609,DB01221
D053609,DB01202
D053609,DB00186
D053609,DB00934
D053609,DB00814
D053609,DB00703
D053609,DB00563
D053609,DB00683
D053609,DB00370
D053609,DB00295
D053609,DB01183
D053609,DB00704
D053609,DB01115
D053609,DB00727
D053609,DB00338
D053609,DB00776
D053609,DB00497
D053609,DB01229
D053609,DB00780
D053609,DB01174
D053609,DB00252
D053609,DB00981
D053609,DB01085
D053609,DB00761
D053609,DB00860
D053609,DB00635
D053609,DB00794
D053609,DB00852
D053609,DB00165
D053609,DB00863
D053609,DB00864
D053609,DB00871
D053609,DB01041
D053609,DB00277
D053609,DB00679
D053609,DB01623
D053609,DB01607
D053609,DB00373
D053609,DB09536
D053609,DB00193
D053609,DB00897
D053609,DB00313
D053609,DB00541
D053609,DB00425
D004684,DB00205
D004684,DB00359
D056784,DB00787
D056784,DB00404
D056784,DB00993
D056784,DB00921
D056784,DB01101
D056784,DB00262
D056784,DB00515
D056784,DB00907
D056784,DB00091
D056784,DB00987
D056784,DB00694
D056784,DB00997
D056784,DB00773
D056784,DB00544
D056784,DB00441
D056784,DB00741
D056784,DB00848
D056784,DB01033
D056784,DB00333
D056784,DB00563
D056784,DB01204
D056784,DB00497
D056784,DB01229
D056784,DB00635
D056784,DB01168
D056784,DB00818
D056784,DB00205
D056784,DB00641
D056784,DB00795
D056784,DB00864
D056784,DB09256
D056784,DB01080
D056784,DB00541
D007968,DB00369
D007968,DB00907
D007968,DB00531
D007968,DB00091
D007968,DB00544
D007968,DB01024
D007968,DB00863
D007969,DB00443
D007969,DB01234
D007969,DB00328
D007969,DB00653
D020961,DB00363
D020961,DB00843
D020961,DB01592
D020961,DB01043
D020945,DB00531
D020852,DB01212
D016779,DB00358
D016779,DB00468
D054220,DB00307
D054220,DB00262
D054220,DB09130
D054220,DB00982
D054220,DB00555
D054220,DB01065
D054220,DB00550
D054220,DB00313
D054220,DB01080
D054220,DB00162
D020149,DB00126
D020149,DB00988
D020149,DB00783
D020149,DB02530
D020149,DB01592
D020149,DB04398
D020149,DB01235
D020149,DB00435
D020149,DB00740
D020149,DB00675
D000087122,DB01576
D054319,DB00898
D020423,DB00252
D020423,DB00682
D058627,DB01234
D008538,DB00810
D008538,DB00477
D008538,DB01068
D008538,DB00176
D008538,DB00502
D008538,DB00863
D008538,DB00734
D008538,DB00391
D008538,DB04844
D008538,DB00679
D017241,DB01234
D017241,DB00143
D017241,DB00313
D008569,DB00819
D008569,DB06151
D008569,DB00787
D008569,DB06594
D008569,DB00132
D008569,DB00404
D008569,DB11081
D008569,DB00915
D008569,DB00594
D008569,DB01223
D008569,DB00321
D008569,DB00182
D008569,DB01217
D008569,DB01169
D008569,DB00335
D008569,DB06756
D008569,DB00121
D008569,DB14083
D008569,DB00201
D008569,DB09061
D008569,DB00564
D008569,DB00262
D008569,DB01136
D008569,DB00446
D008569,DB04540
D008569,DB00122
D008569,DB11136
D008569,DB00501
D008569,DB01012
D008569,DB00515
D008569,DB00215
D008569,DB01242
D008569,DB00907
D008569,DB01394
D008569,DB09130
D008569,DB11672
D008569,DB00531
D008569,DB00260
D008569,DB00970
D008569,DB00746
D008569,DB01234
D008569,DB01191
D008569,DB00633
D008569,DB00829
D008569,DB00390
D008569,DB06782
D008569,DB00822
D008569,DB00843
D008569,DB00997
D008569,DB00470
D008569,DB00625
D008569,DB00783
D008569,DB00898
D008569,DB00593
D008569,DB00292
D008569,DB00990
D008569,DB04841
D008569,DB00544
D008569,DB00472
D008569,DB00623
D008569,DB00690
D008569,DB00499
D008569,DB00158
D008569,DB00947
D008569,DB00674
D008569,DB00143
D008569,DB00014
D008569,DB00502
D008569,DB04703
D008569,DB05381
D008569,DB04864
D008569,DB00741
D008569,DB01050
D008569,DB00753
D008569,DB00951
D008569,DB01221
D008569,DB00555
D008569,DB01006
D008569,DB00007
D008569,DB01202
D008569,DB01235
D008569,DB08882
D008569,DB14509
D008569,DB00186
D008569,DB13872
D008569,DB00678
D008569,DB00227
D008569,DB00657
D008569,DB00737
D008569,DB03614
D008569,DB00358
D008569,DB01065
D008569,DB01043
D008569,DB00331
D008569,DB00333
D008569,DB00134
D008569,DB00563
D008569,DB09241
D008569,DB00422
D008569,DB00959
D008569,DB01011
D008569,DB00683
D008569,DB00648
D008569,DB09282
D008569,DB00295
D008569,DB08804
D008569,DB00184
D008569,DB04743
D008569,DB00727
D008569,DB00334
D008569,DB00904
D008569,DB11130
D008569,DB01062
D008569,DB00497
D008569,DB09140
D008569,DB04930
D008569,DB01174
D008569,DB00191
D008569,DB00397
D008569,DB00252
D008569,DB00981
D008569,DB01085
D008569,DB01132
D008569,DB00670
D008569,DB00761
D008569,DB00413
D008569,DB00635
D008569,DB00387
D008569,DB00818
D008569,DB00571
D008569,DB01367
D008569,DB00206
D008569,DB06155
D008569,DB00734
D008569,DB00989
D008569,DB00412
D008569,DB00936
D008569,DB00747
D008569,DB01037
D008569,DB01236
D008569,DB00428
D008569,DB00605
D008569,DB00382
D008569,DB00820
D008569,DB00675
D008569,DB01956
D008569,DB00231
D008569,DB00624
D008569,DB01041
D008569,DB00277
D008569,DB00152
D008569,DB00599
D008569,DB00679
D008569,DB00500
D008569,DB00273
D008569,DB00519
D008569,DB00656
D008569,DB00897
D008569,DB00376
D008569,DB00313
D008569,DB00177
D008569,DB01273
D008569,DB11094
D008569,DB02546
D008569,DB01593
D008569,DB01198
D055756,DB08865
D055756,DB00317
D055756,DB00563
D008577,DB00987
D008577,DB00563
D008577,DB00635
D008579,DB04839
D008579,DB01234
D008579,DB00378
D008579,DB00367
D008579,DB00603
D008579,DB00351
D008580,DB00297
D008580,DB00987
D008580,DB01050
D008580,DB00610
D008580,DB00818
D008580,DB00811
D008580,DB00605
D008580,DB00440
D008580,DB00541
D008581,DB06736
D008581,DB06151
D008581,DB00479
D008581,DB00207
D008581,DB00355
D008581,DB00181
D008581,DB01200
D008581,DB00297
D008581,DB00493
D008581,DB00438
D008581,DB01212
D008581,DB01112
D008581,DB00446
D008581,DB00537
D008581,DB00907
D008581,DB00987
D008581,DB01234
D008581,DB00199
D008581,DB00741
D008581,DB01050
D008581,DB00328
D008581,DB01172
D008581,DB00760
D008581,DB00563
D008581,DB00916
D008581,DB01017
D008581,DB00860
D008581,DB00635
D008581,DB00550
D008581,DB01045
D008581,DB01082
D008581,DB00359
D008581,DB00795
D008581,DB00440
D008582,DB01060
D008582,DB00993
D008582,DB00181
D008582,DB00297
D008582,DB00564
D008582,DB00537
D008582,DB00987
D008582,DB00586
D008582,DB00199
D008582,DB00927
D008582,DB00529
D008582,DB01050
D008582,DB00951
D008582,DB00465
D008582,DB00555
D008582,DB00563
D008582,DB00959
D008582,DB00916
D008582,DB00788
D008582,DB00806
D008582,DB01438
D008582,DB00554
D008582,DB00635
D008582,DB00863
D008582,DB01045
D008582,DB00795
D008582,DB00263
D008582,DB00605
D008582,DB00500
D008582,DB00440
D016920,DB00479
D016920,DB01060
D016920,DB00415
D016920,DB00355
D016920,DB00274
D016920,DB00493
D016920,DB00438
D016920,DB01212
D016920,DB01112
D016920,DB00446
D016920,DB00828
D016920,DB01598
D016920,DB00760
D016920,DB00916
D016920,DB01017
D016920,DB00218
D016920,DB00607
D016920,DB00319
D016920,DB01045
D016919,DB00993
D016919,DB01234
D016919,DB00196
D016919,DB01099
D016919,DB01167
D016919,DB01026
D016919,DB01110
D016919,DB00860
D008583,DB00415
D008583,DB00578
D008583,DB00267
D008583,DB00493
D008583,DB00438
D008583,DB01212
D008583,DB00446
D008583,DB07565
D008583,DB00607
D008583,DB01082
D008584,DB00479
D008585,DB01212
D008585,DB00537
D008585,DB01017
D008585,DB01045
D008586,DB00493
D008586,DB01212
D008586,DB00446
D008586,DB01211
D008586,DB01234
D008586,DB00828
D008586,DB01045
D008587,DB01082
D008588,DB00313
D008590,DB00787
D008590,DB01060
D008590,DB01212
D008590,DB00199
D008590,DB01050
D008590,DB00951
D008590,DB00959
D008590,DB00238
D008590,DB00263
D008590,DB00541
D008591,DB00158
D008591,DB14509
D008591,DB00755
D008591,DB00313
D007706,DB09130
D020262,DB00143
D020262,DB01065
D020262,DB01043
D020262,DB00457
D020262,DB00740
D008831,DB00459
D008831,DB00564
D008831,DB00907
D008831,DB00987
D008831,DB00783
D008831,DB00898
D008831,DB00544
D008831,DB01174
D008831,DB00252
D008831,DB00818
D008831,DB00489
D008831,DB00755
D008831,DB00347
D008831,DB00313
D008831,DB00162
D055953,DB00993
D055953,DB00531
D055953,DB01097
D055953,DB00763
D055953,DB00563
D055953,DB01024
D055953,DB00860
D055953,DB00550
D008881,DB00316
D008881,DB00819
D008881,DB00918
D008881,DB00321
D008881,DB00714
D008881,DB00335
D008881,DB01076
D008881,DB00612
D008881,DB00290
D008881,DB00201
D008881,DB00564
D008881,DB00477
D008881,DB01166
D008881,DB00515
D008881,DB00907
D008881,DB01191
D008881,DB00255
D008881,DB00320
D008881,DB01075
D008881,DB00975
D008881,DB01184
D008881,DB00450
D008881,DB00216
D008881,DB00696
D008881,DB00813
D008881,DB04841
D008881,DB00998
D008881,DB00996
D008881,DB05381
D008881,DB01050
D008881,DB00458
D008881,DB00328
D008881,DB01247
D008881,DB00883
D008881,DB00465
D008881,DB00448
D008881,DB00589
D008881,DB14509
D008881,DB00678
D008881,DB00784
D008881,DB01065
D008881,DB01043
D008881,DB00454
D008881,DB00247
D008881,DB01233
D008881,DB00264
D008881,DB00471
D008881,DB01183
D008881,DB00788
D008881,DB00952
D008881,DB00627
D008881,DB00393
D008881,DB00435
D008881,DB00727
D008881,DB00904
D008881,DB00776
D008881,DB00715
D008881,DB01186
D008881,DB00780
D008881,DB00191
D008881,DB00230
D008881,DB00433
D008881,DB00571
D008881,DB00811
D008881,DB00140
D008881,DB00953
D008881,DB01104
D008881,DB00669
D008881,DB00864
D008881,DB00675
D008881,DB00372
D008881,DB00273
D008881,DB00656
D008881,DB00313
D008881,DB00570
D008881,DB00549
D008881,DB00315
D020325,DB00472
D020325,DB00998
D020325,DB00727
D020325,DB00571
D020325,DB00669
D020325,DB00864
D020325,DB00675
D020325,DB00661
D020325,DB00682
D020326,DB00320
D020326,DB00917
D020326,DB01029
D020326,DB00435
D020326,DB00727
D020326,DB00860
D020326,DB00953
D020326,DB00747
D020326,DB00669
D020326,DB00273
D020326,DB00313
D020326,DB00315
D019846,DB00864
D015877,DB00802
D015877,DB00321
D015877,DB00572
D015877,DB00490
D015877,DB00611
D015877,DB00575
D015877,DB00979
D015877,DB01151
D015877,DB00712
D015877,DB00502
D015877,DB11181
D015877,DB00327
D015877,DB01088
D015877,DB00504
D015877,DB01235
D015877,DB00333
D015877,DB00295
D015877,DB09205
D015877,DB01183
D015877,DB00393
D015877,DB00497
D015877,DB00252
D015877,DB00981
D015877,DB01085
D015877,DB00734
D015877,DB01037
D015877,DB00382
D015877,DB00376
D015877,DB00809
D017240,DB01076
D017240,DB00636
D017240,DB00900
D017240,DB00227
D017240,DB00635
D017240,DB00206
D017240,DB00641
D017240,DB00649
D017240,DB00152
D017240,DB00495
D020331,DB00907
D020331,DB00834
D020331,DB00929
D020422,DB00907
D020422,DB00531
D020422,DB00544
D020422,DB00959
D020422,DB00652
D020422,DB00175
D020422,DB00860
D020422,DB00635
D020422,DB00641
D020422,DB00755
D020422,DB00541
D016472,DB00181
D016472,DB00250
D016472,DB00746
D016472,DB01234
D016472,DB00997
D016472,DB00563
D016472,DB00435
D016472,DB01337
D016472,DB00252
D016472,DB00396
D016472,DB00541
D009069,DB06151
D009069,DB00132
D009069,DB00404
D009069,DB00915
D009069,DB01223
D009069,DB01118
D009069,DB06288
D009069,DB00321
D009069,DB00613
D009069,DB00543
D009069,DB00182
D009069,DB00415
D009069,DB00714
D009069,DB01238
D009069,DB00181
D009069,DB12783
D009069,DB00810
D009069,DB01200
D009069,DB00490
D009069,DB00201
D009069,DB00136
D009069,DB06774
D009069,DB00564
D009069,DB01136
D009069,DB00477
D009069,DB00501
D009069,DB00568
D009069,DB00537
D009069,DB00215
D009069,DB01242
D009069,DB01068
D009069,DB00575
D009069,DB00363
D009069,DB00907
D009069,DB01394
D009069,DB09130
D009069,DB11672
D009069,DB00091
D009069,DB00970
D009069,DB00694
D009069,DB03619
D009069,DB01576
D009069,DB00829
D009069,DB01119
D009069,DB00804
D009069,DB01396
D009069,DB01075
D009069,DB01184
D009069,DB00997
D009069,DB00470
D009069,DB00584
D009069,DB00199
D009069,DB00783
D009069,DB00898
D009069,DB00773
D009069,DB01276
D009069,DB00949
D009069,DB00574
D009069,DB04841
D009069,DB00472
D009069,DB00623
D009069,DB04842
D009069,DB00492
D009069,DB00996
D009069,DB00674
D009069,DB02530
D009069,DB00143
D009069,DB00502
D009069,DB01159
D009069,DB01050
D009069,DB00270
D009069,DB00555
D009069,DB01202
D009069,DB01235
D009069,DB14509
D009069,DB00186
D009069,DB00227
D009069,DB00408
D009069,DB00934
D009069,DB01065
D009069,DB01043
D009069,DB00763
D009069,DB00422
D009069,DB01233
D009069,DB00916
D009069,DB06148
D009069,DB01017
D009069,DB00295
D009069,DB01183
D009069,DB00184
D009069,DB04743
D009069,DB01595
D009069,DB04821
D009069,DB00334
D009069,DB09140
D009069,DB01626
D009069,DB00806
D009069,DB01186
D009069,DB00850
D009069,DB01174
D009069,DB00397
D009069,DB00252
D009069,DB00981
D009069,DB01085
D009069,DB01100
D009069,DB11263
D009069,DB00433
D009069,DB00818
D009069,DB00571
D009069,DB00165
D009069,DB00908
D009069,DB00468
D009069,DB01129
D009069,DB00409
D009069,DB00206
D009069,DB00740
D009069,DB00734
D009069,DB00533
D009069,DB00747
D009069,DB01104
D009069,DB00641
D009069,DB00428
D009069,DB00391
D009069,DB00675
D009069,DB01956
D009069,DB04844
D009069,DB00679
D009069,DB01623
D009069,DB00906
D009069,DB09536
D009069,DB00273
D009069,DB00519
D009069,DB00656
D009069,DB00755
D009069,DB00831
D009069,DB00376
D009069,DB01586
D009069,DB00313
D009069,DB00661
D009069,DB00570
D009069,DB00541
D009069,DB00163
D009069,DB01392
D009069,DB00962
D009069,DB00246
D009069,DB00425
D009072,DB00907
D009072,DB00975
D009072,DB00584
D009072,DB00696
D009072,DB00695
D020267,DB00201
D020267,DB00184
D020267,DB00413
D009103,DB00915
D009103,DB00993
D009103,DB00181
D009103,DB00242
D009103,DB00514
D009103,DB08908
D009103,DB01235
D009103,DB00959
D009103,DB01204
D009103,DB00704
D009103,DB00435
D009103,DB00860
D009103,DB00635
D009103,DB00908
D009103,DB12371
D009103,DB08880
D009103,DB11094
D020528,DB00181
D020528,DB00531
D020528,DB01592
D020528,DB01204
D020528,DB00864
D020529,DB00993
D020529,DB08908
D020529,DB01065
D020529,DB00959
D020529,DB01017
D020529,DB01204
D019578,DB01235
D019578,DB09205
D019578,DB00457
D009120,DB01001
D009120,DB00321
D009120,DB00381
D009120,DB00126
D009120,DB00201
D009120,DB00229
D009120,DB01161
D009120,DB00169
D009120,DB00907
D009120,DB00318
D009120,DB00148
D009120,DB01406
D009120,DB01219
D009120,DB01234
D009120,DB00829
D009120,DB00320
D009120,DB01093
D009120,DB00280
D009120,DB00584
D009120,DB00712
D009120,DB00529
D009120,DB00502
D009120,DB00999
D009120,DB00227
D009120,DB00603
D009120,DB00763
D009120,DB00524
D009120,DB00211
D009120,DB00929
D009120,DB00295
D009120,DB01183
D009120,DB01115
D009120,DB01229
D009120,DB00960
D009120,DB14500
D009120,DB00175
D009120,DB00635
D009120,DB00339
D009120,DB00468
D009120,DB00641
D009120,DB00605
D009120,DB00864
D009120,DB00871
D009120,DB01041
D009120,DB00755
D009120,DB00313
D009120,DB00570
D009120,DB00541
D009120,DB00163
D009120,DB00315
D009122,DB00321
D009122,DB00181
D009122,DB01242
D009122,DB00907
D009122,DB01219
D009122,DB01151
D009122,DB00829
D009122,DB00917
D009122,DB00450
D009122,DB00584
D009122,DB00502
D009122,DB00454
D009122,DB01233
D009122,DB00834
D009122,DB00295
D009122,DB00334
D009122,DB01173
D009122,DB00252
D009122,DB00433
D009122,DB01069
D009122,DB00818
D009122,DB00734
D009122,DB00202
D009122,DB00391
D009122,DB00679
D009123,DB00181
D009123,DB00169
D009123,DB00215
D009123,DB01242
D009123,DB00363
D009123,DB09130
D009123,DB00829
D009123,DB01205
D009123,DB01221
D009123,DB00281
D009123,DB14509
D009123,DB00563
D009123,DB00834
D009123,DB00929
D009123,DB00295
D009123,DB01183
D009123,DB01595
D009123,DB00313
D009123,DB00541
D009127,DB00802
D009127,DB00915
D009127,DB00543
D009127,DB00714
D009127,DB00572
D009127,DB00181
D009127,DB01200
D009127,DB00297
D009127,DB00190
D009127,DB00477
D009127,DB00604
D009127,DB00215
D009127,DB00575
D009127,DB00363
D009127,DB00907
D009127,DB01219
D009127,DB00633
D009127,DB00829
D009127,DB00804
D009127,DB01075
D009127,DB01184
D009127,DB00843
D009127,DB00450
D009127,DB00228
D009127,DB00668
D009127,DB00292
D009127,DB00813
D009127,DB01205
D009127,DB00623
D009127,DB00176
D009127,DB00502
D009127,DB01159
D009127,DB01247
D009127,DB11757
D009127,DB01221
D009127,DB00504
D009127,DB01235
D009127,DB00589
D009127,DB14509
D009127,DB00784
D009127,DB00454
D009127,DB00563
D009127,DB00968
D009127,DB00422
D009127,DB01233
D009127,DB01336
D009127,DB00683
D009127,DB00295
D009127,DB01183
D009127,DB00788
D009127,DB01149
D009127,DB00627
D009127,DB00585
D009127,DB00334
D009127,DB00904
D009127,DB00776
D009127,DB01337
D009127,DB01626
D009127,DB00715
D009127,DB01186
D009127,DB00850
D009127,DB00780
D009127,DB00925
D009127,DB00670
D009127,DB00413
D009127,DB00457
D009127,DB00387
D009127,DB00818
D009127,DB00571
D009127,DB00899
D009127,DB00409
D009127,DB00206
D009127,DB00734
D009127,DB00989
D009127,DB00728
D009127,DB00296
D009127,DB06335
D009127,DB00747
D009127,DB01037
D009127,DB01082
D009127,DB00202
D009127,DB00708
D009127,DB00277
D009127,DB00599
D009127,DB00679
D009127,DB01623
D009127,DB00193
D009127,DB00752
D009127,DB00656
D009127,DB00831
D009127,DB00376
D009127,DB00313
D009127,DB01392
D009127,DB00246
D009127,DB00909
D009128,DB00181
D009128,DB00564
D009128,DB00575
D009128,DB00907
D009128,DB01576
D009128,DB00228
D009128,DB00813
D009128,DB00472
D009128,DB00753
D009128,DB01235
D009128,DB00281
D009128,DB01043
D009128,DB00563
D009128,DB00295
D009128,DB01183
D009128,DB01337
D009128,DB00252
D009128,DB00433
D009128,DB01104
D009128,DB00599
D009128,DB00697
D018908,DB00819
D018908,DB00518
D018908,DB00915
D018908,DB11640
D018908,DB01118
D018908,DB00613
D018908,DB00714
D018908,DB01076
D018908,DB00572
D018908,DB00993
D018908,DB00181
D018908,DB00443
D018908,DB01393
D018908,DB00290
D018908,DB00297
D018908,DB00201
D018908,DB09061
D018908,DB00564
D018908,DB00389
D018908,DB00439
D018908,DB00608
D018908,DB00310
D018908,DB00515
D018908,DB01211
D018908,DB00636
D018908,DB00363
D018908,DB00907
D018908,DB01394
D018908,DB11672
D018908,DB00531
D018908,DB00091
D018908,DB00987
D018908,DB01219
D018908,DB00250
D018908,DB01234
D018908,DB00829
D018908,DB01093
D018908,DB01248
D018908,DB00843
D018908,DB01142
D018908,DB00997
D018908,DB01010
D018908,DB01039
D018908,DB01241
D018908,DB01170
D018908,DB01109
D018908,DB00756
D018908,DB00999
D018908,DB00741
D018908,DB01611
D018908,DB00808
D018908,DB00270
D018908,DB01167
D018908,DB01172
D018908,DB01026
D018908,DB00448
D018908,DB00367
D018908,DB14509
D018908,DB00186
D018908,DB00227
D018908,DB00653
D018908,DB00772
D018908,DB00358
D018908,DB00814
D018908,DB00763
D018908,DB00563
D018908,DB00968
D018908,DB00959
D018908,DB00379
D018908,DB00683
D018908,DB00211
D018908,DB01017
D018908,DB00648
D018908,DB00295
D018908,DB01024
D018908,DB01400
D018908,DB00698
D018908,DB00338
D018908,DB01229
D018908,DB01337
D018908,DB01113
D018908,DB00914
D018908,DB00252
D018908,DB14500
D018908,DB00860
D018908,DB00635
D018908,DB01035
D018908,DB00818
D018908,DB00571
D018908,DB00908
D018908,DB01129
D018908,DB00912
D018908,DB01045
D018908,DB00734
D018908,DB00728
D018908,DB00641
D018908,DB00877
D018908,DB00489
D018908,DB00605
D018908,DB00864
D018908,DB00675
D018908,DB01956
D018908,DB01265
D018908,DB00759
D018908,DB01041
D018908,DB00373
D018908,DB00620
D018908,DB00685
D018908,DB00313
D018908,DB00661
D018908,DB00570
D018908,DB00541
D018908,DB00309
D018908,DB11094
D018908,DB00163
D018908,DB00582
D018908,DB00495
D009133,DB01118
D009133,DB01169
D009133,DB00297
D009133,DB00608
D009133,DB11136
D009133,DB00537
D009133,DB00515
D009133,DB01407
D009133,DB00636
D009133,DB00907
D009133,DB01394
D009133,DB00148
D009133,DB00250
D009133,DB00746
D009133,DB01234
D009133,DB00741
D009133,DB14539
D009133,DB00762
D009133,DB00959
D009133,DB00834
D009133,DB00184
D009133,DB01337
D009133,DB00652
D009133,DB00860
D009133,DB00635
D009133,DB01045
D009133,DB00641
D009133,DB01082
D009133,DB01956
D009133,DB00624
D009133,DB00759
D009133,DB00620
D009133,DB01199
D009133,DB00541
D009133,DB00163
D009133,DB00495
D009134,DB11672
D009135,DB01418
D009135,DB00459
D009135,DB01001
D009135,DB00513
D009135,DB01118
D009135,DB00415
D009135,DB01169
D009135,DB00126
D009135,DB01076
D009135,DB00572
D009135,DB09121
D009135,DB00207
D009135,DB00443
D009135,DB01393
D009135,DB14083
D009135,DB00887
D009135,DB00297
D009135,DB00611
D009135,DB00201
D009135,DB00146
D009135,DB00439
D009135,DB00446
D009135,DB08936
D009135,DB00475
D009135,DB00608
D009135,DB01114
D009135,DB00477
D009135,DB00310
D009135,DB00537
D009135,DB00515
D009135,DB00215
D009135,DB00636
D009135,DB01394
D009135,DB00148
D009135,DB11672
D009135,DB00531
D009135,DB00091
D009135,DB01406
D009135,DB01219
D009135,DB01234
D009135,DB00647
D009135,DB00829
D009135,DB00586
D009135,DB00343
D009135,DB00917
D009135,DB01248
D009135,DB00668
D009135,DB00898
D009135,DB00973
D009135,DB00949
D009135,DB01039
D009135,DB01216
D009135,DB01195
D009135,DB00687
D009135,DB00544
D009135,DB00623
D009135,DB01095
D009135,DB00158
D009135,DB00996
D009135,DB00674
D009135,DB00483
D009135,DB00441
D009135,DB01241
D009135,DB00400
D009135,DB01159
D009135,DB05381
D009135,DB00999
D009135,DB00741
D009135,DB01611
D009135,DB01050
D009135,DB00458
D009135,DB00808
D009135,DB01592
D009135,DB00677
D009135,DB00982
D009135,DB01026
D009135,DB00598
D009135,DB04398
D009135,DB00709
D009135,DB00007
D009135,DB00848
D009135,DB00281
D009135,DB14509
D009135,DB00227
D009135,DB00653
D009135,DB01043
D009135,DB14123
D009135,DB00454
D009135,DB00961
D009135,DB00331
D009135,DB00563
D009135,DB00968
D009135,DB00422
D009135,DB00959
D009135,DB00247
D009135,DB01017
D009135,DB01226
D009135,DB01024
D009135,DB00220
D009135,DB01400
D009135,DB00627
D009135,DB01165
D009135,DB00334
D009135,DB00338
D009135,DB01083
D009135,DB01229
D009135,DB01337
D009135,DB00213
D009135,DB00487
D009135,DB00022
D009135,DB00652
D009135,DB00806
D009135,DB00850
D009135,DB01174
D009135,DB00946
D009135,DB00388
D009135,DB00252
D009135,DB01132
D009135,DB14500
D009135,DB00175
D009135,DB00860
D009135,DB00635
D009135,DB01035
D009135,DB00721
D009135,DB00818
D009135,DB00571
D009135,DB00339
D009135,DB00119
D009135,DB00811
D009135,DB01045
D009135,DB00728
D009135,DB00412
D009135,DB00778
D009135,DB00641
D009135,DB00877
D009135,DB00464
D009135,DB00649
D009135,DB00202
D009135,DB00708
D009135,DB00605
D009135,DB00382
D009135,DB00864
D009135,DB00820
D009135,DB01265
D009135,DB00871
D009135,DB00599
D009135,DB00656
D009135,DB00620
D009135,DB00376
D009135,DB01199
D009135,DB00313
D009135,DB00570
D009135,DB00309
D009135,DB00361
D009135,DB00162
D009135,DB00163
D009135,DB00682
D009135,DB00495
D009136,DB01626
D009136,DB00867
D009136,DB00163
D020388,DB09061
D020388,DB00678
D020388,DB00959
D020388,DB00860
D020388,DB01956
D009155,DB00477
D009155,DB00907
D009155,DB01181
D009155,DB00333
D009155,DB00563
D009155,DB00252
D009155,DB00818
D009155,DB00864
D009155,DB00831
D063806,DB01012
D063806,DB04930
D063806,DB00728
D063806,DB00641
D063806,DB00202
D063806,DB11094
D009157,DB01193
D009157,DB00572
D009157,DB00993
D009157,DB00207
D009157,DB00608
D009157,DB01068
D009157,DB00907
D009157,DB00091
D009157,DB00746
D009157,DB01234
D009157,DB01010
D009157,DB00199
D009157,DB00200
D009157,DB00367
D009157,DB14509
D009157,DB00653
D009157,DB00763
D009157,DB01028
D009157,DB00959
D009157,DB01024
D009157,DB01400
D009157,DB00698
D009157,DB01165
D009157,DB00022
D009157,DB00252
D009157,DB00175
D009157,DB00860
D009157,DB00635
D009157,DB01035
D009157,DB01182
D009157,DB00811
D009157,DB00503
D009157,DB01104
D009157,DB00641
D009157,DB00864
D009157,DB00376
D009157,DB00347
D009157,DB00661
D020294,DB00472
D017590,DB00531
D017590,DB00898
D017590,DB00695
D017590,DB00563
D017590,DB00864
D009187,DB00987
D009187,DB00330
D009187,DB00492
D009187,DB01275
D009187,DB00741
D009187,DB00563
D009187,DB01115
D009188,DB00987
D009188,DB00563
D009188,DB00570
D020191,DB01174
D020191,DB00252
D020191,DB00909
D020190,DB00819
D020190,DB01202
D020190,DB00313
D009207,DB00316
D009207,DB06151
D009207,DB00787
D009207,DB01001
D009207,DB00802
D009207,DB00915
D009207,DB01118
D009207,DB00321
D009207,DB00381
D009207,DB00714
D009207,DB00335
D009207,DB00572
D009207,DB00995
D009207,DB00181
D009207,DB00443
D009207,DB00810
D009207,DB01200
D009207,DB00297
D009207,DB01156
D009207,DB00490
D009207,DB00564
D009207,DB00190
D009207,DB00274
D009207,DB00229
D009207,DB00438
D009207,DB01112
D009207,DB00477
D009207,DB00501
D009207,DB00537
D009207,DB00215
D009207,DB00349
D009207,DB01242
D009207,DB01068
D009207,DB00575
D009207,DB00363
D009207,DB00318
D009207,DB00924
D009207,DB00260
D009207,DB00847
D009207,DB00970
D009207,DB01219
D009207,DB01151
D009207,DB01234
D009207,DB00633
D009207,DB01576
D009207,DB00514
D009207,DB00829
D009207,DB00586
D009207,DB00822
D009207,DB00841
D009207,DB00843
D009207,DB01142
D009207,DB00450
D009207,DB00228
D009207,DB00199
D009207,DB00292
D009207,DB00927
D009207,DB00813
D009207,DB01195
D009207,DB00322
D009207,DB01205
D009207,DB00472
D009207,DB00176
D009207,DB00441
D009207,DB00502
D009207,DB00327
D009207,DB01181
D009207,DB01598
D009207,DB00458
D009207,DB01247
D009207,DB00951
D009207,DB01221
D009207,DB00555
D009207,DB00448
D009207,DB01235
D009207,DB00281
D009207,DB14509
D009207,DB00186
D009207,DB00653
D009207,DB00934
D009207,DB00657
D009207,DB00358
D009207,DB01043
D009207,DB00454
D009207,DB00331
D009207,DB00333
D009207,DB00474
D009207,DB01403
D009207,DB00422
D009207,DB00247
D009207,DB01233
D009207,DB00916
D009207,DB00379
D009207,DB00683
D009207,DB00295
D009207,DB01183
D009207,DB01149
D009207,DB00699
D009207,DB00184
D009207,DB01115
D009207,DB00540
D009207,DB00334
D009207,DB01173
D009207,DB00776
D009207,DB00715
D009207,DB00487
D009207,DB00312
D009207,DB00806
D009207,DB00780
D009207,DB00925
D009207,DB00692
D009207,DB00252
D009207,DB00981
D009207,DB01085
D009207,DB00175
D009207,DB00457
D009207,DB00750
D009207,DB01035
D009207,DB01069
D009207,DB01182
D009207,DB00818
D009207,DB00571
D009207,DB00852
D009207,DB00899
D009207,DB00206
D009207,DB00728
D009207,DB00296
D009207,DB01104
D009207,DB00708
D009207,DB00382
D009207,DB00864
D009207,DB00372
D009207,DB00599
D009207,DB01607
D009207,DB00208
D009207,DB00797
D009207,DB00273
D009207,DB00193
D009207,DB00302
D009207,DB00752
D009207,DB00656
D009207,DB00620
D009207,DB00440
D009207,DB00792
D009207,DB00427
D009207,DB00313
D009207,DB00661
D009207,DB01080
D009207,DB01392
D020385,DB00363
D009220,DB01118
D009220,DB01076
D009220,DB01393
D009220,DB00921
D009220,DB01156
D009220,DB00564
D009220,DB00389
D009220,DB00515
D009220,DB01211
D009220,DB00636
D009220,DB01234
D009220,DB00997
D009220,DB00472
D009220,DB01241
D009220,DB00400
D009220,DB01005
D009220,DB00007
D009220,DB00281
D009220,DB00227
D009220,DB00961
D009220,DB00331
D009220,DB00563
D009220,DB01149
D009220,DB00252
D009220,DB00175
D009220,DB00860
D009220,DB00635
D009220,DB01035
D009220,DB00396
D009220,DB00550
D009220,DB00641
D009220,DB00864
D009220,DB00755
D009220,DB00197
D009220,DB00682
D018979,DB00635
D018979,DB00641
D009222,DB00819
D009222,DB01394
D009222,DB00175
D009222,DB00818
D009222,DB00571
D009222,DB00202
D009222,DB01199
D009224,DB00819
D009224,DB00564
D009224,DB00252
D009224,DB00468
D009224,DB01056
D020967,DB00819
D020967,DB01394
D020967,DB00867
D020967,DB00202
D020967,DB00541
D009223,DB00564
D009223,DB01115
D009223,DB00252
D009223,DB00571
D000081030,DB00297
D009290,DB00182
D009290,DB01576
D009290,DB00579
D009290,DB00422
D009290,DB00745
D009290,DB00295
D009290,DB00312
D009290,DB00780
D009290,DB09072
D009347,DB00434
D009408,DB01418
D009408,DB00720
D009408,DB00652
D009408,DB11094
D009408,DB00682
D018317,DB00675
D009421,DB00523
D009421,DB00564
D009421,DB00907
D009421,DB09130
D009421,DB09131
D009421,DB00531
D009421,DB00987
D009421,DB01234
D009421,DB00586
D009421,DB00255
D009421,DB00783
D009421,DB00898
D009421,DB00158
D009421,DB00982
D009421,DB00929
D009421,DB01024
D009421,DB00184
D009421,DB00252
D009421,DB01085
D009421,DB01041
D009421,DB00755
D009421,DB00313
D009423,DB11672
D009423,DB00987
D009423,DB00563
D009423,DB00252
D009437,DB00787
D009437,DB00321
D009437,DB00810
D009437,DB00188
D009437,DB00297
D009437,DB06774
D009437,DB00564
D009437,DB01242
D009437,DB01068
D009437,DB00531
D009437,DB00091
D009437,DB01151
D009437,DB01234
D009437,DB00586
D009437,DB00997
D009437,DB00470
D009437,DB03843
D009437,DB00996
D009437,DB01221
D009437,DB01026
D009437,DB00555
D009437,DB00480
D009437,DB01106
D009437,DB00281
D009437,DB00934
D009437,DB14123
D009437,DB00454
D009437,DB00959
D009437,DB00379
D009437,DB00295
D009437,DB00497
D009437,DB01229
D009437,DB00635
D009437,DB00230
D009437,DB00412
D009437,DB00421
D009437,DB00649
D009437,DB00428
D009437,DB00864
D009437,DB00624
D009437,DB00759
D009437,DB00273
D009437,DB00193
D009437,DB00541
D009437,DB00361
D009437,DB00943
D009437,DB00909
D051474,DB00297
D051474,DB06774
D051474,DB00564
D051474,DB01239
D051474,DB00216
D051474,DB00898
D051474,DB00996
D051474,DB01221
D051474,DB00281
D051474,DB00959
D051474,DB00540
D051474,DB00669
D051474,DB00193
D009436,DB00316
D009436,DB06151
D009436,DB00787
D009436,DB00321
D009436,DB01238
D009436,DB01169
D009436,DB00928
D009436,DB00181
D009436,DB06756
D009436,DB00201
D009436,DB09061
D009436,DB00564
D009436,DB00475
D009436,DB00608
D009436,DB00169
D009436,DB00907
D009436,DB01394
D009436,DB00531
D009436,DB04839
D009436,DB00470
D009436,DB00898
D009436,DB00544
D009436,DB00158
D009436,DB00502
D009436,DB01109
D009436,DB01005
D009436,DB01097
D009436,DB00281
D009436,DB00563
D009436,DB00295
D009436,DB01024
D009436,DB00184
D009436,DB00435
D009436,DB00325
D009436,DB01783
D009436,DB01174
D009436,DB00252
D009436,DB00428
D009436,DB00755
D009436,DB00440
D009436,DB00313
D009436,DB00162
D009436,DB00163
D009436,DB01593
D009443,DB00993
D009443,DB00900
D009443,DB00997
D009443,DB00544
D009443,DB00529
D009443,DB01437
D009443,DB00951
D009443,DB00281
D009443,DB00916
D009443,DB00698
D009443,DB01229
D009443,DB00759
D009443,DB01041
D009443,DB00570
D009443,DB00361
D009444,DB00435
D020953,DB00582
D019150,DB00182
D019150,DB00252
D019150,DB00541
D019954,DB00316
D019954,DB00787
D019954,DB00714
D019954,DB14083
D019954,DB00921
D019954,DB00564
D019954,DB11588
D019954,DB00608
D019954,DB00477
D019954,DB00501
D019954,DB00537
D019954,DB00215
D019954,DB00349
D019954,DB01242
D019954,DB01068
D019954,DB00575
D019954,DB00363
D019954,DB00907
D019954,DB09130
D019954,DB09131
D019954,DB11672
D019954,DB00987
D019954,DB01576
D019954,DB00514
D019954,DB00829
D019954,DB00255
D019954,DB01075
D019954,DB00843
D019954,DB00470
D019954,DB00898
D019954,DB01018
D019954,DB00502
D019954,DB04703
D019954,DB00458
D019954,DB00753
D019954,DB01221
D019954,DB08882
D019954,DB03614
D019954,DB00422
D019954,DB01017
D019954,DB00184
D019954,DB00435
D019954,DB00842
D019954,DB09140
D019954,DB00780
D019954,DB01174
D019954,DB00692
D019954,DB01085
D019954,DB00960
D019954,DB01132
D019954,DB00818
D019954,DB00571
D019954,DB01839
D019954,DB00908
D019954,DB00140
D019954,DB00412
D019954,DB00428
D019954,DB00864
D019954,DB00273
D019954,DB00755
D019954,DB00313
D019954,DB01080
D019954,DB00541
D019954,DB00162
D019954,DB11094
D019954,DB01392
D019954,DB00549
D019954,DB00495
D020019,DB00518
D020019,DB01234
D020019,DB00860
D020019,DB00635
D019636,DB00316
D019636,DB00182
D019636,DB00126
D019636,DB09130
D019636,DB01576
D019636,DB01364
D019636,DB00328
D019636,DB01592
D019636,DB00753
D019636,DB00677
D019636,DB06655
D019636,DB01065
D019636,DB01043
D019636,DB00563
D019636,DB00683
D019636,DB00834
D019636,DB01017
D019636,DB00184
D019636,DB00393
D019636,DB00435
D019636,DB01085
D019636,DB00605
D019636,DB00864
D019636,DB00500
D019636,DB00519
D019636,DB00150
D019636,DB00313
D019636,DB00163
D018318,DB01041
D020078,DB01076
D020078,DB00887
D020078,DB06774
D020078,DB00898
D020078,DB00950
D020078,DB00677
D020078,DB00961
D020078,DB01130
D020078,DB00669
D000090862,DB04115
D000090862,DB00188
D000090862,DB11672
D000090862,DB00843
D000090862,DB00753
D000090862,DB00428
D000090862,DB00820
D009459,DB00316
D009459,DB00404
D009459,DB00915
D009459,DB06288
D009459,DB00543
D009459,DB00182
D009459,DB01238
D009459,DB00181
D009459,DB01200
D009459,DB01156
D009459,DB00564
D009459,DB00477
D009459,DB01068
D009459,DB00363
D009459,DB00907
D009459,DB00924
D009459,DB01219
D009459,DB00829
D009459,DB01075
D009459,DB01184
D009459,DB00843
D009459,DB00450
D009459,DB00623
D009459,DB00176
D009459,DB00502
D009459,DB01235
D009459,DB14509
D009459,DB00186
D009459,DB00408
D009459,DB00934
D009459,DB01403
D009459,DB00422
D009459,DB01233
D009459,DB01618
D009459,DB04821
D009459,DB00334
D009459,DB00776
D009459,DB00715
D009459,DB00850
D009459,DB00780
D009459,DB01174
D009459,DB00252
D009459,DB01100
D009459,DB00387
D009459,DB01069
D009459,DB00571
D009459,DB00734
D009459,DB00989
D009459,DB04844
D009459,DB00679
D009459,DB01623
D009459,DB00831
D009459,DB00726
D009459,DB00246
D009461,DB01048
D009461,DB00659
D009461,DB00819
D009461,DB00787
D009461,DB01426
D009461,DB00915
D009461,DB01118
D009461,DB01060
D009461,DB00415
D009461,DB01169
D009461,DB00181
D009461,DB00188
D009461,DB01101
D009461,DB00446
D009461,DB00215
D009461,DB00720
D009461,DB00636
D009461,DB00318
D009461,DB09130
D009461,DB01234
D009461,DB00900
D009461,DB00320
D009461,DB06782
D009461,DB00841
D009461,DB01142
D009461,DB00813
D009461,DB00544
D009461,DB00472
D009461,DB00695
D009461,DB00996
D009461,DB01109
D009461,DB01005
D009461,DB00677
D009461,DB01235
D009461,DB00281
D009461,DB00563
D009461,DB01233
D009461,DB00379
D009461,DB00683
D009461,DB01115
D009461,DB00334
D009461,DB00198
D009461,DB00776
D009461,DB09140
D009461,DB01229
D009461,DB01113
D009461,DB00652
D009461,DB00388
D009461,DB00252
D009461,DB00981
D009461,DB00635
D009461,DB00230
D009461,DB00293
D009461,DB01232
D009461,DB01037
D009461,DB12965
D009461,DB00421
D009461,DB00820
D009461,DB00759
D009461,DB11590
D009461,DB00599
D009461,DB09069
D009461,DB11094
D009461,DB00495
D009468,DB01118
D009468,DB00381
D009468,DB00613
D009468,DB00928
D009468,DB01393
D009468,DB00608
D009468,DB00501
D009468,DB00515
D009468,DB01211
D009468,DB00636
D009468,DB00907
D009468,DB01394
D009468,DB00531
D009468,DB00091
D009468,DB00250
D009468,DB00280
D009468,DB01135
D009468,DB00997
D009468,DB01010
D009468,DB01195
D009468,DB14509
D009468,DB00959
D009468,DB00338
D009468,DB01229
D009468,DB01337
D009468,DB00652
D009468,DB00252
D009468,DB00860
D009468,DB00635
D009468,DB01035
D009468,DB00468
D009468,DB00541
D020511,DB00608
D020511,DB01211
D020511,DB00982
D020511,DB01115
D020511,DB00541
D020879,DB01118
D020879,DB00381
D020879,DB00181
D020879,DB00190
D020879,DB00608
D020879,DB00636
D020879,DB14509
D020879,DB00653
D020879,DB00961
D020879,DB00333
D020879,DB00648
D020879,DB01226
D020879,DB00955
D020879,DB01115
D020879,DB09140
D020879,DB00202
D009471,DB00297
D009471,DB00959
D020258,DB06151
D020258,DB00787
D020258,DB14518
D020258,DB11081
D020258,DB01143
D020258,DB00479
D020258,DB01118
D020258,DB00321
D020258,DB00572
D020258,DB00181
D020258,DB00297
D020258,DB09061
D020258,DB01101
D020258,DB00564
D020258,DB00493
D020258,DB01161
D020258,DB00515
D020258,DB01211
D020258,DB11672
D020258,DB00531
D020258,DB00091
D020258,DB00151
D020258,DB00987
D020258,DB00970
D020258,DB00633
D020258,DB01396
D020258,DB00822
D020258,DB00997
D020258,DB00898
D020258,DB00773
D020258,DB00693
D020258,DB00544
D020258,DB03843
D020258,DB00674
D020258,DB00441
D020258,DB00143
D020258,DB01016
D020258,DB05381
D020258,DB04864
D020258,DB01181
D020258,DB01592
D020258,DB00677
D020258,DB00951
D020258,DB01167
D020258,DB01221
D020258,DB04398
D020258,DB00581
D020258,DB01235
D020258,DB14509
D020258,DB00772
D020258,DB01065
D020258,DB00333
D020258,DB00563
D020258,DB00959
D020258,DB00916
D020258,DB01204
D020258,DB00295
D020258,DB00184
D020258,DB00393
D020258,DB00698
D020258,DB00325
D020258,DB00713
D020258,DB01229
D020258,DB01174
D020258,DB01085
D020258,DB01132
D020258,DB00733
D020258,DB00230
D020258,DB00396
D020258,DB00818
D020258,DB00571
D020258,DB00734
D020258,DB00296
D020258,DB00412
D020258,DB01236
D020258,DB12965
D020258,DB00649
D020258,DB00795
D020258,DB00864
D020258,DB00624
D020258,DB11590
D020258,DB00679
D020258,DB01607
D020258,DB00193
D020258,DB00755
D020258,DB00197
D020258,DB00313
D020258,DB00661
D020258,DB00570
D020258,DB00541
D020258,DB00309
D020258,DB00361
D020258,DB00162
D020258,DB00163
D020258,DB00943
D052556,DB04540
D052556,DB00636
D020184,DB00575
D020184,DB00843
D020184,DB01129
D020184,DB00734
D020184,DB00679
D020189,DB01235
D020189,DB00334
D020189,DB01186
D020417,DB00313
D009759,DB00802
D009759,DB00637
D009759,DB00181
D009759,DB00810
D009759,DB00564
D009759,DB00482
D009759,DB01068
D009759,DB00924
D009759,DB00987
D009759,DB01234
D009759,DB00390
D009759,DB11273
D009759,DB13345
D009759,DB00189
D009759,DB00472
D009759,DB00996
D009759,DB01221
D009759,DB00281
D009759,DB14509
D009759,DB00358
D009759,DB01065
D009759,DB01043
D009759,DB00454
D009759,DB00331
D009759,DB00563
D009759,DB00916
D009759,DB01017
D009759,DB00295
D009759,DB01183
D009759,DB00984
D009759,DB00184
D009759,DB01595
D009759,DB06412
D009759,DB00312
D009759,DB01174
D009759,DB00252
D009759,DB00981
D009759,DB00794
D009759,DB00721
D009759,DB00818
D009759,DB00708
D009759,DB00864
D009759,DB00679
D009759,DB00313
D015835,DB06288
D015835,DB00321
D015835,DB00564
D015835,DB00341
D015835,DB00477
D015835,DB00501
D015835,DB00515
D015835,DB00363
D015835,DB00907
D015835,DB00829
D015835,DB00985
D015835,DB01075
D015835,DB01184
D015835,DB01142
D015835,DB01010
D015835,DB00322
D015835,DB00544
D015835,DB00472
D015835,DB00502
D015835,DB00458
D015835,DB01221
D015835,DB01235
D015835,DB00563
D015835,DB00422
D015835,DB01233
D015835,DB06148
D015835,DB00904
D015835,DB00776
D015835,DB00022
D015835,DB00652
D015835,DB00312
D015835,DB00850
D015835,DB01174
D015835,DB00252
D015835,DB00433
D015835,DB00571
D015835,DB00811
D015835,DB00864
D015835,DB01041
D015835,DB00599
D015835,DB00376
D015835,DB00313
D015840,DB00544
D015840,DB00022
D015840,DB00811
D015840,DB00541
D000857,DB00479
D000857,DB01118
D000857,DB01060
D000857,DB00443
D000857,DB00215
D000857,DB01211
D000857,DB00907
D000857,DB00987
D000857,DB00390
D000857,DB00343
D000857,DB01077
D000857,DB01109
D000857,DB00982
D000857,DB01172
D000857,DB01221
D000857,DB00281
D000857,DB00227
D000857,DB14123
D000857,DB00763
D000857,DB00211
D000857,DB01017
D000857,DB01115
D000857,DB00338
D000857,DB00339
D000857,DB00778
D000857,DB01236
D000857,DB01082
D000857,DB00277
D000857,DB00541
D000857,DB01593
D009886,DB01118
D009886,DB00321
D009886,DB00626
D009886,DB00564
D009886,DB00907
D009886,DB00829
D009886,DB00343
D009886,DB01142
D009886,DB00982
D009886,DB00281
D009886,DB00959
D009886,DB01337
D009886,DB00252
D009886,DB00981
D009886,DB00721
D009886,DB00165
D009886,DB00864
D009886,DB00541
D009886,DB00163
D017246,DB00143
D017246,DB00860
D053578,DB00656
D009896,DB01118
D009896,DB00446
D009896,DB00477
D009896,DB01394
D009896,DB00987
D009896,DB00250
D009896,DB00647
D009896,DB00900
D009896,DB00711
D009896,DB00696
D009896,DB00330
D009896,DB00756
D009896,DB00563
D009896,DB00468
D009896,DB00620
D009896,DB01080
D009896,DB00541
D009896,DB00682
D029241,DB00330
D029242,DB00330
D009901,DB01118
D009901,DB00262
D009901,DB00446
D009901,DB00672
D009901,DB00501
D009901,DB00537
D009901,DB00515
D009901,DB00907
D009901,DB01394
D009901,DB09130
D009901,DB00987
D009901,DB00746
D009901,DB00711
D009901,DB00390
D009901,DB00822
D009901,DB00330
D009901,DB00898
D009901,DB00544
D009901,DB00158
D009901,DB05260
D009901,DB00951
D009901,DB14509
D009901,DB00563
D009901,DB09241
D009901,DB00916
D009901,DB00368
D009901,DB01229
D009901,DB00468
D009901,DB00811
D009901,DB00864
D009901,DB00675
D009901,DB00541
D009901,DB00682
D020339,DB01168
D020339,DB00541
D009902,DB00518
D009902,DB01118
D009902,DB00262
D009902,DB00446
D009902,DB00515
D009902,DB00987
D009902,DB00900
D009902,DB00822
D009902,DB00330
D009902,DB00189
D009902,DB00200
D009902,DB00951
D009902,DB00959
D009902,DB00350
D009902,DB00860
D009902,DB00635
D009902,DB01168
D009902,DB00675
D009902,DB01080
D018917,DB01118
D018917,DB00250
D018917,DB00668
D018917,DB00696
D018917,DB00492
D018917,DB01275
D018917,DB01115
D018917,DB00338
D018917,DB00935
D018917,DB00008
D018917,DB00022
D018917,DB00191
D018917,DB00811
D018917,DB00669
D018917,DB00373
D020163,DB00252
D054971,DB00540
D054971,DB00780
D010211,DB00819
D010211,DB01118
D010211,DB00262
D010211,DB00608
D010211,DB01190
D010211,DB00907
D010211,DB00987
D010211,DB01406
D010211,DB01234
D010211,DB00647
D010211,DB00696
D010211,DB00773
D010211,DB01109
D010211,DB01177
D010211,DB00982
D010211,DB01026
D010211,DB14509
D010211,DB00603
D010211,DB00563
D010211,DB01017
D010211,DB08804
D010211,DB00727
D010211,DB00338
D010211,DB00022
D010211,DB00252
D010211,DB00860
D010211,DB00811
D010211,DB01015
D010211,DB00675
D010211,DB00759
D010211,DB00755
D010211,DB00792
D010211,DB00162
D010211,DB00682
D010243,DB00819
D010243,DB03128
D010243,DB11640
D010243,DB00479
D010243,DB00321
D010243,DB01351
D010243,DB00572
D010243,DB00297
D010243,DB01164
D010243,DB01161
D010243,DB00477
D010243,DB00565
D010243,DB00515
D010243,DB01190
D010243,DB00363
D010243,DB01394
D010243,DB09130
D010243,DB09131
D010243,DB01176
D010243,DB00091
D010243,DB00987
D010243,DB00970
D010243,DB00694
D010243,DB01245
D010243,DB00711
D010243,DB00843
D010243,DB00997
D010243,DB01010
D010243,DB00584
D010243,DB01225
D010243,DB00668
D010243,DB00898
D010243,DB00773
D010243,DB00813
D010243,DB00695
D010243,DB00996
D010243,DB00674
D010243,DB00483
D010243,DB00874
D010243,DB00756
D010243,DB00999
D010243,DB00741
D010243,DB00677
D010243,DB01026
D010243,DB00848
D010243,DB00281
D010243,DB14509
D010243,DB00653
D010243,DB00657
D010243,DB00961
D010243,DB00371
D010243,DB00333
D010243,DB00563
D010243,DB00959
D010243,DB01226
D010243,DB00295
D010243,DB11431
D010243,DB00994
D010243,DB01400
D010243,DB00184
D010243,DB01115
D010243,DB00368
D010243,DB01092
D010243,DB09140
D010243,DB01337
D010243,DB00008
D010243,DB01174
D010243,DB00252
D010243,DB00592
D010243,DB14500
D010243,DB00733
D010243,DB00860
D010243,DB00635
D010243,DB00750
D010243,DB00818
D010243,DB00908
D010243,DB00468
D010243,DB00863
D010243,DB00206
D010243,DB00811
D010243,DB00728
D010243,DB01698
D010243,DB00421
D010243,DB00202
D010243,DB01199
D010243,DB03904
D010243,DB00661
D010243,DB00570
D010243,DB00541
D010243,DB00309
D010243,DB00682
D020335,DB00134
D020335,DB00563
D020335,DB01204
D020335,DB00295
D020335,DB00871
D020336,DB00987
D020336,DB00333
D020336,DB00295
D020336,DB09220
D015493,DB00635
D015493,DB00495
D010264,DB00443
D010264,DB00297
D010264,DB00611
D010264,DB00987
D010264,DB01219
D010264,DB00997
D010264,DB01109
D010264,DB00741
D010264,DB01235
D010264,DB00454
D010264,DB00563
D010264,DB00959
D010264,DB01204
D010264,DB01280
D010264,DB00860
D010264,DB00541
D020447,DB01592
D020447,DB01235
D020447,DB00962
D020447,DB00425
D010291,DB01001
D010291,DB00182
D010291,DB00181
D010291,DB00297
D010291,DB00446
D010291,DB00608
D010291,DB00880
D010291,DB00477
D010291,DB00537
D010291,DB01211
D010291,DB00349
D010291,DB00363
D010291,DB00907
D010291,DB00091
D010291,DB00987
D010291,DB00829
D010291,DB00822
D010291,DB00997
D010291,DB00813
D010291,DB01109
D010291,DB00741
D010291,DB00883
D010291,DB00598
D010291,DB00281
D010291,DB00653
D010291,DB00657
D010291,DB00961
D010291,DB01033
D010291,DB00563
D010291,DB00916
D010291,DB00295
D010291,DB01183
D010291,DB00184
D010291,DB01337
D010291,DB01113
D010291,DB00252
D010291,DB00750
D010291,DB01069
D010291,DB00908
D010291,DB00641
D010291,DB00489
D010291,DB00202
D010291,DB00795
D010291,DB00864
D010291,DB09085
D010291,DB01041
D010291,DB00273
D010291,DB00302
D010291,DB00755
D010291,DB00313
D010291,DB00570
D010291,DB00541
D010291,DB00943
D010292,DB00819
D010292,DB00918
D010292,DB00915
D010292,DB01143
D010292,DB01118
D010292,DB00321
D010292,DB00993
D010292,DB00290
D010292,DB00188
D010292,DB00297
D010292,DB01156
D010292,DB00490
D010292,DB01101
D010292,DB06774
D010292,DB00564
D010292,DB00262
D010292,DB00537
D010292,DB00515
D010292,DB00215
D010292,DB00575
D010292,DB00907
D010292,DB00531
D010292,DB00091
D010292,DB00987
D010292,DB00694
D010292,DB01234
D010292,DB01093
D010292,DB00975
D010292,DB00280
D010292,DB00822
D010292,DB00841
D010292,DB01248
D010292,DB00997
D010292,DB00584
D010292,DB00668
D010292,DB00445
D010292,DB00696
D010292,DB00330
D010292,DB00773
D010292,DB01195
D010292,DB00544
D010292,DB00472
D010292,DB00529
D010292,DB01320
D010292,DB00695
D010292,DB00996
D010292,DB00441
D010292,DB00400
D010292,DB01181
D010292,DB00762
D010292,DB00951
D010292,DB01167
D010292,DB01221
D010292,DB00598
D010292,DB00709
D010292,DB00448
D010292,DB00367
D010292,DB00281
D010292,DB00227
D010292,DB00653
D010292,DB00358
D010292,DB00961
D010292,DB00703
D010292,DB00563
D010292,DB00959
D010292,DB00264
D010292,DB00916
D010292,DB00211
D010292,DB00370
D010292,DB01183
D010292,DB00788
D010292,DB00627
D010292,DB01115
D010292,DB01595
D010292,DB00698
D010292,DB00338
D010292,DB01229
D010292,DB00715
D010292,DB00487
D010292,DB00652
D010292,DB00780
D010292,DB00830
D010292,DB00252
D010292,DB00175
D010292,DB00635
D010292,DB00750
D010292,DB00571
D010292,DB00165
D010292,DB01045
D010292,DB00740
D010292,DB00734
D010292,DB00296
D010292,DB01104
D010292,DB00641
D010292,DB00795
D010292,DB00263
D010292,DB00605
D010292,DB00669
D010292,DB00231
D010292,DB01041
D010292,DB01056
D010292,DB00755
D010292,DB00897
D010292,DB00313
D010292,DB00570
D010292,DB00541
D010292,DB00309
D010292,DB00361
D010292,DB00163
D010292,DB00682
D010292,DB00943
D010292,DB00495
D010292,DB00909
D010300,DB00915
D010300,DB00182
D010300,DB00714
D010300,DB00673
D010300,DB00637
D010300,DB12783
D010300,DB00810
D010300,DB01200
D010300,DB00248
D010300,DB00201
D010300,DB00190
D010300,DB00568
D010300,DB01068
D010300,DB00363
D010300,DB09130
D010300,DB01151
D010300,DB12161
D010300,DB00829
D010300,DB01184
D010300,DB00988
D010300,DB00494
D010300,DB00783
D010300,DB09086
D010300,DB00687
D010300,DB00996
D010300,DB03310
D010300,DB01592
D010300,DB11757
D010300,DB01026
D010300,DB01235
D010300,DB00589
D010300,DB14509
D010300,DB01065
D010300,DB00968
D010300,DB01233
D010300,DB01017
D010300,DB00370
D010300,DB00788
D010300,DB00435
D010300,DB01173
D010300,DB01229
D010300,DB00806
D010300,DB01186
D010300,DB04930
D010300,DB01132
D010300,DB00413
D010300,DB01032
D010300,DB00387
D010300,DB00392
D010300,DB00571
D010300,DB00165
D010300,DB01367
D010300,DB00206
D010300,DB00989
D010300,DB01656
D010300,DB00268
D010300,DB05271
D010300,DB06654
D010300,DB01037
D010300,DB00877
D010300,DB00624
D010300,DB00323
D010300,DB00752
D010300,DB00376
D010300,DB11915
D010300,DB01593
D010300,DB00909
D010302,DB00915
D010302,DB01118
D010302,DB06288
D010302,DB00381
D010302,DB00714
D010302,DB12783
D010302,DB00810
D010302,DB01558
D010302,DB00490
D010302,DB00248
D010302,DB00564
D010302,DB00190
D010302,DB11588
D010302,DB00477
D010302,DB01239
D010302,DB00501
D010302,DB00568
D010302,DB00604
D010302,DB00260
D010302,DB00987
D010302,DB00829
D010302,DB00343
D010302,DB01075
D010302,DB00997
D010302,DB00593
D010302,DB01276
D010302,DB00927
D010302,DB04841
D010302,DB00472
D010302,DB00623
D010302,DB00712
D010302,DB04842
D010302,DB00502
D010302,DB00224
D010302,DB00555
D010302,DB01235
D010302,DB14509
D010302,DB01065
D010302,DB00454
D010302,DB00563
D010302,DB01403
D010302,DB00968
D010302,DB01233
D010302,DB06148
D010302,DB01017
D010302,DB00184
D010302,DB01115
D010302,DB00585
D010302,DB00540
D010302,DB00334
D010302,DB01173
D010302,DB00776
D010302,DB01626
D010302,DB00715
D010302,DB00008
D010302,DB00850
D010302,DB00780
D010302,DB00252
D010302,DB00433
D010302,DB00387
D010302,DB00165
D010302,DB00206
D010302,DB00811
D010302,DB00734
D010302,DB00503
D010302,DB06335
D010302,DB01104
D010302,DB00391
D010302,DB00382
D010302,DB04844
D010302,DB00679
D010302,DB00656
D010302,DB00831
D010302,DB00376
D010302,DB00313
D010302,DB00661
D010302,DB00541
D020734,DB00915
D020734,DB01118
D020734,DB00321
D020734,DB00381
D020734,DB00543
D020734,DB00714
D020734,DB01238
D020734,DB00181
D020734,DB12783
D020734,DB00810
D020734,DB01200
D020734,DB01222
D020734,DB01156
D020734,DB00490
D020734,DB00248
D020734,DB00190
D020734,DB00477
D020734,DB00215
D020734,DB01068
D020734,DB00575
D020734,DB00363
D020734,DB00148
D020734,DB11672
D020734,DB01119
D020734,DB00822
D020734,DB00843
D020734,DB00988
D020734,DB00494
D020734,DB00949
D020734,DB04841
D020734,DB00502
D020734,DB00328
D020734,DB11757
D020734,DB01026
D020734,DB01235
D020734,DB01601
D020734,DB01065
D020734,DB00699
D020734,DB00334
D020734,DB00715
D020734,DB01186
D020734,DB04930
D020734,DB00850
D020734,DB03255
D020734,DB01100
D020734,DB00413
D020734,DB01032
D020734,DB00721
D020734,DB00387
D020734,DB00392
D020734,DB01367
D020734,DB00206
D020734,DB06155
D020734,DB00734
D020734,DB00503
D020734,DB00989
D020734,DB00268
D020734,DB06654
D020734,DB01037
D020734,DB01104
D020734,DB04844
D020734,DB00372
D020734,DB00679
D020734,DB01623
D020734,DB00831
D020734,DB00376
D020734,DB00809
D020734,DB00313
D020734,DB00661
D020734,DB00495
D051302,DB00248
D051302,DB00328
D051302,DB00727
D010468,DB01576
D010468,DB00502
D010468,DB01221
D010468,DB00555
D010468,DB00589
D010468,DB00563
D010468,DB01403
D010468,DB01186
D010468,DB00206
D010468,DB00734
D059348,DB00321
D059348,DB00230
D059348,DB00165
D010523,DB06151
D010523,DB00459
D010523,DB01430
D010523,DB00915
D010523,DB01118
D010523,DB00321
D010523,DB00381
D010523,DB01169
D010523,DB00126
D010523,DB01076
D010523,DB00993
D010523,DB00443
D010523,DB01393
D010523,DB00290
D010523,DB00188
D010523,DB01101
D010523,DB06774
D010523,DB00564
D010523,DB00446
D010523,DB00608
D010523,DB00477
D010523,DB11136
D010523,DB00501
D010523,DB00537
D010523,DB00515
D010523,DB00242
D010523,DB01242
D010523,DB01394
D010523,DB09130
D010523,DB00531
D010523,DB00091
D010523,DB00987
D010523,DB00851
D010523,DB00250
D010523,DB00694
D010523,DB01151
D010523,DB01234
D010523,DB00829
D010523,DB00900
D010523,DB01093
D010523,DB01075
D010523,DB00280
D010523,DB00822
D010523,DB01248
D010523,DB00997
D010523,DB00625
D010523,DB00584
D010523,DB00696
D010523,DB00330
D010523,DB00898
D010523,DB00189
D010523,DB00773
D010523,DB01195
D010523,DB01073
D010523,DB00544
D010523,DB00158
D010523,DB00441
D010523,DB00143
D010523,DB00756
D010523,DB01611
D010523,DB01005
D010523,DB01181
D010523,DB00328
D010523,DB00677
D010523,DB00951
D010523,DB01167
D010523,DB04845
D010523,DB01172
D010523,DB01221
D010523,DB04398
D010523,DB00709
D010523,DB01097
D010523,DB00480
D010523,DB01235
D010523,DB00367
D010523,DB00281
D010523,DB14509
D010523,DB00227
D010523,DB00653
D010523,DB00772
D010523,DB01065
D010523,DB00331
D010523,DB00333
D010523,DB00563
D010523,DB00959
D010523,DB00247
D010523,DB00916
D010523,DB00648
D010523,DB00295
D010523,DB00788
D010523,DB01280
D010523,DB00220
D010523,DB00238
D010523,DB00627
D010523,DB00184
D010523,DB00698
D010523,DB00540
D010523,DB01165
D010523,DB01229
D010523,DB01337
D010523,DB00487
D010523,DB01074
D010523,DB00780
D010523,DB01174
D010523,DB03255
D010523,DB00252
D010523,DB00554
D010523,DB01263
D010523,DB00175
D010523,DB00860
D010523,DB00635
D010523,DB01035
D010523,DB00396
D010523,DB01182
D010523,DB00550
D010523,DB00165
D010523,DB00140
D010523,DB00641
D010523,DB00649
D010523,DB00428
D010523,DB00795
D010523,DB00605
D010523,DB00864
D010523,DB00444
D010523,DB01041
D010523,DB00152
D010523,DB00273
D010523,DB00755
D010523,DB00570
D010523,DB00541
D010523,DB00309
D010523,DB00361
D010523,DB00163
D010523,DB00582
D010523,DB00943
D010523,DB00495
D010523,DB01593
D020427,DB01337
D020427,DB00252
D020427,DB00428
D018458,DB01235
D018458,DB00563
D018458,DB00425
D010591,DB00996
D020795,DB01118
D020795,DB00987
D020795,DB00975
D020795,DB00450
D020795,DB01221
D020795,DB14509
D020795,DB01065
D020795,DB00698
D020795,DB00818
D020795,DB00953
D020795,DB00747
D020795,DB00795
D020795,DB00605
D020795,DB00669
D020795,DB00440
D020774,DB00472
D047748,DB00248
D047748,DB00648
D047748,DB06663
D010899,DB01200
D010899,DB00477
D010899,DB01234
D010899,DB01109
D010899,DB00883
D010899,DB00007
D010900,DB01200
D010900,DB01234
D010900,DB00255
D010900,DB04173
D010900,DB01592
D010900,DB00007
D010900,DB00834
D010900,DB00008
D010900,DB00811
D010900,DB00428
D010900,DB00795
D010911,DB01200
D010911,DB00248
D010911,DB00201
D010911,DB00255
D010911,DB01184
D010911,DB00783
D010911,DB00655
D010911,DB00916
D010911,DB00734
D010911,DB00675
D010911,DB00539
D010911,DB00313
D011007,DB01200
D016878,DB00675
D017285,DB00415
D017285,DB01076
D017285,DB00993
D017285,DB00482
D017285,DB00169
D017285,DB00501
D017285,DB00330
D017285,DB01039
D017285,DB00563
D017285,DB00959
D017285,DB01024
D017285,DB00652
D017285,DB00812
D017285,DB00252
D017285,DB00175
D017285,DB00860
D017285,DB00635
D017285,DB00641
D017285,DB00495
D011115,DB00459
D011115,DB01118
D011115,DB00389
D011115,DB00608
D011115,DB01239
D011115,DB00565
D011115,DB00515
D011115,DB01394
D011115,DB00987
D011115,DB00250
D011115,DB00822
D011115,DB01248
D011115,DB01142
D011115,DB00330
D011115,DB00898
D011115,DB01095
D011115,DB00677
D011115,DB00951
D011115,DB00982
D011115,DB01097
D011115,DB01202
D011115,DB14509
D011115,DB00227
D011115,DB00772
D011115,DB00358
D011115,DB00563
D011115,DB00959
D011115,DB00916
D011115,DB00698
D011115,DB01229
D011115,DB00252
D011115,DB00175
D011115,DB00635
D011115,DB00165
D011115,DB00641
D011115,DB00877
D011115,DB00649
D011115,DB01082
D011115,DB00428
D011115,DB00795
D011115,DB00864
D011115,DB01041
D011115,DB00152
D011115,DB00685
D011115,DB00541
D011115,DB00361
D011115,DB00163
D011129,DB00518
D011129,DB00321
D011129,DB01035
D011129,DB00541
D020277,DB00959
D020277,DB00230
D020277,DB01035
D020277,DB00864
D011128,DB00297
D011128,DB00720
D011128,DB00987
D011128,DB00822
D011128,DB01004
D011128,DB00281
D011128,DB00961
D011128,DB00563
D011128,DB00652
D011128,DB00721
D011128,DB09085
D011128,DB11094
D051299,DB00201
D051299,DB00277
D054038,DB00787
D054038,DB00290
D054038,DB00564
D054038,DB00515
D054038,DB00091
D054038,DB00987
D054038,DB01234
D054038,DB00544
D054038,DB00563
D054038,DB00959
D054038,DB01115
D054038,DB01229
D054038,DB00252
D054038,DB00398
D054038,DB00864
D054038,DB00570
D057774,DB00571
D054972,DB00612
D054972,DB00687
D054972,DB00678
D054972,DB00358
D054972,DB00571
D011218,DB00734
D017096,DB00877
D017096,DB00759
D015175,DB01200
D015175,DB00248
D015175,DB04839
D015175,DB00255
D015175,DB00783
D015175,DB00655
D015175,DB00898
D015175,DB01065
D015175,DB01186
D015175,DB00734
D015175,DB00624
D015175,DB00679
D020828,DB00987
D020828,DB00563
D011559,DB00819
D011559,DB00523
D011559,DB01118
D011559,DB00415
D011559,DB00443
D011559,DB01222
D011559,DB01212
D011559,DB00537
D011559,DB00987
D011559,DB01406
D011559,DB01234
D011559,DB01177
D011559,DB00328
D011559,DB00982
D011559,DB14509
D011559,DB00603
D011559,DB01357
D011559,DB01017
D011559,DB00648
D011559,DB00698
D011559,DB00727
D011559,DB00334
D011559,DB00715
D011559,DB00487
D011559,DB00252
D011559,DB00860
D011559,DB00635
D011559,DB00759
D011559,DB00273
D011559,DB00755
D011559,DB00313
D011559,DB00162
D011559,DB11094
D011559,DB00582
D011559,DB00682
D011595,DB00316
D011595,DB00819
D011595,DB00787
D011595,DB00321
D011595,DB00182
D011595,DB00714
D011595,DB01238
D011595,DB00810
D011595,DB00297
D011595,DB01156
D011595,DB00611
D011595,DB00564
D011595,DB00477
D011595,DB00501
D011595,DB01211
D011595,DB01242
D011595,DB01068
D011595,DB00575
D011595,DB00363
D011595,DB00907
D011595,DB00979
D011595,DB00633
D011595,DB00829
D011595,DB01075
D011595,DB00988
D011595,DB00450
D011595,DB00625
D011595,DB00668
D011595,DB01240
D011595,DB00292
D011595,DB00813
D011595,DB01205
D011595,DB01544
D011595,DB00623
D011595,DB00947
D011595,DB00502
D011595,DB00458
D011595,DB00753
D011595,DB01221
D011595,DB14509
D011595,DB00186
D011595,DB00934
D011595,DB00358
D011595,DB01043
D011595,DB01365
D011595,DB00333
D011595,DB01403
D011595,DB09241
D011595,DB00422
D011595,DB00959
D011595,DB00916
D011595,DB00379
D011595,DB00683
D011595,DB00370
D011595,DB00745
D011595,DB00295
D011595,DB00184
D011595,DB00325
D011595,DB00334
D011595,DB00904
D011595,DB00935
D011595,DB00715
D011595,DB00487
D011595,DB00850
D011595,DB00397
D011595,DB00252
D011595,DB00981
D011595,DB01132
D011595,DB00413
D011595,DB00457
D011595,DB00387
D011595,DB00818
D011595,DB00571
D011595,DB00863
D011595,DB00734
D011595,DB00747
D011595,DB01236
D011595,DB00359
D011595,DB01581
D011595,DB06147
D011595,DB00231
D011595,DB00277
D011595,DB00679
D011595,DB00273
D011595,DB00656
D011595,DB00897
D011595,DB00831
D011595,DB00376
D011595,DB00792
D011595,DB00313
D011595,DB00246
D011596,DB00915
D011596,DB00321
D011596,DB00921
D011596,DB00201
D011596,DB00477
D011596,DB00907
D011596,DB00829
D011596,DB00390
D011596,DB01075
D011596,DB00898
D011596,DB01205
D011596,DB00502
D011596,DB00982
D011596,DB01235
D011596,DB13872
D011596,DB00333
D011596,DB00422
D011596,DB00683
D011596,DB01017
D011596,DB00370
D011596,DB00295
D011596,DB01183
D011596,DB00715
D011596,DB00850
D011596,DB01174
D011596,DB00252
D011596,DB00981
D011596,DB00409
D011596,DB00747
D011596,DB00313
D011596,DB00495
D011596,DB00425
D011596,DB01198
D011681,DB00297
D011681,DB00907
D011681,DB01184
D011681,DB00333
D011681,DB00295
D011681,DB00747
D020146,DB00907
D020146,DB00397
D020146,DB00864
D052880,DB01602
D052880,DB01190
D052880,DB00828
D011782,DB00819
D011782,DB00182
D011782,DB00181
D011782,DB00443
D011782,DB00612
D011782,DB01136
D011782,DB00565
D011782,DB00907
D011782,DB01394
D011782,DB00987
D011782,DB01234
D011782,DB00586
D011782,DB00822
D011782,DB00470
D011782,DB00228
D011782,DB01039
D011782,DB00695
D011782,DB01159
D011782,DB01109
D011782,DB01050
D011782,DB00281
D011782,DB00653
D011782,DB00563
D011782,DB00959
D011782,DB00698
D011782,DB01337
D011782,DB01174
D011782,DB00421
D011782,DB00541
D020425,DB00652
D020425,DB00682
D011843,DB00321
D011843,DB00297
D011843,DB00564
D011843,DB00987
D011843,DB00813
D011843,DB00741
D011843,DB00281
D011843,DB00961
D011843,DB00563
D011843,DB00959
D012021,DB03128
D012021,DB01430
D012021,DB00572
D012021,DB00810
D012021,DB06774
D012021,DB01212
D012021,DB00608
D012021,DB00477
D012021,DB00215
D012021,DB01242
D012021,DB00575
D012021,DB00363
D012021,DB00907
D012021,DB01394
D012021,DB00531
D012021,DB01396
D012021,DB00822
D012021,DB00997
D012021,DB00696
D012021,DB00898
D012021,DB00813
D012021,DB01109
D012021,DB00328
D012021,DB01247
D012021,DB01172
D012021,DB14509
D012021,DB00657
D012021,DB00814
D012021,DB00454
D012021,DB00563
D012021,DB00968
D012021,DB00422
D012021,DB00247
D012021,DB00916
D012021,DB00683
D012021,DB00295
D012021,DB00184
D012021,DB01115
D012021,DB00698
D012021,DB00338
D012021,DB01229
D012021,DB01337
D012021,DB00715
D012021,DB00312
D012021,DB00780
D012021,DB01174
D012021,DB00925
D012021,DB00252
D012021,DB06809
D012021,DB00818
D012021,DB00571
D012021,DB00550
D012021,DB00863
D012021,DB00206
D012021,DB00747
D012021,DB00428
D012021,DB00675
D012021,DB01041
D012021,DB00656
D012021,DB00313
D012021,DB00570
D012021,DB00541
D012021,DB00309
D012021,DB00162
D012021,DB00163
D012021,DB01392
D012019,DB00297
D012019,DB00136
D012019,DB00575
D012019,DB00907
D012019,DB00668
D012019,DB00696
D012019,DB00609
D012019,DB00996
D012019,DB01170
D012019,DB00951
D012019,DB01221
D012019,DB00281
D012019,DB00333
D012019,DB01115
D012019,DB08439
D012019,DB01174
D012019,DB00635
D012019,DB00418
D012019,DB00877
D012035,DB01083
D020187,DB00564
D020187,DB01242
D020187,DB01068
D020187,DB00363
D020187,DB00472
D020187,DB00176
D020187,DB00715
D020187,DB01104
D020187,DB00425
D012133,DB00181
D012133,DB00297
D012133,DB01164
D012133,DB00668
D012133,DB00281
D012133,DB00772
D012133,DB00961
D012133,DB01183
D012133,DB01400
D012133,DB01337
D012133,DB00312
D012133,DB01035
D012133,DB01082
D012133,DB01041
D012133,DB00277
D012133,DB00599
D012133,DB00541
D012148,DB01156
D012148,DB00248
D012148,DB00201
D012148,DB00215
D012148,DB01190
D012148,DB00363
D012148,DB00514
D012148,DB00647
D012148,DB00472
D012148,DB00996
D012148,DB01592
D012148,DB01235
D012148,DB00653
D012148,DB01403
D012148,DB00370
D012148,DB00334
D012148,DB00776
D012148,DB00497
D012148,DB00715
D012148,DB01186
D012148,DB00413
D012148,DB00230
D012148,DB00571
D012148,DB00268
D012148,DB05271
D012148,DB01104
D012148,DB00273
D012148,DB00193
D012202,DB00586
D012202,DB00313
D020225,DB00819
D020225,DB00513
D020225,DB00564
D020225,DB00985
D020225,DB01109
D020225,DB00563
D020225,DB08804
D020225,DB00669
D055948,DB01101
D055948,DB01234
D012585,DB00328
D012585,DB00784
D012585,DB01403
D012585,DB00959
D012585,DB00295
D020426,DB04115
D020426,DB00188
D020426,DB00921
D020426,DB00515
D020426,DB01065
D020426,DB01229
D020426,DB00738
D020426,DB00652
D020426,DB00498
D020426,DB00230
D020426,DB00541
D020426,DB00682
D012607,DB00608
D012607,DB00907
D012607,DB00746
D012607,DB00822
D012607,DB01364
D012607,DB00668
D012607,DB00330
D012607,DB00158
D012607,DB05260
D012607,DB01109
D012607,DB01611
D012607,DB01029
D012607,DB00951
D012607,DB00465
D012607,DB00563
D012607,DB01229
D012608,DB09130
D012608,DB00435
D012608,DB01593
D012640,DB00316
D012640,DB00819
D012640,DB03128
D012640,DB06151
D012640,DB00787
D012640,DB00640
D012640,DB00518
D012640,DB01001
D012640,DB00802
D012640,DB00918
D012640,DB00404
D012640,DB00915
D012640,DB00479
D012640,DB00594
D012640,DB00513
D012640,DB00855
D012640,DB01223
D012640,DB01118
D012640,DB00321
D012640,DB01351
D012640,DB00543
D012640,DB01060
D012640,DB00182
D012640,DB00415
D012640,DB00714
D012640,DB01238
D012640,DB00126
D012640,DB00335
D012640,DB01076
D012640,DB09059
D012640,DB00572
D012640,DB09121
D012640,DB00993
D012640,DB00972
D012640,DB00355
D012640,DB00181
D012640,DB13746
D012640,DB00810
D012640,DB00290
D012640,DB01558
D012640,DB01200
D012640,DB00297
D012640,DB00921
D012640,DB01156
D012640,DB00490
D012640,DB00201
D012640,DB01164
D012640,DB01744
D012640,DB09061
D012640,DB06774
D012640,DB00564
D012640,DB00578
D012640,DB00190
D012640,DB00262
D012640,DB01327
D012640,DB01413
D012640,DB00493
D012640,DB01150
D012640,DB00438
D012640,DB01212
D012640,DB00482
D012640,DB00403
D012640,DB00341
D012640,DB00475
D012640,DB01161
D012640,DB00608
D012640,DB01114
D012640,DB00477
D012640,DB00501
D012640,DB00568
D012640,DB00827
D012640,DB00537
D012640,DB00515
D012640,DB00215
D012640,DB01211
D012640,DB01190
D012640,DB00349
D012640,DB01242
D012640,DB01068
D012640,DB00575
D012640,DB00363
D012640,DB00907
D012640,DB00318
D012640,DB01394
D012640,DB09130
D012640,DB09131
D012640,DB11672
D012640,DB00979
D012640,DB00531
D012640,DB00260
D012640,DB00091
D012640,DB00606
D012640,DB00434
D012640,DB00987
D012640,DB00970
D012640,DB01219
D012640,DB00250
D012640,DB00694
D012640,DB01245
D012640,DB00746
D012640,DB01189
D012640,DB01151
D012640,DB01234
D012640,DB01576
D012640,DB00514
D012640,DB00829
D012640,DB00586
D012640,DB01396
D012640,DB00390
D012640,DB00343
D012640,DB01093
D012640,DB12789
D012640,DB00917
D012640,DB01075
D012640,DB00280
D012640,DB00822
D012640,DB00841
D012640,DB00843
D012640,DB00988
D012640,DB01142
D012640,DB00470
D012640,DB00450
D012640,DB06262
D012640,DB00584
D012640,DB00228
D012640,DB00467
D012640,DB01364
D012640,DB00668
D012640,DB00696
D012640,DB00199
D012640,DB09119
D012640,DB00783
D012640,DB00898
D012640,DB00593
D012640,DB00292
D012640,DB00773
D012640,DB04953
D012640,DB00927
D012640,DB00949
D012640,DB01023
D012640,DB00574
D012640,DB01039
D012640,DB01288
D012640,DB00813
D012640,DB00950
D012640,DB01195
D012640,DB00196
D012640,DB01205
D012640,DB04841
D012640,DB01544
D012640,DB00693
D012640,DB00544
D012640,DB00472
D012640,DB00623
D012640,DB00690
D012640,DB00499
D012640,DB01095
D012640,DB00176
D012640,DB00158
D012640,DB00529
D012640,DB00828
D012640,DB00492
D012640,DB01320
D012640,DB00996
D012640,DB00674
D012640,DB00483
D012640,DB02530
D012640,DB05087
D012640,DB01004
D012640,DB00441
D012640,DB08964
D012640,DB00143
D012640,DB01437
D012640,DB01016
D012640,DB00502
D012640,DB01159
D012640,DB01109
D012640,DB05381
D012640,DB04864
D012640,DB01275
D012640,DB00741
D012640,DB00327
D012640,DB01611
D012640,DB00557
D012640,DB01050
D012640,DB01181
D012640,DB01598
D012640,DB00458
D012640,DB00328
D012640,DB00753
D012640,DB00677
D012640,DB00951
D012640,DB01221
D012640,DB01026
D012640,DB01009
D012640,DB00920
D012640,DB04398
D012640,DB00555
D012640,DB01006
D012640,DB00848
D012640,DB01202
D012640,DB01002
D012640,DB01235
D012640,DB00281
D012640,DB00589
D012640,DB14509
D012640,DB00978
D012640,DB00836
D012640,DB00186
D012640,DB00408
D012640,DB09212
D012640,DB00653
D012640,DB00934
D012640,DB00657
D012640,DB00939
D012640,DB00784
D012640,DB00358
D012640,DB01065
D012640,DB01043
D012640,DB00454
D012640,DB01365
D012640,DB00961
D012640,DB00371
D012640,DB01033
D012640,DB00760
D012640,DB00933
D012640,DB13520
D012640,DB00331
D012640,DB00763
D012640,DB00134
D012640,DB00423
D012640,DB00474
D012640,DB00563
D012640,DB01403
D012640,DB00723
D012640,DB05246
D012640,DB00968
D012640,DB00422
D012640,DB00959
D012640,DB01233
D012640,DB00524
D012640,DB00916
D012640,DB01011
D012640,DB00379
D012640,DB06148
D012640,DB01110
D012640,DB00683
D012640,DB00834
D012640,DB00745
D012640,DB00295
D012640,DB00607
D012640,DB01183
D012640,DB00704
D012640,DB00220
D012640,DB01400
D012640,DB00184
D012640,DB01115
D012640,DB04743
D012640,DB00393
D012640,DB01595
D012640,DB01054
D012640,DB00435
D012640,DB00727
D012640,DB00325
D012640,DB00585
D012640,DB04821
D012640,DB00368
D012640,DB01059
D012640,DB00540
D012640,DB01165
D012640,DB00334
D012640,DB00338
D012640,DB00904
D012640,DB01092
D012640,DB00713
D012640,DB00621
D012640,DB00842
D012640,DB00776
D012640,DB01062
D012640,DB00497
D012640,DB09140
D012640,DB00935
D012640,DB00107
D012640,DB01229
D012640,DB01337
D012640,DB01626
D012640,DB00715
D012640,DB00487
D012640,DB00652
D012640,DB00312
D012640,DB00806
D012640,DB08883
D012640,DB01186
D012640,DB04930
D012640,DB00850
D012640,DB01121
D012640,DB00780
D012640,DB00914
D012640,DB01620
D012640,DB01174
D012640,DB00692
D012640,DB00812
D012640,DB00388
D012640,DB00397
D012640,DB00252
D012640,DB00981
D012640,DB01085
D012640,DB01100
D012640,DB00319
D012640,DB00670
D012640,DB00761
D012640,DB00733
D012640,DB00457
D012640,DB00635
D012640,DB00230
D012640,DB00750
D012640,DB00794
D012640,DB00721
D012640,DB00433
D012640,DB00387
D012640,DB00392
D012640,DB00396
D012640,DB01069
D012640,DB00818
D012640,DB00571
D012640,DB01839
D012640,DB00550
D012640,DB00852
D012640,DB00114
D012640,DB00165
D012640,DB00205
D012640,DB00468
D012640,DB00863
D012640,DB00899
D012640,DB00206
D012640,DB00740
D012640,DB00478
D012640,DB06155
D012640,DB00734
D012640,DB00533
D012640,DB00296
D012640,DB06201
D012640,DB00936
D012640,DB00747
D012640,DB00418
D012640,DB01037
D012640,DB01104
D012640,DB01236
D012640,DB00877
D012640,DB09072
D012640,DB01208
D012640,DB00421
D012640,DB09118
D012640,DB00202
D012640,DB00708
D012640,DB01299
D012640,DB00795
D012640,DB00263
D012640,DB00605
D012640,DB00391
D012640,DB00382
D012640,DB00864
D012640,DB00675
D012640,DB00706
D012640,DB01956
D012640,DB09256
D012640,DB00871
D012640,DB09085
D012640,DB00277
D012640,DB00152
D012640,DB01154
D012640,DB00599
D012640,DB00679
D012640,DB00906
D012640,DB00697
D012640,DB01056
D012640,DB00273
D012640,DB00193
D012640,DB00302
D012640,DB00752
D012640,DB00656
D012640,DB00897
D012640,DB00831
D012640,DB00376
D012640,DB00347
D012640,DB00726
D012640,DB00792
D012640,DB01199
D012640,DB00313
D012640,DB00661
D012640,DB01080
D012640,DB00570
D012640,DB00541
D012640,DB00682
D012640,DB01392
D012640,DB00962
D012640,DB00495
D012640,DB01593
D012640,DB00246
D012640,DB00425
D012640,DB00909
D003294,DB00564
D003294,DB00829
D003294,DB01595
D003294,DB00435
D003294,DB01174
D003294,DB00252
D003294,DB00794
D003294,DB00313
D012678,DB00188
D012678,DB00297
D012678,DB06774
D012678,DB00515
D012678,DB00907
D012678,DB00531
D012678,DB00987
D012678,DB00343
D012678,DB00584
D012678,DB00813
D012678,DB00472
D012678,DB00848
D012678,DB00281
D012678,DB14123
D012678,DB00563
D012678,DB00264
D012678,DB01229
D012678,DB00708
D012678,DB00541
D012791,DB00687
D012791,DB01235
D012851,DB01406
D012851,DB00304
D012851,DB00783
D012851,DB00294
D012851,DB00158
D012851,DB01109
D012851,DB01177
D012851,DB01033
D012851,DB08804
D012851,DB00396
D012851,DB00675
D012851,DB01041
D012851,DB00302
D012851,DB00755
D012851,DB00682
D020182,DB00819
D020182,DB00633
D020182,DB00333
D020182,DB00295
D020182,DB01092
D020182,DB01069
D020181,DB00439
D020181,DB01068
D020181,DB00584
D020181,DB00471
D020181,DB00295
D020181,DB01174
D020181,DB00981
D020181,DB01069
D020181,DB00421
D020181,DB00624
D020181,DB13944
D020181,DB00744
D012891,DB00318
D012891,DB00690
D012891,DB13867
D012891,DB00370
D012891,DB00388
D012891,DB00981
D012891,DB01069
D012891,DB00202
D020186,DB01200
D020186,DB00490
D020186,DB00215
D020186,DB00472
D020186,DB00996
D020186,DB01235
D020186,DB00422
D020186,DB00715
D020186,DB01104
D012892,DB00297
D012892,DB00201
D012892,DB00907
D012892,DB01576
D012892,DB00668
D012892,DB00458
D012892,DB00745
D012892,DB00295
D012892,DB00656
D020178,DB00502
D020178,DB01065
D020178,DB00780
D020178,DB00752
D020919,DB00502
D020919,DB00334
D007319,DB00787
D007319,DB00404
D007319,DB06288
D007319,DB00321
D007319,DB00714
D007319,DB01238
D007319,DB00335
D007319,DB00810
D007319,DB01200
D007319,DB01156
D007319,DB00490
D007319,DB00201
D007319,DB00341
D007319,DB00477
D007319,DB00215
D007319,DB01211
D007319,DB01242
D007319,DB01068
D007319,DB00575
D007319,DB00907
D007319,DB01406
D007319,DB00250
D007319,DB01151
D007319,DB00304
D007319,DB01234
D007319,DB01191
D007319,DB01576
D007319,DB00514
D007319,DB00829
D007319,DB00937
D007319,DB00343
D007319,DB01075
D007319,DB01142
D007319,DB00625
D007319,DB01215
D007319,DB00783
D007319,DB00402
D007319,DB00574
D007319,DB01544
D007319,DB00472
D007319,DB00690
D007319,DB00176
D007319,DB00502
D007319,DB00458
D007319,DB01247
D007319,DB00555
D007319,DB00007
D007319,DB01235
D007319,DB14509
D007319,DB00186
D007319,DB13872
D007319,DB00227
D007319,DB00579
D007319,DB00358
D007319,DB01065
D007319,DB01365
D007319,DB00333
D007319,DB00563
D007319,DB01403
D007319,DB00422
D007319,DB01233
D007319,DB00916
D007319,DB00379
D007319,DB00683
D007319,DB04896
D007319,DB01017
D007319,DB00370
D007319,DB01171
D007319,DB06230
D007319,DB00704
D007319,DB00184
D007319,DB00540
D007319,DB01165
D007319,DB00334
D007319,DB01250
D007319,DB00935
D007319,DB01192
D007319,DB00715
D007319,DB00022
D007319,DB01186
D007319,DB00850
D007319,DB00780
D007319,DB00191
D007319,DB01324
D007319,DB00860
D007319,DB00635
D007319,DB01035
D007319,DB00571
D007319,DB01589
D007319,DB00980
D007319,DB00234
D007319,DB00734
D007319,DB00268
D007319,DB01037
D007319,DB06144
D007319,DB01104
D007319,DB01105
D007319,DB01348
D007319,DB00864
D007319,DB00675
D007319,DB00231
D007319,DB04844
D007319,DB01041
D007319,DB00679
D007319,DB00752
D007319,DB00656
D007319,DB00897
D007319,DB00831
D007319,DB00313
D007319,DB00962
D007319,DB00495
D007319,DB00425
D007319,DB01198
D012893,DB00819
D012893,DB00404
D012893,DB00915
D012893,DB00357
D012893,DB01118
D012893,DB00321
D012893,DB00182
D012893,DB09274
D012893,DB00335
D012893,DB00612
D012893,DB01200
D012893,DB01222
D012893,DB00921
D012893,DB01156
D012893,DB00201
D012893,DB00564
D012893,DB01136
D012893,DB00608
D012893,DB00537
D012893,DB00515
D012893,DB00215
D012893,DB01211
D012893,DB01242
D012893,DB01068
D012893,DB00575
D012893,DB00363
D012893,DB00907
D012893,DB00531
D012893,DB01151
D012893,DB01234
D012893,DB01576
D012893,DB00514
D012893,DB00843
D012893,DB01142
D012893,DB00824
D012893,DB00574
D012893,DB01544
D012893,DB00472
D012893,DB00623
D012893,DB00690
D012893,DB00176
D012893,DB00327
D012893,DB00808
D012893,DB00328
D012893,DB00951
D012893,DB01235
D012893,DB00722
D012893,DB14509
D012893,DB00455
D012893,DB00227
D012893,DB00358
D012893,DB01065
D012893,DB01043
D012893,DB00371
D012893,DB00333
D012893,DB00563
D012893,DB00968
D012893,DB00422
D012893,DB00959
D012893,DB00264
D012893,DB00683
D012893,DB00745
D012893,DB00295
D012893,DB01149
D012893,DB00184
D012893,DB01115
D012893,DB01595
D012893,DB00540
D012893,DB01165
D012893,DB01229
D012893,DB01186
D012893,DB00780
D012893,DB01174
D012893,DB00397
D012893,DB00252
D012893,DB00960
D012893,DB00818
D012893,DB00571
D012893,DB01589
D012893,DB00899
D012893,DB00206
D012893,DB00734
D012893,DB01236
D012893,DB00641
D012893,DB00675
D012893,DB00231
D012893,DB00277
D012893,DB00373
D012893,DB00656
D012893,DB00897
D012893,DB00313
D012893,DB11094
D012893,DB00425
D020922,DB00413
D020922,DB00468
D020922,DB00268
D058496,DB00734
D020886,DB00321
D020886,DB01248
D020886,DB00696
D020886,DB00996
D020886,DB01159
D020886,DB00458
D020886,DB01235
D020886,DB00247
D020886,DB00994
D020886,DB01229
D020886,DB01337
D020886,DB00541
D013009,DB00321
D013009,DB01351
D013009,DB01156
D013009,DB00477
D013009,DB01239
D013009,DB00537
D013009,DB00829
D013009,DB01075
D013009,DB00189
D013009,DB14509
D013009,DB00934
D013009,DB00422
D013009,DB00264
D013009,DB00334
D013009,DB00842
D013009,DB00715
D013009,DB00850
D013009,DB00344
D013009,DB00734
D013009,DB00418
D013009,DB00231
D013009,DB00679
D013009,DB00897
D013009,DB00425
D013035,DB03128
D013035,DB01001
D013035,DB00404
D013035,DB01616
D013035,DB01223
D013035,DB00181
D013035,DB01164
D013035,DB00403
D013035,DB01161
D013035,DB00477
D013035,DB00356
D013035,DB00907
D013035,DB00318
D013035,DB00924
D013035,DB01219
D013035,DB01234
D013035,DB00829
D013035,DB00343
D013035,DB01075
D013035,DB00696
D013035,DB09086
D013035,DB00813
D013035,DB04841
D013035,DB00544
D013035,DB00529
D013035,DB00040
D013035,DB01170
D013035,DB01109
D013035,DB00753
D013035,DB01221
D013035,DB00281
D013035,DB14509
D013035,DB00408
D013035,DB00784
D013035,DB01043
D013035,DB00454
D013035,DB00961
D013035,DB00333
D013035,DB01233
D013035,DB06148
D013035,DB00295
D013035,DB00844
D013035,DB01183
D013035,DB00788
D013035,DB01400
D013035,DB00184
D013035,DB01115
D013035,DB00727
D013035,DB00368
D013035,DB00904
D013035,DB00107
D013035,DB01113
D013035,DB00312
D013035,DB04930
D013035,DB00850
D013035,DB00780
D013035,DB00692
D013035,DB01085
D013035,DB00592
D013035,DB14500
D013035,DB00761
D013035,DB00750
D013035,DB00433
D013035,DB00818
D013035,DB00202
D013035,DB00708
D013035,DB00277
D013035,DB00599
D013035,DB00797
D013035,DB00376
D013036,DB00443
D013036,DB00349
D013036,DB01068
D013036,DB01234
D013036,DB00997
D013036,DB00920
D013036,DB01174
D013036,DB00635
D013036,DB00794
D013036,DB00277
D013036,DB00313
D013036,DB01080
D013064,DB00404
D013064,DB00321
D013064,DB00564
D013064,DB00501
D013064,DB00215
D013064,DB01242
D013064,DB01068
D013064,DB00363
D013064,DB00907
D013064,DB00746
D013064,DB00514
D013064,DB00829
D013064,DB00985
D013064,DB01075
D013064,DB00822
D013064,DB01248
D013064,DB00199
D013064,DB01221
D013064,DB01235
D013064,DB00281
D013064,DB14509
D013064,DB00186
D013064,DB00934
D013064,DB00333
D013064,DB00763
D013064,DB00563
D013064,DB01403
D013064,DB00422
D013064,DB01233
D013064,DB00916
D013064,DB00295
D013064,DB01595
D013064,DB00727
D013064,DB00334
D013064,DB00776
D013064,DB00850
D013064,DB01174
D013064,DB00252
D013064,DB00981
D013064,DB00794
D013064,DB00433
D013064,DB01129
D013064,DB00864
D013064,DB00372
D013064,DB01623
D013064,DB00313
D016137,DB00122
D016137,DB00184
D016137,DB00755
D016137,DB00313
D016137,DB00162
D016136,DB00134
D016136,DB00313
D013117,DB01185
D013117,DB01109
D013117,DB00281
D013117,DB00959
D013117,DB00295
D013117,DB00184
D013117,DB00860
D013117,DB09085
D013117,DB00620
D013117,DB00682
D013118,DB04115
D013118,DB00443
D013118,DB00188
D013118,DB00297
D013118,DB00262
D013118,DB11386
D013118,DB01161
D013118,DB00515
D013118,DB00575
D013118,DB09130
D013118,DB00531
D013118,DB00987
D013118,DB01234
D013118,DB00829
D013118,DB00997
D013118,DB00450
D013118,DB00158
D013118,DB00756
D013118,DB01167
D013118,DB00709
D013118,DB00281
D013118,DB00333
D013118,DB00134
D013118,DB00563
D013118,DB00959
D013118,DB00295
D013118,DB00435
D013118,DB01229
D013118,DB00860
D013118,DB00296
D013118,DB00649
D013118,DB00313
D013118,DB00661
D013118,DB00361
D013118,DB00682
D013118,DB00495
D013119,DB01076
D013119,DB00181
D013119,DB00297
D013119,DB09061
D013119,DB00813
D013119,DB00328
D013119,DB00281
D013119,DB00959
D013119,DB01017
D013119,DB00471
D013119,DB01183
D013119,DB09140
D013119,DB00396
D013119,DB00296
D013119,DB00412
D013119,DB00641
D013119,DB00675
D013119,DB00277
D013119,DB00744
D020760,DB00335
D020760,DB00758
D020760,DB00907
D020760,DB00492
D020760,DB01109
D020760,DB01275
D020760,DB01115
D020760,DB00275
D020760,DB09140
D013120,DB00541
D020758,DB00682
D016135,DB00564
D016135,DB00242
D016135,DB00158
D016135,DB01592
D016135,DB00333
D016135,DB00627
D016135,DB00252
D016135,DB00794
D016135,DB00755
D016135,DB00313
D016135,DB00162
D020754,DB00996
D020754,DB00230
D013132,DB00252
D013132,DB00981
D013132,DB00864
D013226,DB01048
D013226,DB00316
D013226,DB03128
D013226,DB06151
D013226,DB00518
D013226,DB00404
D013226,DB00594
D013226,DB01223
D013226,DB00321
D013226,DB00381
D013226,DB00543
D013226,DB00182
D013226,DB08799
D013226,DB00714
D013226,DB00126
D013226,DB00572
D013226,DB01061
D013226,DB00181
D013226,DB01156
D013226,DB00564
D013226,DB01413
D013226,DB00493
D013226,DB00438
D013226,DB01212
D013226,DB00608
D013226,DB00477
D013226,DB00122
D013226,DB00501
D013226,DB00537
D013226,DB00215
D013226,DB01211
D013226,DB01242
D013226,DB01068
D013226,DB00575
D013226,DB00907
D013226,DB00531
D013226,DB00091
D013226,DB00829
D013226,DB00988
D013226,DB00330
D013226,DB00292
D013226,DB00949
D013226,DB00574
D013226,DB01039
D013226,DB01216
D013226,DB01205
D013226,DB04841
D013226,DB00693
D013226,DB00472
D013226,DB01320
D013226,DB02530
D013226,DB01044
D013226,DB00143
D013226,DB00502
D013226,DB01159
D013226,DB01181
D013226,DB00328
D013226,DB00753
D013226,DB00677
D013226,DB00951
D013226,DB01221
D013226,DB00709
D013226,DB00555
D013226,DB01202
D013226,DB00281
D013226,DB14509
D013226,DB01601
D013226,DB00186
D013226,DB00934
D013226,DB00643
D013226,DB00474
D013226,DB00563
D013226,DB00683
D013226,DB00295
D013226,DB00435
D013226,DB00368
D013226,DB01165
D013226,DB00334
D013226,DB00776
D013226,DB00312
D013226,DB00780
D013226,DB01174
D013226,DB00252
D013226,DB00981
D013226,DB01085
D013226,DB00733
D013226,DB00396
D013226,DB00818
D013226,DB00165
D013226,DB00503
D013226,DB00747
D013226,DB00795
D013226,DB00864
D013226,DB00624
D013226,DB00277
D013226,DB00599
D013226,DB00906
D013226,DB00302
D013226,DB00831
D013226,DB00313
D013226,DB00661
D013226,DB01593
D013226,DB00909
D016750,DB00181
D016750,DB00982
D016750,DB00708
D013285,DB00297
D013285,DB00907
D013285,DB00677
D013285,DB00951
D013285,DB00281
D013285,DB01041
D013285,DB00313
D020955,DB01394
D020521,DB01418
D020521,DB00316
D020521,DB00819
D020521,DB00770
D020521,DB00182
D020521,DB00278
D020521,DB00126
D020521,DB01076
D020521,DB00195
D020521,DB00006
D020521,DB00188
D020521,DB01200
D020521,DB01156
D020521,DB00201
D020521,DB01136
D020521,DB00310
D020521,DB01166
D020521,DB00215
D020521,DB00758
D020521,DB00907
D020521,DB00318
D020521,DB01234
D020521,DB00586
D020521,DB00255
D020521,DB00343
D020521,DB00975
D020521,DB00822
D020521,DB00590
D020521,DB09075
D020521,DB00584
D020521,DB01240
D020521,DB00898
D020521,DB00158
D020521,DB00695
D020521,DB08964
D020521,DB01109
D020521,DB00999
D020521,DB00741
D020521,DB01005
D020521,DB01050
D020521,DB00270
D020521,DB00007
D020521,DB00367
D020521,DB00678
D020521,DB00603
D020521,DB01357
D020521,DB00331
D020521,DB00333
D020521,DB00563
D020521,DB01017
D020521,DB01183
D020521,DB00627
D020521,DB00184
D020521,DB01115
D020521,DB00393
D020521,DB01062
D020521,DB00715
D020521,DB00652
D020521,DB00806
D020521,DB00790
D020521,DB00397
D020521,DB14500
D020521,DB00175
D020521,DB00396
D020521,DB00782
D020521,DB00852
D020521,DB00881
D020521,DB00015
D020521,DB00140
D020521,DB00533
D020521,DB01105
D020521,DB00641
D020521,DB00669
D020521,DB00675
D020521,DB01041
D020521,DB09070
D020521,DB00208
D020521,DB00302
D020521,DB00752
D020521,DB00656
D020521,DB08814
D020521,DB00792
D020521,DB00661
D020521,DB00163
D020521,DB00682
D020521,DB04898
D053608,DB00414
D053608,DB00787
D053608,DB00321
D053608,DB00182
D053608,DB00572
D053608,DB00181
D053608,DB00564
D053608,DB01413
D053608,DB01112
D053608,DB00477
D053608,DB00501
D053608,DB01242
D053608,DB01068
D053608,DB00829
D053608,DB00822
D053608,DB00843
D053608,DB00898
D053608,DB00196
D053608,DB00623
D053608,DB00502
D053608,DB00458
D053608,DB01221
D053608,DB00186
D053608,DB00408
D053608,DB00653
D053608,DB00358
D053608,DB01065
D053608,DB00333
D053608,DB00563
D053608,DB01403
D053608,DB00295
D053608,DB01183
D053608,DB00312
D053608,DB00981
D053608,DB01069
D053608,DB00747
D053608,DB00795
D053608,DB00599
D053608,DB01607
D053608,DB00313
D053608,DB01080
D013341,DB01174
D013342,DB00477
D013342,DB00363
D013342,DB01151
D013342,DB00472
D013342,DB00623
D013342,DB00996
D013342,DB00422
D013342,DB00334
D013342,DB00734
D013342,DB00277
D013342,DB00831
D013342,DB00313
D013344,DB00811
D013345,DB00513
D013345,DB00182
D013345,DB00181
D013345,DB00559
D013345,DB00201
D013345,DB01166
D013345,DB00758
D013345,DB00907
D013345,DB01406
D013345,DB00746
D013345,DB01234
D013345,DB00975
D013345,DB00668
D013345,DB00898
D013345,DB00949
D013345,DB01109
D013345,DB00598
D013345,DB00235
D013345,DB00622
D013345,DB00184
D013345,DB00393
D013345,DB00727
D013345,DB00368
D013345,DB00935
D013345,DB00780
D013345,DB00388
D013345,DB00397
D013345,DB00252
D013345,DB00302
D013345,DB00752
D013345,DB00661
D013345,DB00682
D020206,DB01109
D013353,DB00415
D013353,DB00493
D013353,DB00446
D050798,DB00555
D050798,DB00776
D050798,DB00273
D013494,DB01118
D013494,DB04841
D013494,DB01235
D015173,DB00531
D015173,DB00541
D013547,DB00985
D013575,DB00918
D013575,DB00513
D013575,DB01118
D013575,DB00321
D013575,DB00381
D013575,DB00714
D013575,DB00335
D013575,DB00572
D013575,DB00436
D013575,DB00195
D013575,DB01200
D013575,DB00201
D013575,DB00564
D013575,DB00578
D013575,DB01150
D013575,DB00608
D013575,DB00477
D013575,DB01239
D013575,DB00537
D013575,DB00604
D013575,DB00215
D013575,DB01211
D013575,DB01068
D013575,DB00575
D013575,DB00758
D013575,DB00363
D013575,DB00907
D013575,DB00924
D013575,DB01151
D013575,DB00829
D013575,DB00975
D013575,DB00280
D013575,DB00841
D013575,DB00879
D013575,DB00584
D013575,DB00668
D013575,DB00187
D013575,DB00950
D013575,DB01195
D013575,DB00196
D013575,DB00687
D013575,DB00472
D013575,DB00695
D013575,DB00674
D013575,DB00502
D013575,DB00557
D013575,DB00808
D013575,DB01029
D013575,DB00883
D013575,DB01167
D013575,DB00598
D013575,DB01210
D013575,DB01235
D013575,DB00281
D013575,DB14509
D013575,DB00455
D013575,DB00678
D013575,DB00961
D013575,DB00371
D013575,DB00333
D013575,DB00968
D013575,DB01233
D013575,DB00264
D013575,DB00211
D013575,DB00238
D013575,DB00627
D013575,DB01115
D013575,DB00727
D013575,DB00325
D013575,DB00540
D013575,DB00334
D013575,DB01173
D013575,DB00935
D013575,DB00715
D013575,DB00738
D013575,DB00388
D013575,DB00397
D013575,DB00457
D013575,DB01599
D013575,DB00571
D013575,DB00852
D013575,DB00908
D013575,DB00468
D013575,DB00178
D013575,DB00863
D013575,DB00811
D013575,DB00734
D013575,DB00989
D013575,DB00489
D013575,DB00675
D013575,DB00966
D013575,DB00342
D013575,DB01041
D013575,DB00373
D013575,DB00656
D013575,DB00755
D013575,DB00313
D013575,DB00661
D019462,DB01200
D019462,DB00633
D019462,DB00668
D019462,DB00277
D000071057,DB09061
D000071057,DB00502
D000071057,DB11915
D013651,DB00819
D013651,DB00714
D013651,DB00972
D013651,DB00181
D013651,DB00564
D013651,DB01178
D013651,DB00537
D013651,DB01211
D013651,DB01190
D013651,DB00907
D013651,DB00250
D013651,DB00997
D013651,DB00584
D013651,DB01628
D013651,DB00544
D013651,DB06786
D013651,DB00999
D013651,DB00982
D013651,DB00709
D013651,DB00448
D013651,DB00281
D013651,DB14509
D013651,DB00763
D013651,DB00563
D013651,DB00916
D013651,DB00211
D013651,DB00238
D013651,DB01229
D013651,DB00213
D013651,DB00738
D013651,DB00812
D013651,DB00268
D013651,DB00857
D013651,DB00759
D013651,DB00495
D013651,DB01198
D024801,DB00518
D024801,DB00443
D024801,DB04540
D024801,DB00694
D024801,DB09241
D024801,DB01229
D018781,DB00321
D018781,DB00448
D018781,DB01065
D018781,DB00627
D018781,DB00780
D018781,DB00669
D018781,DB00313
D013746,DB00479
D013746,DB00626
D013746,DB01164
D013746,DB00343
D013746,DB00841
D013746,DB00529
D013746,DB00695
D013746,DB00448
D013746,DB00653
D013746,DB01233
D013746,DB00994
D013746,DB01115
D013746,DB01421
D013746,DB01174
D013746,DB00252
D013786,DB01080
D020429,DB00252
D013981,DB06288
D013981,DB01238
D013981,DB00201
D013981,DB00564
D013981,DB00215
D013981,DB01068
D013981,DB00575
D013981,DB00363
D013981,DB00907
D013981,DB01151
D013981,DB01576
D013981,DB00472
D013981,DB00176
D013981,DB01018
D013981,DB00502
D013981,DB01235
D013981,DB00422
D013981,DB01165
D013981,DB01186
D013981,DB00850
D013981,DB00413
D013981,DB00860
D013981,DB01367
D013981,DB00734
D013981,DB01104
D013981,DB00679
D013981,DB00313
D020323,DB00472
D020323,DB00502
D020323,DB00422
D020323,DB00704
D020323,DB00184
D020323,DB00540
D020323,DB00497
D020323,DB00715
D014012,DB00321
D014012,DB00207
D014012,DB09096
D014012,DB00297
D014012,DB01156
D014012,DB00389
D014012,DB00537
D014012,DB00515
D014012,DB01190
D014012,DB01242
D014012,DB00531
D014012,DB00746
D014012,DB01234
D014012,DB01142
D014012,DB00997
D014012,DB00668
D014012,DB00199
D014012,DB00452
D014012,DB00695
D014012,DB01050
D014012,DB00458
D014012,DB00709
D014012,DB00281
D014012,DB00603
D014012,DB00784
D014012,DB00358
D014012,DB00916
D014012,DB01017
D014012,DB00788
D014012,DB00994
D014012,DB00955
D014012,DB00238
D014012,DB00393
D014012,DB01229
D014012,DB00008
D014012,DB00022
D014012,DB00806
D014012,DB00780
D014012,DB00252
D014012,DB00635
D014012,DB00571
D014012,DB00550
D014012,DB00344
D014012,DB00468
D014012,DB00863
D014012,DB00811
D014012,DB00296
D014012,DB00936
D014012,DB00649
D014012,DB01082
D014012,DB00263
D014012,DB00669
D014012,DB00864
D014012,DB01056
D014012,DB00313
D014012,DB00661
D014012,DB00541
D014012,DB00361
D014012,DB00943
D015845,DB00653
D015845,DB00468
D005879,DB00915
D005879,DB01238
D005879,DB09061
D005879,DB00564
D005879,DB01242
D005879,DB01068
D005879,DB00575
D005879,DB12161
D005879,DB01576
D005879,DB00647
D005879,DB00470
D005879,DB00472
D005879,DB00176
D005879,DB00502
D005879,DB01202
D005879,DB00422
D005879,DB01183
D005879,DB00704
D005879,DB00184
D005879,DB00334
D005879,DB00497
D005879,DB01174
D005879,DB01100
D005879,DB00734
D005879,DB00747
D005879,DB04844
D005879,DB11915
D016781,DB01234
D016781,DB00205
D016781,DB00359
D014125,DB00860
D020196,DB00818
D014202,DB00819
D014202,DB00787
D014202,DB00640
D014202,DB01001
D014202,DB00915
D014202,DB01118
D014202,DB06288
D014202,DB00321
D014202,DB00714
D014202,DB00335
D014202,DB00572
D014202,DB13746
D014202,DB00810
D014202,DB01200
D014202,DB01156
D014202,DB00490
D014202,DB00201
D014202,DB00564
D014202,DB00190
D014202,DB00748
D014202,DB00438
D014202,DB00482
D014202,DB00477
D014202,DB00501
D014202,DB00568
D014202,DB00537
D014202,DB00215
D014202,DB01407
D014202,DB01242
D014202,DB01068
D014202,DB00575
D014202,DB00363
D014202,DB00907
D014202,DB09130
D014202,DB09131
D014202,DB00091
D014202,DB00434
D014202,DB00987
D014202,DB00970
D014202,DB00694
D014202,DB01151
D014202,DB00514
D014202,DB00829
D014202,DB01396
D014202,DB01075
D014202,DB00822
D014202,DB00841
D014202,DB00988
D014202,DB00997
D014202,DB00470
D014202,DB06262
D014202,DB00668
D014202,DB00199
D014202,DB00898
D014202,DB00593
D014202,DB00292
D014202,DB00949
D014202,DB01288
D014202,DB00813
D014202,DB00196
D014202,DB01205
D014202,DB04841
D014202,DB00472
D014202,DB00623
D014202,DB00176
D014202,DB00996
D014202,DB00674
D014202,DB00502
D014202,DB05381
D014202,DB01611
D014202,DB01598
D014202,DB00458
D014202,DB00328
D014202,DB00332
D014202,DB00753
D014202,DB00677
D014202,DB11757
D014202,DB01167
D014202,DB01221
D014202,DB01026
D014202,DB00598
D014202,DB00555
D014202,DB01202
D014202,DB01235
D014202,DB00589
D014202,DB14509
D014202,DB14507
D014202,DB00653
D014202,DB00934
D014202,DB00657
D014202,DB00603
D014202,DB01065
D014202,DB00814
D014202,DB01043
D014202,DB00454
D014202,DB00933
D014202,DB13520
D014202,DB00333
D014202,DB00703
D014202,DB00563
D014202,DB00968
D014202,DB00422
D014202,DB00959
D014202,DB01233
D014202,DB00264
D014202,DB00916
D014202,DB00379
D014202,DB06148
D014202,DB00683
D014202,DB01017
D014202,DB00648
D014202,DB01204
D014202,DB01203
D014202,DB01183
D014202,DB00704
D014202,DB01400
D014202,DB00184
D014202,DB00325
D014202,DB00585
D014202,DB00540
D014202,DB01165
D014202,DB00334
D014202,DB00904
D014202,DB00776
D014202,DB01580
D014202,DB00497
D014202,DB01626
D014202,DB00715
D014202,DB00487
D014202,DB00183
D014202,DB00652
D014202,DB00312
D014202,DB00806
D014202,DB01186
D014202,DB04930
D014202,DB00850
D014202,DB00780
D014202,DB01174
D014202,DB03255
D014202,DB00925
D014202,DB00397
D014202,DB00252
D014202,DB00981
D014202,DB01085
D014202,DB05316
D014202,DB01100
D014202,DB00960
D014202,DB00670
D014202,DB00554
D014202,DB14500
D014202,DB00457
D014202,DB00635
D014202,DB00230
D014202,DB00794
D014202,DB01035
D014202,DB00721
D014202,DB01366
D014202,DB00387
D014202,DB00392
D014202,DB00420
D014202,DB00818
D014202,DB00571
D014202,DB00344
D014202,DB00852
D014202,DB00409
D014202,DB00206
D014202,DB00734
D014202,DB00867
D014202,DB00989
D014202,DB00296
D014202,DB00747
D014202,DB01037
D014202,DB01104
D014202,DB00489
D014202,DB00708
D014202,DB00391
D014202,DB00382
D014202,DB00864
D014202,DB00675
D014202,DB00871
D014202,DB00342
D014202,DB01041
D014202,DB00277
D014202,DB00679
D014202,DB01623
D014202,DB00373
D014202,DB09536
D014202,DB00273
D014202,DB00752
D014202,DB00656
D014202,DB00831
D014202,DB00376
D014202,DB00809
D014202,DB00313
D014202,DB00661
D014202,DB00541
D014202,DB01392
D014202,DB01593
D014202,DB00909
D020433,DB00297
D020433,DB01156
D020433,DB00813
D020433,DB00358
D020433,DB00541
D014277,DB00181
D014277,DB01200
D014277,DB06774
D014277,DB00564
D014277,DB00390
D014277,DB01184
D014277,DB00996
D014277,DB00698
D014277,DB00776
D014277,DB03255
D014277,DB00252
D014277,DB00697
D014313,DB06288
D014313,DB01156
D014313,DB00829
D014313,DB01075
D014313,DB00813
D014313,DB00472
D014313,DB01159
D014313,DB00753
D014313,DB01221
D014313,DB01233
D014313,DB00379
D014313,DB01400
D014313,DB01337
D014313,DB00850
D014313,DB00818
D014313,DB01236
D014313,DB00202
D014313,DB00708
D020432,DB00996
D016862,DB01165
D020306,DB00330
D020306,DB00951
D020306,DB00339
D020306,DB01045
D020306,DB01082
D014390,DB00951
D014390,DB00339
D014390,DB01045
D014390,DB01082
D014402,DB01590
D014402,DB00877
D014402,DB06287
D014402,DB01080
D020176,DB00855
D020176,DB00564
D020176,DB00348
D020424,DB01017
D020424,DB00252
D014474,DB00802
D014474,DB00993
D014474,DB00181
D014474,DB00564
D014474,DB00395
D014474,DB00403
D014474,DB01239
D014474,DB00215
D014474,DB00575
D014474,DB00363
D014474,DB00907
D014474,DB00829
D014474,DB00586
D014474,DB00843
D014474,DB00668
D014474,DB00199
D014474,DB00898
D014474,DB00813
D014474,DB01205
D014474,DB08964
D014474,DB01221
D014474,DB14509
D014474,DB00836
D014474,DB00961
D014474,DB00331
D014474,DB00563
D014474,DB00524
D014474,DB00683
D014474,DB00834
D014474,DB00295
D014474,DB01183
D014474,DB00715
D014474,DB00312
D014474,DB00780
D014474,DB00981
D014474,DB00457
D014474,DB00750
D014474,DB00899
D014474,DB00864
D014474,DB00599
D014474,DB00193
D014474,DB00313
D014474,DB00661
D014474,DB01392
D020194,DB01202
D020194,DB00794
D020194,DB00273
D020194,DB00313
D020194,DB00909
D001750,DB00181
D001750,DB01019
D001750,DB00297
D001750,DB01043
D001750,DB00563
D001750,DB01438
D001750,DB00925
D001750,DB00252
D001750,DB00794
D001750,DB00313
D001750,DB00541
D014607,DB00572
D014607,DB00959
D014607,DB01024
D014607,DB00022
D014607,DB15566
D014607,DB00635
D014607,DB00811
D020421,DB00572
D020421,DB00541
D014653,DB00907
D014653,DB00247
D014653,DB00435
D014653,DB00397
D014653,DB00571
D020293,DB00182
D020293,DB00907
D020293,DB01234
D020293,DB00763
D020293,DB00422
D020293,DB09140
D020293,DB00397
D020293,DB00550
D020293,DB00864
D020301,DB00513
D020301,DB00182
D020301,DB00559
D020301,DB01200
D020301,DB00921
D020301,DB00349
D020301,DB00907
D020301,DB00987
D020301,DB01234
D020301,DB00633
D020301,DB01396
D020301,DB00841
D020301,DB00988
D020301,DB01240
D020301,DB00783
D020301,DB00502
D020301,DB01050
D020301,DB00328
D020301,DB00270
D020301,DB01065
D020301,DB00235
D020301,DB00622
D020301,DB00393
D020301,DB00325
D020301,DB09140
D020301,DB00935
D020301,DB01113
D020301,DB00925
D020301,DB00388
D020301,DB00252
D020301,DB00728
D020301,DB00661
D020301,DB00541
D014715,DB00819
D014715,DB00758
D014715,DB00907
D014715,DB00584
D014715,DB01109
D014715,DB00603
D014717,DB06736
D014717,DB01118
D014717,DB00637
D014717,DB00181
D014717,DB06698
D014717,DB00564
D014717,DB00578
D014717,DB00567
D014717,DB00475
D014717,DB00501
D014717,DB00568
D014717,DB00575
D014717,DB01234
D014717,DB00711
D014717,DB11273
D014717,DB13345
D014717,DB00985
D014717,DB00975
D014717,DB00696
D014717,DB04841
D014717,DB00544
D014717,DB00472
D014717,DB00452
D014717,DB00695
D014717,DB00327
D014717,DB01611
D014717,DB00328
D014717,DB00951
D014717,DB00982
D014717,DB01167
D014717,DB01221
D014717,DB00848
D014717,DB00281
D014717,DB14509
D014717,DB00737
D014717,DB00603
D014717,DB00358
D014717,DB00371
D014717,DB00563
D014717,DB00422
D014717,DB00247
D014717,DB01233
D014717,DB01011
D014717,DB00683
D014717,DB01017
D014717,DB00295
D014717,DB00486
D014717,DB00984
D014717,DB01115
D014717,DB00727
D014717,DB00497
D014717,DB06412
D014717,DB01229
D014717,DB00022
D014717,DB00652
D014717,DB00806
D014717,DB00252
D014717,DB00550
D014717,DB00811
D014717,DB00503
D014717,DB01082
D014717,DB00263
D014717,DB01041
D014717,DB00679
D014717,DB00208
D014717,DB00519
D014717,DB00943
D020338,DB00537
D020338,DB01050
D020338,DB00863
D000160,DB00994
D000160,DB00540
D000160,DB01113
D000160,DB01082
D014786,DB00915
D014786,DB01118
D014786,DB00321
D014786,DB00964
D014786,DB01238
D014786,DB00572
D014786,DB01200
D014786,DB00297
D014786,DB00564
D014786,DB00262
D014786,DB00482
D014786,DB00608
D014786,DB00537
D014786,DB00515
D014786,DB00215
D014786,DB01242
D014786,DB00575
D014786,DB00363
D014786,DB00907
D014786,DB01394
D014786,DB08865
D014786,DB00979
D014786,DB00531
D014786,DB00987
D014786,DB01219
D014786,DB00746
D014786,DB00514
D014786,DB00829
D014786,DB00711
D014786,DB00390
D014786,DB00280
D014786,DB00822
D014786,DB01364
D014786,DB00668
D014786,DB00330
D014786,DB01077
D014786,DB00749
D014786,DB01195
D014786,DB00544
D014786,DB00472
D014786,DB00623
D014786,DB01004
D014786,DB00441
D014786,DB00889
D014786,DB00756
D014786,DB11181
D014786,DB00327
D014786,DB00200
D014786,DB01611
D014786,DB01050
D014786,DB01181
D014786,DB00458
D014786,DB00332
D014786,DB00951
D014786,DB00982
D014786,DB01221
D014786,DB01235
D014786,DB00367
D014786,DB00281
D014786,DB14509
D014786,DB00186
D014786,DB00934
D014786,DB00358
D014786,DB01065
D014786,DB00331
D014786,DB00563
D014786,DB09241
D014786,DB00959
D014786,DB00916
D014786,DB00379
D014786,DB01017
D014786,DB00295
D014786,DB01149
D014786,DB00627
D014786,DB04743
D014786,DB00727
D014786,DB00540
D014786,DB00338
D014786,DB00904
D014786,DB00935
D014786,DB01229
D014786,DB00715
D014786,DB01186
D014786,DB00850
D014786,DB00252
D014786,DB01085
D014786,DB00733
D014786,DB00635
D014786,DB00908
D014786,DB00468
D014786,DB00533
D014786,DB00296
D014786,DB00747
D014786,DB01082
D014786,DB00605
D014786,DB00864
D014786,DB00675
D014786,DB00679
D014786,DB00193
D014786,DB00656
D014786,DB00376
D014786,DB00809
D014786,DB00580
D014786,DB00313
D014786,DB01080
D014786,DB00541
D014786,DB00162
D014786,DB00163
D014786,DB00582
D014786,DB00495
D014786,DB01198
D015354,DB00819
D015354,DB01118
D015354,DB00321
D015354,DB00262
D015354,DB00446
D015354,DB00746
D015354,DB01142
D015354,DB00668
D014826,DB01118
D014826,DB00297
D014826,DB00515
D014826,DB00822
D014826,DB01229
D014826,DB00252
D014826,DB00750
D014826,DB00599
D014826,DB00541
D014826,DB00361
D014832,DB01406
D014832,DB01075
D014832,DB01205
D014832,DB08804
D014832,DB00624
D014832,DB00541
D014832,DB00682
D014899,DB14509
D014899,DB00152
D014899,DB00839
D014899,DB00495
D014901,DB00143
D014901,DB01017
