Drug,Disease
DB00544,D007644
DB00926,D007644
DB00555,C535654
DB00949,C535654
DB01068,C535654
DB00104,D010911
DB01200,D010911
DB00190,D012148
DB00193,D012148
DB00230,D012148
DB00248,D012148
DB00268,D012148
DB00413,D012148
DB00497,D012148
DB00514,D012148
DB00564,D012148
DB00571,D012148
DB00575,D012148
DB00647,D012148
DB00653,D012148
DB00776,D012148
DB00996,D012148
DB01068,D012148
DB01104,D012148
DB01156,D012148
DB01186,D012148
DB01200,D012148
DB01235,D012148
DB03322,D012148
DB05271,D012148
DB15130,D012148
DB00282,D030981
DB00169,D031845
DB00282,D031845
DB00286,D031845
DB00399,D031845
DB00481,D031845
DB00603,D031845
DB00630,D031845
DB00710,D031845
DB00717,D031845
DB00783,D031845
DB00884,D031845
DB00977,D031845
DB00999,D031845
DB00712,D015845
DB00635,D000224
DB00687,D000224
DB00860,D000224
DB00331,C538052
DB00635,C538052
DB00834,C538052
DB01046,C538052
DB00165,D000437
DB00181,D000437
DB00186,D000437
DB00215,D000437
DB00230,D000437
DB00273,D000437
DB00285,D000437
DB00313,D000437
DB00334,D000437
DB00475,D000437
DB00575,D000437
DB00602,D000437
DB00657,D000437
DB00659,D000437
DB00704,D000437
DB00746,D000437
DB00776,D000437
DB00780,D000437
DB00822,D000437
DB00842,D000437
DB00904,D000437
DB00916,D000437
DB01183,D000437
DB01238,D000437
DB01273,D000437
DB02679,D000437
DB04017,D000437
DB06230,D000437
DB09116,D000437
DB12220,D000437
DB12537,D000437
DB00252,C537057
DB00313,C537057
DB00350,C537057
DB00421,C537057
DB00490,C537057
DB00532,C537057
DB00564,C537057
DB00620,C537057
DB00795,C537057
DB01216,C537057
DB00014,D000544
DB00115,D000544
DB00158,D000544
DB00163,D000544
DB00176,D000544
DB00184,D000544
DB00206,D000544
DB00313,D000544
DB00323,D000544
DB00328,D000544
DB00382,D000544
DB00412,D000544
DB00481,D000544
DB00494,D000544
DB00502,D000544
DB00627,D000544
DB00656,D000544
DB00674,D000544
DB00679,D000544
DB00681,D000544
DB00683,D000544
DB00715,D000544
DB00746,D000544
DB00834,D000544
DB00843,D000544
DB00850,D000544
DB00934,D000544
DB00960,D000544
DB00975,D000544
DB00981,D000544
DB00989,D000544
DB01017,D000544
DB01037,D000544
DB01043,D000544
DB01050,D000544
DB01065,D000544
DB01356,D000544
DB01618,D000544
DB02709,D000544
DB03128,D000544
DB04115,D000544
DB04815,D000544
DB04864,D000544
DB05073,D000544
DB11094,D000544
DB11473,D000544
DB11672,D000544
DB11893,D000544
DB12052,D000544
DB12110,D000544
DB12129,D000544
DB12463,D000544
DB14098,D000544
DB15357,D000544
DB00163,C536595
DB00382,C536595
DB00674,C536595
DB00843,C536595
DB00989,C536595
DB01037,C536595
DB01043,C536595
DB00740,C531617
DB00996,C531617
DB00746,D029503
DB00302,D054179
DB00396,D054179
DB00984,D054179
DB01406,D054179
DB05311,D054179
DB06196,D054179
DB06718,D054179
DB08804,D054179
DB00282,D013167
DB00328,D013167
DB00563,D013167
DB00573,D013167
DB00586,D013167
DB00712,D013167
DB00788,D013167
DB00795,D013167
DB00812,D013167
DB01050,D013167
DB01628,D013167
DB00179,D004057
DB00544,D004057
DB00586,D004057
DB00724,D004057
DB00936,D004057
DB00992,D004057
DB00682,C531622
DB00945,C531622
DB00747,C566271
DB00745,D020181
DB12358,D002538
DB00819,C535506
DB00175,D050197
DB00178,D050197
DB00197,D050197
DB00208,D050197
DB00252,D050197
DB00264,D050197
DB00270,D050197
DB00381,D050197
DB00412,D050197
DB00435,D050197
DB00470,D050197
DB00514,D050197
DB00542,D050197
DB00548,D050197
DB00584,D050197
DB00622,D050197
DB00627,D050197
DB00636,D050197
DB00641,D050197
DB00675,D050197
DB00678,D050197
DB00759,D050197
DB00783,D050197
DB00806,D050197
DB00877,D050197
DB00936,D050197
DB00945,D050197
DB00966,D050197
DB00973,D050197
DB00999,D050197
DB01017,D050197
DB01029,D050197
DB01054,D050197
DB01076,D050197
DB01083,D050197
DB01095,D050197
DB01115,D050197
DB01183,D050197
DB01229,D050197
DB01241,D050197
DB01275,D050197
DB01393,D050197
DB01593,D050197
DB01599,D050197
DB01852,D050197
DB01880,D050197
DB02709,D050197
DB03467,D050197
DB04216,D050197
DB04573,D050197
DB04861,D050197
DB04942,D050197
DB05073,D050197
DB06209,D050197
DB06698,D050197
DB06774,D050197
DB07767,D050197
DB08868,D050197
DB09070,D050197
DB09087,D050197
DB09140,D050197
DB09236,D050197
DB09567,D050197
DB11133,D050197
DB11136,D050197
DB11239,D050197
DB11672,D050197
DB11695,D050197
DB11874,D050197
DB12039,D050197
DB12116,D050197
DB12163,D050197
DB12181,D050197
DB13495,D050197
DB13956,D050197
DB14086,D050197
DB14183,D050197
DB00091,D001327
DB00169,D001327
DB00351,D001327
DB00390,D001327
DB00470,D001327
DB00531,D001327
DB00563,D001327
DB00635,D001327
DB00688,D001327
DB00860,D001327
DB00959,D001327
DB00993,D001327
DB01024,D001327
DB01072,D001327
DB01118,D001327
DB01157,D001327
DB01232,D001327
DB04216,D001327
DB11672,D001327
DB12116,D001327
DB12422,D001327
DB00136,D000505
DB00350,D000505
DB00755,D000505
DB00783,D000505
DB01143,D000505
DB01216,D000505
DB04839,D000505
DB06774,D000505
DB11699,D000505
DB13956,D000505
DB00213,D005764
DB00338,D005764
DB00364,D005764
DB00448,D005764
DB00501,D005764
DB00585,D005764
DB00604,D005764
DB00605,D005764
DB00727,D005764
DB00736,D005764
DB00863,D005764
DB00883,D005764
DB00927,D005764
DB00945,D005764
DB01019,D005764
DB01020,D005764
DB01129,D005764
DB01184,D005764
DB01233,D005764
DB01425,D005764
DB08810,D005764
DB11656,D005764
DB12445,D005764
DB13322,D005764
DB13762,D005764
DB08828,D001478
DB11094,D001478
DB00242,D015451
DB00262,D015451
DB00277,D015451
DB00290,D015451
DB00291,D015451
DB00444,D015451
DB00531,D015451
DB00541,D015451
DB00552,D015451
DB00563,D015451
DB00603,D015451
DB00741,D015451
DB00791,D015451
DB00822,D015451
DB00877,D015451
DB00987,D015451
DB01033,D015451
DB01041,D015451
DB01073,D015451
DB01083,D015451
DB01169,D015451
DB01181,D015451
DB01204,D015451
DB01393,D015451
DB03496,D015451
DB04944,D015451
DB06769,D015451
DB09053,D015451
DB11752,D015451
DB13811,D015451
DB00091,D001528
DB00291,D001528
DB00531,D001528
DB00635,D001528
DB00795,D001528
DB00860,D001528
DB00864,D001528
DB00993,D001528
DB01041,D001528
DB01394,D001528
DB00203,D008105
DB00563,D008105
DB00605,D008105
DB00709,D008105
DB00718,D008105
DB00859,D008105
DB01045,D008105
DB01183,D008105
DB01393,D008105
DB01586,D008105
DB08995,D008105
DB00104,D001749
DB00126,D001749
DB00166,D001749
DB00170,D001749
DB00188,D001749
DB00305,D001749
DB00317,D001749
DB00328,D001749
DB00385,D001749
DB00441,D001749
DB00444,D001749
DB00445,D001749
DB00481,D001749
DB00499,D001749
DB00515,D001749
DB00531,D001749
DB00537,D001749
DB00541,D001749
DB00544,D001749
DB00554,D001749
DB00563,D001749
DB00570,D001749
DB00650,D001749
DB00675,D001749
DB00698,D001749
DB00707,D001749
DB00773,D001749
DB00855,D001749
DB00945,D001749
DB00958,D001749
DB00997,D001749
DB01076,D001749
DB01169,D001749
DB01181,D001749
DB01204,D001749
DB01229,D001749
DB01248,D001749
DB01262,D001749
DB01327,D001749
DB01390,D001749
DB01422,D001749
DB02285,D001749
DB02656,D001749
DB03419,D001749
DB04216,D001749
DB04572,D001749
DB04743,D001749
DB04786,D001749
DB05076,D001749
DB06515,D001749
DB06767,D001749
DB08633,D001749
DB08846,D001749
DB08896,D001749
DB09073,D001749
DB09110,D001749
DB11616,D001749
DB11672,D001749
DB12001,D001749
DB12768,D001749
DB12870,D001749
DB14482,D001749
DB14484,D001749
DB14490,D001749
DB15274,D001749
DB15464,D001749
DB00264,C562419
DB00335,C562419
DB00571,C562419
DB00598,C562419
DB00612,C562419
DB01203,C562419
DB04861,C562419
DB00264,C537095
DB00381,C537095
DB00584,C537095
DB00434,C566188
DB00536,C566188
DB00755,D017488
DB00531,D002051
DB00541,D002051
DB00563,D002051
DB00635,D002051
DB00650,D002051
DB00694,D002051
DB00741,D002051
DB00773,D002051
DB00860,D002051
DB00987,D002051
DB00997,D002051
DB01042,D002051
DB01169,D002051
DB01181,D002051
DB01234,D002051
DB09110,D002051
DB00014,D001943
DB00019,D001943
DB00091,D001943
DB00126,D001943
DB00136,D001943
DB00140,D001943
DB00158,D001943
DB00179,D001943
DB00184,D001943
DB00188,D001943
DB00220,D001943
DB00250,D001943
DB00255,D001943
DB00262,D001943
DB00266,D001943
DB00276,D001943
DB00282,D001943
DB00286,D001943
DB00305,D001943
DB00307,D001943
DB00309,D001943
DB00317,D001943
DB00328,D001943
DB00343,D001943
DB00351,D001943
DB00357,D001943
DB00361,D001943
DB00396,D001943
DB00398,D001943
DB00399,D001943
DB00412,D001943
DB00441,D001943
DB00445,D001943
DB00468,D001943
DB00481,D001943
DB00482,D001943
DB00515,D001943
DB00523,D001943
DB00531,D001943
DB00539,D001943
DB00541,D001943
DB00544,D001943
DB00563,D001943
DB00564,D001943
DB00570,D001943
DB00572,D001943
DB00603,D001943
DB00605,D001943
DB00608,D001943
DB00619,D001943
DB00624,D001943
DB00627,D001943
DB00635,D001943
DB00642,D001943
DB00650,D001943
DB00661,D001943
DB00675,D001943
DB00727,D001943
DB00741,D001943
DB00746,D001943
DB00755,D001943
DB00773,D001943
DB00783,D001943
DB00795,D001943
DB00822,D001943
DB00848,D001943
DB00851,D001943
DB00860,D001943
DB00863,D001943
DB00904,D001943
DB00927,D001943
DB00945,D001943
DB00947,D001943
DB00958,D001943
DB00987,D001943
DB00990,D001943
DB00997,D001943
DB01006,D001943
DB01008,D001943
DB01042,D001943
DB01083,D001943
DB01101,D001943
DB01126,D001943
DB01128,D001943
DB01143,D001943
DB01169,D001943
DB01181,D001943
DB01185,D001943
DB01188,D001943
DB01204,D001943
DB01217,D001943
DB01229,D001943
DB01234,D001943
DB01248,D001943
DB01254,D001943
DB01259,D001943
DB01262,D001943
DB01406,D001943
DB01645,D001943
DB01852,D001943
DB01933,D001943
DB02342,D001943
DB02546,D001943
DB02709,D001943
DB03496,D001943
DB04216,D001943
DB04224,D001943
DB04253,D001943
DB04258,D001943
DB04572,D001943
DB04743,D001943
DB04815,D001943
DB04845,D001943
DB04905,D001943
DB04960,D001943
DB05073,D001943
DB05076,D001943
DB05424,D001943
DB06249,D001943
DB06272,D001943
DB06287,D001943
DB06629,D001943
DB06732,D001943
DB06769,D001943
DB06774,D001943
DB06803,D001943
DB06825,D001943
DB07232,D001943
DB07352,D001943
DB08059,D001943
DB08399,D001943
DB08831,D001943
DB08905,D001943
DB09010,D001943
DB09070,D001943
DB09073,D001943
DB09074,D001943
DB09086,D001943
DB09110,D001943
DB09140,D001943
DB09567,D001943
DB11135,D001943
DB11357,D001943
DB11400,D001943
DB11431,D001943
DB11544,D001943
DB11616,D001943
DB11641,D001943
DB11651,D001943
DB11663,D001943
DB11665,D001943
DB11672,D001943
DB11674,D001943
DB11716,D001943
DB11869,D001943
DB11875,D001943
DB12001,D001943
DB12039,D001943
DB12116,D001943
DB12316,D001943
DB12442,D001943
DB12480,D001943
DB12647,D001943
DB12764,D001943
DB12768,D001943
DB12881,D001943
DB12947,D001943
DB13063,D001943
DB13200,D001943
DB13956,D001943
DB13971,D001943
DB14063,D001943
DB14086,D001943
DB14183,D001943
DB14371,D001943
DB14482,D001943
DB14484,D001943
DB14490,D001943
DB15289,D001943
DB15359,D001943
DB00114,D015179
DB00136,D015179
DB00140,D015179
DB00158,D015179
DB00244,D015179
DB00262,D015179
DB00293,D015179
DB00305,D015179
DB00309,D015179
DB00317,D015179
DB00322,D015179
DB00328,D015179
DB00398,D015179
DB00441,D015179
DB00482,D015179
DB00495,D015179
DB00515,D015179
DB00526,D015179
DB00530,D015179
DB00533,D015179
DB00541,D015179
DB00544,D015179
DB00563,D015179
DB00570,D015179
DB00605,D015179
DB00641,D015179
DB00650,D015179
DB00749,D015179
DB00762,D015179
DB00773,D015179
DB00814,D015179
DB00848,D015179
DB00851,D015179
DB00927,D015179
DB00928,D015179
DB00945,D015179
DB00997,D015179
DB01050,D015179
DB01083,D015179
DB01101,D015179
DB01169,D015179
DB01204,D015179
DB01229,D015179
DB01262,D015179
DB01436,D015179
DB02709,D015179
DB03459,D015179
DB04216,D015179
DB04485,D015179
DB04743,D015179
DB05073,D015179
DB05076,D015179
DB05482,D015179
DB05767,D015179
DB06155,D015179
DB06246,D015179
DB06803,D015179
DB07338,D015179
DB09010,D015179
DB09130,D015179
DB12116,D015179
DB12422,D015179
DB12947,D015179
DB00104,D006528
DB00122,D006528
DB00126,D006528
DB00134,D006528
DB00188,D006528
DB00197,D006528
DB00255,D006528
DB00282,D006528
DB00316,D006528
DB00317,D006528
DB00328,D006528
DB00398,D006528
DB00435,D006528
DB00441,D006528
DB00445,D006528
DB00501,D006528
DB00515,D006528
DB00531,D006528
DB00544,D006528
DB00650,D006528
DB00675,D006528
DB00694,D006528
DB00720,D006528
DB00755,D006528
DB00762,D006528
DB00778,D006528
DB00783,D006528
DB00814,D006528
DB00853,D006528
DB00877,D006528
DB00928,D006528
DB00997,D006528
DB01030,D006528
DB01041,D006528
DB01132,D006528
DB01169,D006528
DB01229,D006528
DB01234,D006528
DB01248,D006528
DB01645,D006528
DB01726,D006528
DB02342,D006528
DB02709,D006528
DB03068,D006528
DB04216,D006528
DB04703,D006528
DB04743,D006528
DB04942,D006528
DB05073,D006528
DB05076,D006528
DB05260,D006528
DB05420,D006528
DB05482,D006528
DB06091,D006528
DB06151,D006528
DB06159,D006528
DB06755,D006528
DB06803,D006528
DB06824,D006528
DB08633,D006528
DB08889,D006528
DB08995,D006528
DB09010,D006528
DB11672,D006528
DB11689,D006528
DB11974,D006528
DB12116,D006528
DB12326,D006528
DB12422,D006528
DB12622,D006528
DB13956,D006528
DB13971,D006528
DB14184,D006528
DB14479,D006528
DB14482,D006528
DB14484,D006528
DB14490,D006528
DB15359,D006528
DB15381,D006528
DB00257,C567779
DB00620,C567779
DB01099,C567779
DB01110,C567779
DB01167,C567779
DB01188,C567779
DB00178,D001145
DB00187,D001145
DB00190,D001145
DB00195,D001145
DB00204,D001145
DB00206,D001145
DB00215,D001145
DB00252,D001145
DB00264,D001145
DB00280,D001145
DB00281,D001145
DB00295,D001145
DB00308,D001145
DB00335,D001145
DB00343,D001145
DB00373,D001145
DB00379,D001145
DB00384,D001145
DB00390,D001145
DB00393,D001145
DB00396,D001145
DB00450,D001145
DB00489,D001145
DB00521,D001145
DB00540,D001145
DB00571,D001145
DB00572,D001145
DB00575,D001145
DB00590,D001145
DB00592,D001145
DB00598,D001145
DB00633,D001145
DB00640,D001145
DB00653,D001145
DB00661,D001145
DB00668,D001145
DB00680,D001145
DB00753,D001145
DB00761,D001145
DB00818,D001145
DB00831,D001145
DB00866,D001145
DB00881,D001145
DB00908,D001145
DB00917,D001145
DB00925,D001145
DB00981,D001145
DB01035,D001145
DB01056,D001145
DB01064,D001145
DB01085,D001145
DB01113,D001145
DB01115,D001145
DB01118,D001145
DB01136,D001145
DB01164,D001145
DB01169,D001145
DB01175,D001145
DB01182,D001145
DB01183,D001145
DB01193,D001145
DB01195,D001145
DB01228,D001145
DB01236,D001145
DB01244,D001145
DB01297,D001145
DB01373,D001145
DB01390,D001145
DB01392,D001145
DB01418,D001145
DB01426,D001145
DB01427,D001145
DB01429,D001145
DB01580,D001145
DB01626,D001145
DB01954,D001145
DB01956,D001145
DB02587,D001145
DB03322,D001145
DB04846,D001145
DB04855,D001145
DB04957,D001145
DB05381,D001145
DB06444,D001145
DB06637,D001145
DB06727,D001145
DB06755,D001145
DB06762,D001145
DB06770,D001145
DB08954,D001145
DB09069,D001145
DB09153,D001145
DB09220,D001145
DB09242,D001145
DB11141,D001145
DB11248,D001145
DB11738,D001145
DB12212,D001145
DB12712,D001145
DB12783,D001145
DB12923,D001145
DB13180,D001145
DB13279,D001145
DB13358,D001145
DB13508,D001145
DB13555,D001145
DB13749,D001145
DB14063,D001145
DB14183,D001145
DB14208,D001145
DB14500,D001145
DB14513,D001145
DB14755,D001145
DB00661,C566171
DB00178,D002311
DB00214,D002311
DB00264,D002311
DB00295,D002311
DB00335,D002311
DB00390,D002311
DB00421,D002311
DB00542,D002311
DB00584,D002311
DB00635,D002311
DB00678,D002311
DB00695,D002311
DB00796,D002311
DB00841,D002311
DB00898,D002311
DB00975,D002311
DB00993,D002311
DB01115,D002311
DB01118,D002311
DB01136,D002311
DB01212,D002311
DB01275,D002311
DB02709,D002311
DB04880,D002311
DB05073,D002311
DB08162,D002311
DB11450,D002311
DB12537,D002311
DB12945,D002311
DB00162,C567296
DB00451,D002349
DB00963,C536691
DB00273,D019305
DB00313,D019305
DB00349,D019305
DB00564,D019305
DB00126,D002607
DB14482,D002607
DB14484,D002607
DB14490,D002607
DB00126,D002607
DB14482,D002607
DB14484,D002607
DB14490,D002607
DB00206,D002819
DB00245,D002819
DB00363,D002819
DB00387,D002819
DB00422,D002819
DB00477,D002819
DB00502,D002819
DB00679,D002819
DB00810,D002819
DB00829,D002819
DB00831,D002819
DB00927,D002819
DB00981,D002819
DB01202,D002819
DB01224,D002819
DB04844,D002819
DB09407,D002819
DB11868,D002819
DB13557,D002819
DB00915,C562509
DB11672,D003103
DB01174,D020936
DB00794,D020936
DB01174,D020936
DB00334,D046349
DB00544,D007644
DB00755,D007644
DB00926,D007644
DB00381,D046589
DB00393,D046589
DB00682,D046589
DB00722,D046589
DB00758,D046589
DB00790,D046589
DB00806,D046589
DB00945,D046589
DB01219,D046589
DB00163,C565115
DB00190,C565115
DB00245,C565115
DB00268,C565115
DB00313,C565115
DB00382,C565115
DB00387,C565115
DB00413,C565115
DB00674,C565115
DB00747,C565115
DB00810,C565115
DB00843,C565115
DB00989,C565115
DB01043,C565115
DB00252,D020191
DB00909,D020191
DB01174,D020191
DB00443,C562379
DB00635,C562379
DB00741,C562379
DB00936,C562379
DB01013,C562379
DB01188,C562379
DB01234,C562379
DB00035,D020790
DB00564,D020790
DB00999,D020790
DB00035,D018500
DB00328,D018500
DB00421,D018500
DB00436,D018500
DB00465,D018500
DB00564,D018500
DB00594,D018500
DB00999,D018500
DB01009,D018500
DB05134,D018500
DB13023,D018500
DB00222,C565101
DB00284,C565101
DB00331,C565101
DB00412,C565101
DB00414,C565101
DB00491,C565101
DB00672,C565101
DB00731,C565101
DB00839,C565101
DB00912,C565101
DB01016,C565101
DB01029,C565101
DB01067,C565101
DB01124,C565101
DB01132,C565101
DB01261,C565101
DB00222,C564219
DB00284,C564219
DB00331,C564219
DB00412,C564219
DB00414,C564219
DB00491,C564219
DB00672,C564219
DB00731,C564219
DB00839,C564219
DB00912,C564219
DB01016,C564219
DB01029,C564219
DB01067,C564219
DB01124,C564219
DB01132,C564219
DB01261,C564219
DB00104,C565100
DB08907,C565100
DB00158,D003924
DB00197,D003924
DB00222,D003924
DB00273,D003924
DB00284,D003924
DB00331,D003924
DB00412,D003924
DB00414,D003924
DB00491,D003924
DB00584,D003924
DB00672,D003924
DB00731,D003924
DB00806,D003924
DB00839,D003924
DB00912,D003924
DB00930,D003924
DB00966,D003924
DB01016,D003924
DB01029,D003924
DB01054,D003924
DB01067,D003924
DB01083,D003924
DB01120,D003924
DB01124,D003924
DB01132,D003924
DB01191,D003924
DB01261,D003924
DB01276,D003924
DB01306,D003924
DB01393,D003924
DB01593,D003924
DB01645,D003924
DB02709,D003924
DB03404,D003924
DB04115,D003924
DB04665,D003924
DB04876,D003924
DB05073,D003924
DB05518,D003924
DB06335,D003924
DB06543,D003924
DB06655,D003924
DB08882,D003924
DB08907,D003924
DB08995,D003924
DB09231,D003924
DB11056,D003924
DB11136,D003924
DB11672,D003924
DB11827,D003924
DB12116,D003924
DB12491,D003924
DB13182,D003924
DB13387,D003924
DB14184,D003924
DB14815,D003924
DB00181,D009103
DB00242,D009103
DB00514,D009103
DB00635,D009103
DB00704,D009103
DB00745,D009103
DB00860,D009103
DB00908,D009103
DB00915,D009103
DB00959,D009103
DB00993,D009103
DB01204,D009103
DB01219,D009103
DB01230,D009103
DB01235,D009103
DB01285,D009103
DB01677,D009103
DB06637,D009103
DB08868,D009103
DB08908,D009103
DB11094,D009103
DB12371,D009103
DB14644,D009103
DB00668,D004387
DB00724,D004387
DB00961,D004387
DB00653,C565080
DB00363,D020961
DB00502,D020961
DB00843,D020961
DB01224,D020961
DB00181,C536698
DB00564,C536698
DB01235,C538007
DB00007,D004715
DB00014,D004715
DB00304,D004715
DB00328,D004715
DB00367,D004715
DB00396,D004715
DB00482,D004715
DB00533,D004715
DB00549,D004715
DB00603,D004715
DB00605,D004715
DB00641,D004715
DB00717,D004715
DB00788,D004715
DB00834,D004715
DB00957,D004715
DB00977,D004715
DB01050,D004715
DB01406,D004715
DB02709,D004715
DB05073,D004715
DB09070,D004715
DB11979,D004715
DB12474,D004715
DB00215,D003966
DB00285,D003966
DB00472,D003966
DB00715,D003966
DB01104,D003966
DB00619,C565054
DB00794,D004828
DB00794,D010787
DB00794,D020195
DB00281,D004916
DB00379,D004916
DB00564,D004916
DB00945,D004916
DB00996,D004916
DB00188,D004938
DB00305,D004938
DB00309,D004938
DB00328,D004938
DB00445,D004938
DB00515,D004938
DB00544,D004938
DB00554,D004938
DB00563,D004938
DB00605,D004938
DB00853,D004938
DB00958,D004938
DB00997,D004938
DB01101,D004938
DB01143,D004938
DB01169,D004938
DB01229,D004938
DB01248,D004938
DB01593,D004938
DB02709,D004938
DB03496,D004938
DB05073,D004938
DB06151,D004938
DB08865,D004938
DB11135,D004938
DB12577,D004938
DB12736,D004938
DB13145,D004938
DB14479,D004938
DB14680,D004938
DB00328,C563167
DB00443,C563167
DB00620,C563167
DB00635,C563167
DB00788,C563167
DB01234,C563167
DB00328,C565034
DB00605,C565034
DB00788,C565034
DB00814,C565034
DB00035,C565025
DB00302,C565025
DB00035,D006467
DB00302,D006467
DB00302,C565024
DB00302,C565023
DB00153,D005198
DB00328,D005198
DB00583,D005198
DB00635,D005198
DB01070,D005198
DB01390,D005198
DB01956,D005198
DB03811,D005198
DB00995,D005258
DB00851,C535944
DB00958,C535944
DB00997,C535944
DB00482,D005351
DB00201,D006970
DB00745,D006970
DB01576,D006970
DB00252,D020386
DB00564,D020386
DB00993,D020386
DB00104,D013274
DB00197,D013274
DB00201,D013274
DB00305,D013274
DB00309,D013274
DB00328,D013274
DB00368,D013274
DB00398,D013274
DB00445,D013274
DB00482,D013274
DB00495,D013274
DB00501,D013274
DB00515,D013274
DB00526,D013274
DB00544,D013274
DB00563,D013274
DB00619,D013274
DB00642,D013274
DB00650,D013274
DB00695,D013274
DB00755,D013274
DB00762,D013274
DB00927,D013274
DB00945,D013274
DB00997,D013274
DB01083,D013274
DB01101,D013274
DB01169,D013274
DB01229,D013274
DB01248,D013274
DB01259,D013274
DB01262,D013274
DB02709,D013274
DB03496,D013274
DB04104,D013274
DB04216,D013274
DB05073,D013274
DB05482,D013274
DB08865,D013274
DB09086,D013274
DB09201,D013274
DB09256,D013274
DB09257,D013274
DB11656,D013274
DB11672,D013274
DB11716,D013274
DB12355,D013274
DB12577,D013274
DB12884,D013274
DB12947,D013274
DB13063,D013274
DB14680,D013274
DB00193,D018442
DB00213,D018442
DB00454,D018442
DB00759,C564239
DB00184,D005879
DB00245,D005879
DB00246,D005879
DB00470,D005879
DB00472,D005879
DB00497,D005879
DB00502,D005879
DB00575,D005879
DB00647,D005879
DB00657,D005879
DB00704,D005879
DB00734,D005879
DB00747,D005879
DB01100,D005879
DB01183,D005879
DB01202,D005879
DB01224,D005879
DB01238,D005879
DB04844,D005879
DB11868,D005879
DB00195,C564234
DB00287,C564234
DB00373,C564234
DB00388,C564234
DB00449,C564234
DB00484,C564234
DB00521,C564234
DB00654,C564234
DB00668,C564234
DB00869,C564234
DB00905,C564234
DB01194,C564234
DB01210,C564234
DB01214,C564234
DB00287,D005902
DB00305,D005902
DB00373,D005902
DB00388,D005902
DB00449,D005902
DB00484,D005902
DB00586,D005902
DB00635,D005902
DB00654,D005902
DB00668,D005902
DB00809,D005902
DB00819,D005902
DB00869,D005902
DB00905,D005902
DB00964,D005902
DB01085,D005902
DB01144,D005902
DB01194,D005902
DB01214,D005902
DB01394,D005902
DB02266,D005902
DB00126,D005910
DB00134,D005910
DB00136,D005910
DB00188,D005910
DB00197,D005910
DB00262,D005910
DB00328,D005910
DB00470,D005910
DB00477,D005910
DB00515,D005910
DB00530,D005910
DB00531,D005910
DB00541,D005910
DB00544,D005910
DB00563,D005910
DB00619,D005910
DB00641,D005910
DB00650,D005910
DB00675,D005910
DB00742,D005910
DB00762,D005910
DB00773,D005910
DB00853,D005910
DB00958,D005910
DB01017,D005910
DB01041,D005910
DB01042,D005910
DB01136,D005910
DB01168,D005910
DB01169,D005910
DB01206,D005910
DB01229,D005910
DB01234,D005910
DB01248,D005910
DB01593,D005910
DB02656,D005910
DB02709,D005910
DB04106,D005910
DB04216,D005910
DB04258,D005910
DB04572,D005910
DB04690,D005910
DB05073,D005910
DB05305,D005910
DB05482,D005910
DB06174,D005910
DB06444,D005910
DB06549,D005910
DB06755,D005910
DB07352,D005910
DB11119,D005910
DB11919,D005910
DB12072,D005910
DB12948,D005910
DB13950,D005910
DB14001,D005910
DB14003,D005910
DB14476,D005910
DB14482,D005910
DB14484,D005910
DB14490,D005910
DB00279,D018310
DB00451,D018310
DB00279,D050031
DB00451,D050031
DB00122,D010003
DB00141,D010003
DB00168,D010003
DB00193,D010003
DB00201,D010003
DB00254,D010003
DB00316,D010003
DB00318,D010003
DB00328,D010003
DB00461,D010003
DB00469,D010003
DB00482,D010003
DB00500,D010003
DB00533,D010003
DB00554,D010003
DB00573,D010003
DB00580,D010003
DB00586,D010003
DB00605,D010003
DB00712,D010003
DB00749,D010003
DB00784,D010003
DB00788,D010003
DB00812,D010003
DB00814,D010003
DB00861,D010003
DB00929,D010003
DB00939,D010003
DB00945,D010003
DB00959,D010003
DB00991,D010003
DB01009,D010003
DB01050,D010003
DB01068,D010003
DB01283,D010003
DB01296,D010003
DB01399,D010003
DB01419,D010003
DB01551,D010003
DB01628,D010003
DB02709,D010003
DB04743,D010003
DB04812,D010003
DB05073,D010003
DB06774,D010003
DB08951,D010003
DB11672,D010003
DB11994,D010003
DB15359,D010003
DB00571,D006392
DB00203,D065630
DB00619,D065630
DB00755,D065630
DB00148,D006816
DB00181,D006816
DB00334,D006816
DB00470,D006816
DB00540,D006816
DB00837,D006816
DB00877,D006816
DB00915,D006816
DB00981,D006816
DB01017,D006816
DB01104,D006816
DB01238,D006816
DB01356,D006816
DB02329,D006816
DB02709,D006816
DB04690,D006816
DB04844,D006816
DB05073,D006816
DB09270,D006816
DB12385,D006816
DB13025,D006816
DB13089,D006816
DB00182,D001289
DB00184,D001289
DB00201,D001289
DB00215,D001289
DB00285,D001289
DB00289,D001289
DB00422,D001289
DB00458,D001289
DB00465,D001289
DB00477,D001289
DB00514,D001289
DB00540,D001289
DB00564,D001289
DB00575,D001289
DB00679,D001289
DB00734,D001289
DB00745,D001289
DB00907,D001289
DB01018,D001289
DB01037,D001289
DB01065,D001289
DB01104,D001289
DB01151,D001289
DB01156,D001289
DB01175,D001289
DB01186,D001289
DB01230,D001289
DB01238,D001289
DB01255,D001289
DB01576,D001289
DB01577,D001289
DB05458,D001289
DB06413,D001289
DB11133,D001289
DB11699,D001289
DB12299,D001289
DB12458,D001289
DB13168,D001289
DB01174,D005878
DB00282,C562999
DB00399,C562999
DB00635,C562999
DB00695,C562999
DB00641,D006938
DB00973,D006938
DB01076,D006938
DB01098,D006938
DB00175,D006938
DB00227,D006938
DB00375,D006938
DB00509,D006938
DB00627,D006938
DB00641,D006938
DB00930,D006938
DB00973,D006938
DB00994,D006938
DB01039,D006938
DB01076,D006938
DB01095,D006938
DB01098,D006938
DB01241,D006938
DB01393,D006938
DB01599,D006938
DB09064,D006938
DB13780,D006938
DB00321,D006945
DB00424,D006945
DB00575,D006945
DB00996,D006945
DB01062,D006945
DB01162,D006945
DB00627,D006950
DB00641,D006950
DB00973,D006950
DB01039,D006950
DB01098,D006950
DB01393,D006950
DB00641,D006938
DB00973,D006938
DB01076,D006938
DB01098,D006938
DB00627,D006954
DB00636,D006954
DB01039,D006954
DB01241,D006954
DB01393,D006954
DB00022,D002292
DB00158,D002292
DB00309,D002292
DB00328,D002292
DB00398,D002292
DB00399,D002292
DB00441,D002292
DB00482,D002292
DB00530,D002292
DB00531,D002292
DB00541,D002292
DB00544,D002292
DB00570,D002292
DB00603,D002292
DB00661,D002292
DB00773,D002292
DB00851,D002292
DB00997,D002292
DB01005,D002292
DB01030,D002292
DB01041,D002292
DB01101,D002292
DB01181,D002292
DB01268,D002292
DB01590,D002292
DB02709,D002292
DB05073,D002292
DB06287,D002292
DB06589,D002292
DB06626,D002292
DB12769,D002292
DB14063,D002292
DB00755,C562400
DB00755,C564164
DB00328,D011546
DB00311,D012021
DB00328,D012021
DB00571,D012021
DB00575,D012021
DB00657,D012021
DB00925,D012021
DB01115,D012021
DB01954,D012021
DB03322,D012021
DB06660,D012021
DB06774,D012021
DB06809,D012021
DB13581,D012021
DB00381,D000075222
DB00657,D000075222
DB00678,D000075222
DB00960,D000075222
DB00966,D000075222
DB01088,D000075222
DB01258,D000075222
DB01275,D000075222
DB00140,C564156
DB00201,C564156
DB00241,C564156
DB00316,C564156
DB00318,C564156
DB00320,C564156
DB00354,C564156
DB00366,C564156
DB00371,C564156
DB00388,C564156
DB00433,C564156
DB00477,C564156
DB00508,C564156
DB00514,C564156
DB00537,C564156
DB00557,C564156
DB00757,C564156
DB00767,C564156
DB00788,C564156
DB00852,C564156
DB00889,C564156
DB00904,C564156
DB00945,C564156
DB01009,C564156
DB01050,C564156
DB01075,C564156
DB01176,C564156
DB01231,C564156
DB01234,C564156
DB01399,C564156
DB01219,C535694
DB00636,D006953
DB01039,D006953
DB01098,D006953
DB01241,D006953
DB13780,D006953
DB11672,D015417
DB00644,C562785
DB00136,C537156
DB00146,C537156
DB00153,C537156
DB00169,C537156
DB01070,C537156
DB01436,C537156
DB06724,C537156
DB00136,C537907
DB00153,C537907
DB00178,C537907
DB00214,C537907
DB00492,C537907
DB00519,C537907
DB00542,C537907
DB00584,C537907
DB00678,C537907
DB00691,C537907
DB00695,C537907
DB00722,C537907
DB00790,C537907
DB00881,C537907
DB00887,C537907
DB00988,C537907
DB01029,C537907
DB01070,C537907
DB01197,C537907
DB00211,D019578
DB00368,D019578
DB00388,D019578
DB00457,D019578
DB01235,D019578
DB09205,D019578
DB00755,D016112
DB00635,D007154
DB00860,D007154
DB00959,D007154
DB00635,D018979
DB00819,C535932
DB01586,C535932
DB00122,D000699
DB00181,D000699
DB00193,D000699
DB00201,D000699
DB00230,D000699
DB00273,D000699
DB00281,D000699
DB00285,D000699
DB00295,D000699
DB00297,D000699
DB00316,D000699
DB00321,D000699
DB00327,D000699
DB00328,D000699
DB00333,D000699
DB00346,D000699
DB00356,D000699
DB00454,D000699
DB00457,D000699
DB00458,D000699
DB00461,D000699
DB00465,D000699
DB00476,D000699
DB00482,D000699
DB00497,D000699
DB00508,D000699
DB00527,D000699
DB00540,D000699
DB00557,D000699
DB00573,D000699
DB00575,D000699
DB00586,D000699
DB00590,D000699
DB00605,D000699
DB00611,D000699
DB00647,D000699
DB00652,D000699
DB00686,D000699
DB00706,D000699
DB00721,D000699
DB00749,D000699
DB00750,D000699
DB00788,D000699
DB00813,D000699
DB00844,D000699
DB00861,D000699
DB00898,D000699
DB00899,D000699
DB00907,D000699
DB00921,D000699
DB00924,D000699
DB00936,D000699
DB00939,D000699
DB00945,D000699
DB00956,D000699
DB00996,D000699
DB01002,D000699
DB01050,D000699
DB01086,D000699
DB01142,D000699
DB01151,D000699
DB01161,D000699
DB01162,D000699
DB01173,D000699
DB01189,D000699
DB01192,D000699
DB01204,D000699
DB01216,D000699
DB01221,D000699
DB01399,D000699
DB01403,D000699
DB00342,D007299
DB00366,D007299
DB00388,D007299
DB00397,D007299
DB00434,D007299
DB00620,D007299
DB00635,D007299
DB00637,D007299
DB00668,D007299
DB00860,D007299
DB00959,D007299
DB01069,D007299
DB01075,D007299
DB00290,D012514
DB00495,D012514
DB00523,D012514
DB00541,D012514
DB00570,D012514
DB00694,D012514
DB00724,D012514
DB00997,D012514
DB01041,D012514
DB01229,D012514
DB00620,D007627
DB00586,D007873
DB00630,D007873
DB00788,D007873
DB00945,D007873
DB01050,D007873
DB00694,D007948
DB00242,D015451
DB00277,D015451
DB00291,D015451
DB00531,D015451
DB00552,D015451
DB00563,D015451
DB00603,D015451
DB00741,D015451
DB00791,D015451
DB00822,D015451
DB00877,D015451
DB00987,D015451
DB01033,D015451
DB01041,D015451
DB01073,D015451
DB01083,D015451
DB01169,D015451
DB01181,D015451
DB01204,D015451
DB01393,D015451
DB03496,D015451
DB04944,D015451
DB06769,D015451
DB09053,D015451
DB11752,D015451
DB13811,D015451
DB00443,D018459
DB00563,D018459
DB00620,D018459
DB00635,D018459
DB00755,D018459
DB01013,D018459
DB00412,D052496
DB00091,D008180
DB00291,D008180
DB00328,D008180
DB00482,D008180
DB00531,D008180
DB00541,D008180
DB00563,D008180
DB00586,D008180
DB00608,D008180
DB00620,D008180
DB00635,D008180
DB00688,D008180
DB00784,D008180
DB00859,D008180
DB00860,D008180
DB00863,D008180
DB00864,D008180
DB00945,D008180
DB00959,D008180
DB00993,D008180
DB01024,D008180
DB01041,D008180
DB01050,D008180
DB01065,D008180
DB01103,D008180
DB01234,D008180
DB01611,D008180
DB08895,D008180
DB11366,D008180
DB12025,D008180
DB00480,C535323
DB00188,D008258
DB00242,D008258
DB00997,D008258
DB01041,D008258
DB01073,D008258
DB01234,D008258
DB02709,D008258
DB05073,D008258
DB00460,C562479
DB00699,C562479
DB00620,D008269
DB00712,D008269
DB01234,D008269
DB00594,C537152
DB00653,C537152
DB01219,C535695
DB01219,C535696
DB00254,D008382
DB00335,D008382
DB00678,D008382
DB00692,C535507
DB01148,C535507
DB01210,C535507
DB01225,C535507
DB00188,D008527
DB00262,D008527
DB00398,D008527
DB00515,D008527
DB00531,D008527
DB00541,D008527
DB00563,D008527
DB00650,D008527
DB00755,D008527
DB00773,D008527
DB00783,D008527
DB00853,D008527
DB00958,D008527
DB00987,D008527
DB01008,D008527
DB01042,D008527
DB01168,D008527
DB01169,D008527
DB02546,D008527
DB04572,D008527
DB12948,D008527
DB13956,D008527
DB00290,D000096142
DB00851,D000096142
DB00853,D000096142
DB01005,D000096142
DB01248,D000096142
DB00290,D000096142
DB00851,D000096142
DB00853,D000096142
DB01005,D000096142
DB01248,D000096142
DB01169,D000098943
DB00829,D008575
DB01231,D008575
DB00490,C563591
DB00026,D000086002
DB00631,D000086002
DB01167,D000086002
DB01169,D000086002
DB02709,D000086002
DB05073,D000086002
DB00201,D020326
DB00216,D020326
DB00241,D020326
DB00273,D020326
DB00315,D020326
DB00316,D020326
DB00320,D020326
DB00328,D020326
DB00353,D020326
DB00373,D020326
DB00434,D020326
DB00571,D020326
DB00635,D020326
DB00661,D020326
DB00669,D020326
DB00696,D020326
DB00697,D020326
DB00788,D020326
DB00918,D020326
DB00924,D020326
DB00945,D020326
DB00952,D020326
DB00953,D020326
DB00996,D020326
DB00998,D020326
DB01173,D020326
DB01233,D020326
DB00211,D008945
DB00264,D008945
DB00335,D008945
DB00571,D008945
DB00598,D008945
DB00612,D008945
DB00687,D008945
DB01203,D008945
DB04861,D008945
DB00457,D020254
DB01019,D020254
DB01162,D020254
DB01400,D020254
DB00747,D009041
DB01069,D009041
DB01075,D009041
DB00495,D015493
DB00635,D015493
DB00993,D049310
DB00697,D009220
DB00924,D009220
DB01173,D009220
DB00252,D009223
DB00564,D009223
DB01115,D009223
DB00182,C563534
DB00745,C563534
DB01440,C563534
DB00515,D000077274
DB00544,D000077274
DB01169,D000077274
DB02709,D000077274
DB05073,D000077274
DB00177,C562889
DB00178,C562889
DB00187,C562889
DB00195,C562889
DB00203,C562889
DB00206,C562889
DB00214,C562889
DB00226,C562889
DB00264,C562889
DB00270,C562889
DB00275,C562889
DB00287,C562889
DB00310,C562889
DB00325,C562889
DB00343,C562889
DB00350,C562889
DB00364,C562889
DB00373,C562889
DB00374,C562889
DB00381,C562889
DB00401,C562889
DB00421,C562889
DB00436,C562889
DB00449,C562889
DB00457,C562889
DB00484,C562889
DB00492,C562889
DB00519,C562889
DB00521,C562889
DB00524,C562889
DB00542,C562889
DB00559,C562889
DB00571,C562889
DB00575,C562889
DB00590,C562889
DB00594,C562889
DB00598,C562889
DB00622,C562889
DB00654,C562889
DB00657,C562889
DB00661,C562889
DB00678,C562889
DB00691,C562889
DB00692,C562889
DB00695,C562889
DB00722,C562889
DB00796,C562889
DB00800,C562889
DB00808,C562889
DB00820,C562889
DB00869,C562889
DB00876,C562889
DB00880,C562889
DB00881,C562889
DB00883,C562889
DB00887,C562889
DB00903,C562889
DB00905,C562889
DB00960,C562889
DB00966,C562889
DB00968,C562889
DB00988,C562889
DB00999,C562889
DB01018,C562889
DB01023,C562889
DB01029,C562889
DB01085,C562889
DB01088,C562889
DB01115,C562889
DB01136,C562889
DB01162,C562889
DB01170,C562889
DB01189,C562889
DB01193,C562889
DB01194,C562889
DB01197,C562889
DB01203,C562889
DB01210,C562889
DB01240,C562889
DB01244,C562889
DB01258,C562889
DB01275,C562889
DB01359,C562889
DB04861,C562889
DB00584,D005922
DB00635,D005922
DB00722,D005922
DB00860,D005922
DB00993,D005922
DB01029,D005922
DB02709,D005922
DB05073,D005922
DB13718,D005922
DB15300,D005922
DB00394,D007589
DB01234,D007589
DB00176,D009771
DB00215,D009771
DB00285,D009771
DB00334,D009771
DB00363,D009771
DB00370,D009771
DB00472,D009771
DB00490,D009771
DB00540,D009771
DB00575,D009771
DB00656,D009771
DB00715,D009771
DB00734,D009771
DB00752,D009771
DB00780,D009771
DB00904,D009771
DB01068,D009771
DB01104,D009771
DB01175,D009771
DB01224,D009771
DB01238,D009771
DB01242,D009771
DB01255,D009771
DB01356,D009771
DB01576,D009771
DB06678,D009771
DB13178,D009771
DB00230,D020754
DB00996,D020754
DB00230,D020754
DB00996,D020754
DB00490,C563498
DB00230,C535351
DB00252,C535351
DB00476,C535351
DB00564,C535351
DB00620,C535351
DB00996,C535351
DB00122,D010003
DB00141,D010003
DB00168,D010003
DB00193,D010003
DB00254,D010003
DB00316,D010003
DB00328,D010003
DB00461,D010003
DB00469,D010003
DB00482,D010003
DB00500,D010003
DB00533,D010003
DB00554,D010003
DB00573,D010003
DB00580,D010003
DB00586,D010003
DB00605,D010003
DB00712,D010003
DB00749,D010003
DB00784,D010003
DB00788,D010003
DB00812,D010003
DB00814,D010003
DB00861,D010003
DB00929,D010003
DB00939,D010003
DB00945,D010003
DB00991,D010003
DB01009,D010003
DB01050,D010003
DB01068,D010003
DB01283,D010003
DB01296,D010003
DB01399,D010003
DB01419,D010003
DB01551,D010003
DB01628,D010003
DB02709,D010003
DB04743,D010003
DB04812,D010003
DB05073,D010003
DB06774,D010003
DB08951,D010003
DB11672,D010003
DB11994,D010003
DB15359,D010003
DB00214,C536051
DB00282,C536051
DB00695,C536051
DB00887,C536051
DB00988,C536051
DB00136,D010024
DB00146,D010024
DB00153,D010024
DB00169,D010024
DB00282,D010024
DB00286,D010024
DB00342,D010024
DB00367,D010024
DB00399,D010024
DB00481,D010024
DB00571,D010024
DB00584,D010024
DB00630,D010024
DB00710,D010024
DB00783,D010024
DB00884,D010024
DB01065,D010024
DB01070,D010024
DB01077,D010024
DB01276,D010024
DB01296,D010024
DB01373,D010024
DB01436,D010024
DB01645,D010024
DB01852,D010024
DB02709,D010024
DB03322,D010024
DB04115,D010024
DB04861,D010024
DB05073,D010024
DB05295,D010024
DB05829,D010024
DB06202,D010024
DB06285,D010024
DB06724,D010024
DB08804,D010024
DB09070,D010024
DB09267,D010024
DB11094,D010024
DB11672,D010024
DB12052,D010024
DB13956,D010024
DB15359,D010024
DB15381,D010024
DB00207,D010033
DB00397,D010033
DB00440,D010033
DB00535,D010033
DB00537,D010033
DB00671,D010033
DB00741,D010033
DB00798,D010033
DB00833,D010033
DB01060,D010033
DB01069,D010033
DB01086,D010033
DB01137,D010033
DB01165,D010033
DB01211,D010033
DB01212,D010033
DB01234,D010033
DB12127,D010033
DB00282,C563476
DB00399,C563476
DB00630,C563476
DB00884,C563476
DB01133,C563476
DB00176,D016584
DB00186,D016584
DB00215,D016584
DB00285,D016584
DB00313,D016584
DB00334,D016584
DB00363,D016584
DB00391,D016584
DB00404,D016584
DB00458,D016584
DB00472,D016584
DB00476,D016584
DB00490,D016584
DB00540,D016584
DB00546,D016584
DB00571,D016584
DB00715,D016584
DB00734,D016584
DB00752,D016584
DB00780,D016584
DB00829,D016584
DB00842,D016584
DB00977,D016584
DB01064,D016584
DB01068,D016584
DB01104,D016584
DB01151,D016584
DB01156,D016584
DB01175,D016584
DB01202,D016584
DB01242,D016584
DB03322,D016584
DB11868,D016584
DB12537,D016584
DB13876,D016584
DB00264,D010235
DB00925,D010235
DB01169,D010235
DB06704,D010235
DB00190,D010300
DB00245,D010300
DB00268,D010300
DB00323,D010300
DB00376,D010300
DB00387,D010300
DB00413,D010300
DB00494,D010300
DB00714,D010300
DB00747,D010300
DB00810,D010300
DB00915,D010300
DB00989,D010300
DB01186,D010300
DB01200,D010300
DB01235,D010300
DB01367,D010300
DB00819,D020967
DB00190,D010300
DB00245,D010300
DB00268,D010300
DB00323,D010300
DB00376,D010300
DB00387,D010300
DB00392,D010300
DB00413,D010300
DB00424,D010300
DB00494,D010300
DB00589,D010300
DB00714,D010300
DB00747,D010300
DB00989,D010300
DB01037,D010300
DB01173,D010300
DB01186,D010300
DB01235,D010300
DB01367,D010300
DB05271,D010300
DB00268,D010300
DB00323,D010300
DB00376,D010300
DB00387,D010300
DB00392,D010300
DB00413,D010300
DB00424,D010300
DB00494,D010300
DB00589,D010300
DB00714,D010300
DB00989,D010300
DB01037,D010300
DB01173,D010300
DB01186,D010300
DB01235,D010300
DB05271,D010300
DB00570,D016506
DB00993,D016506
DB00806,D010520
DB00115,D000752
DB00200,D000752
DB00457,D010673
DB00571,D010673
DB00575,D010673
DB00598,D010673
DB00692,D010673
DB00765,D010673
DB00925,D010673
DB01115,D010673
DB00472,D020774
DB00563,D010916
DB00620,D010916
DB00926,D010916
DB00279,D007690
DB00412,D007690
DB00877,D007690
DB04513,D007690
DB08889,C536330
DB00675,D005359
DB01217,D005359
DB00482,D011125
DB00605,D011125
DB00712,D011125
DB02709,D011125
DB04216,D011125
DB05073,D011125
DB06246,D011125
DB11672,D011125
DB12422,D011125
DB00482,C562464
DB01065,D017118
DB01914,D017118
DB00252,D017119
DB00898,D017119
DB01217,D017119
DB00734,D011218
DB00007,D011629
DB00675,D011629
DB01026,D011629
DB04839,D011629
DB01026,C536961
DB01217,C536961
DB02709,D011371
DB05073,D011371
DB00331,C566757
DB00650,C566757
DB00007,D011471
DB00014,D011471
DB00020,D011471
DB00126,D011471
DB00136,D011471
DB00146,D011471
DB00169,D011471
DB00170,D011471
DB00179,D011471
DB00203,D011471
DB00238,D011471
DB00250,D011471
DB00255,D011471
DB00269,D011471
DB00286,D011471
DB00305,D011471
DB00309,D011471
DB00317,D011471
DB00357,D011471
DB00361,D011471
DB00399,D011471
DB00441,D011471
DB00445,D011471
DB00480,D011471
DB00481,D011471
DB00482,D011471
DB00499,D011471
DB00515,D011471
DB00523,D011471
DB00531,D011471
DB00541,D011471
DB00544,D011471
DB00563,D011471
DB00570,D011471
DB00590,D011471
DB00603,D011471
DB00619,D011471
DB00624,D011471
DB00635,D011471
DB00644,D011471
DB00665,D011471
DB00675,D011471
DB00712,D011471
DB00741,D011471
DB00773,D011471
DB00783,D011471
DB00822,D011471
DB00851,D011471
DB00860,D011471
DB00910,D011471
DB00928,D011471
DB00958,D011471
DB00977,D011471
DB00997,D011471
DB01005,D011471
DB01026,D011471
DB01041,D011471
DB01042,D011471
DB01050,D011471
DB01065,D011471
DB01083,D011471
DB01101,D011471
DB01126,D011471
DB01128,D011471
DB01162,D011471
DB01169,D011471
DB01181,D011471
DB01196,D011471
DB01204,D011471
DB01216,D011471
DB01229,D011471
DB01234,D011471
DB01248,D011471
DB01268,D011471
DB01420,D011471
DB01593,D011471
DB01645,D011471
DB02115,D011471
DB02342,D011471
DB02546,D011471
DB02709,D011471
DB03404,D011471
DB03496,D011471
DB04017,D011471
DB04115,D011471
DB04216,D011471
DB04815,D011471
DB04839,D011471
DB04942,D011471
DB04996,D011471
DB05073,D011471
DB05076,D011471
DB05434,D011471
DB05812,D011471
DB06195,D011471
DB06199,D011471
DB06246,D011471
DB06287,D011471
DB06603,D011471
DB06719,D011471
DB06772,D011471
DB06774,D011471
DB06778,D011471
DB06803,D011471
DB07352,D011471
DB07795,D011471
DB08399,D011471
DB08831,D011471
DB08899,D011471
DB08913,D011471
DB09199,D011471
DB09369,D011471
DB11094,D011471
DB11119,D011471
DB11231,D011471
DB11251,D011471
DB11430,D011471
DB11544,D011471
DB11672,D011471
DB11674,D011471
DB11841,D011471
DB11890,D011471
DB12066,D011471
DB12116,D011471
DB12415,D011471
DB12647,D011471
DB12681,D011471
DB12812,D011471
DB13063,D011471
DB13066,D011471
DB13245,D011471
DB13387,D011471
DB13956,D011471
DB14183,D011471
DB14482,D011471
DB14484,D011471
DB14490,D011471
DB15289,D011471
DB15334,D011471
DB15394,D011471
DB00594,D056929
DB00373,D017889
DB00449,D017889
DB00654,D017889
DB01085,D017889
DB00328,D011546
DB00126,D011561
DB14001,D011561
DB14003,D011561
DB14476,D011561
DB14482,D011561
DB14484,D011561
DB14490,D011561
DB00091,D011565
DB00136,D011565
DB00158,D011565
DB00162,D011565
DB00197,D011565
DB00210,D011565
DB00250,D011565
DB00288,D011565
DB00337,D011565
DB00352,D011565
DB00443,D011565
DB00459,D011565
DB00548,D011565
DB00553,D011565
DB00563,D011565
DB00688,D011565
DB00755,D011565
DB00759,D011565
DB00795,D011565
DB00799,D011565
DB00855,D011565
DB00860,D011565
DB00864,D011565
DB00877,D011565
DB00926,D011565
DB00982,D011565
DB00993,D011565
DB01005,D011565
DB01013,D011565
DB01017,D011565
DB01024,D011565
DB01047,D011565
DB01260,D011565
DB01394,D011565
DB01677,D011565
DB02300,D011565
DB04571,D011565
DB04812,D011565
DB04942,D011565
DB08877,D011565
DB08895,D011565
DB11082,D011565
DB11157,D011565
DB11750,D011565
DB12216,D011565
DB12369,D011565
DB13083,D011565
DB13689,D011565
DB00917,D054990
DB04951,D054990
DB06603,D054990
DB00015,D006976
DB00203,D006976
DB00214,D006976
DB00235,D006976
DB00264,D006976
DB00313,D006976
DB00317,D006976
DB00325,D006976
DB00328,D006976
DB00350,D006976
DB00374,D006976
DB00412,D006976
DB00435,D006976
DB00472,D006976
DB00549,D006976
DB00559,D006976
DB00571,D006976
DB00584,D006976
DB00641,D006976
DB00653,D006976
DB00678,D006976
DB00682,D006976
DB00692,D006976
DB00727,D006976
DB00744,D006976
DB00770,D006976
DB00797,D006976
DB00813,D006976
DB00820,D006976
DB00883,D006976
DB00975,D006976
DB01005,D006976
DB01076,D006976
DB01088,D006976
DB01115,D006976
DB01119,D006976
DB01136,D006976
DB01183,D006976
DB01240,D006976
DB01340,D006976
DB01427,D006976
DB02342,D006976
DB02546,D006976
DB02709,D006976
DB03052,D006976
DB03322,D006976
DB04216,D006976
DB05073,D006976
DB05229,D006976
DB05367,D006976
DB05407,D006976
DB06268,D006976
DB06403,D006976
DB06558,D006976
DB06762,D006976
DB08932,D006976
DB09140,D006976
DB12017,D006976
DB12054,D006976
DB12116,D006976
DB12163,D006976
DB12465,D006976
DB00270,D011928
DB00343,D011928
DB00381,D011928
DB00401,D011928
DB00457,D011928
DB00528,D011928
DB00590,D011928
DB00727,D011928
DB01023,D011928
DB01113,D011928
DB01115,D011928
DB01197,D011928
DB00531,D000141
DB00635,D000141
DB09154,D000141
DB00136,D012175
DB00531,D012175
DB00773,D012175
DB00958,D012175
DB01169,D012175
DB06410,D012175
DB00091,D001172
DB00168,D001172
DB00291,D001172
DB00316,D001172
DB00328,D001172
DB00443,D001172
DB00461,D001172
DB00469,D001172
DB00487,D001172
DB00531,D001172
DB00554,D001172
DB00563,D001172
DB00573,D001172
DB00580,D001172
DB00586,D001172
DB00605,D001172
DB00608,D001172
DB00635,D001172
DB00712,D001172
DB00741,D001172
DB00755,D001172
DB00784,D001172
DB00788,D001172
DB00795,D001172
DB00812,D001172
DB00814,D001172
DB00848,D001172
DB00859,D001172
DB00860,D001172
DB00864,D001172
DB00927,D001172
DB00929,D001172
DB00945,D001172
DB00959,D001172
DB00993,D001172
DB00995,D001172
DB01009,D001172
DB01017,D001172
DB01041,D001172
DB01097,D001172
DB01103,D001172
DB01169,D001172
DB01178,D001172
DB01234,D001172
DB01611,D001172
DB01628,D001172
DB02546,D001172
DB02709,D001172
DB03585,D001172
DB04812,D001172
DB04942,D001172
DB05073,D001172
DB06736,D001172
DB06823,D001172
DB08895,D001172
DB09121,D001172
DB09276,D001172
DB11672,D001172
DB11753,D001172
DB11785,D001172
DB11841,D001172
DB12025,D001172
DB12160,D001172
DB12243,D001172
DB12510,D001172
DB13167,D001172
DB13481,D001172
DB13657,D001172
DB13722,D001172
DB14154,D001172
DB14644,D001172
DB00126,D002607
DB14482,D002607
DB14484,D002607
DB14490,D002607
DB00608,D012507
DB00620,D012507
DB00635,D012507
DB00860,D012507
DB00959,D012507
DB00993,D012507
DB01041,D012507
DB01043,D012507
DB01234,D012507
DB00435,D012555
DB01058,D012555
DB01096,D012555
DB06151,D012555
DB06697,D012555
DB06803,D012555
DB14479,D012555
DB00118,D012559
DB00158,D012559
DB00165,D012559
DB00182,D012559
DB00186,D012559
DB00206,D012559
DB00245,D012559
DB00246,D012559
DB00285,D012559
DB00313,D012559
DB00321,D012559
DB00334,D012559
DB00363,D012559
DB00376,D012559
DB00387,D012559
DB00391,D012559
DB00404,D012559
DB00408,D012559
DB00409,D012559
DB00434,D012559
DB00458,D012559
DB00472,D012559
DB00477,D012559
DB00502,D012559
DB00555,D012559
DB00564,D012559
DB00571,D012559
DB00575,D012559
DB00623,D012559
DB00656,D012559
DB00679,D012559
DB00734,D012559
DB00745,D012559
DB00767,D012559
DB00776,D012559
DB00810,D012559
DB00829,D012559
DB00831,D012559
DB00850,D012559
DB00875,D012559
DB00933,D012559
DB01017,D012559
DB01063,D012559
DB01068,D012559
DB01069,D012559
DB01100,D012559
DB01104,D012559
DB01174,D012559
DB01198,D012559
DB01221,D012559
DB01224,D012559
DB01233,D012559
DB01238,D012559
DB01239,D012559
DB01255,D012559
DB01267,D012559
DB01356,D012559
DB01403,D012559
DB01576,D012559
DB01608,D012559
DB01618,D012559
DB01623,D012559
DB01708,D012559
DB03322,D012559
DB04842,D012559
DB04888,D012559
DB05316,D012559
DB05687,D012559
DB06144,D012559
DB06216,D012559
DB06247,D012559
DB06288,D012559
DB06413,D012559
DB08922,D012559
DB09003,D012559
DB09061,D012559
DB09223,D012559
DB09225,D012559
DB11447,D012559
DB11642,D012559
DB12401,D012559
DB12458,D012559
DB12478,D012559
DB12537,D012559
DB12579,D012559
DB12867,D012559
DB13273,D012559
DB13791,D012559
DB14509,D012559
DB00118,D012559
DB00158,D012559
DB00165,D012559
DB00182,D012559
DB00186,D012559
DB00206,D012559
DB00245,D012559
DB00246,D012559
DB00285,D012559
DB00313,D012559
DB00321,D012559
DB00334,D012559
DB00363,D012559
DB00376,D012559
DB00387,D012559
DB00391,D012559
DB00404,D012559
DB00408,D012559
DB00409,D012559
DB00458,D012559
DB00472,D012559
DB00477,D012559
DB00502,D012559
DB00555,D012559
DB00564,D012559
DB00571,D012559
DB00575,D012559
DB00623,D012559
DB00656,D012559
DB00679,D012559
DB00734,D012559
DB00745,D012559
DB00767,D012559
DB00776,D012559
DB00810,D012559
DB00829,D012559
DB00831,D012559
DB00850,D012559
DB00875,D012559
DB00933,D012559
DB01017,D012559
DB01063,D012559
DB01069,D012559
DB01100,D012559
DB01104,D012559
DB01174,D012559
DB01198,D012559
DB01221,D012559
DB01224,D012559
DB01233,D012559
DB01238,D012559
DB01239,D012559
DB01255,D012559
DB01267,D012559
DB01356,D012559
DB01403,D012559
DB01576,D012559
DB01608,D012559
DB01618,D012559
DB01623,D012559
DB01708,D012559
DB03322,D012559
DB04842,D012559
DB04888,D012559
DB05316,D012559
DB05687,D012559
DB06144,D012559
DB06216,D012559
DB06247,D012559
DB06288,D012559
DB06413,D012559
DB08922,D012559
DB09003,D012559
DB09061,D012559
DB09223,D012559
DB09225,D012559
DB11447,D012559
DB11642,D012559
DB12401,D012559
DB12458,D012559
DB12478,D012559
DB12537,D012559
DB12579,D012559
DB12867,D012559
DB13273,D012559
DB13791,D012559
DB14509,D012559
DB00523,D017492
DB00755,D017492
DB00114,D000756
DB00126,D000756
DB00158,D000756
DB00165,D000756
DB00537,D000756
DB00806,D000756
DB01143,D000756
DB01234,D000756
DB06757,D000756
DB14482,D000756
DB14484,D000756
DB14490,D000756
DB00309,D018288
DB00444,D018288
DB00515,D018288
DB00531,D018288
DB00541,D018288
DB00563,D018288
DB00773,D018288
DB01030,D018288
DB01169,D018288
DB01181,D018288
DB00734,D058496
DB00215,D010264
DB00433,D010264
DB00502,D010264
DB00734,D010264
DB00158,D009436
DB00169,D009436
DB00650,D009436
DB01174,D009436
DB01593,D009436
DB01783,D009436
DB02709,D009436
DB04216,D009436
DB04485,D009436
DB04557,D009436
DB04789,D009436
DB05073,D009436
DB06151,D009436
DB06756,D009436
DB09350,D009436
DB11256,D009436
DB12224,D009436
DB13178,D009436
DB14001,D009436
DB14003,D009436
DB14476,D009436
DB14479,D009436
DB00230,D020754
DB00996,D020754
DB00230,D020754
DB00996,D020754
DB00126,D011085
DB00137,D011085
DB00143,D011085
DB00158,D011085
DB00197,D011085
DB00304,D011085
DB00331,D011085
DB00367,D011085
DB00412,D011085
DB00421,D011085
DB00499,D011085
DB00641,D011085
DB00717,D011085
DB00882,D011085
DB00977,D011085
DB01083,D011085
DB01393,D011085
DB01395,D011085
DB01593,D011085
DB02709,D011085
DB04839,D011085
DB05073,D011085
DB11135,D011085
DB13178,D011085
DB14482,D011085
DB14484,D011085
DB14490,D011085
DB00181,D016750
DB00083,D013285
DB01174,D013341
DB00635,D013700
DB00388,D013771
DB00770,D013771
DB00236,D013922
DB00261,D013922
DB00619,D013922
DB00758,D013922
DB00791,D013922
DB00945,D013922
DB01005,D013922
DB01008,D013922
DB01042,D013922
DB04572,D013922
DB05258,D013922
DB00091,D016553
DB00302,D016553
DB00541,D016553
DB00570,D016553
DB00620,D016553
DB00635,D016553
DB00741,D016553
DB00959,D016553
DB00993,D016553
DB01234,D016553
DB01240,D016553
DB01406,D016553
DB00208,D019851
DB00278,D019851
DB00407,D019851
DB00569,D019851
DB00682,D019851
DB00806,D019851
DB00945,D019851
DB01225,D019851
DB01340,D019851
DB00398,C572845
DB00997,C572845
DB01098,D000077273
DB00575,D014029
DB00181,D014103
DB00186,D014103
DB00252,D011225
DB00264,D011225
DB00297,D011225
DB00381,D011225
DB00443,D011225
DB00598,D011225
DB00653,D011225
DB00727,D011225
DB00783,D011225
DB00842,D011225
DB00883,D011225
DB01088,D011225
DB01109,D011225
DB01115,D011225
DB01275,D011225
DB02709,D011225
DB05073,D011225
DB06005,D011225
DB12661,D011225
DB13956,D011225
DB15404,D011225
DB00264,C536545
DB00571,C536545
DB00794,C536545
DB00909,C536545
DB00996,C536545
DB01203,C536545
DB08824,C536545
DB00213,C536406
DB00338,C536406
DB00364,C536406
DB00424,C536406
DB00448,C536406
DB00501,C536406
DB00572,C536406
DB00585,C536406
DB00736,C536406
DB00747,C536406
DB00794,C536406
DB00863,C536406
DB00927,C536406
DB00929,C536406
DB01129,C536406
DB01174,C536406
DB01203,C536406
DB00181,D014277
DB00564,D014277
DB00697,D014277
DB00856,D014277
DB00898,D014277
DB00734,D004314
DB00635,C565346
DB00166,D003093
DB00184,D003093
DB00244,D003093
DB00412,D003093
DB00635,D003093
DB00641,D003093
DB00771,D003093
DB00795,D003093
DB00836,D003093
DB00860,D003093
DB00916,D003093
DB00959,D003093
DB00993,D003093
DB01003,D003093
DB01014,D003093
DB01033,D003093
DB01041,D003093
DB01222,D003093
DB01250,D003093
DB01436,D003093
DB02300,D003093
DB02709,D003093
DB04815,D003093
DB05073,D003093
DB06774,D003093
DB09241,D003093
DB09477,D003093
DB12695,D003093
DB12770,D003093
DB14183,D003093
DB01019,D001750
DB00286,D000093662
DB00304,D000093662
DB00351,D000093662
DB00367,D000093662
DB00603,D000093662
DB00717,D000093662
DB00957,D000093662
DB00977,D000093662
DB00464,D014648
DB00553,D001327
DB04571,D001327
DB00035,D056725
DB00309,D009396
DB00515,D009396
DB00541,D009396
DB00755,D009396
DB00773,D009396
DB00958,D009396
DB00970,D009396
DB00997,D009396
DB01042,D009396
DB01181,D009396
DB01229,D009396
DB00131,D014927
DB00343,D014927
DB00571,D014927
DB00640,D014927
DB00908,D014927
DB01035,D014927
DB01118,D014927
DB01182,D014927
DB01195,D014927
DB01356,D014927
DB01429,D014927
DB03322,D014927
DB00163,C536000
DB00346,C536000
DB00371,C536000
DB00424,C536000
DB00457,C536000
DB00468,C536000
DB00590,C536000
DB00661,C536000
DB00697,C536000
DB00706,C536000
DB00924,C536000
DB01162,C536000
DB01173,C536000
DB01216,C536000
DB04815,C538178
DB00741,C562707
DB01234,C562707
DB01393,C536353
DB00635,D000326
DB00984,D000347
DB08804,D000347
DB01080,D038261
DB08895,C537055
DB00384,D002549
DB00695,D002549
DB00880,D002549
DB00887,D002549
DB00903,D002549
DB00331,D056769
DB00412,D056769
DB05076,D009472
DB05076,D009472
DB00091,D000744
DB00158,D000744
DB00531,D000744
DB00635,D000744
DB00688,D000744
DB00746,D000744
DB00778,D000744
DB00859,D000744
DB00860,D000744
DB01024,D000744
DB01406,D000744
DB00653,C567144
DB00126,C562385
DB00158,D000757
DB01174,C535382
DB00122,C535387
DB00328,C535387
DB00482,C535387
DB00500,C535387
DB00554,C535387
DB00573,C535387
DB00586,C535387
DB00605,C535387
DB00712,C535387
DB00749,C535387
DB00788,C535387
DB00814,C535387
DB00861,C535387
DB00945,C535387
DB00991,C535387
DB01009,C535387
DB01050,C535387
DB01068,C535387
DB01296,C535387
DB00214,D002915
DB00384,D002915
DB00421,D002915
DB00594,D002915
DB00695,D002915
DB00887,D002915
DB00903,D002915
DB00999,D002915
DB00180,C565935
DB00218,C565935
DB00221,C565935
DB00277,C565935
DB00332,C565935
DB00394,C565935
DB00440,C565935
DB00471,C565935
DB00535,C565935
DB00537,C565935
DB00549,C565935
DB00588,C565935
DB00620,C565935
DB00635,C565935
DB00651,C565935
DB00668,C565935
DB00716,C565935
DB00744,C565935
DB00764,C565935
DB00816,C565935
DB00852,C565935
DB00871,C565935
DB00938,C565935
DB00959,C565935
DB00983,C565935
DB01001,C565935
DB01003,C565935
DB01064,C565935
DB01137,C565935
DB01222,C565935
DB01223,C565935
DB01234,C565935
DB01291,C565935
DB01364,C565935
DB01410,C565935
DB00776,C565933
DB00794,C565933
DB00909,C565933
DB00996,C565933
DB00380,C565932
DB04216,D001260
DB00563,C538013
DB00635,C538013
DB00993,C538013
DB00007,D001321
DB00107,D001321
DB00176,D001321
DB00215,D001321
DB00246,D001321
DB00289,D001321
DB00313,D001321
DB00334,D001321
DB00360,D001321
DB00370,D001321
DB00421,D001321
DB00422,D001321
DB00434,D001321
DB00472,D001321
DB00490,D001321
DB00502,D001321
DB00566,D001321
DB00571,D001321
DB00574,D001321
DB00575,D001321
DB00674,D001321
DB00704,D001321
DB00734,D001321
DB00877,D001321
DB00915,D001321
DB01018,D001321
DB01043,D001321
DB01065,D001321
DB01104,D001321
DB01132,D001321
DB01175,D001321
DB01202,D001321
DB01238,D001321
DB01242,D001321
DB01592,D001321
DB03322,D001321
DB04786,D001321
DB06678,D001321
DB08966,D001321
DB09210,D001321
DB11133,D001321
DB11868,D001321
DB12537,D001321
DB14089,D001321
DB14513,D001321
DB00330,D009165
DB00951,D009165
DB01045,D009165
DB01082,D009165
DB00221,C565905
DB00277,C565905
DB00332,C565905
DB00384,C565905
DB00471,C565905
DB00651,C565905
DB00695,C565905
DB00816,C565905
DB00871,C565905
DB00880,C565905
DB00887,C565905
DB00903,C565905
DB00983,C565905
DB01222,C565905
DB01223,C565905
DB00973,C537345
DB01586,C535933
DB00126,D008175
DB00136,D008175
DB00171,D008175
DB00197,D008175
DB00201,D008175
DB00242,D008175
DB00257,D008175
DB00262,D008175
DB00277,D008175
DB00290,D008175
DB00295,D008175
DB00305,D008175
DB00307,D008175
DB00309,D008175
DB00317,D008175
DB00328,D008175
DB00361,D008175
DB00412,D008175
DB00441,D008175
DB00445,D008175
DB00515,D008175
DB00523,D008175
DB00530,D008175
DB00531,D008175
DB00537,D008175
DB00541,D008175
DB00544,D008175
DB00553,D008175
DB00554,D008175
DB00563,D008175
DB00605,D008175
DB00619,D008175
DB00650,D008175
DB00675,D008175
DB00773,D008175
DB00927,D008175
DB00928,D008175
DB00958,D008175
DB00982,D008175
DB00995,D008175
DB00997,D008175
DB01065,D008175
DB01109,D008175
DB01169,D008175
DB01181,D008175
DB01206,D008175
DB01222,D008175
DB01223,D008175
DB01229,D008175
DB01234,D008175
DB01248,D008175
DB01262,D008175
DB01645,D008175
DB02546,D008175
DB03568,D008175
DB04216,D008175
DB04725,D008175
DB04960,D008175
DB05294,D008175
DB05424,D008175
DB05524,D008175
DB05983,D008175
DB06005,D008175
DB06199,D008175
DB06246,D008175
DB06755,D008175
DB06774,D008175
DB08831,D008175
DB08916,D008175
DB09110,D008175
DB09201,D008175
DB09256,D008175
DB09298,D008175
DB11651,D008175
DB11672,D008175
DB11689,D008175
DB11716,D008175
DB11828,D008175
DB11841,D008175
DB12116,D008175
DB12328,D008175
DB12736,D008175
DB12870,D008175
DB13069,D008175
DB13178,D008175
DB13853,D008175
DB14001,D008175
DB14003,D008175
DB14104,D008175
DB14183,D008175
DB14476,D008175
DB14482,D008175
DB14484,D008175
DB14490,D008175
DB14981,D008175
DB15404,D008175
DB00257,D002178
DB01026,D002178
DB01099,D002178
DB01110,D002178
DB01167,D002178
DB01427,D002311
DB00380,D002311
DB00380,C565881
DB00583,C536778
DB00380,C538280
DB00963,C538280
DB00214,C535858
DB00232,C535858
DB00384,C535858
DB00421,C535858
DB00436,C535858
DB00524,C535858
DB00594,C535858
DB00695,C535858
DB00808,C535858
DB00819,C535858
DB00860,C535858
DB00880,C535858
DB00887,C535858
DB00903,C535858
DB00999,C535858
DB01197,C535858
DB01234,C535858
DB01406,C535858
DB00563,D002813
DB00188,D002817
DB00541,D002817
DB01268,D002817
DB00286,C565850
DB00624,C565850
DB00655,C565850
DB00717,C565850
DB00783,C565850
DB00977,C565850
DB01185,C565850
DB00157,D003057
DB14128,D003057
DB11672,D003103
DB01219,C565679
DB00165,C565678
DB00252,C565678
DB00313,C565678
DB00396,C565678
DB00555,C565678
DB00593,C565678
DB00653,C565678
DB00754,C565678
DB00776,C565678
DB00794,C565678
DB00819,C565678
DB00829,C565678
DB00906,C565678
DB00909,C565678
DB01080,C565678
DB01174,C565678
DB01202,C565678
DB01320,C565678
DB01351,C565678
DB00434,C565672
DB00536,C565672
DB01174,D003414
DB00624,D003456
DB01420,D003456
DB06710,D003456
DB00035,D003550
DB00143,D003550
DB00159,D003550
DB00203,D003550
DB00319,D003550
DB00355,D003550
DB00419,D003550
DB00448,D003550
DB00479,D003550
DB00537,D003550
DB00549,D003550
DB00563,D003550
DB00641,D003550
DB00684,D003550
DB00803,D003550
DB00828,D003550
DB01050,D003550
DB01115,D003550
DB01132,D003550
DB01165,D003550
DB01586,D003550
DB01611,D003550
DB06151,D003550
DB08820,D003550
DB14479,D003550
DB00847,C535765
DB00847,D003554
DB00859,D003555
DB06823,D003555
DB00125,C535767
DB00136,D003922
DB00682,D003922
DB01956,D003922
DB02709,D003922
DB05073,D003922
DB08907,D003922
DB11293,D003922
DB12647,D003922
DB14377,D003922
DB00444,C565617
DB00541,C565617
DB00563,C565617
DB00620,C565617
DB00635,C565617
DB00694,C565617
DB00762,C565617
DB00987,C565617
DB01008,C565617
DB01073,C565617
DB01177,C565617
DB01234,C565617
DB01254,C565617
DB00390,D004437
DB00167,D001927
DB00215,D001927
DB00380,D001927
DB00433,D001927
DB00734,D001927
DB00167,C565594
DB00215,C565594
DB00433,C565594
DB00734,C565594
DB00380,D004695
DB00424,D004760
DB00475,D004760
DB00572,D004760
DB00747,D004760
DB00771,D004760
DB01174,D004760
DB00302,D005166
DB01185,D005199
DB01698,D005199
DB02709,D005199
DB05073,D005199
DB08804,D005199
DB12449,D005199
DB13586,D005199
DB00328,D005198
DB00583,D005198
DB00635,D005198
DB01390,D005198
DB01956,D005198
DB03811,D005198
DB00163,C565557
DB00419,D005776
DB00682,D005776
DB00419,D005776
DB00682,D005776
DB00419,D005776
DB00682,D005776
DB00563,D006828
DB00917,D006828
DB00692,D001606
DB01148,D001606
DB01210,D001606
DB01225,D001606
DB00163,C536835
DB00178,D006030
DB00492,D006030
DB00519,D006030
DB00638,D006030
DB00722,D006030
DB00881,D006030
DB01390,D006030
DB00240,D005317
DB00337,D005317
DB00547,D005317
DB00563,D005317
DB00596,D005317
DB00635,D005317
DB00741,D005317
DB00764,D005317
DB00846,D005317
DB00993,D005317
DB01234,D005317
DB01260,D005317
DB01359,C535758
DB00262,D006689
DB00290,D006689
DB00309,D006689
DB00361,D006689
DB00428,D006689
DB00441,D006689
DB00444,D006689
DB00445,D006689
DB00515,D006689
DB00531,D006689
DB00541,D006689
DB00563,D006689
DB00570,D006689
DB00635,D006689
DB00650,D006689
DB00773,D006689
DB00791,D006689
DB00851,D006689
DB00860,D006689
DB00888,D006689
DB00959,D006689
DB00987,D006689
DB00997,D006689
DB01008,D006689
DB01042,D006689
DB01073,D006689
DB01168,D006689
DB01181,D006689
DB01204,D006689
DB01206,D006689
DB04572,D006689
DB06179,D006689
DB11648,D006689
DB12832,D006689
DB04789,D006712
DB06756,D006712
DB11256,D006712
DB00601,D006849
DB00695,D006849
DB00819,D006849
DB03793,D020165
DB09269,D020165
DB01174,D006932
DB01174,D007566
DB01219,C565498
DB00281,D010009
DB00379,D010009
DB12052,D010009
DB00165,C565494
DB00313,C565494
DB00555,C565494
DB00653,C565494
DB00754,C565494
DB00819,C565494
DB00909,C565494
DB01202,C565494
DB01320,C565494
DB01351,C565494
DB00635,D000075262
DB00687,D000075262
DB00860,D000075262
DB00126,D012614
DB14482,D012614
DB14484,D012614
DB14490,D012614
DB01119,C537150
DB00624,D005058
DB01185,D005058
DB00153,C565478
DB01070,C565478
DB00755,C538603
DB00819,D011559
DB01586,C535933
DB00806,D007589
DB00459,D010214
DB00250,D007918
DB00608,D007918
DB00845,D007918
DB00860,D007918
DB01041,D007918
DB01045,D007918
DB12025,D007918
DB00328,D006646
DB00482,C565441
DB00541,C565441
DB00563,C565441
DB00762,C565441
DB00987,C565441
DB01008,C565441
DB00928,D054221
DB01262,D054221
DB00262,C565429
DB00290,C565429
DB00444,C565429
DB00541,C565429
DB00563,C565429
DB00619,C565429
DB00631,C565429
DB00635,C565429
DB00694,C565429
DB00987,C565429
DB00997,C565429
DB01033,C565429
DB01073,C565429
DB01177,C565429
DB01181,C565429
DB01204,C565429
DB01254,C565429
DB00653,C565423
DB14500,C537153
DB14513,C537153
DB00981,D013132
DB00563,D010505
DB00972,D010505
DB00993,D010505
DB01394,D010505
DB00126,C567102
DB00152,D017240
DB00583,D017240
DB00635,D017240
DB02745,D017240
DB00186,C536988
DB00211,C536988
DB00321,C536988
DB00404,C536988
DB00472,C536988
DB00540,C536988
DB00545,C536988
DB00687,C536988
DB00715,C536988
DB00788,C536988
DB01050,C536988
DB01104,C536988
DB00334,D009084
DB00555,D009084
DB00734,D009084
DB00334,D009084
DB00555,D009084
DB00734,D009084
DB00334,D009084
DB00555,D009084
DB00734,D009084
DB00334,D009084
DB00555,D009084
DB00734,D009084
DB01219,C537480
DB00091,D009157
DB00545,D009157
DB00733,D009157
DB00993,D009157
DB01122,D009157
DB01400,D009157
DB00307,D009182
DB00531,D009182
DB00563,D009182
DB00570,D009182
DB00635,D009182
DB00888,D009182
DB01234,D009182
DB02546,D009182
DB00242,D055728
DB00480,D055728
DB00635,D055728
DB00791,D055728
DB00860,D055728
DB00987,D055728
DB01005,D055728
DB01008,D055728
DB01041,D055728
DB01042,D055728
DB01262,D055728
DB01406,D055728
DB11697,D055728
DB00050,D009101
DB00136,D009101
DB00188,D009101
DB00262,D009101
DB00282,D009101
DB00309,D009101
DB00399,D009101
DB00441,D009101
DB00480,D009101
DB00481,D009101
DB00482,D009101
DB00515,D009101
DB00531,D009101
DB00541,D009101
DB00563,D009101
DB00635,D009101
DB00675,D009101
DB00682,D009101
DB00720,D009101
DB00755,D009101
DB00773,D009101
DB00860,D009101
DB00877,D009101
DB00928,D009101
DB00959,D009101
DB00987,D009101
DB00997,D009101
DB01008,D009101
DB01030,D009101
DB01041,D009101
DB01042,D009101
DB01095,D009101
DB01167,D009101
DB01168,D009101
DB01169,D009101
DB01177,D009101
DB01211,D009101
DB01229,D009101
DB01234,D009101
DB01248,D009101
DB01262,D009101
DB01593,D009101
DB01698,D009101
DB02709,D009101
DB03068,D009101
DB04572,D009101
DB04786,D009101
DB04942,D009101
DB04960,D009101
DB05003,D009101
DB05073,D009101
DB06179,D009101
DB06412,D009101
DB06448,D009101
DB06774,D009101
DB08889,D009101
DB09199,D009101
DB11467,D009101
DB11648,D009101
DB11663,D009101
DB11672,D009101
DB12025,D009101
DB12802,D009101
DB13811,D009101
DB00313,D020190
DB00819,D020190
DB01068,D020190
DB01202,D020190
DB11868,D020190
DB00273,D020194
DB00794,D020194
DB00909,D020194
DB01068,D020194
DB01202,D020194
DB11868,D020194
DB00564,D009224
DB00819,D009224
DB00564,D009224
DB00819,D009224
DB00281,D010009
DB00379,D010009
DB12052,D010009
DB00279,D009230
DB00451,D009230
DB00091,C535761
DB00635,C535761
DB00993,C535761
DB00436,D009404
DB00695,D009404
DB00808,D009404
DB00880,D009404
DB00887,D009404
DB00903,D009404
DB00104,D044903
DB01119,D044903
DB00188,D009447
DB00197,D009447
DB00309,D009447
DB00482,D009447
DB00515,D009447
DB00531,D009447
DB00541,D009447
DB00586,D009447
DB00762,D009447
DB00773,D009447
DB00851,D009447
DB00853,D009447
DB00947,D009447
DB00958,D009447
DB00982,D009447
DB00997,D009447
DB01008,D009447
DB01030,D009447
DB01042,D009447
DB01169,D009447
DB01181,D009447
DB01262,D009447
DB04572,D009447
DB05220,D009447
DB05482,D009447
DB08865,D009447
DB09110,D009447
DB12257,D009447
DB00419,D052536
DB00419,D052556
DB00636,D052556
DB00242,C537752
DB00537,C537752
DB00928,C537752
DB01167,C537752
DB00490,C536420
DB00091,D012516
DB00188,D012516
DB00282,D012516
DB00445,D012516
DB00515,D012516
DB00531,D012516
DB00541,D012516
DB00563,D012516
DB00630,D012516
DB00650,D012516
DB00661,D012516
DB00762,D012516
DB00773,D012516
DB00822,D012516
DB00958,D012516
DB00970,D012516
DB00997,D012516
DB01042,D012516
DB01169,D012516
DB01181,D012516
DB01229,D012516
DB02656,D012516
DB05482,D012516
DB11869,D012516
DB14063,D012516
DB00153,C535282
DB00282,C536063
DB00268,C538104
DB00323,C538104
DB00376,C538104
DB00387,C538104
DB00392,C538104
DB00413,C538104
DB00424,C538104
DB00494,C538104
DB00589,C538104
DB00714,C538104
DB00989,C538104
DB01037,C538104
DB01173,C538104
DB01186,C538104
DB01235,C538104
DB05271,C538104
DB00104,D010190
DB00126,D010190
DB00136,D010190
DB00188,D010190
DB00197,D010190
DB00227,D010190
DB00262,D010190
DB00266,D010190
DB00293,D010190
DB00305,D010190
DB00361,D010190
DB00428,D010190
DB00441,D010190
DB00482,D010190
DB00515,D010190
DB00526,D010190
DB00530,D010190
DB00531,D010190
DB00541,D010190
DB00544,D010190
DB00584,D010190
DB00605,D010190
DB00650,D010190
DB00675,D010190
DB00682,D010190
DB00755,D010190
DB00762,D010190
DB00773,D010190
DB00822,D010190
DB00847,D010190
DB00851,D010190
DB00853,D010190
DB00945,D010190
DB00970,D010190
DB00997,D010190
DB01050,D010190
DB01101,D010190
DB01143,D010190
DB01169,D010190
DB01181,D010190
DB01206,D010190
DB01248,D010190
DB01262,D010190
DB01590,D010190
DB02342,D010190
DB02509,D010190
DB02546,D010190
DB02709,D010190
DB04115,D010190
DB04741,D010190
DB04743,D010190
DB05073,D010190
DB05076,D010190
DB05383,D010190
DB05482,D010190
DB05767,D010190
DB06155,D010190
DB06555,D010190
DB06774,D010190
DB07352,D010190
DB08895,D010190
DB08911,D010190
DB09257,D010190
DB11457,D010190
DB11672,D010190
DB11716,D010190
DB11969,D010190
DB12116,D010190
DB12647,D010190
DB13950,D010190
DB14060,D010190
DB14183,D010190
DB14482,D010190
DB14484,D010190
DB14490,D010190
DB15289,D010190
DB01241,C564906
DB00424,C564899
DB00969,C564899
DB01113,C564899
DB02509,D054078
DB14183,D054078
DB00167,C564894
DB00215,C564894
DB00433,C564894
DB00734,C564894
DB00158,C538556
DB00160,C537286
DB00236,D011087
DB00261,D011087
DB00791,D011087
DB00888,D011087
DB00945,D011087
DB00987,D011087
DB01005,D011087
DB01008,D011087
DB01254,D011087
DB00328,D053579
DB00191,C564870
DB00273,C564870
DB00397,C564870
DB00501,C564870
DB00865,C564870
DB00937,C564870
DB01083,C564870
DB01105,C564870
DB01156,C564870
DB01577,C564870
DB01579,C564870
DB00328,D011546
DB00136,C562688
DB00146,C562688
DB00153,C562688
DB00169,C562688
DB01070,C562688
DB00126,D011561
DB14001,D011561
DB14003,D011561
DB14476,D011561
DB14482,D011561
DB14484,D011561
DB14490,D011561
DB00203,C564862
DB00374,C564862
DB00559,C564862
DB01088,C564862
DB01240,C564862
DB06268,C564862
DB00163,C564859
DB01083,D012035
DB00169,D015212
DB00244,D015212
DB00338,D015212
DB00352,D015212
DB00537,D015212
DB00563,D015212
DB00635,D015212
DB00741,D015212
DB00744,D015212
DB00795,D015212
DB00860,D015212
DB00916,D015212
DB00993,D015212
DB01014,D015212
DB01033,D015212
DB01109,D015212
DB01220,D015212
DB01222,D015212
DB01234,D015212
DB01250,D015212
DB01285,D015212
DB01296,D015212
DB01698,D015212
DB06005,D015212
DB09221,D015212
DB11672,D015212
DB15398,D015212
DB15404,D015212
DB00262,D008228
DB00290,D008228
DB00444,D008228
DB00541,D008228
DB00563,D008228
DB00987,D008228
DB01073,D008228
DB01204,D008228
DB00776,C564847
DB00794,C564847
DB00909,C564847
DB00996,C564847
DB00126,D012174
DB00166,D012174
DB14001,D012174
DB14003,D012174
DB14476,D012174
DB14482,D012174
DB14484,D012174
DB14490,D012174
DB00188,D018232
DB00541,D018232
DB00563,D018232
DB00851,D018232
DB00997,D018232
DB01042,D018232
DB00357,C535865
DB00787,C535865
DB00563,D012859
DB00585,D012859
DB00860,D012859
DB01085,D012859
DB01390,D012859
DB08804,D012859
DB09019,D012859
DB09154,D012859
DB13853,D012859
DB01393,D016111
DB00882,D053713
DB00290,C563236
DB00515,C563236
DB00563,C563236
DB00570,C563236
DB00773,C563236
DB01181,C563236
DB00692,D013915
DB01148,D013915
DB01210,D013915
DB01225,D013915
DB00279,D006111
DB00389,D006111
DB00451,D006111
DB00550,D006111
DB00571,D006111
DB00635,D006111
DB00763,D006111
DB00860,D006111
DB01436,D006111
DB03322,D006111
DB06715,D006111
DB00242,C536928
DB00255,C536928
DB00262,C536928
DB00282,C536928
DB00307,C536928
DB00399,C536928
DB00445,C536928
DB00515,C536928
DB00541,C536928
DB00544,C536928
DB00552,C536928
DB00563,C536928
DB00570,C536928
DB00619,C536928
DB00635,C536928
DB00642,C536928
DB00694,C536928
DB00755,C536928
DB00762,C536928
DB00773,C536928
DB00848,C536928
DB00851,C536928
DB00853,C536928
DB00860,C536928
DB00958,C536928
DB00959,C536928
DB00987,C536928
DB00997,C536928
DB01005,C536928
DB01008,C536928
DB01030,C536928
DB01073,C536928
DB01101,C536928
DB01143,C536928
DB01169,C536928
DB01181,C536928
DB01234,C536928
DB01248,C536928
DB01254,C536928
DB01259,C536928
DB02546,C536928
DB00348,D020176
DB00348,D020176
DB00348,D020176
DB00162,C567296
DB00136,C562794
DB00146,C562794
DB00153,C562794
DB00169,C562794
DB01070,C562794
DB00136,C535393
DB00163,C535393
DB14001,C535393
DB14003,C535393
DB14476,C535393
DB00035,D056729
DB02709,D014898
DB05073,D014898
DB00152,D020915
DB00165,D006527
DB00252,D006527
DB00859,D006527
DB01235,D006527
DB01593,D006527
DB02520,D006527
DB05088,D006527
DB06824,D006527
DB09130,D006527
DB09322,D006527
DB14487,D006527
DB04839,D007039
DB00324,C536746
DB00755,D014983
DB00635,D000326
DB00216,D020326
DB00273,D020326
DB00320,D020326
DB00373,D020326
DB00434,D020326
DB00571,D020326
DB00669,D020326
DB00696,D020326
DB08907,D003922
DB00490,C564714
DB00678,D020388
DB00959,D020388
DB01956,D020388
DB02709,D020388
DB05073,D020388
DB12618,D020388
DB00007,D001321
DB00107,D001321
DB00176,D001321
DB00215,D001321
DB00246,D001321
DB00289,D001321
DB00313,D001321
DB00334,D001321
DB00360,D001321
DB00370,D001321
DB00421,D001321
DB00422,D001321
DB00434,D001321
DB00472,D001321
DB00490,D001321
DB00502,D001321
DB00566,D001321
DB00571,D001321
DB00574,D001321
DB00575,D001321
DB00674,D001321
DB00704,D001321
DB00734,D001321
DB00877,D001321
DB00915,D001321
DB01018,D001321
DB01043,D001321
DB01065,D001321
DB01104,D001321
DB01132,D001321
DB01175,D001321
DB01202,D001321
DB01238,D001321
DB01242,D001321
DB01592,D001321
DB03322,D001321
DB04786,D001321
DB06678,D001321
DB08966,D001321
DB09210,D001321
DB11133,D001321
DB11868,D001321
DB12537,D001321
DB14089,D001321
DB14513,D001321
DB00126,D003327
DB00166,D003327
DB00175,D003327
DB00264,D003327
DB00270,D003327
DB00295,D003327
DB00343,D003327
DB00373,D003327
DB00381,D003327
DB00401,D003327
DB00489,D003327
DB00571,D003327
DB00590,D003327
DB00622,D003327
DB00627,D003327
DB00636,D003327
DB00641,D003327
DB00661,D003327
DB00727,D003327
DB00758,D003327
DB00841,D003327
DB00883,D003327
DB00945,D003327
DB01023,D003327
DB01029,D003327
DB01076,D003327
DB01095,D003327
DB01115,D003327
DB01241,D003327
DB01580,D003327
DB01599,D003327
DB02709,D003327
DB03322,D003327
DB05073,D003327
DB11251,D003327
DB14063,D003327
DB14482,D003327
DB14484,D003327
DB14490,D003327
DB00776,C564505
DB00794,C564505
DB00909,C564505
DB00996,C564505
DB01202,C564505
DB00334,D020817
DB00734,D020817
DB01255,D020817
DB00007,D001321
DB00107,D001321
DB00176,D001321
DB00215,D001321
DB00246,D001321
DB00289,D001321
DB00313,D001321
DB00334,D001321
DB00360,D001321
DB00370,D001321
DB00421,D001321
DB00422,D001321
DB00434,D001321
DB00472,D001321
DB00490,D001321
DB00502,D001321
DB00566,D001321
DB00571,D001321
DB00574,D001321
DB00575,D001321
DB00674,D001321
DB00704,D001321
DB00734,D001321
DB00877,D001321
DB00915,D001321
DB01018,D001321
DB01043,D001321
DB01065,D001321
DB01104,D001321
DB01132,D001321
DB01175,D001321
DB01202,D001321
DB01238,D001321
DB01242,D001321
DB01592,D001321
DB03322,D001321
DB04786,D001321
DB06678,D001321
DB08966,D001321
DB09210,D001321
DB11133,D001321
DB11868,D001321
DB12537,D001321
DB14089,D001321
DB14513,D001321
DB00007,D001321
DB00107,D001321
DB00176,D001321
DB00215,D001321
DB00246,D001321
DB00289,D001321
DB00313,D001321
DB00334,D001321
DB00360,D001321
DB00370,D001321
DB00421,D001321
DB00422,D001321
DB00434,D001321
DB00472,D001321
DB00490,D001321
DB00502,D001321
DB00566,D001321
DB00571,D001321
DB00574,D001321
DB00575,D001321
DB00674,D001321
DB00704,D001321
DB00734,D001321
DB00877,D001321
DB00915,D001321
DB01018,D001321
DB01043,D001321
DB01065,D001321
DB01104,D001321
DB01132,D001321
DB01175,D001321
DB01202,D001321
DB01238,D001321
DB01242,D001321
DB01592,D001321
DB03322,D001321
DB04786,D001321
DB06678,D001321
DB08966,D001321
DB09210,D001321
DB11133,D001321
DB11868,D001321
DB12537,D001321
DB14089,D001321
DB14513,D001321
DB14872,D000795
DB01026,D056889
DB14104,D056889
DB00191,D015794
DB00397,D015794
DB00865,D015794
DB01083,D015794
DB01105,D015794
DB01577,D015794
DB01579,D015794
DB00338,C580192
DB00501,C580192
DB00585,C580192
DB00604,C580192
DB00635,C580192
DB00804,C580192
DB00860,C580192
DB00863,C580192
DB00927,C580192
DB00035,D018500
DB00328,D018500
DB00421,D018500
DB00436,D018500
DB00465,D018500
DB00564,D018500
DB00594,D018500
DB00999,D018500
DB01009,D018500
DB05134,D018500
DB13023,D018500
DB00035,D003919
DB00380,D056889
DB00302,D006467
DB00136,C562782
DB00146,C562782
DB00153,C562782
DB00169,C562782
DB01070,C562782
DB00136,D053098
DB00153,D053098
DB01436,D053098
DB00465,C536085
DB00586,C536085
DB00445,D008232
DB00563,D008232
DB01204,D008232
DB02709,D008232
DB05073,D008232
DB09053,D008232
DB00273,C567924
DB01080,C567924
DB01174,C564118
DB00281,D010009
DB00379,D010009
DB12052,D010009
DB02520,D007706
DB09130,D007706
DB01017,D005600
DB00678,D020388
DB00959,D020388
DB01956,D020388
DB02709,D020388
DB05073,D020388
DB12618,D020388
DB00437,C562901
DB00706,C562901
DB00988,C562901
DB00286,D016649
DB00655,D016649
DB00783,D016649
DB00977,D016649
DB00434,C536692
DB00536,C536692
DB00281,D010009
DB00379,D010009
DB12052,D010009
DB00682,D017241
DB00758,D017241
DB00806,D017241
DB01219,D017241
DB01234,D017241
DB00268,C564015
DB00323,C564015
DB00376,C564015
DB00387,C564015
DB00392,C564015
DB00413,C564015
DB00424,C564015
DB00494,C564015
DB00589,C564015
DB00714,C564015
DB00989,C564015
DB01037,C564015
DB01173,C564015
DB01186,C564015
DB01235,C564015
DB05271,C564015
DB00136,C564005
DB00146,C564005
DB00153,C564005
DB00169,C564005
DB01070,C564005
DB00346,D011470
DB00457,D011470
DB00590,D011470
DB00706,D011470
DB01162,D011470
DB01216,D011470
DB00148,D020734
DB00190,D020734
DB00245,D020734
DB00248,D020734
DB00268,D020734
DB00323,D020734
DB00328,D020734
DB00334,D020734
DB00363,D020734
DB00376,D020734
DB00387,D020734
DB00392,D020734
DB00413,D020734
DB00424,D020734
DB00490,D020734
DB00494,D020734
DB00503,D020734
DB00575,D020734
DB00589,D020734
DB00699,D020734
DB00714,D020734
DB00809,D020734
DB00810,D020734
DB00843,D020734
DB00915,D020734
DB00949,D020734
DB00988,D020734
DB00989,D020734
DB01026,D020734
DB01037,D020734
DB01065,D020734
DB01068,D020734
DB01119,D020734
DB01173,D020734
DB01186,D020734
DB01200,D020734
DB01235,D020734
DB01367,D020734
DB01601,D020734
DB02709,D020734
DB04926,D020734
DB04982,D020734
DB05073,D020734
DB05271,D020734
DB06155,D020734
DB06654,D020734
DB08856,D020734
DB08997,D020734
DB09270,D020734
DB11672,D020734
DB11757,D020734
DB11874,D020734
DB12061,D020734
DB12458,D020734
DB12478,D020734
DB12551,D020734
DB12749,D020734
DB12783,D020734
DB12890,D020734
DB13313,D020734
DB13399,D020734
DB14183,D020734
DB14815,D020734
DB15130,D020734
DB00252,D004832
DB00313,D004832
DB00347,D004832
DB00420,D004832
DB00466,D004832
DB00502,D004832
DB00555,D004832
DB00593,D004832
DB00740,D004832
DB00776,D004832
DB00794,D004832
DB00829,D004832
DB00909,D004832
DB00996,D004832
DB01068,D004832
DB01174,D004832
DB01183,D004832
DB01202,D004832
DB11868,D004832
DB00230,D020754
DB00996,D020754
DB00230,D020754
DB00996,D020754
DB00115,D016481
DB00213,D016481
DB00256,D016481
DB00338,D016481
DB00448,D016481
DB00537,D016481
DB00585,D016481
DB00614,D016481
DB00736,D016481
DB00759,D016481
DB00863,D016481
DB00911,D016481
DB00916,D016481
DB00927,D016481
DB01060,D016481
DB01129,D016481
DB01165,D016481
DB01211,D016481
DB01294,D016481
DB11672,D016481
DB13762,D016481
DB14098,D016481
DB00334,D057180
DB00734,D057180
DB01224,D057180
DB02546,D057180
DB08907,C563959
DB00214,C563949
DB00384,C563949
DB00421,C563949
DB00436,C563949
DB00635,C563949
DB00695,C563949
DB00804,C563949
DB00808,C563949
DB00819,C563949
DB00860,C563949
DB00880,C563949
DB00887,C563949
DB00903,C563949
DB00999,C563949
DB01197,C563949
DB01234,C563949
DB01406,C563949
DB01219,C535697
DB00222,C563933
DB00284,C563933
DB00331,C563933
DB00412,C563933
DB00414,C563933
DB00491,C563933
DB00672,C563933
DB00731,C563933
DB00839,C563933
DB00912,C563933
DB01016,C563933
DB01029,C563933
DB01067,C563933
DB01124,C563933
DB01132,C563933
DB01261,C563933
DB00118,D012559
DB00158,D012559
DB00165,D012559
DB00182,D012559
DB00186,D012559
DB00206,D012559
DB00245,D012559
DB00246,D012559
DB00285,D012559
DB00313,D012559
DB00321,D012559
DB00334,D012559
DB00363,D012559
DB00376,D012559
DB00387,D012559
DB00391,D012559
DB00404,D012559
DB00408,D012559
DB00409,D012559
DB00458,D012559
DB00472,D012559
DB00477,D012559
DB00502,D012559
DB00555,D012559
DB00564,D012559
DB00571,D012559
DB00575,D012559
DB00623,D012559
DB00656,D012559
DB00679,D012559
DB00734,D012559
DB00745,D012559
DB00767,D012559
DB00776,D012559
DB00810,D012559
DB00829,D012559
DB00831,D012559
DB00850,D012559
DB00875,D012559
DB00933,D012559
DB01017,D012559
DB01063,D012559
DB01069,D012559
DB01100,D012559
DB01104,D012559
DB01174,D012559
DB01198,D012559
DB01221,D012559
DB01224,D012559
DB01233,D012559
DB01238,D012559
DB01239,D012559
DB01255,D012559
DB01267,D012559
DB01356,D012559
DB01403,D012559
DB01576,D012559
DB01608,D012559
DB01618,D012559
DB01623,D012559
DB01708,D012559
DB03322,D012559
DB04842,D012559
DB04888,D012559
DB05316,D012559
DB05687,D012559
DB06144,D012559
DB06216,D012559
DB06247,D012559
DB06288,D012559
DB06413,D012559
DB08922,D012559
DB09003,D012559
DB09061,D012559
DB09223,D012559
DB09225,D012559
DB11447,D012559
DB11642,D012559
DB12401,D012559
DB12458,D012559
DB12478,D012559
DB12537,D012559
DB12579,D012559
DB12867,D012559
DB13273,D012559
DB13791,D012559
DB14509,D012559
DB00035,D053206
DB00458,D053206
DB00540,D053206
DB00695,D053206
DB01151,D053206
DB00104,D010911
DB00248,D010911
DB01065,D010911
DB01186,D010911
DB01200,D010911
DB02709,D010911
DB05073,D010911
DB01327,D002764
DB00180,D001249
DB00221,D001249
DB00277,D001249
DB00332,D001249
DB00342,D001249
DB00389,D001249
DB00394,D001249
DB00448,D001249
DB00455,D001249
DB00471,D001249
DB00549,D001249
DB00563,D001249
DB00571,D001249
DB00588,D001249
DB00622,D001249
DB00635,D001249
DB00640,D001249
DB00651,D001249
DB00668,D001249
DB00716,D001249
DB00741,D001249
DB00744,D001249
DB00755,D001249
DB00764,D001249
DB00816,D001249
DB00824,D001249
DB00852,D001249
DB00860,D001249
DB00871,D001249
DB00874,D001249
DB00901,D001249
DB00920,D001249
DB00938,D001249
DB00959,D001249
DB00983,D001249
DB01001,D001249
DB01003,D001249
DB01064,D001249
DB01109,D001249
DB01115,D001249
DB01159,D001249
DB01169,D001249
DB01174,D001249
DB01222,D001249
DB01223,D001249
DB01234,D001249
DB01262,D001249
DB01274,D001249
DB01288,D001249
DB01291,D001249
DB01364,D001249
DB01366,D001249
DB01408,D001249
DB01411,D001249
DB01593,D001249
DB01656,D001249
DB02527,D001249
DB02709,D001249
DB03322,D001249
DB03849,D001249
DB05073,D001249
DB05552,D001249
DB06005,D001249
DB06739,D001249
DB07615,D001249
DB07715,D001249
DB09203,D001249
DB09273,D001249
DB12086,D001249
DB12116,D001249
DB12248,D001249
DB13867,D001249
DB14183,D001249
DB14512,D001249
DB15394,D001249
DB15404,D001249
DB00035,C563439
DB00458,C563439
DB00540,C563439
DB00118,D012559
DB00158,D012559
DB00165,D012559
DB00182,D012559
DB00186,D012559
DB00206,D012559
DB00245,D012559
DB00246,D012559
DB00285,D012559
DB00313,D012559
DB00321,D012559
DB00334,D012559
DB00363,D012559
DB00376,D012559
DB00387,D012559
DB00391,D012559
DB00404,D012559
DB00408,D012559
DB00409,D012559
DB00458,D012559
DB00472,D012559
DB00477,D012559
DB00502,D012559
DB00555,D012559
DB00564,D012559
DB00571,D012559
DB00575,D012559
DB00623,D012559
DB00656,D012559
DB00679,D012559
DB00734,D012559
DB00745,D012559
DB00767,D012559
DB00776,D012559
DB00810,D012559
DB00829,D012559
DB00831,D012559
DB00850,D012559
DB00875,D012559
DB00933,D012559
DB01017,D012559
DB01063,D012559
DB01069,D012559
DB01100,D012559
DB01104,D012559
DB01174,D012559
DB01198,D012559
DB01221,D012559
DB01224,D012559
DB01233,D012559
DB01238,D012559
DB01239,D012559
DB01255,D012559
DB01267,D012559
DB01356,D012559
DB01403,D012559
DB01576,D012559
DB01608,D012559
DB01618,D012559
DB01623,D012559
DB01708,D012559
DB03322,D012559
DB04842,D012559
DB04888,D012559
DB05316,D012559
DB05687,D012559
DB06144,D012559
DB06216,D012559
DB06247,D012559
DB06288,D012559
DB06413,D012559
DB08922,D012559
DB09003,D012559
DB09061,D012559
DB09223,D012559
DB09225,D012559
DB11447,D012559
DB11642,D012559
DB12401,D012559
DB12458,D012559
DB12478,D012559
DB12537,D012559
DB12579,D012559
DB12867,D012559
DB13273,D012559
DB13791,D012559
DB14509,D012559
DB00569,D006502
DB00487,C536404
DB00928,C563407
DB01262,C563407
DB00181,C563401
DB00371,C563401
DB00575,C563401
DB00697,C563401
DB00829,C563401
DB00924,C563401
DB01219,C563401
DB01235,D013494
DB12129,D013494
DB00985,D053840
DB08907,C563371
DB08907,C563352
DB00175,D000083242
DB00208,D000083242
DB00393,D000083242
DB00470,D000083242
DB00682,D000083242
DB00758,D000083242
DB00806,D000083242
DB00945,D000083242
DB00975,D000083242
DB01109,D000083242
DB01115,D000083242
DB01166,D000083242
DB01219,D000083242
DB01234,D000083242
DB01296,D000083242
DB02709,D000083242
DB05073,D000083242
DB05099,D000083242
DB06005,D000083242
DB06506,D000083242
DB06754,D000083242
DB08813,D000083242
DB08838,D000083242
DB09111,D000083242
DB12163,D000083242
DB13810,D000083242
DB15404,D000083242
DB00091,D011565
DB00136,D011565
DB00158,D011565
DB00162,D011565
DB00197,D011565
DB00210,D011565
DB00250,D011565
DB00288,D011565
DB00337,D011565
DB00352,D011565
DB00443,D011565
DB00459,D011565
DB00548,D011565
DB00553,D011565
DB00563,D011565
DB00688,D011565
DB00755,D011565
DB00759,D011565
DB00795,D011565
DB00799,D011565
DB00855,D011565
DB00860,D011565
DB00864,D011565
DB00877,D011565
DB00926,D011565
DB00982,D011565
DB00993,D011565
DB01005,D011565
DB01013,D011565
DB01017,D011565
DB01024,D011565
DB01047,D011565
DB01260,D011565
DB01394,D011565
DB01677,D011565
DB02300,D011565
DB04571,D011565
DB04812,D011565
DB04942,D011565
DB08877,D011565
DB08895,D011565
DB11082,D011565
DB11157,D011565
DB11750,D011565
DB12216,D011565
DB12369,D011565
DB13083,D011565
DB13689,D011565
DB00795,D000361
DB00014,C537243
DB00286,C537243
DB01196,C537243
DB00541,C566652
DB01234,C566652
DB01406,C566652
DB00136,D015470
DB00188,D015470
DB00197,D015470
DB00242,D015470
DB00276,D015470
DB00313,D015470
DB00328,D015470
DB00352,D015470
DB00398,D015470
DB00437,D015470
DB00523,D015470
DB00541,D015470
DB00563,D015470
DB00603,D015470
DB00619,D015470
DB00635,D015470
DB00694,D015470
DB00746,D015470
DB00755,D015470
DB00762,D015470
DB00773,D015470
DB00860,D015470
DB00928,D015470
DB00958,D015470
DB00982,D015470
DB00987,D015470
DB00997,D015470
DB01005,D015470
DB01008,D015470
DB01033,D015470
DB01041,D015470
DB01073,D015470
DB01169,D015470
DB01177,D015470
DB01188,D015470
DB01204,D015470
DB01229,D015470
DB01234,D015470
DB01248,D015470
DB01254,D015470
DB01262,D015470
DB01393,D015470
DB02709,D015470
DB03496,D015470
DB04815,D015470
DB04879,D015470
DB05073,D015470
DB05482,D015470
DB05817,D015470
DB06184,D015470
DB06469,D015470
DB06595,D015470
DB08865,D015470
DB08901,D015470
DB09073,D015470
DB11094,D015470
DB11616,D015470
DB11617,D015470
DB11869,D015470
DB12025,D015470
DB12429,D015470
DB12874,D015470
DB14066,D015470
DB00126,D009765
DB00176,D009765
DB00191,D009765
DB00201,D009765
DB00273,D009765
DB00284,D009765
DB00331,D009765
DB00397,D009765
DB00472,D009765
DB00574,D009765
DB00579,D009765
DB00584,D009765
DB00656,D009765
DB00788,D009765
DB00865,D009765
DB00937,D009765
DB00966,D009765
DB01003,D009765
DB01083,D009765
DB01104,D009765
DB01105,D009765
DB01132,D009765
DB01191,D009765
DB01238,D009765
DB01324,D009765
DB01364,D009765
DB01392,D009765
DB01393,D009765
DB01490,D009765
DB01577,D009765
DB01579,D009765
DB02640,D009765
DB02709,D009765
DB03467,D009765
DB04066,D009765
DB04216,D009765
DB04870,D009765
DB04871,D009765
DB05073,D009765
DB05076,D009765
DB06151,D009765
DB06155,D009765
DB06292,D009765
DB06333,D009765
DB06586,D009765
DB06604,D009765
DB06624,D009765
DB06774,D009765
DB09015,D009765
DB11252,D009765
DB11333,D009765
DB11672,D009765
DB12671,D009765
DB14183,D009765
DB14479,D009765
DB14482,D009765
DB14484,D009765
DB14490,D009765
DB15359,D009765
DB08907,C566645
DB00287,D005902
DB00373,D005902
DB00388,D005902
DB00449,D005902
DB00484,D005902
DB00654,D005902
DB00668,D005902
DB00869,D005902
DB00905,D005902
DB01194,D005902
DB01214,D005902
DB00291,D008180
DB00328,D008180
DB00482,D008180
DB00531,D008180
DB00541,D008180
DB00563,D008180
DB00586,D008180
DB00608,D008180
DB00635,D008180
DB00688,D008180
DB00784,D008180
DB00859,D008180
DB00860,D008180
DB00863,D008180
DB00864,D008180
DB00945,D008180
DB00959,D008180
DB00993,D008180
DB01024,D008180
DB01041,D008180
DB01050,D008180
DB01065,D008180
DB01103,D008180
DB01611,D008180
DB08895,D008180
DB11366,D008180
DB12025,D008180
DB00104,D044903
DB01119,D044903
DB00205,D056735
DB00688,D056735
DB01024,D056735
DB08895,D056735
DB00282,D010024
DB00342,D010024
DB00367,D010024
DB00399,D010024
DB00481,D010024
DB00571,D010024
DB00584,D010024
DB00630,D010024
DB00783,D010024
DB00884,D010024
DB01065,D010024
DB01077,D010024
DB01276,D010024
DB01296,D010024
DB01373,D010024
DB01436,D010024
DB01645,D010024
DB01852,D010024
DB02709,D010024
DB03322,D010024
DB04115,D010024
DB04861,D010024
DB05073,D010024
DB05295,D010024
DB05829,D010024
DB06202,D010024
DB06285,D010024
DB06724,D010024
DB08804,D010024
DB09070,D010024
DB09267,D010024
DB11094,D010024
DB11672,D010024
DB12052,D010024
DB13956,D010024
DB15359,D010024
DB15381,D010024
DB01219,C535698
DB01219,C535699
DB08907,C566603
DB08907,C566602
DB00261,D013922
DB00791,D013922
DB01005,D013922
DB01008,D013922
DB00437,D007896
DB01167,D007896
DB00017,D010001
DB00282,D010001
DB00399,D010001
DB00630,D010001
DB00884,D010001
DB00970,D010001
DB01077,D010001
DB01133,D010001
DB00163,C566578
DB00382,C566578
DB00674,C566578
DB00843,C566578
DB00989,C566578
DB01037,C566578
DB01043,C566578
DB08824,C536546
DB00268,C566552
DB00323,C566552
DB00376,C566552
DB00387,C566552
DB00392,C566552
DB00413,C566552
DB00424,C566552
DB00494,C566552
DB00589,C566552
DB00714,C566552
DB00989,C566552
DB01037,C566552
DB01173,C566552
DB01186,C566552
DB01235,C566552
DB05271,C566552
DB00276,D004915
DB00619,D004915
DB00997,D004915
DB01008,D004915
DB01177,D004915
DB01254,D004915
DB08901,D004915
DB00627,D006950
DB00641,D006950
DB00973,D006950
DB01039,D006950
DB01098,D006950
DB01393,D006950
DB00328,C566530
DB01197,C566530
DB00252,D009223
DB00564,D009223
DB01115,D009223
DB00091,D011565
DB00136,D011565
DB00158,D011565
DB00162,D011565
DB00197,D011565
DB00210,D011565
DB00250,D011565
DB00288,D011565
DB00337,D011565
DB00352,D011565
DB00443,D011565
DB00459,D011565
DB00548,D011565
DB00553,D011565
DB00563,D011565
DB00688,D011565
DB00755,D011565
DB00759,D011565
DB00795,D011565
DB00799,D011565
DB00855,D011565
DB00860,D011565
DB00864,D011565
DB00877,D011565
DB00926,D011565
DB00982,D011565
DB00993,D011565
DB01005,D011565
DB01013,D011565
DB01017,D011565
DB01024,D011565
DB01047,D011565
DB01260,D011565
DB01394,D011565
DB01677,D011565
DB02300,D011565
DB04571,D011565
DB04812,D011565
DB04942,D011565
DB08877,D011565
DB08895,D011565
DB11082,D011565
DB11157,D011565
DB11750,D011565
DB12216,D011565
DB12369,D011565
DB13083,D011565
DB13689,D011565
DB00118,D012559
DB00158,D012559
DB00165,D012559
DB00182,D012559
DB00186,D012559
DB00206,D012559
DB00245,D012559
DB00246,D012559
DB00285,D012559
DB00313,D012559
DB00321,D012559
DB00334,D012559
DB00363,D012559
DB00376,D012559
DB00387,D012559
DB00391,D012559
DB00404,D012559
DB00408,D012559
DB00409,D012559
DB00458,D012559
DB00472,D012559
DB00477,D012559
DB00502,D012559
DB00555,D012559
DB00564,D012559
DB00571,D012559
DB00575,D012559
DB00623,D012559
DB00656,D012559
DB00679,D012559
DB00734,D012559
DB00745,D012559
DB00767,D012559
DB00776,D012559
DB00810,D012559
DB00829,D012559
DB00831,D012559
DB00850,D012559
DB00875,D012559
DB00933,D012559
DB01017,D012559
DB01063,D012559
DB01069,D012559
DB01100,D012559
DB01104,D012559
DB01174,D012559
DB01198,D012559
DB01221,D012559
DB01224,D012559
DB01233,D012559
DB01238,D012559
DB01239,D012559
DB01255,D012559
DB01267,D012559
DB01356,D012559
DB01403,D012559
DB01576,D012559
DB01608,D012559
DB01618,D012559
DB01623,D012559
DB01708,D012559
DB03322,D012559
DB04842,D012559
DB04888,D012559
DB05316,D012559
DB05687,D012559
DB06144,D012559
DB06216,D012559
DB06247,D012559
DB06288,D012559
DB06413,D012559
DB08922,D012559
DB09003,D012559
DB09061,D012559
DB09223,D012559
DB09225,D012559
DB11447,D012559
DB11642,D012559
DB12401,D012559
DB12458,D012559
DB12478,D012559
DB12537,D012559
DB12579,D012559
DB12867,D012559
DB13273,D012559
DB13791,D012559
DB14509,D012559
DB00253,C566404
DB00271,C566404
DB00283,C566404
DB00337,C566404
DB00341,C566404
DB00342,C566404
DB00394,C566404
DB00427,C566404
DB00434,C566404
DB00443,C566404
DB00455,C566404
DB00557,C566404
DB00588,C566404
DB00591,C566404
DB00620,C566404
DB00635,C566404
DB00663,C566404
DB00719,C566404
DB00741,C566404
DB00748,C566404
DB00751,C566404
DB00759,C566404
DB00764,C566404
DB00768,C566404
DB00835,C566404
DB00852,C566404
DB00864,C566404
DB00873,C566404
DB00920,C566404
DB00950,C566404
DB00967,C566404
DB00972,C566404
DB01069,C566404
DB01071,C566404
DB01084,C566404
DB01106,C566404
DB01142,C566404
DB01146,C566404
DB01234,C566404
DB01246,C566404
DB01410,C566404
DB01620,C566404
DB08799,C566404
DB08800,C566404
DB08801,C566404
DB08802,C566404
DB08803,C566404
DB08835,C566404
DB08906,C566404
DB00118,D012559
DB00158,D012559
DB00165,D012559
DB00182,D012559
DB00186,D012559
DB00206,D012559
DB00245,D012559
DB00246,D012559
DB00285,D012559
DB00313,D012559
DB00321,D012559
DB00334,D012559
DB00363,D012559
DB00376,D012559
DB00387,D012559
DB00391,D012559
DB00404,D012559
DB00408,D012559
DB00409,D012559
DB00458,D012559
DB00472,D012559
DB00477,D012559
DB00502,D012559
DB00555,D012559
DB00564,D012559
DB00571,D012559
DB00575,D012559
DB00623,D012559
DB00656,D012559
DB00679,D012559
DB00734,D012559
DB00745,D012559
DB00767,D012559
DB00776,D012559
DB00810,D012559
DB00829,D012559
DB00831,D012559
DB00850,D012559
DB00875,D012559
DB00933,D012559
DB01017,D012559
DB01063,D012559
DB01069,D012559
DB01100,D012559
DB01104,D012559
DB01174,D012559
DB01198,D012559
DB01221,D012559
DB01224,D012559
DB01233,D012559
DB01238,D012559
DB01239,D012559
DB01255,D012559
DB01267,D012559
DB01356,D012559
DB01403,D012559
DB01576,D012559
DB01608,D012559
DB01618,D012559
DB01623,D012559
DB01708,D012559
DB03322,D012559
DB04842,D012559
DB04888,D012559
DB05316,D012559
DB05687,D012559
DB06144,D012559
DB06216,D012559
DB06247,D012559
DB06288,D012559
DB06413,D012559
DB08922,D012559
DB09003,D012559
DB09061,D012559
DB09223,D012559
DB09225,D012559
DB11447,D012559
DB11642,D012559
DB12401,D012559
DB12458,D012559
DB12478,D012559
DB12537,D012559
DB12579,D012559
DB12867,D012559
DB13273,D012559
DB13791,D012559
DB14509,D012559
DB00118,D012559
DB00158,D012559
DB00165,D012559
DB00182,D012559
DB00186,D012559
DB00206,D012559
DB00245,D012559
DB00246,D012559
DB00285,D012559
DB00313,D012559
DB00321,D012559
DB00334,D012559
DB00363,D012559
DB00376,D012559
DB00387,D012559
DB00391,D012559
DB00404,D012559
DB00408,D012559
DB00409,D012559
DB00458,D012559
DB00472,D012559
DB00477,D012559
DB00502,D012559
DB00555,D012559
DB00564,D012559
DB00571,D012559
DB00575,D012559
DB00623,D012559
DB00656,D012559
DB00679,D012559
DB00734,D012559
DB00745,D012559
DB00767,D012559
DB00776,D012559
DB00810,D012559
DB00829,D012559
DB00831,D012559
DB00850,D012559
DB00875,D012559
DB00933,D012559
DB01017,D012559
DB01063,D012559
DB01069,D012559
DB01100,D012559
DB01104,D012559
DB01174,D012559
DB01198,D012559
DB01221,D012559
DB01224,D012559
DB01233,D012559
DB01238,D012559
DB01239,D012559
DB01255,D012559
DB01267,D012559
DB01356,D012559
DB01403,D012559
DB01576,D012559
DB01608,D012559
DB01618,D012559
DB01623,D012559
DB01708,D012559
DB03322,D012559
DB04842,D012559
DB04888,D012559
DB05316,D012559
DB05687,D012559
DB06144,D012559
DB06216,D012559
DB06247,D012559
DB06288,D012559
DB06413,D012559
DB08922,D012559
DB09003,D012559
DB09061,D012559
DB09223,D012559
DB09225,D012559
DB11447,D012559
DB11642,D012559
DB12401,D012559
DB12458,D012559
DB12478,D012559
DB12537,D012559
DB12579,D012559
DB12867,D012559
DB13273,D012559
DB13791,D012559
DB14509,D012559
DB00118,D012559
DB00158,D012559
DB00165,D012559
DB00182,D012559
DB00186,D012559
DB00206,D012559
DB00245,D012559
DB00246,D012559
DB00285,D012559
DB00313,D012559
DB00321,D012559
DB00334,D012559
DB00363,D012559
DB00376,D012559
DB00387,D012559
DB00391,D012559
DB00404,D012559
DB00408,D012559
DB00409,D012559
DB00458,D012559
DB00472,D012559
DB00477,D012559
DB00502,D012559
DB00555,D012559
DB00564,D012559
DB00571,D012559
DB00575,D012559
DB00623,D012559
DB00656,D012559
DB00679,D012559
DB00734,D012559
DB00745,D012559
DB00767,D012559
DB00776,D012559
DB00810,D012559
DB00829,D012559
DB00831,D012559
DB00850,D012559
DB00875,D012559
DB00933,D012559
DB01017,D012559
DB01063,D012559
DB01069,D012559
DB01100,D012559
DB01104,D012559
DB01174,D012559
DB01198,D012559
DB01221,D012559
DB01224,D012559
DB01233,D012559
DB01238,D012559
DB01239,D012559
DB01255,D012559
DB01267,D012559
DB01356,D012559
DB01403,D012559
DB01576,D012559
DB01608,D012559
DB01618,D012559
DB01623,D012559
DB01708,D012559
DB03322,D012559
DB04842,D012559
DB04888,D012559
DB05316,D012559
DB05687,D012559
DB06144,D012559
DB06216,D012559
DB06247,D012559
DB06288,D012559
DB06413,D012559
DB08922,D012559
DB09003,D012559
DB09061,D012559
DB09223,D012559
DB09225,D012559
DB11447,D012559
DB11642,D012559
DB12401,D012559
DB12458,D012559
DB12478,D012559
DB12537,D012559
DB12579,D012559
DB12867,D012559
DB13273,D012559
DB13791,D012559
DB14509,D012559
DB00328,D011546
DB08907,C566395
DB00091,D005923
DB00206,D005923
DB00328,D005923
DB00421,D005923
DB00519,D005923
DB00531,D005923
DB00542,D005923
DB00550,D005923
DB00584,D005923
DB00627,D005923
DB00635,D005923
DB00678,D005923
DB00722,D005923
DB00746,D005923
DB00755,D005923
DB00784,D005923
DB00864,D005923
DB00877,D005923
DB00910,D005923
DB00959,D005923
DB00966,D005923
DB00999,D005923
DB01132,D005923
DB01275,D005923
DB01599,D005923
DB01956,D005923
DB05990,D005923
DB08162,D005923
DB12766,D005923
DB13919,D005923
DB14001,D005923
DB14003,D005923
DB14476,D005923
DB14509,D005923
DB00389,D006111
DB00550,D006111
DB00571,D006111
DB00635,D006111
DB00763,D006111
DB00860,D006111
DB01436,D006111
DB03322,D006111
DB06715,D006111
DB00158,D000755
DB00168,D000755
DB00181,D000755
DB00327,D000755
DB00454,D000755
DB00497,D000755
DB00635,D000755
DB00746,D000755
DB00806,D000755
DB00844,D000755
DB00959,D000755
DB01005,D000755
DB01609,D000755
DB14001,D000755
DB14003,D000755
DB14476,D000755
DB00381,D000075222
DB00960,D000075222
DB00091,D011565
DB00136,D011565
DB00158,D011565
DB00162,D011565
DB00197,D011565
DB00210,D011565
DB00250,D011565
DB00288,D011565
DB00337,D011565
DB00352,D011565
DB00443,D011565
DB00459,D011565
DB00548,D011565
DB00553,D011565
DB00563,D011565
DB00688,D011565
DB00755,D011565
DB00759,D011565
DB00795,D011565
DB00799,D011565
DB00855,D011565
DB00860,D011565
DB00864,D011565
DB00877,D011565
DB00926,D011565
DB00982,D011565
DB00993,D011565
DB01005,D011565
DB01013,D011565
DB01017,D011565
DB01024,D011565
DB01047,D011565
DB01260,D011565
DB01394,D011565
DB01677,D011565
DB02300,D011565
DB04571,D011565
DB04812,D011565
DB04942,D011565
DB08877,D011565
DB08895,D011565
DB11082,D011565
DB11157,D011565
DB11750,D011565
DB12216,D011565
DB12369,D011565
DB13083,D011565
DB13689,D011565
DB00290,D002583
DB00309,D002583
DB00441,D002583
DB00445,D002583
DB00482,D002583
DB00515,D002583
DB00531,D002583
DB00541,D002583
DB00544,D002583
DB00563,D002583
DB00755,D002583
DB00958,D002583
DB00997,D002583
DB01169,D002583
DB01181,D002583
DB01229,D002583
DB02709,D002583
DB05073,D002583
DB05076,D002583
DB09086,D002583
DB09110,D002583
DB11544,D002583
DB12422,D002583
DB12881,D002583
DB15335,D002583
DB00175,D052456
DB00227,D052456
DB00627,D052456
DB00641,D052456
DB00973,D052456
DB01098,D052456
DB01241,D052456
DB01393,D052456
DB12029,D052456
DB00482,C565798
DB00500,C565798
DB00563,C565798
DB00945,C565798
DB01050,C565798
DB00091,D011565
DB00136,D011565
DB00158,D011565
DB00162,D011565
DB00197,D011565
DB00210,D011565
DB00250,D011565
DB00288,D011565
DB00337,D011565
DB00352,D011565
DB00443,D011565
DB00459,D011565
DB00548,D011565
DB00553,D011565
DB00563,D011565
DB00688,D011565
DB00755,D011565
DB00759,D011565
DB00795,D011565
DB00799,D011565
DB00855,D011565
DB00860,D011565
DB00864,D011565
DB00877,D011565
DB00926,D011565
DB00982,D011565
DB00993,D011565
DB01005,D011565
DB01013,D011565
DB01017,D011565
DB01024,D011565
DB01047,D011565
DB01260,D011565
DB01394,D011565
DB01677,D011565
DB02300,D011565
DB04571,D011565
DB04812,D011565
DB04942,D011565
DB08877,D011565
DB08895,D011565
DB11082,D011565
DB11157,D011565
DB11750,D011565
DB12216,D011565
DB12369,D011565
DB13083,D011565
DB13689,D011565
DB00381,D000075222
DB00960,D000075222
DB00412,D052496
DB04839,D007039
DB00199,C536253
DB00210,C536253
DB00421,C536253
DB00440,C536253
DB00548,C536253
DB00717,C536253
DB00755,C536253
DB00759,C536253
DB00936,C536253
DB00957,C536253
DB00977,C536253
DB00982,C536253
DB01017,C536253
DB01395,C536253
DB00627,D006950
DB00641,D006950
DB00973,D006950
DB01039,D006950
DB01098,D006950
DB01393,D006950
DB00313,D020190
DB00776,D020190
DB00794,D020190
DB00819,D020190
DB00909,D020190
DB00996,D020190
DB01202,D020190
DB11868,D020190
DB00118,D012559
DB00158,D012559
DB00165,D012559
DB00182,D012559
DB00186,D012559
DB00206,D012559
DB00245,D012559
DB00246,D012559
DB00285,D012559
DB00313,D012559
DB00321,D012559
DB00334,D012559
DB00363,D012559
DB00376,D012559
DB00387,D012559
DB00391,D012559
DB00404,D012559
DB00408,D012559
DB00409,D012559
DB00458,D012559
DB00472,D012559
DB00477,D012559
DB00502,D012559
DB00555,D012559
DB00564,D012559
DB00571,D012559
DB00575,D012559
DB00623,D012559
DB00656,D012559
DB00679,D012559
DB00734,D012559
DB00745,D012559
DB00767,D012559
DB00776,D012559
DB00810,D012559
DB00829,D012559
DB00831,D012559
DB00850,D012559
DB00875,D012559
DB00933,D012559
DB01017,D012559
DB01063,D012559
DB01069,D012559
DB01100,D012559
DB01104,D012559
DB01174,D012559
DB01198,D012559
DB01221,D012559
DB01224,D012559
DB01233,D012559
DB01238,D012559
DB01239,D012559
DB01255,D012559
DB01267,D012559
DB01356,D012559
DB01403,D012559
DB01576,D012559
DB01608,D012559
DB01618,D012559
DB01623,D012559
DB01708,D012559
DB03322,D012559
DB04842,D012559
DB04888,D012559
DB05316,D012559
DB05687,D012559
DB06144,D012559
DB06216,D012559
DB06247,D012559
DB06288,D012559
DB06413,D012559
DB08922,D012559
DB09003,D012559
DB09061,D012559
DB09223,D012559
DB09225,D012559
DB11447,D012559
DB11642,D012559
DB12401,D012559
DB12458,D012559
DB12478,D012559
DB12537,D012559
DB12579,D012559
DB12867,D012559
DB13273,D012559
DB13791,D012559
DB14509,D012559
DB00273,D004831
DB01080,D004831
DB00019,D008228
DB00290,D008228
DB00291,D008228
DB00309,D008228
DB00437,D008228
DB00441,D008228
DB00444,D008228
DB00445,D008228
DB00480,D008228
DB00531,D008228
DB00541,D008228
DB00563,D008228
DB00583,D008228
DB00635,D008228
DB00650,D008228
DB00694,D008228
DB00773,D008228
DB00791,D008228
DB00860,D008228
DB00959,D008228
DB00987,D008228
DB00997,D008228
DB01008,D008228
DB01030,D008228
DB01041,D008228
DB01042,D008228
DB01143,D008228
DB01168,D008228
DB01177,D008228
DB01181,D008228
DB01204,D008228
DB01229,D008228
DB02709,D008228
DB04572,D008228
DB05073,D008228
DB05260,D008228
DB06813,D008228
DB09110,D008228
DB11648,D008228
DB11752,D008228
DB13200,D008228
DB00163,C565728
DB00313,C565728
DB00382,C565728
DB00674,C565728
DB00843,C565728
DB00989,C565728
DB01043,C565728
DB00022,D002292
DB00158,D002292
DB00309,D002292
DB00328,D002292
DB00398,D002292
DB00399,D002292
DB00441,D002292
DB00482,D002292
DB00531,D002292
DB00541,D002292
DB00544,D002292
DB00570,D002292
DB00603,D002292
DB00661,D002292
DB00773,D002292
DB00851,D002292
DB00997,D002292
DB01005,D002292
DB01030,D002292
DB01041,D002292
DB01101,D002292
DB01181,D002292
DB01268,D002292
DB01590,D002292
DB02709,D002292
DB05073,D002292
DB06287,D002292
DB06589,D002292
DB06626,D002292
DB12769,D002292
DB14063,D002292
DB00291,D008180
DB00328,D008180
DB00482,D008180
DB00531,D008180
DB00541,D008180
DB00563,D008180
DB00586,D008180
DB00608,D008180
DB00635,D008180
DB00688,D008180
DB00784,D008180
DB00859,D008180
DB00860,D008180
DB00863,D008180
DB00864,D008180
DB00945,D008180
DB00959,D008180
DB00993,D008180
DB01024,D008180
DB01041,D008180
DB01050,D008180
DB01065,D008180
DB01103,D008180
DB01611,D008180
DB08895,D008180
DB11366,D008180
DB12025,D008180
DB00091,D011565
DB00136,D011565
DB00158,D011565
DB00162,D011565
DB00197,D011565
DB00210,D011565
DB00250,D011565
DB00288,D011565
DB00337,D011565
DB00352,D011565
DB00443,D011565
DB00459,D011565
DB00548,D011565
DB00553,D011565
DB00563,D011565
DB00688,D011565
DB00755,D011565
DB00759,D011565
DB00795,D011565
DB00799,D011565
DB00855,D011565
DB00860,D011565
DB00864,D011565
DB00877,D011565
DB00926,D011565
DB00982,D011565
DB00993,D011565
DB01005,D011565
DB01013,D011565
DB01017,D011565
DB01024,D011565
DB01047,D011565
DB01260,D011565
DB01394,D011565
DB01677,D011565
DB02300,D011565
DB04571,D011565
DB04812,D011565
DB04942,D011565
DB08877,D011565
DB08895,D011565
DB11082,D011565
DB11157,D011565
DB11750,D011565
DB12216,D011565
DB12369,D011565
DB13083,D011565
DB13689,D011565
DB01235,C537537
DB00186,D012560
DB00363,D012560
DB00477,D012560
DB00679,D012560
DB00734,D012560
DB01356,D012560
DB00563,D002280
DB00724,D002280
DB00997,D002280
DB04365,D002280
DB08828,D002280
DB00291,D008180
DB00328,D008180
DB00482,D008180
DB00531,D008180
DB00541,D008180
DB00563,D008180
DB00586,D008180
DB00608,D008180
DB00635,D008180
DB00688,D008180
DB00784,D008180
DB00859,D008180
DB00860,D008180
DB00863,D008180
DB00864,D008180
DB00945,D008180
DB00959,D008180
DB00993,D008180
DB01024,D008180
DB01041,D008180
DB01050,D008180
DB01065,D008180
DB01103,D008180
DB01611,D008180
DB08895,D008180
DB11366,D008180
DB12025,D008180
DB00163,C565325
DB00382,C565325
DB00674,C565325
DB00843,C565325
DB00989,C565325
DB01037,C565325
DB01043,C565325
DB00091,D011565
DB00136,D011565
DB00158,D011565
DB00162,D011565
DB00197,D011565
DB00210,D011565
DB00250,D011565
DB00288,D011565
DB00337,D011565
DB00352,D011565
DB00443,D011565
DB00459,D011565
DB00548,D011565
DB00553,D011565
DB00563,D011565
DB00688,D011565
DB00755,D011565
DB00759,D011565
DB00795,D011565
DB00799,D011565
DB00855,D011565
DB00860,D011565
DB00864,D011565
DB00877,D011565
DB00926,D011565
DB00982,D011565
DB00993,D011565
DB01005,D011565
DB01013,D011565
DB01017,D011565
DB01024,D011565
DB01047,D011565
DB01260,D011565
DB01394,D011565
DB01677,D011565
DB02300,D011565
DB04571,D011565
DB04812,D011565
DB04942,D011565
DB08877,D011565
DB08895,D011565
DB11082,D011565
DB11157,D011565
DB11750,D011565
DB12216,D011565
DB12369,D011565
DB13083,D011565
DB13689,D011565
DB00584,C535581
DB01118,C535581
DB01136,C535581
DB00253,C565292
DB00271,C565292
DB00283,C565292
DB00337,C565292
DB00341,C565292
DB00342,C565292
DB00394,C565292
DB00427,C565292
DB00434,C565292
DB00443,C565292
DB00455,C565292
DB00557,C565292
DB00588,C565292
DB00620,C565292
DB00635,C565292
DB00663,C565292
DB00719,C565292
DB00741,C565292
DB00748,C565292
DB00751,C565292
DB00759,C565292
DB00764,C565292
DB00768,C565292
DB00835,C565292
DB00852,C565292
DB00864,C565292
DB00873,C565292
DB00920,C565292
DB00950,C565292
DB00967,C565292
DB00972,C565292
DB01069,C565292
DB01071,C565292
DB01084,C565292
DB01106,C565292
DB01146,C565292
DB01234,C565292
DB01246,C565292
DB01410,C565292
DB01620,C565292
DB08799,C565292
DB08800,C565292
DB08801,C565292
DB08802,C565292
DB08803,C565292
DB08835,C565292
DB08906,C565292
DB00253,C565291
DB00271,C565291
DB00283,C565291
DB00337,C565291
DB00341,C565291
DB00342,C565291
DB00394,C565291
DB00427,C565291
DB00434,C565291
DB00443,C565291
DB00455,C565291
DB00557,C565291
DB00588,C565291
DB00620,C565291
DB00635,C565291
DB00663,C565291
DB00719,C565291
DB00741,C565291
DB00748,C565291
DB00751,C565291
DB00759,C565291
DB00764,C565291
DB00768,C565291
DB00835,C565291
DB00852,C565291
DB00864,C565291
DB00873,C565291
DB00920,C565291
DB00950,C565291
DB00967,C565291
DB00972,C565291
DB01069,C565291
DB01071,C565291
DB01084,C565291
DB01106,C565291
DB01146,C565291
DB01234,C565291
DB01246,C565291
DB01410,C565291
DB01620,C565291
DB08799,C565291
DB08800,C565291
DB08801,C565291
DB08802,C565291
DB08803,C565291
DB08835,C565291
DB08906,C565291
DB00398,C535516
DB00399,C535516
DB00441,C535516
DB00603,C535516
DB01005,C535516
DB01268,C535516
DB01590,C535516
DB06287,C535516
DB00182,D009290
DB00422,D009290
DB00579,D009290
DB00745,D009290
DB00780,D009290
DB01440,D009290
DB01576,D009290
DB01577,D009290
DB06413,D009290
DB09072,D009290
DB00253,C565280
DB00271,C565280
DB00283,C565280
DB00337,C565280
DB00341,C565280
DB00342,C565280
DB00394,C565280
DB00427,C565280
DB00434,C565280
DB00443,C565280
DB00455,C565280
DB00557,C565280
DB00588,C565280
DB00620,C565280
DB00635,C565280
DB00663,C565280
DB00719,C565280
DB00741,C565280
DB00748,C565280
DB00751,C565280
DB00759,C565280
DB00764,C565280
DB00768,C565280
DB00835,C565280
DB00852,C565280
DB00864,C565280
DB00873,C565280
DB00920,C565280
DB00950,C565280
DB00967,C565280
DB00972,C565280
DB01069,C565280
DB01071,C565280
DB01084,C565280
DB01106,C565280
DB01146,C565280
DB01234,C565280
DB01246,C565280
DB01410,C565280
DB01620,C565280
DB08799,C565280
DB08800,C565280
DB08801,C565280
DB08802,C565280
DB08803,C565280
DB08835,C565280
DB08906,C565280
DB00514,D020158
DB00650,D020158
DB00007,D001321
DB00107,D001321
DB00176,D001321
DB00215,D001321
DB00246,D001321
DB00289,D001321
DB00313,D001321
DB00334,D001321
DB00360,D001321
DB00370,D001321
DB00421,D001321
DB00422,D001321
DB00434,D001321
DB00472,D001321
DB00490,D001321
DB00502,D001321
DB00566,D001321
DB00571,D001321
DB00574,D001321
DB00575,D001321
DB00674,D001321
DB00704,D001321
DB00734,D001321
DB00877,D001321
DB00915,D001321
DB01018,D001321
DB01043,D001321
DB01065,D001321
DB01104,D001321
DB01132,D001321
DB01175,D001321
DB01202,D001321
DB01238,D001321
DB01242,D001321
DB01592,D001321
DB03322,D001321
DB04786,D001321
DB06678,D001321
DB08966,D001321
DB09210,D001321
DB11133,D001321
DB11868,D001321
DB12537,D001321
DB14089,D001321
DB14513,D001321
DB00583,D056693
DB09460,D056693
DB00268,C565238
DB00323,C565238
DB00376,C565238
DB00387,C565238
DB00392,C565238
DB00413,C565238
DB00424,C565238
DB00494,C565238
DB00589,C565238
DB00714,C565238
DB00989,C565238
DB01037,C565238
DB01173,C565238
DB01186,C565238
DB01235,C565238
DB05271,C565238
DB00273,C535500
DB00313,C535500
DB00349,C535500
DB00555,C535500
DB00860,C535500
DB00949,C535500
DB01068,C535500
DB01202,C535500
DB06201,C535500
DB11868,C535500
DB00201,D019966
DB00313,D019966
DB00333,D019966
DB00409,D019966
DB00502,D019966
DB00575,D019966
DB00622,D019966
DB00657,D019966
DB00843,D019966
DB00921,D019966
DB00989,D019966
DB01115,D019966
DB01212,D019966
DB01224,D019966
DB01433,D019966
DB01555,D019966
DB02709,D019966
DB05073,D019966
DB06155,D019966
DB07374,D019966
DB12093,D019966
DB12458,D019966
DB12518,D019966
DB01169,D000098943
DB01169,D000098943
DB00603,D018192
DB00163,C564676
DB00434,C564676
DB00398,D046152
DB00619,D046152
DB01268,D046152
DB08896,D046152
DB11663,D046152
DB00334,D000856
DB00752,D000856
DB01234,D000856
DB00434,C535428
DB00006,D020521
DB00115,D020521
DB00126,D020521
DB00140,D020521
DB00158,D020521
DB00175,D020521
DB00195,D020521
DB00208,D020521
DB00278,D020521
DB00316,D020521
DB00343,D020521
DB00393,D020521
DB00396,D020521
DB00584,D020521
DB00627,D020521
DB00641,D020521
DB00656,D020521
DB00661,D020521
DB00678,D020521
DB00682,D020521
DB00686,D020521
DB00742,D020521
DB00758,D020521
DB00790,D020521
DB00806,D020521
DB00819,D020521
DB00881,D020521
DB00945,D020521
DB00975,D020521
DB01005,D020521
DB01017,D020521
DB01076,D020521
DB01109,D020521
DB01136,D020521
DB01166,D020521
DB01183,D020521
DB01234,D020521
DB02701,D020521
DB02709,D020521
DB04898,D020521
DB05073,D020521
DB06005,D020521
DB06695,D020521
DB08814,D020521
DB09462,D020521
DB12153,D020521
DB12243,D020521
DB12749,D020521
DB14063,D020521
DB14098,D020521
DB14482,D020521
DB14484,D020521
DB14490,D020521
DB14726,D020521
DB15404,D020521
DB00104,D010190
DB00126,D010190
DB00136,D010190
DB00188,D010190
DB00197,D010190
DB00227,D010190
DB00262,D010190
DB00266,D010190
DB00293,D010190
DB00305,D010190
DB00361,D010190
DB00428,D010190
DB00441,D010190
DB00482,D010190
DB00515,D010190
DB00526,D010190
DB00530,D010190
DB00531,D010190
DB00541,D010190
DB00544,D010190
DB00584,D010190
DB00605,D010190
DB00650,D010190
DB00675,D010190
DB00682,D010190
DB00755,D010190
DB00762,D010190
DB00773,D010190
DB00822,D010190
DB00847,D010190
DB00851,D010190
DB00853,D010190
DB00945,D010190
DB00970,D010190
DB00997,D010190
DB01050,D010190
DB01101,D010190
DB01143,D010190
DB01169,D010190
DB01181,D010190
DB01206,D010190
DB01248,D010190
DB01262,D010190
DB01590,D010190
DB02342,D010190
DB02509,D010190
DB02546,D010190
DB02709,D010190
DB04115,D010190
DB04741,D010190
DB04743,D010190
DB05073,D010190
DB05076,D010190
DB05383,D010190
DB05482,D010190
DB05767,D010190
DB06155,D010190
DB06555,D010190
DB06774,D010190
DB07352,D010190
DB08895,D010190
DB08911,D010190
DB09257,D010190
DB11457,D010190
DB11672,D010190
DB11716,D010190
DB11969,D010190
DB12116,D010190
DB12647,D010190
DB13950,D010190
DB14060,D010190
DB14183,D010190
DB14482,D010190
DB14484,D010190
DB14490,D010190
DB15289,D010190
DB00163,C536596
DB00382,C536596
DB00674,C536596
DB00843,C536596
DB00989,C536596
DB01037,C536596
DB01043,C536596
DB00277,D029424
DB00332,D029424
DB00394,D029424
DB00549,D029424
DB00563,D029424
DB00584,D029424
DB00635,D029424
DB00641,D029424
DB00661,D029424
DB00668,D029424
DB00819,D029424
DB00824,D029424
DB00871,D029424
DB00938,D029424
DB00983,D029424
DB01001,D029424
DB01115,D029424
DB01211,D029424
DB01223,D029424
DB01274,D029424
DB01408,D029424
DB01409,D029424
DB01656,D029424
DB02709,D029424
DB03852,D029424
DB04216,D029424
DB05073,D029424
DB05552,D029424
DB07941,D029424
DB12138,D029424
DB12140,D029424
DB12270,D029424
DB12465,D029424
DB13449,D029424
DB14063,D029424
DB00268,D010300
DB00323,D010300
DB00376,D010300
DB00387,D010300
DB00392,D010300
DB00413,D010300
DB00424,D010300
DB00494,D010300
DB00589,D010300
DB00714,D010300
DB00989,D010300
DB01037,D010300
DB01173,D010300
DB01186,D010300
DB01235,D010300
DB05271,D010300
DB00515,D000077274
DB00544,D000077274
DB01169,D000077274
DB02709,D000077274
DB05073,D000077274
DB02709,C564616
DB05073,C564616
DB00283,D065631
DB00341,D065631
DB00342,D065631
DB00394,D065631
DB00405,D065631
DB00427,D065631
DB00434,D065631
DB00455,D065631
DB00588,D065631
DB00620,D065631
DB00635,D065631
DB00719,D065631
DB00748,D065631
DB00764,D065631
DB00835,D065631
DB00852,D065631
DB00873,D065631
DB00950,D065631
DB00967,D065631
DB00972,D065631
DB01071,D065631
DB01106,D065631
DB01114,D065631
DB01146,D065631
DB01222,D065631
DB01237,D065631
DB01410,D065631
DB01620,D065631
DB06282,D065631
DB08800,D065631
DB08801,D065631
DB08906,D065631
DB13036,D065631
DB14183,D065631
DB00200,D002446
DB00244,D002446
DB00635,D002446
DB00860,D002446
DB00993,D002446
DB08895,D002446
DB00182,D004831
DB00313,D004831
DB00555,D004831
DB00564,D004831
DB00572,D004831
DB00714,D004831
DB00829,D004831
DB00860,D004831
DB00909,D004831
DB00996,D004831
DB01068,D004831
DB01174,D004831
DB01221,D004831
DB09061,D004831
DB00181,C537217
DB01219,C537217
DB00126,D005910
DB00134,D005910
DB00136,D005910
DB00188,D005910
DB00197,D005910
DB00262,D005910
DB00328,D005910
DB00470,D005910
DB00477,D005910
DB00515,D005910
DB00530,D005910
DB00531,D005910
DB00541,D005910
DB00544,D005910
DB00563,D005910
DB00619,D005910
DB00641,D005910
DB00650,D005910
DB00675,D005910
DB00742,D005910
DB00762,D005910
DB00773,D005910
DB00853,D005910
DB00958,D005910
DB01017,D005910
DB01041,D005910
DB01042,D005910
DB01136,D005910
DB01168,D005910
DB01169,D005910
DB01206,D005910
DB01229,D005910
DB01234,D005910
DB01248,D005910
DB01593,D005910
DB02656,D005910
DB02709,D005910
DB04106,D005910
DB04216,D005910
DB04258,D005910
DB04572,D005910
DB04690,D005910
DB05073,D005910
DB05305,D005910
DB05482,D005910
DB06174,D005910
DB06444,D005910
DB06549,D005910
DB06755,D005910
DB07352,D005910
DB11119,D005910
DB11919,D005910
DB12072,D005910
DB12948,D005910
DB13950,D005910
DB14001,D005910
DB14003,D005910
DB14476,D005910
DB14482,D005910
DB14484,D005910
DB14490,D005910
DB00205,D056735
DB00688,D056735
DB01024,D056735
DB08895,D056735
DB00381,D000075222
DB00960,D000075222
DB00007,D001321
DB00107,D001321
DB00176,D001321
DB00215,D001321
DB00246,D001321
DB00289,D001321
DB00313,D001321
DB00334,D001321
DB00360,D001321
DB00370,D001321
DB00421,D001321
DB00422,D001321
DB00434,D001321
DB00472,D001321
DB00490,D001321
DB00502,D001321
DB00566,D001321
DB00571,D001321
DB00574,D001321
DB00575,D001321
DB00674,D001321
DB00704,D001321
DB00734,D001321
DB00877,D001321
DB00915,D001321
DB01018,D001321
DB01043,D001321
DB01065,D001321
DB01104,D001321
DB01132,D001321
DB01175,D001321
DB01202,D001321
DB01238,D001321
DB01242,D001321
DB01592,D001321
DB03322,D001321
DB04786,D001321
DB06678,D001321
DB08966,D001321
DB09210,D001321
DB11133,D001321
DB11868,D001321
DB12537,D001321
DB14089,D001321
DB14513,D001321
DB00328,D004374
DB00390,D004374
DB00695,D004374
DB00770,D004374
DB01050,D004374
DB00122,C537583
DB00328,C537583
DB00482,C537583
DB00500,C537583
DB00554,C537583
DB00573,C537583
DB00586,C537583
DB00605,C537583
DB00712,C537583
DB00749,C537583
DB00788,C537583
DB00814,C537583
DB00861,C537583
DB00945,C537583
DB00991,C537583
DB01009,C537583
DB01050,C537583
DB01068,C537583
DB01296,C537583
DB00216,D020325
DB00176,D052018
DB00273,D052018
DB00285,D052018
DB00472,D052018
DB00780,D052018
DB01151,D052018
DB00216,D020326
DB00273,D020326
DB00313,D020326
DB00315,D020326
DB00320,D020326
DB00669,D020326
DB00860,D020326
DB00952,D020326
DB00953,D020326
DB00998,D020326
DB01029,D020326
DB00158,D015535
DB00459,D015535
DB00563,D015535
DB00586,D015535
DB00788,D015535
DB00795,D015535
DB00859,D015535
DB01394,D015535
DB01611,D015535
DB00216,D020325
DB00216,D020326
DB00305,C535474
DB00204,C563817
DB00264,C563817
DB00308,C563817
DB00343,C563817
DB00390,C563817
DB00489,C563817
DB00575,C563817
DB00661,C563817
DB00682,C563817
DB00908,C563817
DB01035,C563817
DB01125,C563817
DB01136,C563817
DB01182,C563817
DB01195,C563817
DB00250,D007918
DB00608,D007918
DB00845,D007918
DB00860,D007918
DB01041,D007918
DB01045,D007918
DB12025,D007918
DB00419,D052537
DB00419,C536119
DB00776,C562694
DB00794,C562694
DB00909,C562694
DB00996,C562694
DB01202,C562694
DB00252,D004832
DB00313,D004832
DB00347,D004832
DB00420,D004832
DB00466,D004832
DB00502,D004832
DB00555,D004832
DB00593,D004832
DB00740,D004832
DB00776,D004832
DB00794,D004832
DB00829,D004832
DB00909,D004832
DB00996,D004832
DB01068,D004832
DB01174,D004832
DB01183,D004832
DB01202,D004832
DB11868,D004832
DB00776,C565811
DB00794,C565811
DB00909,C565811
DB00996,C565811
DB01202,C565811
DB00776,C562694
DB00794,C562694
DB00909,C562694
DB00996,C562694
DB01202,C562694
DB00619,D017681
DB00635,D017681
DB00682,D017681
DB00755,D017681
DB00268,C564345
DB00323,C564345
DB00376,C564345
DB00387,C564345
DB00392,C564345
DB00413,C564345
DB00424,C564345
DB00494,C564345
DB00589,C564345
DB00714,C564345
DB00989,C564345
DB01037,C564345
DB01173,C564345
DB01186,C564345
DB01235,C564345
DB05271,C564345
DB00928,D054429
DB00163,C564330
DB00382,C564330
DB00674,C564330
DB00843,C564330
DB00989,C564330
DB01037,C564330
DB01043,C564330
DB00091,D005923
DB00206,D005923
DB00328,D005923
DB00421,D005923
DB00519,D005923
DB00531,D005923
DB00542,D005923
DB00550,D005923
DB00584,D005923
DB00627,D005923
DB00635,D005923
DB00678,D005923
DB00722,D005923
DB00746,D005923
DB00755,D005923
DB00784,D005923
DB00864,D005923
DB00877,D005923
DB00910,D005923
DB00959,D005923
DB00966,D005923
DB00999,D005923
DB01132,D005923
DB01275,D005923
DB01599,D005923
DB01956,D005923
DB05990,D005923
DB08162,D005923
DB12766,D005923
DB13919,D005923
DB14001,D005923
DB14003,D005923
DB14476,D005923
DB14509,D005923
DB00126,D001008
DB00176,D001008
DB00184,D001008
DB00186,D001008
DB00201,D001008
DB00215,D001008
DB00230,D001008
DB00260,D001008
DB00273,D001008
DB00285,D001008
DB00312,D001008
DB00313,D001008
DB00321,D001008
DB00334,D001008
DB00343,D001008
DB00347,D001008
DB00349,D001008
DB00391,D001008
DB00393,D001008
DB00404,D001008
DB00425,D001008
DB00450,D001008
DB00458,D001008
DB00472,D001008
DB00475,D001008
DB00477,D001008
DB00490,D001008
DB00502,D001008
DB00546,D001008
DB00557,D001008
DB00571,D001008
DB00575,D001008
DB00624,D001008
DB00656,D001008
DB00661,D001008
DB00679,D001008
DB00690,D001008
DB00715,D001008
DB00752,D001008
DB00780,D001008
DB00783,D001008
DB00822,D001008
DB00829,D001008
DB00831,D001008
DB00842,D001008
DB00863,D001008
DB00898,D001008
DB00934,D001008
DB01063,D001008
DB01065,D001008
DB01068,D001008
DB01075,D001008
DB01104,D001008
DB01132,D001008
DB01142,D001008
DB01149,D001008
DB01151,D001008
DB01175,D001008
DB01193,D001008
DB01202,D001008
DB01224,D001008
DB01238,D001008
DB01242,D001008
DB01247,D001008
DB01262,D001008
DB01356,D001008
DB01495,D001008
DB01545,D001008
DB01558,D001008
DB03066,D001008
DB03322,D001008
DB04216,D001008
DB04398,D001008
DB04599,D001008
DB04832,D001008
DB04841,D001008
DB04896,D001008
DB06444,D001008
DB06634,D001008
DB06753,D001008
DB06768,D001008
DB06774,D001008
DB08815,D001008
DB09167,D001008
DB11748,D001008
DB11868,D001008
DB12061,D001008
DB12116,D001008
DB12308,D001008
DB12445,D001008
DB12537,D001008
DB12972,D001008
DB13437,D001008
DB13956,D001008
DB14063,D001008
DB14081,D001008
DB14475,D001008
DB14482,D001008
DB14484,D001008
DB14490,D001008
DB14509,D001008
DB00122,D010003
DB00141,D010003
DB00168,D010003
DB00193,D010003
DB00254,D010003
DB00316,D010003
DB00328,D010003
DB00461,D010003
DB00469,D010003
DB00482,D010003
DB00500,D010003
DB00533,D010003
DB00554,D010003
DB00573,D010003
DB00580,D010003
DB00586,D010003
DB00605,D010003
DB00712,D010003
DB00749,D010003
DB00784,D010003
DB00788,D010003
DB00812,D010003
DB00814,D010003
DB00861,D010003
DB00929,D010003
DB00939,D010003
DB00945,D010003
DB00991,D010003
DB01009,D010003
DB01050,D010003
DB01068,D010003
DB01283,D010003
DB01296,D010003
DB01399,D010003
DB01419,D010003
DB01551,D010003
DB01628,D010003
DB02709,D010003
DB04743,D010003
DB04812,D010003
DB05073,D010003
DB06774,D010003
DB08951,D010003
DB11672,D010003
DB11994,D010003
DB15359,D010003
DB00091,D011565
DB00136,D011565
DB00158,D011565
DB00162,D011565
DB00197,D011565
DB00210,D011565
DB00250,D011565
DB00288,D011565
DB00337,D011565
DB00352,D011565
DB00443,D011565
DB00459,D011565
DB00548,D011565
DB00553,D011565
DB00563,D011565
DB00688,D011565
DB00755,D011565
DB00759,D011565
DB00795,D011565
DB00799,D011565
DB00855,D011565
DB00860,D011565
DB00864,D011565
DB00877,D011565
DB00926,D011565
DB00982,D011565
DB00993,D011565
DB01005,D011565
DB01013,D011565
DB01017,D011565
DB01024,D011565
DB01047,D011565
DB01260,D011565
DB01394,D011565
DB01677,D011565
DB02300,D011565
DB04571,D011565
DB04812,D011565
DB04942,D011565
DB08877,D011565
DB08895,D011565
DB11082,D011565
DB11157,D011565
DB11750,D011565
DB12216,D011565
DB12369,D011565
DB13083,D011565
DB13689,D011565
DB00019,D010051
DB00091,D010051
DB00143,D010051
DB00188,D010051
DB00220,D010051
DB00290,D010051
DB00305,D010051
DB00309,D010051
DB00317,D010051
DB00361,D010051
DB00396,D010051
DB00398,D010051
DB00441,D010051
DB00445,D010051
DB00488,D010051
DB00515,D010051
DB00531,D010051
DB00541,D010051
DB00544,D010051
DB00563,D010051
DB00570,D010051
DB00603,D010051
DB00704,D010051
DB00755,D010051
DB00762,D010051
DB00822,D010051
DB00834,D010051
DB00958,D010051
DB00970,D010051
DB00987,D010051
DB00997,D010051
DB01008,D010051
DB01030,D010051
DB01041,D010051
DB01042,D010051
DB01169,D010051
DB01181,D010051
DB01196,D010051
DB01204,D010051
DB01229,D010051
DB01248,D010051
DB01262,D010051
DB01645,D010051
DB02656,D010051
DB02709,D010051
DB03010,D010051
DB04216,D010051
DB04572,D010051
DB04972,D010051
DB05073,D010051
DB05076,D010051
DB05109,D010051
DB05482,D010051
DB06803,D010051
DB06824,D010051
DB08059,D010051
DB09010,D010051
DB09110,D010051
DB09201,D010051
DB11119,D010051
DB11651,D010051
DB11672,D010051
DB11678,D010051
DB12146,D010051
DB12577,D010051
DB12947,D010051
DB13200,D010051
DB14680,D010051
DB00419,C564306
DB02709,C563161
DB05073,C563161
DB00167,D001925
DB00215,D001925
DB00433,D001925
DB00734,D001925
DB00007,D001321
DB00107,D001321
DB00176,D001321
DB00215,D001321
DB00246,D001321
DB00289,D001321
DB00313,D001321
DB00334,D001321
DB00360,D001321
DB00370,D001321
DB00421,D001321
DB00422,D001321
DB00434,D001321
DB00472,D001321
DB00490,D001321
DB00502,D001321
DB00566,D001321
DB00571,D001321
DB00574,D001321
DB00575,D001321
DB00674,D001321
DB00704,D001321
DB00734,D001321
DB00877,D001321
DB00915,D001321
DB01018,D001321
DB01043,D001321
DB01065,D001321
DB01104,D001321
DB01132,D001321
DB01175,D001321
DB01202,D001321
DB01238,D001321
DB01242,D001321
DB01592,D001321
DB03322,D001321
DB04786,D001321
DB06678,D001321
DB08966,D001321
DB09210,D001321
DB11133,D001321
DB11868,D001321
DB12537,D001321
DB14089,D001321
DB14513,D001321
DB00316,C564296
DB00318,C564296
DB00327,C564296
DB00388,C564296
DB00397,C564296
DB00514,C564296
DB00852,C564296
DB00868,C564296
DB00907,C564296
DB00956,C564296
DB01069,C564296
DB01075,C564296
DB01551,C564296
DB00776,C535499
DB00794,C535499
DB00909,C535499
DB00996,C535499
DB01202,C535499
DB00328,D016471
DB00783,D016471
DB01200,D016471
DB06789,D016471
DB09255,D016471
DB13956,D016471
DB00531,D013967
DB00531,D013967
DB00531,D013967
DB00531,D013967
DB00437,D007898
DB00681,D007898
DB00738,D007898
DB00883,D007898
DB01026,D007898
DB01041,D007898
DB01421,D007898
DB05630,D007898
DB09031,D007898
DB13110,D007898
DB13132,D007898
DB13732,D007898
DB01174,C564274
DB00188,D015464
DB00236,D015464
DB00309,D015464
DB00328,D015464
DB00398,D015464
DB00437,D015464
DB00531,D015464
DB00541,D015464
DB00619,D015464
DB00744,D015464
DB00755,D015464
DB00860,D015464
DB00987,D015464
DB01005,D015464
DB01008,D015464
DB01169,D015464
DB01234,D015464
DB01254,D015464
DB01262,D015464
DB02546,D015464
DB02709,D015464
DB03057,D015464
DB04572,D015464
DB04865,D015464
DB04868,D015464
DB05073,D015464
DB05258,D015464
DB08868,D015464
DB08901,D015464
DB11778,D015464
DB01012,D010282
DB00126,D003327
DB00166,D003327
DB00175,D003327
DB00264,D003327
DB00270,D003327
DB00295,D003327
DB00343,D003327
DB00373,D003327
DB00381,D003327
DB00401,D003327
DB00489,D003327
DB00571,D003327
DB00590,D003327
DB00622,D003327
DB00627,D003327
DB00636,D003327
DB00641,D003327
DB00661,D003327
DB00727,D003327
DB00758,D003327
DB00841,D003327
DB00883,D003327
DB00945,D003327
DB01023,D003327
DB01029,D003327
DB01076,D003327
DB01095,D003327
DB01115,D003327
DB01241,D003327
DB01580,D003327
DB01599,D003327
DB02709,D003327
DB03322,D003327
DB05073,D003327
DB11251,D003327
DB14063,D003327
DB14482,D003327
DB14484,D003327
DB14490,D003327
DB00126,D003327
DB00166,D003327
DB00175,D003327
DB00264,D003327
DB00270,D003327
DB00295,D003327
DB00343,D003327
DB00373,D003327
DB00381,D003327
DB00401,D003327
DB00489,D003327
DB00571,D003327
DB00590,D003327
DB00622,D003327
DB00627,D003327
DB00636,D003327
DB00641,D003327
DB00661,D003327
DB00727,D003327
DB00758,D003327
DB00841,D003327
DB00883,D003327
DB00945,D003327
DB01023,D003327
DB01029,D003327
DB01076,D003327
DB01095,D003327
DB01115,D003327
DB01241,D003327
DB01580,D003327
DB01599,D003327
DB02709,D003327
DB03322,D003327
DB05073,D003327
DB11251,D003327
DB14063,D003327
DB14482,D003327
DB14484,D003327
DB14490,D003327
DB00227,C564258
DB00381,C564258
DB00722,C564258
DB00775,C564258
DB00790,C564258
DB00883,C564258
DB01020,C564258
DB00219,D009216
DB00572,D009216
DB00670,D009216
DB00291,D008180
DB00328,D008180
DB00482,D008180
DB00531,D008180
DB00541,D008180
DB00563,D008180
DB00586,D008180
DB00608,D008180
DB00635,D008180
DB00688,D008180
DB00784,D008180
DB00859,D008180
DB00860,D008180
DB00863,D008180
DB00864,D008180
DB00945,D008180
DB00959,D008180
DB00993,D008180
DB01024,D008180
DB01041,D008180
DB01050,D008180
DB01065,D008180
DB01103,D008180
DB01611,D008180
DB08895,D008180
DB11366,D008180
DB12025,D008180
DB00015,D009203
DB00126,D009203
DB00175,D009203
DB00177,D009203
DB00178,D009203
DB00208,D009203
DB00235,D009203
DB00264,D009203
DB00266,D009203
DB00275,D009203
DB00280,D009203
DB00281,D009203
DB00295,D009203
DB00316,D009203
DB00325,D009203
DB00331,D009203
DB00335,D009203
DB00343,D009203
DB00373,D009203
DB00381,D009203
DB00401,D009203
DB00404,D009203
DB00412,D009203
DB00421,D009203
DB00435,D009203
DB00489,D009203
DB00498,D009203
DB00519,D009203
DB00554,D009203
DB00559,D009203
DB00571,D009203
DB00583,D009203
DB00584,D009203
DB00612,D009203
DB00627,D009203
DB00633,D009203
DB00636,D009203
DB00641,D009203
DB00652,D009203
DB00661,D009203
DB00678,D009203
DB00682,D009203
DB00692,D009203
DB00722,D009203
DB00727,D009203
DB00747,D009203
DB00758,D009203
DB00783,D009203
DB00790,D009203
DB00841,D009203
DB00843,D009203
DB00860,D009203
DB00883,D009203
DB00921,D009203
DB00922,D009203
DB00925,D009203
DB00945,D009203
DB00966,D009203
DB00975,D009203
DB01020,D009203
DB01029,D009203
DB01035,D009203
DB01039,D009203
DB01065,D009203
DB01076,D009203
DB01095,D009203
DB01098,D009203
DB01109,D009203
DB01115,D009203
DB01118,D009203
DB01120,D009203
DB01132,D009203
DB01136,D009203
DB01138,D009203
DB01166,D009203
DB01170,D009203
DB01195,D009203
DB01236,D009203
DB01356,D009203
DB01388,D009203
DB01392,D009203
DB01393,D009203
DB01580,D009203
DB01645,D009203
DB01880,D009203
DB01956,D009203
DB02375,D009203
DB02709,D009203
DB03322,D009203
DB04216,D009203
DB04743,D009203
DB04880,D009203
DB04898,D009203
DB04957,D009203
DB05073,D009203
DB06005,D009203
DB06151,D009203
DB06209,D009203
DB06245,D009203
DB06749,D009203
DB06750,D009203
DB06756,D009203
DB06819,D009203
DB07767,D009203
DB08814,D009203
DB08834,D009203
DB08846,D009203
DB09201,D009203
DB09220,D009203
DB09236,D009203
DB09270,D009203
DB09446,D009203
DB11133,D009203
DB11460,D009203
DB11672,D009203
DB11783,D009203
DB12039,D009203
DB12116,D009203
DB12230,D009203
DB12286,D009203
DB12445,D009203
DB12885,D009203
DB13153,D009203
DB13956,D009203
DB13961,D009203
DB14001,D009203
DB14003,D009203
DB14063,D009203
DB14066,D009203
DB14086,D009203
DB14206,D009203
DB14371,D009203
DB14476,D009203
DB14479,D009203
DB14482,D009203
DB14484,D009203
DB14490,D009203
DB14644,D009203
DB14815,D009203
DB15246,D009203
DB15404,D009203
DB00482,C563924
DB00176,D003865
DB00184,D003865
DB00186,D003865
DB00215,D003865
DB00230,D003865
DB00234,D003865
DB00246,D003865
DB00285,D003865
DB00321,D003865
DB00323,D003865
DB00334,D003865
DB00363,D003865
DB00370,D003865
DB00402,D003865
DB00404,D003865
DB00451,D003865
DB00458,D003865
DB00472,D003865
DB00476,D003865
DB00481,D003865
DB00502,D003865
DB00540,D003865
DB00624,D003865
DB00656,D003865
DB00715,D003865
DB00734,D003865
DB00745,D003865
DB00752,D003865
DB00780,D003865
DB00831,D003865
DB00850,D003865
DB00921,D003865
DB00934,D003865
DB00960,D003865
DB01037,D003865
DB01104,D003865
DB01142,D003865
DB01149,D003865
DB01151,D003865
DB01156,D003865
DB01171,D003865
DB01175,D003865
DB01221,D003865
DB01224,D003865
DB01242,D003865
DB01255,D003865
DB01356,D003865
DB01403,D003865
DB01544,D003865
DB01593,D003865
DB04896,D003865
DB06151,D003865
DB06413,D003865
DB06594,D003865
DB06678,D003865
DB09068,D003865
DB09166,D003865
DB09167,D003865
DB12537,D003865
DB13256,D003865
DB14479,D003865
DB14507,D003865
DB14509,D003865
DB00015,D009203
DB00126,D009203
DB00175,D009203
DB00177,D009203
DB00178,D009203
DB00208,D009203
DB00235,D009203
DB00264,D009203
DB00266,D009203
DB00275,D009203
DB00280,D009203
DB00281,D009203
DB00295,D009203
DB00316,D009203
DB00325,D009203
DB00331,D009203
DB00335,D009203
DB00343,D009203
DB00373,D009203
DB00381,D009203
DB00401,D009203
DB00404,D009203
DB00412,D009203
DB00421,D009203
DB00435,D009203
DB00489,D009203
DB00498,D009203
DB00519,D009203
DB00554,D009203
DB00559,D009203
DB00571,D009203
DB00583,D009203
DB00584,D009203
DB00612,D009203
DB00627,D009203
DB00633,D009203
DB00636,D009203
DB00641,D009203
DB00652,D009203
DB00661,D009203
DB00678,D009203
DB00682,D009203
DB00692,D009203
DB00722,D009203
DB00727,D009203
DB00747,D009203
DB00758,D009203
DB00783,D009203
DB00790,D009203
DB00841,D009203
DB00843,D009203
DB00860,D009203
DB00883,D009203
DB00921,D009203
DB00922,D009203
DB00925,D009203
DB00945,D009203
DB00966,D009203
DB00975,D009203
DB01020,D009203
DB01029,D009203
DB01035,D009203
DB01039,D009203
DB01065,D009203
DB01076,D009203
DB01095,D009203
DB01098,D009203
DB01109,D009203
DB01115,D009203
DB01118,D009203
DB01120,D009203
DB01132,D009203
DB01136,D009203
DB01138,D009203
DB01166,D009203
DB01170,D009203
DB01195,D009203
DB01236,D009203
DB01356,D009203
DB01388,D009203
DB01392,D009203
DB01393,D009203
DB01580,D009203
DB01645,D009203
DB01880,D009203
DB01956,D009203
DB02375,D009203
DB02709,D009203
DB03322,D009203
DB04216,D009203
DB04743,D009203
DB04880,D009203
DB04898,D009203
DB04957,D009203
DB05073,D009203
DB06005,D009203
DB06151,D009203
DB06209,D009203
DB06245,D009203
DB06749,D009203
DB06750,D009203
DB06756,D009203
DB06819,D009203
DB07767,D009203
DB08814,D009203
DB08834,D009203
DB08846,D009203
DB09201,D009203
DB09220,D009203
DB09236,D009203
DB09270,D009203
DB09446,D009203
DB11133,D009203
DB11460,D009203
DB11672,D009203
DB11783,D009203
DB12039,D009203
DB12116,D009203
DB12230,D009203
DB12286,D009203
DB12445,D009203
DB12885,D009203
DB13153,D009203
DB13956,D009203
DB13961,D009203
DB14001,D009203
DB14003,D009203
DB14063,D009203
DB14066,D009203
DB14086,D009203
DB14206,D009203
DB14371,D009203
DB14476,D009203
DB14479,D009203
DB14482,D009203
DB14484,D009203
DB14490,D009203
DB14644,D009203
DB14815,D009203
DB15246,D009203
DB15404,D009203
DB00091,D013262
DB00391,D013262
DB00635,D013262
DB00860,D013262
DB00864,D013262
DB12710,D013262
DB00204,C538261
DB00264,C538261
DB00308,C538261
DB00343,C538261
DB00390,C538261
DB00489,C538261
DB00661,C538261
DB00682,C538261
DB00908,C538261
DB01035,C538261
DB00177,C563897
DB00178,C563897
DB00187,C563897
DB00195,C563897
DB00206,C563897
DB00214,C563897
DB00226,C563897
DB00264,C563897
DB00270,C563897
DB00275,C563897
DB00310,C563897
DB00325,C563897
DB00343,C563897
DB00350,C563897
DB00373,C563897
DB00381,C563897
DB00401,C563897
DB00421,C563897
DB00436,C563897
DB00457,C563897
DB00492,C563897
DB00519,C563897
DB00521,C563897
DB00524,C563897
DB00542,C563897
DB00571,C563897
DB00575,C563897
DB00584,C563897
DB00590,C563897
DB00594,C563897
DB00598,C563897
DB00622,C563897
DB00657,C563897
DB00661,C563897
DB00678,C563897
DB00691,C563897
DB00692,C563897
DB00695,C563897
DB00722,C563897
DB00796,C563897
DB00800,C563897
DB00808,C563897
DB00876,C563897
DB00880,C563897
DB00881,C563897
DB00887,C563897
DB00903,C563897
DB00960,C563897
DB00966,C563897
DB00968,C563897
DB00999,C563897
DB01018,C563897
DB01023,C563897
DB01029,C563897
DB01088,C563897
DB01115,C563897
DB01136,C563897
DB01162,C563897
DB01170,C563897
DB01189,C563897
DB01193,C563897
DB01197,C563897
DB01203,C563897
DB01244,C563897
DB01258,C563897
DB01275,C563897
DB01359,C563897
DB04861,C563897
DB00734,D020817
DB01238,D020817
DB00007,D001321
DB00107,D001321
DB00176,D001321
DB00215,D001321
DB00246,D001321
DB00289,D001321
DB00313,D001321
DB00334,D001321
DB00360,D001321
DB00370,D001321
DB00421,D001321
DB00422,D001321
DB00434,D001321
DB00472,D001321
DB00490,D001321
DB00502,D001321
DB00566,D001321
DB00571,D001321
DB00574,D001321
DB00575,D001321
DB00674,D001321
DB00704,D001321
DB00734,D001321
DB00877,D001321
DB00915,D001321
DB01018,D001321
DB01043,D001321
DB01065,D001321
DB01104,D001321
DB01132,D001321
DB01175,D001321
DB01202,D001321
DB01238,D001321
DB01242,D001321
DB01592,D001321
DB03322,D001321
DB04786,D001321
DB06678,D001321
DB08966,D001321
DB09210,D001321
DB11133,D001321
DB11868,D001321
DB12537,D001321
DB14089,D001321
DB14513,D001321
DB00734,D020817
DB01238,D020817
DB00091,D014890
DB00531,D014890
DB00563,D014890
DB00688,D014890
DB00773,D014890
DB00860,D014890
DB00959,D014890
DB00993,D014890
DB01024,D014890
DB01097,D014890
DB09110,D014890
DB00381,D000075222
DB00960,D000075222
DB01073,D005271
DB00114,D015179
DB00136,D015179
DB00140,D015179
DB00158,D015179
DB00244,D015179
DB00262,D015179
DB00293,D015179
DB00305,D015179
DB00309,D015179
DB00317,D015179
DB00322,D015179
DB00328,D015179
DB00398,D015179
DB00441,D015179
DB00482,D015179
DB00495,D015179
DB00515,D015179
DB00526,D015179
DB00530,D015179
DB00533,D015179
DB00541,D015179
DB00544,D015179
DB00563,D015179
DB00570,D015179
DB00605,D015179
DB00641,D015179
DB00650,D015179
DB00749,D015179
DB00762,D015179
DB00773,D015179
DB00814,D015179
DB00848,D015179
DB00851,D015179
DB00927,D015179
DB00928,D015179
DB00945,D015179
DB00997,D015179
DB01050,D015179
DB01083,D015179
DB01101,D015179
DB01169,D015179
DB01204,D015179
DB01229,D015179
DB01262,D015179
DB01436,D015179
DB02709,D015179
DB03459,D015179
DB04216,D015179
DB04485,D015179
DB04743,D015179
DB05073,D015179
DB05076,D015179
DB05482,D015179
DB05767,D015179
DB06155,D015179
DB06246,D015179
DB06803,D015179
DB07338,D015179
DB09010,D015179
DB09130,D015179
DB12116,D015179
DB12422,D015179
DB12947,D015179
DB00313,D020190
DB00819,D020190
DB01202,D020190
DB11868,D020190
DB00193,D012148
DB00230,D012148
DB00248,D012148
DB00268,D012148
DB00413,D012148
DB00497,D012148
DB00514,D012148
DB00571,D012148
DB00647,D012148
DB00653,D012148
DB00776,D012148
DB00996,D012148
DB01104,D012148
DB01156,D012148
DB01186,D012148
DB01235,D012148
DB03322,D012148
DB05271,D012148
DB15130,D012148
DB00460,C563838
DB00699,C563838
DB00126,D003327
DB00166,D003327
DB00175,D003327
DB00264,D003327
DB00270,D003327
DB00295,D003327
DB00343,D003327
DB00373,D003327
DB00381,D003327
DB00401,D003327
DB00489,D003327
DB00571,D003327
DB00590,D003327
DB00622,D003327
DB00627,D003327
DB00636,D003327
DB00641,D003327
DB00661,D003327
DB00727,D003327
DB00758,D003327
DB00841,D003327
DB00883,D003327
DB00945,D003327
DB01023,D003327
DB01029,D003327
DB01076,D003327
DB01095,D003327
DB01115,D003327
DB01241,D003327
DB01580,D003327
DB01599,D003327
DB02709,D003327
DB03322,D003327
DB05073,D003327
DB11251,D003327
DB14063,D003327
DB14482,D003327
DB14484,D003327
DB14490,D003327
DB00163,C563834
DB00382,C563834
DB00674,C563834
DB00843,C563834
DB00989,C563834
DB01037,C563834
DB01043,C563834
DB00126,D008175
DB00136,D008175
DB00171,D008175
DB00197,D008175
DB00201,D008175
DB00242,D008175
DB00257,D008175
DB00262,D008175
DB00277,D008175
DB00290,D008175
DB00295,D008175
DB00305,D008175
DB00307,D008175
DB00309,D008175
DB00317,D008175
DB00328,D008175
DB00361,D008175
DB00412,D008175
DB00441,D008175
DB00445,D008175
DB00515,D008175
DB00523,D008175
DB00530,D008175
DB00531,D008175
DB00537,D008175
DB00541,D008175
DB00544,D008175
DB00553,D008175
DB00554,D008175
DB00563,D008175
DB00605,D008175
DB00619,D008175
DB00650,D008175
DB00675,D008175
DB00773,D008175
DB00927,D008175
DB00928,D008175
DB00958,D008175
DB00982,D008175
DB00995,D008175
DB00997,D008175
DB01065,D008175
DB01109,D008175
DB01169,D008175
DB01181,D008175
DB01206,D008175
DB01222,D008175
DB01223,D008175
DB01229,D008175
DB01234,D008175
DB01248,D008175
DB01262,D008175
DB01645,D008175
DB02546,D008175
DB03568,D008175
DB04216,D008175
DB04725,D008175
DB04960,D008175
DB05294,D008175
DB05424,D008175
DB05524,D008175
DB05983,D008175
DB06005,D008175
DB06199,D008175
DB06246,D008175
DB06755,D008175
DB06774,D008175
DB08831,D008175
DB08916,D008175
DB09110,D008175
DB09201,D008175
DB09256,D008175
DB09298,D008175
DB11651,D008175
DB11672,D008175
DB11689,D008175
DB11716,D008175
DB11828,D008175
DB11841,D008175
DB12116,D008175
DB12328,D008175
DB12736,D008175
DB12870,D008175
DB13069,D008175
DB13178,D008175
DB13853,D008175
DB14001,D008175
DB14003,D008175
DB14104,D008175
DB14183,D008175
DB14476,D008175
DB14482,D008175
DB14484,D008175
DB14490,D008175
DB14981,D008175
DB15404,D008175
