Drug,Protein
DB00006,P00734
DB00007,P30968
DB00014,P22888
DB00014,P30968
DB00015,P00747
DB00015,P02671
DB00015,P05121
DB00017,P30988
DB00019,Q99062
DB00020,P15509
DB00020,P26951
DB00020,P32927
DB00020,P34741
DB00020,P13727
DB00022,P17181
DB00022,P48551
DB00026,P14778
DB00035,P30518
DB00035,P37288
DB00035,P47901
DB00050,P30968
DB00050,P22888
DB00083,P60880
DB00083,P62745
DB00091,P49069
DB00091,Q96LZ3
DB00091,P62937
DB00091,P30405
DB00107,P30559
DB00114,Q9BYV1
DB00114,Q99259
DB00114,P35520
DB00114,Q16719
DB00114,P34896
DB00114,Q9Y697
DB00114,P17174
DB00114,P04181
DB00114,P11926
DB00114,Q8N5Z0
DB00114,P80404
DB00114,Q9NVS9
DB00114,O95470
DB00114,P17735
DB00114,Q16773
DB00114,O15270
DB00114,Q9Y600
DB00114,P19113
DB00114,Q96A70
DB00114,P20132
DB00114,O75600
DB00114,P23378
DB00114,P24298
DB00114,Q9Y617
DB00114,P13196
DB00114,P21549
DB00114,Q96GD0
DB00114,O15269
DB00114,P32929
DB00114,P54687
DB00114,O15382
DB00114,O94903
DB00114,P00505
DB00114,P11216
DB00114,P11217
DB00114,P20711
DB00114,Q53ET4
DB00114,Q05329
DB00114,Q6YP21
DB00114,Q6ZQY3
DB00114,Q96I15
DB00114,Q6WRI0
DB00114,Q8IUZ5
DB00114,P34897
DB00114,P22557
DB00114,Q8TD30
DB00114,Q96EN8
DB00114,Q96GA7
DB00114,Q9GZT4
DB00114,Q9HD40
DB00114,Q9NUV7
DB00114,Q9UGI5
DB00114,P17174
DB00114,P00505
DB00115,Q99707
DB00115,P22033
DB00115,Q9UBK8
DB00115,Q8IVH4
DB00115,Q9Y4U1
DB00115,P42898
DB00118,P21964
DB00118,Q8N1G2
DB00118,Q9HBK9
DB00118,Q14749
DB00118,P17707
DB00118,P31153
DB00118,P35520
DB00118,Q00266
DB00122,P36544
DB00122,Q9Y5K3
DB00122,P22303
DB00122,P49585
DB00122,O14939
DB00122,P06276
DB00122,Q13393
DB00122,Q8TCT1
DB00125,Q8WY07
DB00125,Q96A70
DB00125,P04424
DB00125,P35228
DB00125,P30825
DB00125,P78540
DB00125,O43246
DB00125,P00966
DB00125,P29474
DB00126,Q54873
DB00126,P24300
DB00126,O00469
DB00126,O14832
DB00126,O60568
DB00126,O75936
DB00126,P09172
DB00126,P19021
DB00126,Q32P28
DB00126,Q8IVL5
DB00126,Q8IVL6
DB00126,P13674
DB00126,Q8N543
DB00126,Q6N063
DB00126,Q6NS38
DB00126,Q96Q83
DB00126,Q9BY66
DB00126,Q02809
DB00126,Q9NVH6
DB00126,Q9NXG6
DB00126,Q9GZT9
DB00126,Q96KS0
DB00126,Q9H6Z9
DB00131,Q13131
DB00131,P54646
DB00131,Q9Y478
DB00131,O43741
DB00131,P54619
DB00131,Q9UGJ0
DB00131,Q9UGI9
DB00131,P55263
DB00131,Q9Y478
DB00131,Q9NR19
DB00131,Q13131
DB00131,Q08828
DB00131,P33121
DB00131,P16220
DB00131,Q07343
DB00131,P49773
DB00131,Q08499
DB00131,P09467
DB00134,Q9UBK8
DB00134,Q99707
DB00134,P50579
DB00134,Q93088
DB00134,Q9H2M3
DB00136,P11473
DB00136,P31260
DB00140,Q969G6
DB00140,P0AFU8
DB00140,P30043
DB00141,P15291
DB00141,O60513
DB00141,Q9UJ70
DB00141,Q9UK23
DB00141,P54802
DB00141,P51606
DB00143,P15121
DB00143,P14780
DB00143,P08684
DB00143,O75715
DB00143,P07203
DB00143,P18283
DB00143,P22352
DB00143,P59796
DB00143,Q96SL4
DB00143,P36969
DB00143,Q8TED1
DB00143,P00390
DB00143,P48637
DB00143,P09488
DB00143,Q9Y2Q3
DB00143,Q16772
DB00143,P21266
DB00143,O15217
DB00143,Q03013
DB00143,Q7RTV2
DB00143,P09211
DB00143,P78417
DB00143,P07203
DB00143,P18283
DB00143,P30711
DB00143,O43708
DB00143,O75715
DB00143,P22352
DB00143,Q04760
DB00143,Q16873
DB00143,O14880
DB00143,O60760
DB00143,P08263
DB00143,P09210
DB00143,P10620
DB00143,P10768
DB00143,P19440
DB00143,P28161
DB00143,P35754
DB00143,P36969
DB00143,P46439
DB00143,P59796
DB00143,Q16775
DB00143,Q6NSD4
DB00143,Q96SL4
DB00143,Q99735
DB00143,Q9H4Y5
DB00143,Q9NS18
DB00146,P11473
DB00148,P06732
DB00148,P12532
DB00148,P12277
DB00148,P17540
DB00148,P48029
DB00148,Q14353
DB00152,Q9H3S4
DB00153,P11473
DB00153,Q06432
DB00153,Q9Y698
DB00153,O60359
DB00153,Q9UBN1
DB00153,Q9UF02
DB00153,Q9BXT2
DB00153,P62955
DB00153,Q8WXS5
DB00153,P54289
DB00153,Q9NY47
DB00153,Q8IZS8
DB00153,Q7Z3S7
DB00153,Q13936
DB00153,Q01668
DB00153,O60840
DB00153,Q13698
DB00153,Q02641
DB00153,Q08289
DB00153,P54284
DB00153,O00305
DB00153,Q00975
DB00153,O00555
DB00153,Q15878
DB00153,O43497
DB00153,O95180
DB00153,Q9P0X4
DB00157,O60701
DB00157,P07327
DB00157,Q00796
DB00157,P08319
DB00157,P00326
DB00157,P00325
DB00157,P40394
DB00157,P21695
DB00157,Q6ZMR3
DB00157,P11766
DB00157,P15121
DB00157,Q99714
DB00157,P40926
DB00157,P00338
DB00157,P23368
DB00157,P51659
DB00157,Q9BYZ2
DB00157,P07864
DB00157,P07195
DB00157,Q08426
DB00157,Q16836
DB00157,Q16798
DB00157,Q02338
DB00157,P40925
DB00157,P31937
DB00157,P37058
DB00157,P04035
DB00157,P48163
DB00157,O43175
DB00157,P56937
DB00157,P51553
DB00157,O43837
DB00157,P50213
DB00157,P14061
DB00157,P37059
DB00157,Q92781
DB00157,O95479
DB00157,Q92506
DB00157,P17516
DB00157,P12268
DB00157,P42330
DB00157,P15428
DB00157,Q13630
DB00157,Q04828
DB00157,P28845
DB00157,P26439
DB00157,P14060
DB00157,P20839
DB00157,P40939
DB00157,P05091
DB00157,P80365
DB00157,P52895
DB00157,Q15738
DB00157,P48448
DB00157,Q02252
DB00157,P30838
DB00157,P00352
DB00157,O14556
DB00157,P49189
DB00157,P47895
DB00157,P30837
DB00157,P43353
DB00157,P04406
DB00157,O94788
DB00157,P51648
DB00157,P51649
DB00157,P49419
DB00157,P30043
DB00157,Q96C36
DB00157,P32322
DB00157,P00367
DB00157,P11177
DB00157,P29803
DB00157,P08559
DB00157,P53004
DB00157,P16219
DB00157,P00374
DB00157,Q02218
DB00157,P49448
DB00157,Q9UBM7
DB00157,P16083
DB00157,P03891
DB00157,Q9UDR5
DB00157,P03897
DB00157,O75251
DB00157,P11586
DB00157,P13995
DB00157,P30038
DB00157,P00387
DB00157,Q86Y39
DB00157,P03905
DB00157,P09417
DB00157,P03886
DB00157,Q13423
DB00157,Q16718
DB00157,Q16795
DB00157,P03901
DB00157,O95299
DB00157,O95182
DB00157,O15239
DB00157,P03923
DB00157,P03915
DB00157,O00483
DB00157,P56556
DB00157,O14561
DB00157,O43678
DB00157,P51970
DB00157,O95167
DB00157,O95169
DB00157,O95298
DB00157,O75438
DB00157,P28331
DB00157,O96000
DB00157,O95168
DB00157,O43676
DB00157,O95178
DB00157,P17568
DB00157,Q9Y6M9
DB00157,O75306
DB00157,O43674
DB00157,O43677
DB00157,O95139
DB00157,P56181
DB00157,P09622
DB00157,O75489
DB00157,P00390
DB00157,Q9UI09
DB00157,O43920
DB00157,O43181
DB00157,P49821
DB00157,P19404
DB00157,Q9P0J0
DB00157,Q16878
DB00157,O75380
DB00157,Q9NRX3
DB00157,O00217
DB00157,Q02928
DB00157,P10515
DB00157,P48728
DB00157,Q15800
DB00157,P09601
DB00157,P30519
DB00157,P05093
DB00157,P14679
DB00158,P41439
DB00158,P14207
DB00158,P15328
DB00159,P35354
DB00159,P23219
DB00159,P37231
DB00159,Q03181
DB00159,O14842
DB00159,P32418
DB00159,O15540
DB00159,O60427
DB00159,O60488
DB00159,Q8NER1
DB00159,Q07869
DB00159,P09917
DB00160,P21549
DB00160,P24298
DB00160,Q9Y697
DB00160,Q7Z2H8
DB00160,Q9UHI5
DB00160,Q9BYV1
DB00160,P49588
DB00160,P43007
DB00160,P80404
DB00160,Q16719
DB00160,Q5JTZ9
DB00160,Q8IUZ5
DB00160,Q8TD30
DB00162,P05090
DB00162,P41222
DB00162,Q96NR8
DB00162,Q92781
DB00162,Q8NBN7
DB00162,O94788
DB00162,P00352
DB00162,O95237
DB00162,O75911
DB00162,P47895
DB00162,Q6NUM9
DB00162,Q8TC12
DB00162,Q9BTZ2
DB00162,Q9HBH5
DB00162,Q9NYR8
DB00163,Q9UDX3
DB00163,Q9UDX4
DB00163,O76054
DB00163,O75469
DB00163,P05771
DB00163,P09917
DB00163,P17252
DB00163,P23743
DB00163,P62714
DB00163,P67775
DB00165,O00764
DB00166,Q9Y234
DB00166,Q9Y289
DB00166,O43766
DB00167,P45954
DB00167,P54687
DB00167,O15382
DB00167,P41252
DB00167,Q9NSE4
DB00168,Q7RTX0
DB00168,Q8TE23
DB00168,Q8NER1
DB00169,P11473
DB00170,P38435
DB00170,Q9BQB6
DB00170,Q8N0U8
DB00170,P00734
DB00170,P00740
DB00170,P04070
DB00170,P07225
DB00170,P16083
DB00170,P15559
DB00170,P02818
DB00171,O95255
DB00171,O15439
DB00171,P33527
DB00171,P13569
DB00171,P42336
DB00171,P68400
DB00171,P67870
DB00171,Q96G91
DB00171,P53041
DB00171,P42684
DB00171,O95477
DB00171,Q9NR19
DB00171,Q9UM73
DB00171,Q13564
DB00171,Q13131
DB00171,P10398
DB00171,P37023
DB00171,P33121
DB00171,P49902
DB00171,O43681
DB00171,O60706
DB00171,P31749
DB00171,P25098
DB00171,O14727
DB00171,Q9NUB1
DB00171,P36896
DB00171,Q04771
DB00171,O95342
DB00171,P08243
DB00171,Q96Q40
DB00171,P12235
DB00171,Q09428
DB00171,P00966
DB00171,Q9Y4W6
DB00171,P35626
DB00171,Q16671
DB00171,Q07912
DB00171,P00519
DB00171,Q08828
DB00171,P08183
DB00171,P45844
DB00171,Q92887
DB00175,P04035
DB00175,Q92769
DB00176,P31645
DB00176,Q12809
DB00177,P30556
DB00178,P12821
DB00178,P46663
DB00179,P09917
DB00179,P04278
DB00179,Q96QT4
DB00180,P04150
DB00181,O75899
DB00181,P61073
DB00181,Q9UBS5
DB00182,Q05940
DB00182,Q01959
DB00182,Q16568
DB00182,Q96RJ0
DB00182,P21397
DB00182,P27338
DB00182,P23975
DB00182,P35348
DB00182,P35368
DB00182,P25100
DB00182,P08913
DB00182,P18089
DB00182,P18825
DB00182,P08588
DB00182,P07550
DB00182,P13945
DB00182,P14416
DB00182,P27338
DB00182,P31645
DB00184,P43681
DB00184,P36544
DB00184,P17787
DB00184,Q15822
DB00184,P32297
DB00184,P30532
DB00184,Q15825
DB00184,Q9UGM1
DB00184,Q9GZZ6
DB00184,Q05901
DB00184,P30926
DB00184,P11511
DB00184,P28329
DB00186,P14867
DB00186,P47869
DB00186,P34903
DB00186,P48169
DB00186,P31644
DB00186,Q16445
DB00186,P18505
DB00186,P47870
DB00186,P28472
DB00186,O14764
DB00186,P78334
DB00186,Q8N1C3
DB00186,P18507
DB00186,Q99928
DB00186,O00591
DB00186,Q9UN88
DB00186,P14867
DB00186,P47869
DB00186,P34903
DB00186,P31644
DB00186,Q8N1C3
DB00186,P18507
DB00186,Q99928
DB00187,P08588
DB00188,P28074
DB00188,P20618
DB00190,P20711
DB00191,P23975
DB00191,P31645
DB00191,Q01959
DB00191,P21397
DB00191,P27338
DB00191,P01303
DB00193,P35372
DB00193,P23975
DB00193,P31645
DB00193,Q99250
DB00193,Q05586
DB00193,Q12879
DB00193,Q13224
DB00193,Q14957
DB00193,O15399
DB00193,Q8TCU5
DB00193,O60391
DB00193,P30542
DB00193,P08913
DB00193,P18089
DB00193,P18825
DB00193,P28335
DB00193,P41145
DB00193,P41143
DB00193,P36544
DB00193,P20309
DB00193,P11229
DB00193,P25103
DB00193,Q8NER1
DB00195,P08588
DB00195,P07550
DB00197,P37231
DB00197,P62508
DB00197,P11474
DB00197,Q03181
DB00197,Q07869
DB00197,P09211
DB00197,O60488
DB00197,P05121
DB00197,Q99808
DB00199,O43193
DB00199,Q12809
DB00200,Q99707
DB00200,P22033
DB00200,Q8IVH4
DB00200,P20061
DB00200,Q9BXJ7
DB00200,O60494
DB00200,Q9Y4U1
DB00201,P30542
DB00201,P29274
DB00201,P29275
DB00201,P0DMS8
DB00201,Q01064
DB00201,Q08499
DB00201,Q13370
DB00201,O76074
DB00201,Q07343
DB00201,P21817
DB00201,P54750
DB00201,Q01064
DB00201,Q14123
DB00201,Q9Y233
DB00201,P27815
DB00201,Q07343
DB00201,Q08493
DB00201,Q08499
DB00201,Q9NP56
DB00201,O00408
DB00201,Q14432
DB00201,Q13370
DB00201,O76074
DB00201,P51160
DB00201,Q9HCR9
DB00201,Q13946
DB00201,O60658
DB00201,O95263
DB00201,O76083
DB00201,P16499
DB00201,P35913
DB00201,P78527
DB00201,O00329
DB00201,P42336
DB00201,P42338
DB00201,Q14643
DB00201,Q14571
DB00201,Q14573
DB00201,Q13315
DB00203,O76074
DB00203,P18545
DB00203,Q13956
DB00203,P11926
DB00203,Q9NZQ7
DB00204,Q12809
DB00204,O95069
DB00204,Q14500
DB00205,P00374
DB00205,P13922
DB00205,P07686
DB00206,Q05940
DB00206,P54219
DB00206,O15392
DB00207,Q9UM07
DB00208,Q9H244
DB00210,P10826
DB00210,P13631
DB00210,P28702
DB00210,P48443
DB00210,P19793
DB00210,P05412
DB00210,O60603
DB00210,P10276
DB00210,P17174
DB00211,P35348
DB00211,P35368
DB00211,P25100
DB00213,P20648
DB00213,O94760
DB00214,P55011
DB00214,Q13621
DB00215,P31645
DB00215,P35367
DB00216,P28221
DB00216,P28222
DB00216,P30939
DB00216,P08908
DB00218,P43700
DB00218,P43702
DB00218,P11388
DB00218,P27169
DB00219,P11229
DB00220,O90777
DB00221,P08588
DB00221,P07550
DB00222,Q14654
DB00222,P48048
DB00222,Q09428
DB00226,P23975
DB00227,P04035
DB00227,P20701
DB00227,Q92769
DB00230,P54289
DB00232,Q13621
DB00232,P00915
DB00232,P00918
DB00232,P22748
DB00234,P23975
DB00235,Q14432
DB00238,Q72547
DB00240,P04150
DB00241,P47869
DB00241,P34903
DB00241,P48169
DB00241,P31644
DB00241,Q16445
DB00241,P14867
DB00241,P47869
DB00241,P34903
DB00241,P48169
DB00241,P31644
DB00241,Q16445
DB00241,P18505
DB00241,P47870
DB00241,P28472
DB00241,O14764
DB00241,P78334
DB00241,Q8N1C3
DB00241,P18507
DB00241,Q99928
DB00241,O00591
DB00241,Q9UN88
DB00241,P14867
DB00241,P43681
DB00241,P36544
DB00241,P42262
DB00241,Q13002
DB00242,P23921
DB00242,P31350
DB00242,Q7LG56
DB00242,P09884
DB00242,Q07864
DB00242,P56282
DB00242,Q9NRF9
DB00242,Q9NR33
DB00242,P00491
DB00244,P35354
DB00244,P23219
DB00244,P09917
DB00244,P37231
DB00244,O15111
DB00244,O14920
DB00244,P35228
DB00245,P11229
DB00245,Q01959
DB00245,P35367
DB00245,P31645
DB00245,P23975
DB00246,P14416
DB00246,P28223
DB00246,P08908
DB00246,P28221
DB00246,P28335
DB00246,P21728
DB00246,P21918
DB00246,P35462
DB00246,P21917
DB00246,P28222
DB00246,P28566
DB00246,P50406
DB00246,P34969
DB00246,P35367
DB00246,P35348
DB00246,P35368
DB00246,P08913
DB00246,P18089
DB00246,P18825
DB00246,P11229
DB00246,P08172
DB00246,P20309
DB00246,P08173
DB00246,P08912
DB00246,P46098
DB00246,O95264
DB00246,Q8WXA8
DB00246,Q70Z44
DB00246,A5X5Y0
DB00246,P47898
DB00248,P14416
DB00248,P41595
DB00248,P35462
DB00248,P28223
DB00248,P18089
DB00248,P28221
DB00248,P21917
DB00248,P08913
DB00248,P08908
DB00248,P18825
DB00248,P21918
DB00248,P21728
DB00248,P28222
DB00248,P28335
DB00248,P34969
DB00248,P35348
DB00248,P35368
DB00248,P25100
DB00248,P08588
DB00248,P07550
DB00248,P21728
DB00248,P21918
DB00250,P0C0X2
DB00250,P0C0X1
DB00252,Q14524
DB00252,P35498
DB00252,Q12809
DB00252,Q13936
DB00252,Q01668
DB00252,O60840
DB00252,Q13698
DB00252,Q02641
DB00252,Q08289
DB00252,P54284
DB00252,O00305
DB00252,O00555
DB00252,Q99250
DB00252,Q9UQD0
DB00252,O75469
DB00252,Q07699
DB00252,Q9NY46
DB00252,P14867
DB00252,P47869
DB00252,P34903
DB00252,P48169
DB00252,P31644
DB00252,Q16445
DB00252,P18505
DB00252,P47870
DB00252,P28472
DB00252,O14764
DB00252,P78334
DB00252,Q8N1C3
DB00252,P18507
DB00252,Q99928
DB00252,O00591
DB00252,Q9UN88
DB00253,P04150
DB00255,Q92731
DB00255,P03372
DB00255,P62508
DB00255,P11474
DB00255,O95718
DB00255,Q15596
DB00255,O75469
DB00255,P10275
DB00255,P04278
DB00256,P0A7V8
DB00257,P10613
DB00257,O15554
DB00257,O75469
DB00257,Q8TDS4
DB00260,P0A6J8
DB00260,Q9L888
DB00261,Q14432
DB00262,P00390
DB00264,P08588
DB00264,P07550
DB00264,P08588
DB00264,P07550
DB00264,P13945
DB00266,Q9BQB6
DB00266,P15559
DB00266,Q08257
DB00268,P35462
DB00268,P14416
DB00268,P21917
DB00268,P35348
DB00268,P35368
DB00268,P25100
DB00268,P08913
DB00268,P18089
DB00268,P18825
DB00269,P03372
DB00270,Q13936
DB00270,P54289
DB00270,Q08289
DB00270,O95180
DB00270,Q9NY47
DB00270,Q01668
DB00270,Q13698
DB00273,P14867
DB00273,P35498
DB00273,Q9Y5Y9
DB00273,Q9UI33
DB00273,Q99250
DB00273,Q9NY46
DB00273,P35499
DB00273,Q14524
DB00273,Q01118
DB00273,Q9UQD0
DB00273,Q15858
DB00273,P39086
DB00273,Q13002
DB00273,Q13003
DB00273,Q16099
DB00273,Q16478
DB00273,P00918
DB00273,P22748
DB00273,Q13936
DB00273,Q01668
DB00273,O60840
DB00273,Q13698
DB00273,Q02641
DB00273,Q08289
DB00273,P54284
DB00273,O00305
DB00273,P00915
DB00273,P07451
DB00273,Q15878
DB00275,P30556
DB00276,P11388
DB00276,Q12809
DB00276,P02763
DB00276,P02768
DB00277,P30542
DB00277,P29274
DB00277,P29275
DB00277,Q07343
DB00277,O76074
DB00277,P27815
DB00277,Q14432
DB00277,Q92769
DB00277,Q99829
DB00277,Q8TCT9
DB00277,Q15155
DB00277,P09874
DB00277,Q7Z5B4
DB00277,Q9Y4R7
DB00278,P00734
DB00279,P10827
DB00279,P10828
DB00279,P12004
DB00280,Q14524
DB00280,P11229
DB00280,P08172
DB00280,P20309
DB00280,Q9NZV8
DB00280,Q9UK17
DB00280,Q12809
DB00280,P19652
DB00281,Q9Y5Y9
DB00281,Q15858
DB00281,Q14524
DB00281,P00533
DB00281,P35499
DB00281,P02763
DB00281,P19652
DB00282,P14324
DB00282,O95749
DB00282,P42574
DB00282,P55211
DB00283,P35367
DB00284,O43451
DB00284,P14410
DB00284,P04746
DB00284,P10253
DB00285,P31645
DB00285,P23975
DB00285,Q01959
DB00286,Q92731
DB00286,P03372
DB00287,P43088
DB00288,P04150
DB00288,P04083
DB00289,P23975
DB00289,P31645
DB00289,Q05586
DB00289,Q12879
DB00289,Q13224
DB00289,Q14957
DB00289,O15399
DB00289,Q8TCU5
DB00289,O60391
DB00289,P48549
DB00289,P41145
DB00290,P18858
DB00290,P49916
DB00293,P04818
DB00293,Q05932
DB00295,P35372
DB00295,P41145
DB00295,P41143
DB00295,Q9Y6Y9
DB00297,Q9Y5Y9
DB00297,P34995
DB00302,P00747
DB00304,P06401
DB00304,P03372
DB00307,P19793
DB00307,P28702
DB00307,P48443
DB00308,Q13936
DB00308,Q02641
DB00308,Q12809
DB00308,P54289
DB00308,Q06432
DB00308,O00180
DB00308,Q9Y257
DB00308,Q9H252
DB00308,Q9NS40
DB00308,Q14654
DB00309,Q9H4B7
DB00310,P00915
DB00310,Q13621
DB00311,P00918
DB00311,P22748
DB00311,P43166
DB00311,P00915
DB00311,P07451
DB00312,P14867
DB00312,P47869
DB00312,P34903
DB00312,P48169
DB00312,P31644
DB00312,Q16445
DB00312,P14867
DB00312,P47869
DB00312,P34903
DB00312,P48169
DB00312,P31644
DB00312,Q16445
DB00312,P18505
DB00312,P47870
DB00312,P28472
DB00312,O14764
DB00312,P78334
DB00312,Q8N1C3
DB00312,P18507
DB00312,Q99928
DB00312,O00591
DB00312,Q9UN88
DB00312,P43681
DB00312,P36544
DB00312,P42262
DB00312,Q13002
DB00312,Q05586
DB00312,Q12879
DB00312,Q13224
DB00312,Q14957
DB00312,O15399
DB00312,Q8TCU5
DB00312,O60391
DB00312,O75469
DB00313,Q9UKV0
DB00313,P45954
DB00313,Q02218
DB00313,P51649
DB00313,P35498
DB00313,Q9Y5Y9
DB00313,Q9UI33
DB00313,Q99250
DB00313,Q9NY46
DB00313,P35499
DB00313,Q14524
DB00313,Q01118
DB00313,Q9UQD0
DB00313,Q15858
DB00313,Q07699
DB00313,O60939
DB00313,Q9NY72
DB00313,Q8IWT1
DB00313,Q92769
DB00313,Q07869
DB00313,Q03181
DB00313,P37231
DB00313,Q13547
DB00313,Q969S8
DB00313,Q96DB2
DB00313,Q92769
DB00313,O15379
DB00313,P56524
DB00313,Q9UQL6
DB00313,Q9UBN7
DB00313,Q8WUI4
DB00313,Q9BY41
DB00313,Q9UKV0
DB00313,P38936
DB00313,P14210
DB00313,P11926
DB00313,Q9NZQ7
DB00315,P28222
DB00315,P28221
DB00315,P30939
DB00315,P28566
DB00315,P34969
DB00315,P08908
DB00315,P28223
DB00315,P41595
DB00316,P35354
DB00316,P23219
DB00316,Q15185
DB00316,Q8NER1
DB00317,P00533
DB00318,P35372
DB00318,P41145
DB00318,P41143
DB00319,Q75Y35
DB00319,P0A3M6
DB00319,Q8DNB6
DB00319,Q7CRA4
DB00320,P28222
DB00320,P28221
DB00320,P30939
DB00320,P08913
DB00320,P08908
DB00320,P28566
DB00320,P28223
DB00320,P41595
DB00320,P28335
DB00320,P35348
DB00320,P35368
DB00320,P25100
DB00320,P08913
DB00320,P18089
DB00320,P18825
DB00320,P14416
DB00320,P35462
DB00320,P21917
DB00320,Q13639
DB00320,P13945
DB00321,P23975
DB00321,P31645
DB00321,P28223
DB00321,P08908
DB00321,P41143
DB00321,P41145
DB00321,P04629
DB00321,Q16620
DB00321,P35348
DB00321,P25100
DB00321,P08913
DB00321,P35367
DB00321,O43526
DB00321,Q09470
DB00321,P25021
DB00321,Q9H3N8
DB00321,Q99720
DB00321,P28335
DB00321,P35368
DB00321,P34969
DB00321,P28221
DB00321,P35372
DB00321,P28222
DB00321,P50406
DB00321,O43525
DB00321,P08909
DB00321,P11229
DB00321,P08172
DB00321,P20309
DB00321,P08173
DB00321,P08912
DB00321,Q12809
DB00321,Q9H252
DB00321,Q9NS40
DB00322,P04818
DB00323,P21964
DB00324,P04150
DB00325,P16066
DB00327,P35372
DB00327,P41143
DB00327,P41145
DB00328,P35354
DB00328,P14555
DB00328,P23219
DB00328,Q8N8N7
DB00328,P37231
DB00328,Q04760
DB00328,Q9Y5Y4
DB00328,Q07869
DB00328,P42330
DB00328,P19525
DB00328,P23219
DB00328,P35354
DB00330,P9WNL5
DB00330,P9WNL7
DB00330,P9WNL9
DB00331,Q16134
DB00331,Q9Y478
DB00331,P21695
DB00332,P20309
DB00332,P11229
DB00332,P08172
DB00333,P35372
DB00333,Q05586
DB00333,Q12879
DB00333,Q13224
DB00333,Q14957
DB00333,O15399
DB00333,Q8TCU5
DB00333,O60391
DB00333,P41143
DB00333,P36544
DB00333,P46098
DB00333,P32297
DB00333,P43681
DB00333,P17787
DB00334,P28223
DB00334,P14416
DB00334,P21728
DB00334,P21918
DB00334,P35462
DB00334,P21917
DB00334,P28335
DB00334,P46098
DB00334,P50406
DB00334,P35367
DB00334,P35348
DB00334,P35368
DB00334,P11229
DB00334,P08172
DB00334,P20309
DB00334,P08173
DB00334,P21728
DB00334,P21918
DB00334,P08588
DB00334,P07550
DB00334,P13945
DB00334,P08908
DB00334,P28222
DB00334,P28221
DB00334,P28566
DB00334,P30939
DB00334,P14867
DB00334,P47869
DB00334,P34903
DB00334,P31644
DB00334,Q8N1C3
DB00334,P18507
DB00334,Q99928
DB00335,P08588
DB00335,P07550
DB00337,P42345
DB00337,P62942
DB00338,P20648
DB00338,P35869
DB00341,P35367
DB00342,P35367
DB00342,P20309
DB00342,P11229
DB00342,P08912
DB00342,P08173
DB00342,P08172
DB00342,Q12809
DB00343,Q13936
DB00343,Q06432
DB00346,P35348
DB00346,P35368
DB00346,P25100
DB00346,P35348
DB00346,P35368
DB00346,P25100
DB00347,O43497
DB00348,P32754
DB00349,P14867
DB00349,P47869
DB00349,P34903
DB00349,P48169
DB00349,P31644
DB00349,Q16445
DB00349,P18505
DB00349,P47870
DB00349,P28472
DB00349,O14764
DB00349,P78334
DB00349,Q8N1C3
DB00349,P18507
DB00349,Q99928
DB00349,O00591
DB00349,Q9UN88
DB00349,P14867
DB00349,P47869
DB00349,P34903
DB00349,P31644
DB00349,Q8N1C3
DB00349,P18507
DB00349,Q99928
DB00350,P48048
DB00350,P00797
DB00350,P23219
DB00351,P06401
DB00351,P04150
DB00353,P21728
DB00353,P41595
DB00354,P35367
DB00354,P11229
DB00355,P42971
DB00355,P05193
DB00355,Q47066
DB00356,Q12791
DB00357,P05108
DB00357,P11511
DB00360,P00439
DB00360,P29474
DB00360,P07101
DB00360,P17752
DB00361,P07437
DB00363,P21728
DB00363,P14416
DB00363,P35462
DB00363,P21917
DB00363,P21918
DB00363,P08908
DB00363,P28222
DB00363,P28221
DB00363,P28566
DB00363,P28223
DB00363,P46098
DB00363,P28335
DB00363,P50406
DB00363,P34969
DB00363,P18825
DB00363,P35367
DB00363,Q9H3N8
DB00363,P35348
DB00363,P35368
DB00363,P08913
DB00363,P18089
DB00363,P11229
DB00363,P08172
DB00363,P20309
DB00363,P08173
DB00363,P08912
DB00363,Q9NYX4
DB00363,P09211
DB00363,Q9UBS5
DB00363,O75899
DB00363,P14867
DB00363,P18505
DB00363,Q8N1C3
DB00364,P0DJD9
DB00364,P09038
DB00364,P01133
DB00364,P02671
DB00364,P02675
DB00364,P02679
DB00366,P35367
DB00366,Q14994
DB00366,P11229
DB00366,P08172
DB00366,P20309
DB00366,P08173
DB00366,P08912
DB00367,P06401
DB00367,P18405
DB00367,P03372
DB00367,P10275
DB00367,P04278
DB00367,P04150
DB00368,P35348
DB00368,P35368
DB00368,P25100
DB00368,P08913
DB00368,P18089
DB00368,P18825
DB00368,P08588
DB00368,P07550
DB00368,P13945
DB00368,P00439
DB00368,Q05940
DB00368,P54219
DB00370,P28223
DB00370,Q9UE69
DB00370,P08913
DB00370,P35348
DB00370,P35368
DB00370,P25100
DB00370,P28335
DB00370,P41145
DB00370,P35367
DB00371,P14867
DB00371,P47869
DB00371,P34903
DB00371,P48169
DB00371,P31644
DB00371,Q16445
DB00371,P18505
DB00371,P47870
DB00371,P28472
DB00371,O14764
DB00371,P78334
DB00371,Q8N1C3
DB00371,P18507
DB00371,Q99928
DB00371,O00591
DB00371,Q9UN88
DB00371,P14867
DB00371,P47869
DB00371,P34903
DB00371,P48169
DB00371,P31644
DB00371,Q16445
DB00373,P08588
DB00373,P07550
DB00373,P00720
DB00374,P43119
DB00374,P43116
DB00374,Q13258
DB00374,Q03181
DB00374,Q9H244
DB00376,P11229
DB00376,P08172
DB00376,P20309
DB00376,P08173
DB00376,P08912
DB00379,Q14524
DB00379,P35869
DB00380,P11388
DB00380,Q02880
DB00381,Q13936
DB00381,Q9P0X4
DB00381,Q00975
DB00381,Q02641
DB00381,Q8IZS8
DB00381,P00915
DB00381,P17405
DB00381,A0A024R8I1
DB00381,Q00975
DB00382,P06276
DB00382,P22303
DB00382,P23141
DB00384,P51170
DB00384,P37088
DB00384,P51168
DB00384,P51172
DB00385,P11388
DB00387,P20309
DB00387,P11229
DB00387,P08172
DB00387,P08173
DB00388,P35348
DB00388,P35368
DB00388,P25100
DB00389,P07202
DB00390,P05023
DB00391,P14416
DB00391,P35462
DB00391,P00918
DB00391,P07451
DB00391,P21917
DB00392,P11229
DB00392,Q8TCU5
DB00392,P08172
DB00393,Q13936
DB00393,Q01668
DB00393,O60840
DB00393,Q13698
DB00393,Q02641
DB00393,Q08289
DB00393,P54284
DB00393,O00305
DB00393,P08235
DB00393,P35869
DB00394,P04150
DB00396,P06401
DB00396,P08235
DB00396,P03372
DB00396,P05093
DB00396,P41145
DB00396,P02763
DB00396,P04150
DB00396,P10275
DB00396,P04278
DB00396,Q92731
DB00397,P21728
DB00397,P08588
DB00397,P07550
DB00397,P08913
DB00397,P18089
DB00397,P18825
DB00398,P15056
DB00398,P04049
DB00398,P35916
DB00398,P35968
DB00398,P17948
DB00398,P36888
DB00398,P09619
DB00398,P10721
DB00398,P11362
DB00398,P07949
DB00399,O95749
DB00399,P14324
DB00401,Q13936
DB00401,P54289
DB00401,Q08289
DB00401,Q01668
DB00401,Q13698
DB00402,P14867
DB00402,P14867
DB00402,P47869
DB00402,P34903
DB00402,P48169
DB00402,P31644
DB00402,Q16445
DB00402,P18505
DB00402,P47870
DB00402,P28472
DB00402,O14764
DB00402,P78334
DB00402,Q8N1C3
DB00402,P18507
DB00402,Q99928
DB00402,O00591
DB00402,Q9UN88
DB00402,P47869
DB00402,P34903
DB00402,P31644
DB00404,P14867
DB00404,P47869
DB00404,P34903
DB00404,P48169
DB00404,P31644
DB00404,Q16445
DB00404,P18505
DB00404,P47870
DB00404,P28472
DB00404,O14764
DB00404,P78334
DB00404,Q8N1C3
DB00404,P18507
DB00404,Q99928
DB00404,O00591
DB00404,Q9UN88
DB00404,P14867
DB00404,P47869
DB00404,P34903
DB00404,P31644
DB00404,Q8N1C3
DB00404,P18507
DB00404,Q99928
DB00405,P35367
DB00407,P01008
DB00407,P05546
DB00408,P28223
DB00408,P14416
DB00408,P28335
DB00408,P08908
DB00408,P28222
DB00408,P28221
DB00408,P28566
DB00408,P46098
DB00408,P47898
DB00408,P50406
DB00408,P34969
DB00408,P35348
DB00408,P35368
DB00408,P08913
DB00408,P18089
DB00408,P18825
DB00408,P08588
DB00408,P11229
DB00408,P08172
DB00408,P20309
DB00408,P08173
DB00408,P08912
DB00408,P21728
DB00408,P21918
DB00408,P35462
DB00408,P21917
DB00408,P21918
DB00408,P35367
DB00408,P25021
DB00408,Q9H3N8
DB00408,P31645
DB00408,P23975
DB00408,Q01959
DB00408,P21728
DB00409,P14416
DB00409,P21917
DB00409,P35462
DB00409,P28223
DB00409,Q99720
DB00412,P37231
DB00412,O60488
DB00412,Q07869
DB00412,Q03181
DB00412,P19793
DB00412,P28702
DB00412,P48443
DB00413,P35462
DB00413,P14416
DB00413,P21917
DB00413,P08908
DB00413,P08913
DB00414,P48048
DB00419,Q16739
DB00420,P14416
DB00420,P28223
DB00420,P28335
DB00420,P35348
DB00420,P11229
DB00420,P35367
DB00421,P08235
DB00421,P04150
DB00421,P10275
DB00421,P06401
DB00421,P03372
DB00421,Q92731
DB00421,O75469
DB00421,Q13936
DB00421,Q01668
DB00421,O60840
DB00421,Q13698
DB00421,Q02641
DB00421,Q08289
DB00421,P54284
DB00421,O00305
DB00421,O00555
DB00422,Q01959
DB00422,P08908
DB00422,P23975
DB00424,P11229
DB00424,P08172
DB00424,P20309
DB00424,P08173
DB00424,Q08828
DB00425,P14867
DB00425,P47869
DB00425,P34903
DB00425,P18507
DB00427,P35367
DB00428,Q89ZI2
DB00428,P11168
DB00428,O60502
DB00433,P14416
DB00433,P35367
DB00433,P35348
DB00433,P35368
DB00433,P25100
DB00433,P08913
DB00433,P18089
DB00433,P18825
DB00434,P35367
DB00434,P28223
DB00434,P28335
DB00434,P25021
DB00434,P41595
DB00434,P11229
DB00434,P08172
DB00434,P20309
DB00434,P34969
DB00435,P33402
DB00435,P04731
DB00435,P14902
DB00435,P29474
DB00436,P55017
DB00436,Q12791
DB00436,P00915
DB00436,P00918
DB00436,P22748
DB00437,P47989
DB00440,P0ABQ4
DB00441,P23921
DB00441,P04818
DB00441,P30085
DB00443,P04150
DB00444,P11388
DB00445,P11388
DB00448,P20648
DB00448,P10636
DB00449,P35348
DB00449,P08913
DB00449,P07550
DB00449,P06276
DB00449,P22303
DB00450,P35348
DB00450,P14416
DB00451,P06756
DB00451,P05106
DB00451,P10827
DB00451,P10828
DB00454,P41145
DB00454,Q05586
DB00454,Q13224
DB00454,Q12879
DB00454,Q14957
DB00454,O15399
DB00454,P11229
DB00454,P08172
DB00454,P20309
DB00454,P08173
DB00454,P08912
DB00454,P35372
DB00454,Q01959
DB00454,P23975
DB00454,P31645
DB00454,P23141
DB00455,P35367
DB00455,Q12809
DB00457,P35348
DB00457,P35368
DB00457,P25100
DB00457,Q12809
DB00457,P08913
DB00457,P18089
DB00457,P35348
DB00457,P35368
DB00457,P25100
DB00458,P23975
DB00458,P31645
DB00458,P28223
DB00458,P35367
DB00458,P35348
DB00458,P25100
DB00458,P11229
DB00458,P08172
DB00458,P20309
DB00458,P08173
DB00458,P08912
DB00458,Q9NZV8
DB00458,Q9UK17
DB00458,P28335
DB00458,P35368
DB00458,P34969
DB00458,P21728
DB00458,P21918
DB00458,P14416
DB00458,Q12809
DB00458,Q01959
DB00458,P08908
DB00458,P50406
DB00458,O95259
DB00458,P19652
DB00459,P19793
DB00459,P10276
DB00459,P10826
DB00459,P13631
DB00459,P28702
DB00459,P48443
DB00459,P09455
DB00461,P35354
DB00461,P23219
DB00464,P07225
DB00464,P04070
DB00465,P35354
DB00465,P23219
DB00466,P24046
DB00466,P14867
DB00466,P23416
DB00466,O75311
DB00466,P23415
DB00468,P14770
DB00468,O15554
DB00469,P35354
DB00469,P23219
DB00470,P21554
DB00470,P34972
DB00471,Q9Y271
DB00471,P09917
DB00472,P31645
DB00472,P28335
DB00472,Q15822
DB00472,P32297
DB00472,P30926
DB00472,P61024
DB00472,Q12809
DB00475,P14867
DB00475,P47869
DB00475,P34903
DB00475,P48169
DB00475,P31644
DB00475,Q16445
DB00475,P18505
DB00475,P47870
DB00475,P28472
DB00475,O14764
DB00475,P78334
DB00475,Q8N1C3
DB00475,P18507
DB00475,Q99928
DB00475,O00591
DB00475,Q9UN88
DB00475,P14867
DB00475,P47869
DB00475,P34903
DB00475,P31644
DB00475,Q8N1C3
DB00475,P18507
DB00475,Q99928
DB00476,P31645
DB00476,P23975
DB00476,Q01959
DB00477,P14416
DB00477,P21728
DB00477,P08908
DB00477,P28223
DB00477,P35348
DB00477,P35368
DB00477,P35367
DB00477,Q12809
DB00477,P21728
DB00477,P21918
DB00477,P35462
DB00477,P21917
DB00477,P21918
DB00477,P28335
DB00477,P28223
DB00477,P41595
DB00477,P28335
DB00477,P35348
DB00477,P35368
DB00477,P25100
DB00477,P08913
DB00477,P18089
DB00477,P18825
DB00477,P11229
DB00477,P20309
DB00477,P17405
DB00477,P0DP23
DB00477,P02763
DB00477,P19652
DB00477,P50406
DB00477,P34969
DB00477,Q9H3N8
DB00479,P0A7S3
DB00480,Q96SW2
DB00480,O14788
DB00480,P33151
DB00480,P35354
DB00481,P03372
DB00481,Q92731
DB00481,P50453
DB00481,P04155
DB00482,P35354
DB00482,P00918
DB00482,P07451
DB00482,P55287
DB00482,O15530
DB00482,Q99519
DB00484,P08913
DB00484,P18089
DB00484,P18825
DB00487,P43702
DB00487,P43700
DB00487,P11388
DB00487,Q06AK7
DB00489,P08588
DB00489,P07550
DB00489,Q12809
DB00490,P08908
DB00490,P14416
DB00490,P35462
DB00490,P21917
DB00490,P35348
DB00490,P35368
DB00490,P25100
DB00491,P10253
DB00491,Q14697
DB00491,Q8TET4
DB00491,O43451
DB00492,P12821
DB00494,P21964
DB00495,Q72547
DB00495,O14746
DB00497,P35372
DB00497,P41145
DB00497,P41143
DB00498,Q9BQB6
DB00499,P10275
DB00499,P35869
DB00499,O75469
DB00500,P35354
DB00500,P23219
DB00501,P25021
DB00502,P28335
DB00502,P14416
DB00502,P28223
DB00502,P35462
DB00502,Q99705
DB00502,Q05940
DB00502,Q99720
DB00502,P35367
DB00502,P20309
DB00502,P35348
DB00502,P08913
DB00502,P18089
DB00502,P18825
DB00502,P08908
DB00502,P50406
DB00502,P34969
DB00502,Q13224
DB00502,P21728
DB00503,Q72874
DB00503,O75469
DB00508,P14416
DB00508,P21728
DB00508,P41595
DB00508,P11229
DB00508,P08172
DB00509,P10827
DB00509,P10828
DB00509,P07202
DB00514,Q99720
DB00514,Q8TCU5
DB00514,Q15822
DB00514,P31645
DB00514,O00264
DB00514,P32297
DB00514,P43681
DB00514,P30926
DB00514,P17787
DB00514,P36544
DB00514,P35372
DB00514,P41143
DB00514,P41145
DB00514,P04839
DB00514,P13498
DB00514,P14598
DB00514,P19878
DB00514,Q15080
DB00514,P63000
DB00514,P15153
DB00514,P23975
DB00515,P29372
DB00515,P01023
DB00515,P02787
DB00515,O00244
DB00519,P12821
DB00521,P07550
DB00521,P08588
DB00523,P10276
DB00523,P19793
DB00523,P10826
DB00523,P28702
DB00523,P13631
DB00523,P48443
DB00523,P17936
DB00523,Q15238
DB00523,Q6V0L0
DB00524,P55017
DB00527,Q14524
DB00527,Q9Y5Y9
DB00527,P0DP23
DB00528,Q06432
DB00530,O75469
DB00530,P00533
DB00531,O75469
DB00532,Q14524
DB00532,O75469
DB00533,P35354
DB00533,P15502
DB00535,P08149
DB00535,Q60FT7
DB00535,P05164
DB00536,P05091
DB00536,P07998
DB00536,P78352
DB00536,P00720
DB00536,Q14353
DB00536,P53608
DB00537,P43702
DB00537,P43700
DB00537,P11388
DB00537,Q12809
DB00537,P0AES4
DB00537,P0C1U9
DB00537,Q59192
DB00537,P05653
DB00537,C3T8E2
DB00537,B4YQT9
DB00537,P20831
DB00539,P03372
DB00539,P04278
DB00540,P23975
DB00540,P31645
DB00540,P28223
DB00540,P08908
DB00540,P35367
DB00540,P35348
DB00540,P25100
DB00540,P28335
DB00540,P35368
DB00540,P08913
DB00540,P18089
DB00540,P18825
DB00540,P08588
DB00540,P07550
DB00540,P13945
DB00540,P14416
DB00540,O00264
DB00540,Q99720
DB00540,P08909
DB00540,P11229
DB00540,P08172
DB00540,P20309
DB00540,P08173
DB00540,P08912
DB00541,P07437
DB00541,P68366
DB00542,P12821
DB00544,P04818
DB00545,P06276
DB00545,P22303
DB00546,P14867
DB00546,P47869
DB00546,P34903
DB00546,P48169
DB00546,P31644
DB00546,Q16445
DB00546,P18505
DB00546,P47870
DB00546,P28472
DB00546,O14764
DB00546,P78334
DB00546,Q8N1C3
DB00546,P18507
DB00546,Q99928
DB00546,O00591
DB00546,Q9UN88
DB00546,P14867
DB00546,P47869
DB00546,P34903
DB00546,P31644
DB00546,Q8N1C3
DB00546,P18507
DB00546,Q99928
DB00547,P04150
DB00548,P66010
DB00548,P51857
DB00548,P31213
DB00548,P14679
DB00548,P00582
DB00549,Q9Y271
DB00550,P07202
DB00552,P00813
DB00554,P35354
DB00554,P23219
DB00555,Q15878
DB00555,P35498
DB00555,Q9Y5Y9
DB00555,Q9UI33
DB00555,Q99250
DB00555,Q9NY46
DB00555,P35499
DB00555,Q14524
DB00555,Q01118
DB00555,Q9UQD0
DB00555,Q15858
DB00555,P30542
DB00555,P29274
DB00555,P35348
DB00555,P08913
DB00555,P08588
DB00555,P21728
DB00555,P21918
DB00555,P14416
DB00555,P14867
DB00555,P47869
DB00555,P34903
DB00555,P48169
DB00555,P31644
DB00555,Q16445
DB00555,P18505
DB00555,P47870
DB00555,P28472
DB00555,O14764
DB00555,P78334
DB00555,Q8N1C3
DB00555,P18507
DB00555,Q99928
DB00555,O00591
DB00555,Q9UN88
DB00555,P14867
DB00555,P47869
DB00555,P34903
DB00555,P31644
DB00555,Q8N1C3
DB00555,P18507
DB00555,Q99928
DB00555,P35367
DB00555,P41145
DB00555,P02708
DB00555,P28223
DB00555,P46098
DB00555,P42261
DB00557,P35367
DB00557,Q12809
DB00559,P24530
DB00559,P25101
DB00563,P04818
DB00563,P31939
DB00563,P00374
DB00564,P35498
DB00564,Q9Y5Y9
DB00564,Q9UI33
DB00564,Q99250
DB00564,Q9NY46
DB00564,P35499
DB00564,Q14524
DB00564,Q01118
DB00564,Q9UQD0
DB00564,Q15858
DB00564,P43681
DB00564,O75469
DB00569,P00742
DB00569,P01008
DB00570,Q71U36
DB00570,P07437
DB00570,Q9UJT1
DB00570,P23258
DB00570,Q9UJT0
DB00570,P05412
DB00571,P08588
DB00571,P07550
DB00571,P13945
DB00571,P08908
DB00571,P28222
DB00572,P11229
DB00572,P08172
DB00572,P20309
DB00572,P08173
DB00572,P08912
DB00572,P23415
DB00572,P43681
DB00572,P17787
DB00573,P35354
DB00573,Q07869
DB00573,P37231
DB00573,P23219
DB00574,P31645
DB00574,P28221
DB00574,P28335
DB00574,Q99720
DB00574,P28223
DB00574,P41595
DB00574,P08908
DB00575,P18089
DB00575,P18825
DB00575,P08913
DB00575,P35348
DB00575,P35368
DB00575,P25100
DB00579,P23975
DB00579,Q01959
DB00579,P31645
DB00579,Q05940
DB00580,P35354
DB00580,P00918
DB00580,P07451
DB00583,P47989
DB00583,P23141
DB00583,P05164
DB00583,P50416
DB00583,Q9H015
DB00583,O76082
DB00583,P43155
DB00583,Q8N8R3
DB00583,O43772
DB00583,Q9UKG9
DB00583,P23786
DB00584,P12821
DB00585,P25021
DB00586,P35354
DB00586,P23219
DB00588,P04150
DB00588,P06401
DB00588,P47712
DB00588,P08235
DB00589,P14416
DB00589,P35462
DB00589,P21917
DB00589,P28223
DB00589,P28335
DB00589,P21728
DB00589,P21918
DB00589,P08908
DB00589,P28221
DB00589,P41595
DB00589,P28222
DB00589,P08913
DB00589,P18089
DB00589,P18825
DB00589,P34969
DB00590,P35348
DB00590,P25100
DB00590,Q12809
DB00590,Q9H252
DB00590,Q9NS40
DB00590,P35368
DB00591,P04150
DB00591,P04083
DB00591,P07355
DB00591,P12429
DB00591,P09525
DB00591,P08758
DB00591,P04054
DB00592,P28472
DB00593,O43497
DB00594,P37088
DB00594,P51168
DB00594,P51170
DB00594,P51172
DB00594,P19801
DB00594,Q16515
DB00594,P78348
DB00594,P19634
DB00594,P00749
DB00596,P04150
DB00598,P08588
DB00598,P07550
DB00598,P35348
DB00598,P35368
DB00598,P25100
DB00603,P06401
DB00603,P03372
DB00603,P08183
DB00603,P14867
DB00603,P47869
DB00603,P34903
DB00603,P48169
DB00603,P31644
DB00603,Q16445
DB00603,P18505
DB00603,P47870
DB00603,P28472
DB00603,O14764
DB00603,P78334
DB00603,Q8N1C3
DB00603,P18507
DB00603,Q99928
DB00603,O00591
DB00603,Q9UN88
DB00604,Q13639
DB00604,P46098
DB00604,P28223
DB00604,Q12809
DB00605,P35354
DB00605,P23219
DB00605,P15121
DB00605,P27361
DB00605,Q03181
DB00605,Q9Y5Y4
DB00605,O60218
DB00608,P09210
DB00608,P01375
DB00608,Q9NR96
DB00608,Q8ILQ7
DB00608,P09429
DB00608,P09488
DB00608,Q9BYF1
DB00611,P41145
DB00611,P41143
DB00611,P35372
DB00612,P08588
DB00612,P07550
DB00619,P11274
DB00619,P10721
DB00619,P07949
DB00619,P04629
DB00619,P07333
DB00619,P16234
DB00619,Q08345
DB00619,P00519
DB00619,P09619
DB00619,Q16832
DB00620,P04150
DB00622,Q13936
DB00622,Q08289
DB00622,P54289
DB00622,Q01668
DB00622,P54750
DB00622,Q01064
DB00622,P35348
DB00622,P35368
DB00622,P25100
DB00622,P11229
DB00622,P08172
DB00622,P20309
DB00622,P08173
DB00622,P08912
DB00622,P0DP23
DB00622,Q06432
DB00622,Q9Y698
DB00622,O60359
DB00622,Q9UBN1
DB00622,Q9UF02
DB00622,Q9BXT2
DB00622,P62955
DB00622,Q8WXS5
DB00622,P54289
DB00622,Q9NY47
DB00622,Q8IZS8
DB00622,Q7Z3S7
DB00622,Q13936
DB00622,Q01668
DB00622,O60840
DB00622,Q13698
DB00622,Q02641
DB00622,Q08289
DB00622,P54284
DB00622,O00305
DB00622,Q00975
DB00622,O00555
DB00622,Q15878
DB00622,O43497
DB00622,O95180
DB00622,Q9P0X4
DB00622,O43497
DB00622,O95180
DB00622,Q9P0X4
DB00623,P14416
DB00623,P21728
DB00623,P0DP23
DB00623,P10275
DB00623,P28223
DB00623,P28335
DB00624,P10275
DB00624,P03372
DB00624,P08235
DB00627,P49019
DB00627,Q8TDS4
DB00627,Q15274
DB00627,P40261
DB00630,P14324
DB00630,P29074
DB00630,Q13332
DB00630,P23469
DB00630,P38606
DB00631,P09884
DB00631,P23921
DB00633,P08913
DB00635,P04150
DB00636,Q07869
DB00637,P35367
DB00637,Q12809
DB00637,O95259
DB00637,P10636
DB00638,Q9F0I5
DB00640,P30542
DB00640,P29274
DB00640,P29275
DB00640,P0DMS8
DB00641,P04035
DB00641,P20701
DB00641,Q92769
DB00642,P04818
DB00642,P31939
DB00642,P00374
DB00642,P22102
DB00644,P30968
DB00644,Q96P88
DB00647,P35372
DB00647,P41143
DB00647,P41145
DB00647,P23141
DB00647,Q05586
DB00647,Q12879
DB00647,Q13224
DB00647,Q14957
DB00647,O15399
DB00647,Q8TCU5
DB00647,O60391
DB00651,Q07343
DB00651,P27815
DB00651,Q08493
DB00651,Q08499
DB00651,P30542
DB00651,P29274
DB00652,Q99720
DB00652,P35372
DB00652,P41145
DB00653,Q13936
DB00653,Q01668
DB00653,O60840
DB00653,Q13698
DB00653,Q02641
DB00653,Q08289
DB00653,P54284
DB00653,O00305
DB00653,O00555
DB00654,P43088
DB00655,P03372
DB00655,Q92731
DB00655,P10275
DB00655,P11511
DB00655,P04278
DB00656,P28223
DB00656,P28335
DB00656,P31645
DB00656,P08908
DB00656,P35367
DB00656,P35348
DB00656,P08913
DB00656,P08909
DB00657,Q15822
DB00657,P36544
DB00657,P43681
DB00657,P17787
DB00659,Q05586
DB00659,Q12879
DB00659,Q13224
DB00659,Q14957
DB00659,O15399
DB00659,Q8TCU5
DB00659,O60391
DB00659,P41594
DB00659,Q9UBS5
DB00661,Q13936
DB00661,Q00975
DB00661,O00555
DB00661,Q14654
DB00661,O43497
DB00661,O95180
DB00661,Q12809
DB00661,P31645
DB00661,P35348
DB00661,P35368
DB00661,P25100
DB00661,Q06432
DB00661,Q9Y698
DB00661,O60359
DB00661,Q9UBN1
DB00661,Q9UF02
DB00661,Q9BXT2
DB00661,P62955
DB00661,Q8WXS5
DB00661,P54289
DB00661,Q9NY47
DB00661,Q8IZS8
DB00661,Q7Z3S7
DB00661,Q13936
DB00661,Q01668
DB00661,O60840
DB00661,Q13698
DB00661,Q02641
DB00661,Q08289
DB00661,P54284
DB00661,O00305
DB00661,Q00975
DB00661,O00555
DB00661,Q15878
DB00661,O43497
DB00661,O95180
DB00661,Q9P0X4
DB00661,P08183
DB00663,P04150
DB00665,P10275
DB00668,P35348
DB00668,P35368
DB00668,P08588
DB00668,P07550
DB00668,P08913
DB00668,P18089
DB00668,P25100
DB00668,P01375
DB00669,P08908
DB00669,P28221
DB00669,P28222
DB00669,P30939
DB00670,P11229
DB00671,P44469
DB00671,P0AEB2
DB00671,P24228
DB00671,P08506
DB00671,P02918
DB00671,P02919
DB00671,P0AD65
DB00671,P0AD68
DB00672,Q09428
DB00674,P22303
DB00674,P36544
DB00674,A9X444
DB00674,P06276
DB00675,P03372
DB00675,Q92731
DB00675,P17252
DB00675,P05771
DB00675,Q05655
DB00675,Q02156
DB00675,P05129
DB00675,P41743
DB00675,Q04759
DB00675,Q05513
DB00675,P04278
DB00675,Q15125
DB00675,P10275
DB00675,Q12809
DB00675,O75469
DB00675,P62508
DB00675,P45983
DB00678,P30556
DB00679,P14416
DB00679,P21728
DB00679,P35348
DB00679,P35368
DB00679,P28223
DB00679,Q12809
DB00680,Q14524
DB00682,Q9BQB6
DB00682,O75469
DB00683,P14867
DB00683,P47869
DB00683,P34903
DB00683,P48169
DB00683,P31644
DB00683,Q16445
DB00683,P18505
DB00683,P47870
DB00683,P28472
DB00683,O14764
DB00683,P78334
DB00683,Q8N1C3
DB00683,P18507
DB00683,Q99928
DB00683,O00591
DB00683,Q9UN88
DB00683,P14867
DB00683,P47869
DB00683,P34903
DB00683,P31644
DB00683,Q8N1C3
DB00683,P18507
DB00683,Q99928
DB00683,P29274
DB00686,P09038
DB00686,P05230
DB00686,P08620
DB00687,P08235
DB00687,P04150
DB00688,P20839
DB00688,P12268
DB00688,Q03393
DB00690,P14867
DB00690,P47869
DB00690,P34903
DB00690,P48169
DB00690,P31644
DB00690,Q16445
DB00690,P18505
DB00690,P47870
DB00690,P28472
DB00690,O14764
DB00690,P78334
DB00690,Q8N1C3
DB00690,P18507
DB00690,Q99928
DB00690,O00591
DB00690,Q9UN88
DB00690,P14867
DB00690,P47869
DB00690,P34903
DB00690,P31644
DB00690,Q8N1C3
DB00690,P18507
DB00690,Q99928
DB00691,P12821
DB00692,P35348
DB00692,P35368
DB00692,P25100
DB00692,P08913
DB00692,P18089
DB00692,P18825
DB00692,Q14654
DB00694,P11388
DB00694,Q02880
DB00695,Q13621
DB00695,P00918
DB00695,Q9HC97
DB00696,P28221
DB00696,P28222
DB00696,P28223
DB00696,P35348
DB00696,P35368
DB00696,P25100
DB00696,P14416
DB00696,P08913
DB00696,P21728
DB00696,P21918
DB00696,P08908
DB00696,P30939
DB00696,P28335
DB00696,P41595
DB00696,P18825
DB00697,Q9Y2I1
DB00697,P35348
DB00697,P35368
DB00697,P25100
DB00697,P08913
DB00697,P18089
DB00697,P18825
DB00698,P52647
DB00698,P17117
DB00698,P0A7R5
DB00699,P35348
DB00704,P35372
DB00704,P41145
DB00704,P41143
DB00704,Q99720
DB00706,P35348
DB00706,P25100
DB00706,P35368
DB00707,P01130
DB00707,P12314
DB00709,Q72547
DB00709,Q05486
DB00710,O95749
DB00710,P14324
DB00712,P35354
DB00712,P23219
DB00714,P21917
DB00714,P14416
DB00714,P35462
DB00714,P21918
DB00714,P21728
DB00714,P18825
DB00714,P18089
DB00714,P08908
DB00714,P28223
DB00714,P41595
DB00714,P28335
DB00714,P08913
DB00714,P28221
DB00714,P28222
DB00715,P31645
DB00715,P23975
DB00715,P28223
DB00715,P35348
DB00715,P35368
DB00715,P25100
DB00715,P08913
DB00715,P18089
DB00715,P18825
DB00715,P08588
DB00715,P07550
DB00715,P13945
DB00715,P14416
DB00715,P35367
DB00715,P08908
DB00715,P28222
DB00715,P28221
DB00715,P28566
DB00715,P30939
DB00715,P28223
DB00715,P41595
DB00715,P28335
DB00715,P46098
DB00715,O95264
DB00715,Q8WXA8
DB00715,Q70Z44
DB00715,A5X5Y0
DB00715,Q13639
DB00715,P50406
DB00715,P34969
DB00715,P11229
DB00715,P08172
DB00715,P20309
DB00715,P08173
DB00715,P08912
DB00715,P41595
DB00715,P21728
DB00715,P21918
DB00716,Q9Y271
DB00716,Q9NS75
DB00716,P21462
DB00716,Q13258
DB00716,P07900
DB00717,P06401
DB00717,P10275
DB00717,P04150
DB00718,P24024
DB00719,P35367
DB00720,P12235
DB00720,P05141
DB00720,P12236
DB00721,Q9Y5Y9
DB00721,Q8TCU5
DB00721,P46098
DB00721,Q01959
DB00721,Q15822
DB00721,Q12791
DB00721,Q16558
DB00721,Q9Y691
DB00721,Q9NPA1
DB00721,Q86W47
DB00721,O15554
DB00721,Q92952
DB00721,Q9H2S1
DB00721,Q9UGI6
DB00721,P47712
DB00721,Q86U10
DB00721,P21397
DB00721,P27338
DB00721,P26358
DB00721,Q9Y6K1
DB00722,P12821
DB00722,P00797
DB00724,Q9NYK1
DB00724,Q9NR97
DB00727,P16066
DB00731,Q09428
DB00731,P37231
DB00733,P22303
DB00733,P06276
DB00734,P28223
DB00734,P14416
DB00734,P35368
DB00734,P18089
DB00734,P35348
DB00734,P18825
DB00734,P35367
DB00734,P28335
DB00734,P28221
DB00734,P08908
DB00734,P34969
DB00734,P21728
DB00736,P20648
DB00736,O94760
DB00738,O14717
DB00740,Q14524
DB00740,Q9UPY5
DB00741,P04150
DB00741,P04083
DB00744,P09917
DB00745,Q01959
DB00745,P35368
DB00746,P05067
DB00747,P11229
DB00747,P08172
DB00747,P20309
DB00747,P08173
DB00747,P08912
DB00747,P43681
DB00747,P17787
DB00747,P14410
DB00748,P35367
DB00749,P35354
DB00749,P23219
DB00749,P19793
DB00750,Q14524
DB00751,P35367
DB00751,P25021
DB00751,P35348
DB00751,P08913
DB00751,P28223
DB00751,P34969
DB00752,P27338
DB00752,P21397
DB00753,P14867
DB00753,P98194
DB00753,P23415
DB00753,P42261
DB00753,Q09470
DB00753,P14867
DB00753,P47869
DB00753,P34903
DB00753,P48169
DB00753,P31644
DB00753,Q16445
DB00753,P18505
DB00753,P47870
DB00753,P28472
DB00753,O14764
DB00753,P78334
DB00753,Q8N1C3
DB00753,P18507
DB00753,Q99928
DB00753,O00591
DB00753,Q9UN88
DB00753,P30049
DB00753,P0DP23
DB00753,P43681
DB00753,P17787
DB00754,Q14524
DB00754,O75469
DB00755,P10276
DB00755,P10826
DB00755,P13631
DB00755,P19793
DB00755,P28702
DB00755,P48443
DB00755,P29762
DB00755,P49788
DB00755,P00352
DB00755,O94788
DB00755,Q8NFJ5
DB00755,P31025
DB00755,Q9NY56
DB00755,P02753
DB00755,Q16654
DB00755,Q14081
DB00757,P46098
DB00758,Q9H244
DB00759,P02359
DB00759,P0AG59
DB00759,P0A7V3
DB00759,P0A7W7
DB00759,P0A7U3
DB00759,P04156
DB00759,C9EH48
DB00759,Q9UM07
DB00761,P55011
DB00761,Q13621
DB00761,Q9H2X9
DB00761,Q9UHW9
DB00761,Q9Y666
DB00761,Q9UP95
DB00762,Q969P6
DB00762,P11387
DB00763,P07202
DB00764,P04150
DB00764,P06401
DB00765,P07101
DB00767,P35367
DB00767,P08173
DB00767,P11229
DB00767,P08912
DB00767,P08172
DB00767,P20309
DB00768,P35367
DB00768,P25021
DB00768,Q9Y5N1
DB00768,P23297
DB00768,P80511
DB00768,P04271
DB00768,Q99584
DB00768,P29034
DB00770,P34995
DB00770,P43116
DB00770,P43115
DB00770,P35408
DB00770,Q9Y5Y4
DB00771,P11229
DB00773,P11388
DB00773,Q02880
DB00775,P08514
DB00775,P05106
DB00776,P35498
DB00776,Q9Y5Y9
DB00776,Q9UI33
DB00776,Q99250
DB00776,Q9NY46
DB00776,P35499
DB00776,Q14524
DB00776,Q01118
DB00776,Q9UQD0
DB00776,Q15858
DB00776,Q07699
DB00776,O60939
DB00776,Q9NY72
DB00776,Q8IWT1
DB00778,P0A7J6
DB00778,P08183
DB00780,P21397
DB00780,P27338
DB00780,Q16853
DB00780,P80404
DB00780,P24298
DB00780,Q8TD30
DB00780,Q9UGI5
DB00783,P03372
DB00783,Q92731
DB00783,O75469
DB00783,P43681
DB00783,Q99527
DB00783,P00846
DB00783,Q14457
DB00784,P35354
DB00784,P23219
DB00787,P04293
DB00787,P09252
DB00788,P23219
DB00788,P35354
DB00788,Q51911
DB00790,P12821
DB00790,Q6FHJ7
DB00794,P47869
DB00794,P34903
DB00794,P48169
DB00794,P31644
DB00794,Q16445
DB00794,P14867
DB00794,P47869
DB00794,P34903
DB00794,P48169
DB00794,P31644
DB00794,Q16445
DB00794,P18505
DB00794,P47870
DB00794,P28472
DB00794,O14764
DB00794,P78334
DB00794,Q8N1C3
DB00794,P18507
DB00794,Q99928
DB00794,O00591
DB00794,Q9UN88
DB00794,P14867
DB00794,P43681
DB00794,P36544
DB00794,P42262
DB00794,Q13002
DB00795,P09917
DB00795,P35354
DB00795,P23219
DB00795,P24752
DB00795,P04054
DB00795,Q9UPY5
DB00795,P19838
DB00795,Q00653
DB00795,O14920
DB00795,O15111
DB00795,P37231
DB00796,P30556
DB00797,P35348
DB00797,P08913
DB00797,P35367
DB00797,P25021
DB00797,P18825
DB00797,P18089
DB00798,P0A7S3
DB00798,P08164
DB00798,P00374
DB00799,P10276
DB00799,P28702
DB00799,P13631
DB00799,P10826
DB00800,P21918
DB00800,P21728
DB00800,P35368
DB00800,P25100
DB00800,P35348
DB00800,P18089
DB00800,P18825
DB00800,P08913
DB00804,P11229
DB00804,P20309
DB00804,P08172
DB00806,P29274
DB00806,P30542
DB00806,P21589
DB00808,P55017
DB00809,P08173
DB00809,P11229
DB00809,P08172
DB00809,P20309
DB00810,P11229
DB00812,P23219
DB00812,P35354
DB00812,Q16647
DB00813,P35372
DB00813,P41143
DB00813,P41145
DB00813,P08183
DB00814,P35354
DB00814,P23219
DB00816,P07550
DB00818,P47870
DB00818,P28472
DB00818,P14867
DB00818,P47869
DB00818,P34903
DB00818,P48169
DB00818,P31644
DB00818,Q16445
DB00818,P18505
DB00818,P47870
DB00818,P28472
DB00818,O14764
DB00818,P78334
DB00818,Q8N1C3
DB00818,P18507
DB00818,Q99928
DB00818,O00591
DB00818,Q9UN88
DB00818,P35499
DB00818,Q99250
DB00819,P00915
DB00819,P00918
DB00819,P22748
DB00819,O43570
DB00819,Q9ULX7
DB00819,P07451
DB00819,P43166
DB00819,P29972
DB00820,O76074
DB00820,Q9HCR9
DB00820,P18545
DB00822,P09172
DB00822,P05091
DB00824,Q07343
DB00824,P29275
DB00824,P27815
DB00824,P30542
DB00824,P29274
DB00824,P0DMS8
DB00828,P0A749
DB00829,P14867
DB00829,P47869
DB00829,P34903
DB00829,P48169
DB00829,P31644
DB00829,Q16445
DB00829,P18505
DB00829,P47870
DB00829,P28472
DB00829,O14764
DB00829,P78334
DB00829,Q8N1C3
DB00829,P18507
DB00829,Q99928
DB00829,O00591
DB00829,Q9UN88
DB00829,P14867
DB00829,P47869
DB00829,P34903
DB00829,P31644
DB00829,Q8N1C3
DB00829,P18507
DB00829,Q99928
DB00831,P14416
DB00831,Q9NYX4
DB00831,P35348
DB00831,P0DP23
DB00831,P63316
DB00831,P26447
DB00833,Q75Y35
DB00833,Q8XJ01
DB00834,P06401
DB00834,P04150
DB00834,P07288
DB00834,O75469
DB00835,P35367
DB00835,P11229
DB00835,P08172
DB00835,P20309
DB00835,P08173
DB00835,P08912
DB00836,P35372
DB00836,P41143
DB00836,P41145
DB00836,P0DP23
DB00836,P01189
DB00836,O00555
DB00836,Q12809
DB00837,P14867
DB00837,Q9UBS5
DB00839,Q09428
DB00839,Q14654
DB00841,P35348
DB00841,P35368
DB00841,P25100
DB00841,P08588
DB00841,P07550
DB00841,P03372
DB00842,P14867
DB00842,P47869
DB00842,P34903
DB00842,P48169
DB00842,P31644
DB00842,Q16445
DB00842,P18505
DB00842,P47870
DB00842,P28472
DB00842,O14764
DB00842,P78334
DB00842,Q8N1C3
DB00842,P18507
DB00842,Q99928
DB00842,O00591
DB00842,Q9UN88
DB00842,P14867
DB00842,P47869
DB00842,P34903
DB00842,P31644
DB00842,Q8N1C3
DB00842,P18507
DB00842,Q99928
DB00843,P22303
DB00843,P28223
DB00843,P06276
DB00843,P29475
DB00843,P98066
DB00843,P01584
DB00843,Q00653
DB00843,P19838
DB00843,Q05586
DB00843,Q12879
DB00843,Q13224
DB00843,Q14957
DB00843,O15399
DB00843,Q8TCU5
DB00843,O60391
DB00844,P41145
DB00844,P35372
DB00844,P41143
DB00845,P37231
DB00845,P22001
DB00846,P04150
DB00847,P49146
DB00848,P32297
DB00848,P10696
DB00848,Q23022
DB00848,Q9N587
DB00848,Q27218
DB00848,P48181
DB00850,P14416
DB00850,P21728
DB00850,P0DP23
DB00851,Q14181
DB00851,P52209
DB00852,P23975
DB00852,Q01959
DB00852,P35348
DB00852,P08913
DB00852,P31645
DB00852,P07550
DB00852,P08588
DB00852,O95644
DB00852,P01375
DB00852,P19838
DB00852,P18846
DB00852,P15336
DB00852,P18847
DB00852,P18848
DB00852,Q9Y2D1
DB00852,P18850
DB00852,P17544
DB00852,Q8WYK2
DB00852,P01100
DB00852,P05412
DB00852,P60568
DB00855,P13716
DB00860,P04150
DB00861,P35354
DB00861,P23219
DB00863,P25021
DB00863,P22303
DB00864,P62942
DB00865,Q05940
DB00865,P08913
DB00865,P35348
DB00865,Q01959
DB00866,P08588
DB00866,P07550
DB00866,P08908
DB00866,P13945
DB00868,Q14524
DB00869,P00918
DB00869,P22748
DB00869,P00915
DB00869,P07451
DB00871,P07550
DB00871,P13945
DB00871,P08588
DB00874,Q05586
DB00874,Q12879
DB00874,Q13224
DB00874,Q14957
DB00874,O15399
DB00874,Q8TCU5
DB00874,O60391
DB00875,P14416
DB00875,P21728
DB00875,P28223
DB00875,P35348
DB00875,P35462
DB00875,P21917
DB00875,P28335
DB00875,P11229
DB00876,P30556
DB00877,P42345
DB00880,P55017
DB00880,P00915
DB00880,P00918
DB00881,P12821
DB00882,P03372
DB00882,P04278
DB00883,P16066
DB00884,P14324
DB00887,Q13621
DB00887,P55011
DB00887,Q9UP95
DB00887,Q9H2X9
DB00887,P13569
DB00889,P46098
DB00898,P14867
DB00898,Q8TCU5
DB00898,P23415
DB00898,P23416
DB00898,Q02641
DB00898,P46098
DB00898,P47869
DB00898,Q9GZZ6
DB00898,Q13936
DB00898,P31644
DB00898,P48169
DB00898,P34903
DB00898,P42261
DB00898,Q06432
DB00898,Q15822
DB00898,Q16445
DB00898,P42262
DB00898,P48058
DB00898,P42263
DB00898,P43681
DB00898,P17787
DB00898,P48549
DB00898,P48051
DB00898,P19320
DB00898,Q99808
DB00898,P48544
DB00898,P36544
DB00898,Q9UGM1
DB00898,P18505
DB00898,P28472
DB00898,P47870
DB00898,Q13698
DB00898,Q01668
DB00898,P30926
DB00898,P32297
DB00898,P30532
DB00898,Q15825
DB00898,Q05901
DB00898,Q8N1C3
DB00898,Q99928
DB00898,P78334
DB00898,O00591
DB00898,Q9UN88
DB00898,O14764
DB00898,Q14542
DB00898,A5X5Y0
DB00898,O95264
DB00898,Q70Z44
DB00898,Q8WXA8
DB00898,Q9Y698
DB00898,Q92806
DB00898,P32004
DB00898,P22303
DB00898,P40394
DB00899,P35372
DB00899,P41143
DB00899,P41145
DB00901,P07550
DB00903,Q13621
DB00903,P05023
DB00903,Q9UJU2
DB00903,P09211
DB00904,P46098
DB00904,Q13639
DB00904,P35372
DB00904,P08908
DB00904,P28222
DB00905,P43088
DB00905,P34995
DB00905,P43115
DB00906,P30531
DB00907,Q01959
DB00907,P23975
DB00907,P35498
DB00907,Q9Y5Y9
DB00907,Q9UI33
DB00907,Q99250
DB00907,Q9NY46
DB00907,P35499
DB00907,Q14524
DB00907,Q01118
DB00907,Q9UQD0
DB00907,Q15858
DB00907,Q07699
DB00907,O60939
DB00907,Q9NY72
DB00907,Q8IWT1
DB00907,P31645
DB00907,P11229
DB00907,P08172
DB00907,Q99720
DB00907,P23141
DB00908,Q14524
DB00908,O00180
DB00908,Q9Y257
DB00908,Q12809
DB00908,P35348
DB00908,P35368
DB00908,P25100
DB00909,P35498
DB00909,Q99250
DB00909,Q9NY46
DB00909,P35499
DB00909,Q14524
DB00909,Q15858
DB00909,Q9UI33
DB00909,Q07699
DB00909,O60939
DB00909,Q9NY72
DB00909,Q8IWT1
DB00909,O43497
DB00909,O95180
DB00909,Q9P0X4
DB00909,P00915
DB00909,P00918
DB00909,P07451
DB00909,P22748
DB00909,P35218
DB00909,Q9Y2D0
DB00909,P23280
DB00909,P43166
DB00909,P35219
DB00909,Q16790
DB00909,Q9NS85
DB00909,O75493
DB00909,O43570
DB00909,Q8N1Q1
DB00909,Q9ULX7
DB00909,P27338
DB00909,P21397
DB00909,P14867
DB00909,P47869
DB00909,P34903
DB00909,P31644
DB00909,Q8N1C3
DB00909,P18507
DB00909,Q99928
DB00910,P11473
DB00912,Q09428
DB00912,P37231
DB00912,P35367
DB00915,P21430
DB00915,Q8TCU5
DB00915,P14416
DB00915,P36544
DB00915,P43681
DB00915,P32297
DB00916,O25608
DB00917,P43116
DB00917,P34995
DB00917,P43115
DB00917,P35408
DB00917,Q9Y5Y4
DB00918,P28221
DB00918,P28222
DB00920,P35367
DB00920,P52209
DB00921,P41145
DB00921,P35372
DB00921,P41143
DB00921,P41146
DB00922,P63316
DB00922,Q14654
DB00922,Q15842
DB00922,Q14432
DB00924,P28223
DB00924,P41595
DB00924,P28335
DB00924,P50406
DB00924,P31645
DB00924,P23975
DB00924,P34969
DB00924,O00206
DB00924,Q06278
DB00925,P35348
DB00925,P08913
DB00925,P18825
DB00925,P18089
DB00925,P0DP23
DB00925,P07550
DB00925,P35368
DB00925,P25100
DB00926,P10276
DB00926,P19793
DB00926,P10826
DB00926,P48443
DB00926,P28702
DB00926,P13631
DB00927,P25021
DB00928,P26358
DB00929,P43115
DB00929,P43116
DB00929,P34995
DB00929,P35408
DB00933,P14416
DB00933,P28223
DB00934,P23975
DB00934,P35367
DB00934,P11229
DB00934,P08172
DB00934,P20309
DB00934,P08173
DB00934,P08912
DB00934,P35348
DB00934,P35368
DB00934,P25100
DB00934,P28223
DB00934,P28335
DB00934,P34969
DB00934,P14416
DB00934,P08913
DB00934,P18089
DB00934,P18825
DB00936,P23219
DB00936,P35354
DB00936,Q04828
DB00937,P23975
DB00937,Q01959
DB00938,P07550
DB00938,P08588
DB00938,P13945
DB00939,P23219
DB00939,P35354
DB00939,P09917
DB00939,O43526
DB00939,O43525
DB00945,P23219
DB00945,P35354
DB00945,Q04828
DB00945,Q13131
DB00945,P54646
DB00945,Q9Y478
DB00945,O43741
DB00945,P54619
DB00945,Q9UGJ0
DB00945,Q9UGI9
DB00945,P25101
DB00945,P04637
DB00945,P11021
DB00945,P51812
DB00945,P25963
DB00945,P98066
DB00945,P29466
DB00945,P42574
DB00945,O14920
DB00945,P28482
DB00945,Q8TD08
DB00945,P27361
DB00945,P31152
DB00945,Q16659
DB00945,Q13164
DB00945,P24385
DB00945,P01106
DB00945,P12004
DB00945,Q99519
DB00947,P03372
DB00949,Q13224
DB00949,Q12879
DB00950,P35367
DB00951,P9WIE5
DB00951,P9WGR1
DB00951,P10632
DB00951,P05177
DB00951,P08684
DB00951,P33261
DB00951,P9WNX1
DB00952,P08908
DB00952,P28221
DB00952,P28222
DB00952,P30939
DB00953,P28222
DB00953,P28221
DB00953,P08908
DB00953,P28566
DB00953,P30939
DB00953,P34969
DB00956,P35372
DB00956,P41143
DB00956,Q99720
DB00957,P06401
DB00957,P03372
DB00957,P10275
DB00959,P04150
DB00959,P04083
DB00960,P08588
DB00960,P07550
DB00960,P13945
DB00960,P08908
DB00960,P28222
DB00961,Q9Y5Y9
DB00963,P35354
DB00963,P23219
DB00964,P35348
DB00964,P08913
DB00964,P18089
DB00966,P37231
DB00966,P30556
DB00967,P35367
DB00968,P20711
DB00968,P08913
DB00969,P46098
DB00970,P11388
DB00970,Q02880
DB00970,P11387
DB00972,P35367
DB00972,P25021
DB00972,P04054
DB00972,Q16873
DB00973,Q9UHC9
DB00973,P35610
DB00973,P15144
DB00975,Q9Y233
DB00975,O76074
DB00975,P27815
DB00975,P00813
DB00975,P53805
DB00975,P02763
DB00977,P03372
DB00977,O75469
DB00981,P22303
DB00981,P43681
DB00981,P17787
DB00982,P13631
DB00982,P10276
DB00983,P07550
DB00983,P08588
DB00983,P13945
DB00984,P10275
DB00985,P35367
DB00987,P06746
DB00988,P14416
DB00988,P21728
DB00988,P21918
DB00988,P35462
DB00988,P21917
DB00988,Q01959
DB00988,P09172
DB00988,P08908
DB00988,P34969
DB00988,P21728
DB00988,P21918
DB00988,P23975
DB00988,P31645
DB00988,P46098
DB00988,O95264
DB00988,P00441
DB00988,Q05940
DB00989,P22303
DB00989,P06276
DB00990,P11511
DB00991,P23219
DB00991,P35354
DB00993,P63000
DB00994,P0A7S3
DB00994,P41180
DB00995,P30044
DB00995,O14920
DB00996,P54289
DB00996,Q9NY47
DB00996,A0A024R8I1
DB00996,Q00975
DB00996,P30542
DB00996,O43525
DB00996,Q9NR82
DB00997,P11388
DB00997,Q14978
DB00997,P11387
DB00997,Q02880
DB00998,P28221
DB00998,P28222
DB00999,P55017
DB00999,Q12791
DB01001,P07550
DB01001,P08588
DB01001,P13945
DB01002,Q9Y5Y9
DB01003,P25815
DB01005,P23921
DB01006,P11511
DB01009,P35354
DB01009,P23219
DB01009,P25024
DB01012,P41180
DB01013,P04150
DB01013,P04083
DB01013,P08235
DB01014,P37231
DB01014,P35354
DB01014,P23219
DB01014,P09917
DB01016,Q09428
DB01016,Q14654
DB01016,O60706
DB01016,O95342
DB01016,O95477
DB01016,Q14654
DB01016,Q15842
DB01016,P50416
DB01016,P13569
DB01016,Q8TD43
DB01017,P0A7X3
DB01017,P0A7V8
DB01017,P01584
DB01017,P09917
DB01017,P14780
DB01017,P15692
DB01017,P29466
DB01017,P42574
DB01017,P99999
DB01017,P28482
DB01017,P53779
DB01017,Q15759
DB01017,P53778
DB01017,O15264
DB01017,Q16539
DB01017,Q8TD08
DB01017,P27361
DB01017,P31152
DB01017,Q16659
DB01017,Q13164
DB01017,P45983
DB01017,P45984
DB01017,P35228
DB01018,P08913
DB01018,P18089
DB01019,P20309
DB01019,P11229
DB01019,P08172
DB01019,P08173
DB01019,P08912
DB01020,P33402
DB01023,Q13936
DB01023,P54289
DB01023,Q08289
DB01023,Q01668
DB01023,Q13698
DB01023,O95180
DB01023,Q9NY47
DB01023,P0DP23
DB01023,Q01064
DB01023,P54750
DB01023,P08235
DB01023,P02585
DB01023,P63316
DB01024,P12268
DB01024,P20839
DB01026,P50859
DB01026,P05093
DB01026,P10275
DB01026,P08686
DB01026,Q12809
DB01026,O75469
DB01026,Q14994
DB01029,P30556
DB01029,P05412
DB01030,P11387
DB01030,Q969P6
DB01033,P00492
DB01033,Q06203
DB01033,P20839
DB01033,P12268
DB01035,Q12809
DB01035,Q14524
DB01035,P26358
DB01037,P27338
DB01037,P21397
DB01039,Q07869
DB01039,O75469
DB01039,Q9NPA2
DB01041,Q96SW2
DB01041,P02763
DB01041,P19652
DB01043,Q05586
DB01043,Q12879
DB01043,Q13224
DB01043,Q14957
DB01043,O15399
DB01043,Q8TCU5
DB01043,O60391
DB01043,P46098
DB01043,P36544
DB01043,P14416
DB01043,Q05586
DB01043,P14867
DB01043,P47869
DB01043,P34903
DB01043,P48169
DB01043,P31644
DB01043,Q16445
DB01043,P18505
DB01043,P47870
DB01043,P28472
DB01043,O14764
DB01043,P78334
DB01043,Q8N1C3
DB01043,P18507
DB01043,Q99928
DB01043,O00591
DB01043,Q9UN88
DB01043,P23415
DB01043,P23416
DB01043,O75311
DB01043,Q5JXX5
DB01043,P48167
DB01045,P0A8V2
DB01045,O75469
DB01046,P51788
DB01047,P04150
DB01047,Q99835
DB01050,P35354
DB01050,P23219
DB01050,P10415
DB01050,P07204
DB01050,P12104
DB01050,P37231
DB01050,P13569
DB01050,Q07869
DB01050,P07359
DB01050,P31151
DB01054,Q13936
DB01054,P54289
DB01054,Q08289
DB01054,Q01668
DB01054,Q13698
DB01054,Q9NY47
DB01054,O95180
DB01054,Q13936
DB01054,Q01668
DB01054,O60840
DB01054,Q13698
DB01054,Q02641
DB01054,Q08289
DB01054,P54284
DB01054,O00305
DB01054,O00555
DB01054,Q12791
DB01054,Q16558
DB01054,Q9Y691
DB01054,Q9NPA1
DB01054,Q86W47
DB01054,O15554
DB01054,Q92952
DB01054,Q9H2S1
DB01054,Q9UGI6
DB01056,Q14524
DB01060,Q8L103
DB01062,P20309
DB01062,P08172
DB01062,P11229
DB01063,P14416
DB01063,P10275
DB01064,P08588
DB01064,P07550
DB01064,P13945
DB01064,P00441
DB01065,P48039
DB01065,P49286
DB01065,P03372
DB01065,Q92753
DB01065,P0DP23
DB01065,P05164
DB01065,P11678
DB01065,P27797
DB01065,P46597
DB01065,P16083
DB01067,Q09428
DB01067,P37231
DB01068,P14867
DB01068,P47869
DB01068,P34903
DB01068,P48169
DB01068,P31644
DB01068,Q16445
DB01068,P18505
DB01068,P47870
DB01068,P28472
DB01068,O14764
DB01068,P78334
DB01068,Q8N1C3
DB01068,P18507
DB01068,Q99928
DB01068,O00591
DB01068,Q9UN88
DB01068,P14867
DB01068,P47869
DB01068,P34903
DB01068,P31644
DB01068,Q8N1C3
DB01068,P18507
DB01068,Q99928
DB01068,O75469
DB01069,P35367
DB01069,P14416
DB01069,P11229
DB01069,P08172
DB01069,P20309
DB01069,P08173
DB01069,P08912
DB01069,P35348
DB01069,P35368
DB01069,P25100
DB01069,P08913
DB01069,P18089
DB01069,P18825
DB01069,P0DP23
DB01069,P25021
DB01069,Q99677
DB01069,P43657
DB01069,P51575
DB01069,Q9UBL9
DB01069,P56373
DB01069,Q99571
DB01069,Q93086
DB01069,O15547
DB01069,Q99572
DB01069,P47900
DB01069,Q96G91
DB01069,Q9H244
DB01069,Q9BPV8
DB01069,Q15391
DB01069,P41231
DB01069,P51582
DB01069,Q86VZ1
DB01069,O00398
DB01069,P35498
DB01069,Q9Y5Y9
DB01069,Q9UI33
DB01069,Q99250
DB01069,Q9NY46
DB01069,P35499
DB01069,Q14524
DB01069,Q01118
DB01069,Q9UQD0
DB01069,Q15858
DB01069,Q09470
DB01069,Q16322
DB01069,P16389
DB01069,P22001
DB01069,P22459
DB01069,P22460
DB01069,P17658
DB01069,Q14721
DB01069,Q92953
DB01069,P48547
DB01069,Q96PR1
DB01069,Q14003
DB01069,Q03721
DB01069,Q9NSA2
DB01069,Q9NZV8
DB01069,Q9UK17
DB01069,P15382
DB01069,Q9Y6J6
DB01069,Q9Y6H6
DB01069,Q8WWG9
DB01069,Q9UJ90
DB01069,Q9H3M0
DB01069,Q9UIX4
DB01069,Q9UJ96
DB01069,Q8TAE7
DB01069,Q8TDN1
DB01069,O95259
DB01069,Q12809
DB01069,Q9ULD8
DB01069,Q9UQ05
DB01069,Q8NCM2
DB01069,Q9H252
DB01069,Q9NS40
DB01069,Q96L42
DB01069,P51787
DB01069,O43526
DB01069,O43525
DB01069,P56696
DB01069,Q9NR82
DB01069,Q96KK3
DB01069,Q9BQ31
DB01069,Q6PIU1
DB01069,Q8TDN2
DB01069,Q14722
DB01069,Q13303
DB01070,P11473
DB01071,P35367
DB01072,Q72874
DB01073,P27707
DB01073,P09884
DB01073,P23921
DB01075,P35367
DB01075,P08172
DB01076,P04035
DB01076,P27487
DB01076,P35869
DB01076,Q92769
DB01076,Q14994
DB01077,Q13332
DB01077,P38606
DB01077,P12235
DB01077,P05141
DB01077,P12236
DB01080,P80404
DB01082,P0A7S3
DB01082,Q9UM07
DB01083,P16233
DB01083,P07098
DB01083,P49327
DB01084,P35367
DB01085,P20309
DB01085,P11229
DB01085,P08172
DB01085,P08173
DB01085,P08912
DB01086,Q9Y5Y9
DB01088,P43119
DB01088,P34995
DB01088,P27815
DB01088,Q07343
DB01088,Q08493
DB01088,Q08499
DB01088,P00750
DB01088,Q9Y5Y4
DB01095,P04035
DB01095,Q92769
DB01097,Q02127
DB01097,P35869
DB01097,Q14289
DB01098,P04035
DB01098,P20701
DB01099,P26358
DB01099,P12461
DB01100,P14416
DB01100,P35462
DB01100,Q12809
DB01100,P0DP23
DB01101,P04818
DB01103,O60733
DB01103,P47712
DB01103,Q15111
DB01104,P31645
DB01104,Q01959
DB01104,O00264
DB01104,Q99720
DB01104,P23975
DB01104,Q7RTT9
DB01105,Q01959
DB01105,P31645
DB01105,P23975
DB01106,P35367
DB01106,O95665
DB01109,P01008
DB01109,P00742
DB01109,P16109
DB01109,P22455
DB01109,P08620
DB01109,O95750
DB01109,P11362
DB01109,P05230
DB01109,P21802
DB01109,P09038
DB01109,P02776
DB01109,P14210
DB01110,P10613
DB01110,P29474
DB01110,P35228
DB01110,O75469
DB01110,Q12791
DB01110,Q16558
DB01110,Q9Y691
DB01110,Q9NPA1
DB01110,Q86W47
DB01110,O15554
DB01110,Q92952
DB01110,Q9H2S1
DB01110,Q9UGI6
DB01110,Q09470
DB01110,Q16322
DB01110,P16389
DB01110,P22001
DB01110,P22459
DB01110,P22460
DB01110,P17658
DB01110,Q14721
DB01110,Q92953
DB01110,P48547
DB01110,Q96PR1
DB01110,Q14003
DB01110,Q03721
DB01110,Q9NSA2
DB01110,Q9NZV8
DB01110,Q9UK17
DB01110,P15382
DB01110,Q9Y6J6
DB01110,Q9Y6H6
DB01110,Q8WWG9
DB01110,Q9UJ90
DB01110,Q9H3M0
DB01110,Q9UIX4
DB01110,Q9UJ96
DB01110,Q8TAE7
DB01110,Q8TDN1
DB01110,O95259
DB01110,Q12809
DB01110,Q9ULD8
DB01110,Q9UQ05
DB01110,Q8NCM2
DB01110,Q9H252
DB01110,Q9NS40
DB01110,Q96L42
DB01110,P51787
DB01110,O43526
DB01110,O43525
DB01110,P56696
DB01110,Q9NR82
DB01110,Q96KK3
DB01110,Q9BQ31
DB01110,Q6PIU1
DB01110,Q8TDN2
DB01110,Q14722
DB01110,Q13303
DB01110,Q14500
DB01110,Q9UNX9
DB01110,P63252
DB01110,P48050
DB01110,Q13936
DB01110,Q01668
DB01110,O60840
DB01110,Q13698
DB01110,Q02641
DB01110,Q08289
DB01110,P54284
DB01110,O00305
DB01113,Q07343
DB01113,Q9Y233
DB01113,Q01064
DB01113,Q08499
DB01113,Q13370
DB01113,O76074
DB01114,P35367
DB01114,P31645
DB01114,P23975
DB01114,Q01959
DB01115,Q13936
DB01115,Q01668
DB01115,Q08289
DB01115,O75469
DB01115,P0DP23
DB01115,Q13698
DB01115,Q9UK17
DB01115,O43497
DB01115,O95180
DB01115,Q9P0X4
DB01118,Q12809
DB01118,Q9H252
DB01118,Q9NS40
DB01118,P08588
DB01118,P07550
DB01118,P13945
DB01118,Q9P0X4
DB01118,Q13936
DB01118,Q01668
DB01118,O60840
DB01118,Q13698
DB01118,Q02641
DB01118,Q08289
DB01118,P54284
DB01118,O00305
DB01118,P10827
DB01118,P10828
DB01118,P37231
DB01118,Q07869
DB01118,Q86YN6
DB01119,Q14654
DB01119,P25705
DB01119,P06576
DB01119,P30049
DB01119,P56381
DB01119,P36542
DB01119,P48047
DB01120,Q09428
DB01120,P15692
DB01122,P22303
DB01124,Q09428
DB01124,P48048
DB01125,P38435
DB01126,P18405
DB01126,P31213
DB01128,P10275
DB01129,P20648
DB01132,P37231
DB01132,P27338
DB01133,Q05209
DB01133,P29350
DB01133,P23469
DB01133,Q93050
DB01133,Q9Y487
DB01133,Q13488
DB01133,Q9HBG4
DB01133,P27449
DB01133,Q99437
DB01133,P38606
DB01133,P21281
DB01133,P15313
DB01133,P21283
DB01133,Q8NEY4
DB01133,Q9Y5K8
DB01133,P61421
DB01133,Q8N8Y2
DB01133,O15342
DB01133,P36543
DB01133,Q96A05
DB01133,Q8NHE4
DB01133,Q16864
DB01133,O75348
DB01133,O95670
DB01133,Q96LB4
DB01133,Q9UI12
DB01133,Q15904
DB01136,P08588
DB01136,P35348
DB01136,P35348
DB01136,P35368
DB01136,P25100
DB01136,O95298
DB01136,P07550
DB01136,P15692
DB01136,P16860
DB01136,P17302
DB01136,Q12809
DB01136,P19320
DB01136,P25100
DB01136,P35368
DB01136,P18825
DB01136,P18089
DB01136,P08913
DB01136,P16581
DB01136,Q16665
DB01136,P48050
DB01136,P63252
DB01137,P43700
DB01137,P43702
DB01138,Q96S37
DB01138,P33527
DB01138,Q92887
DB01138,O75469
DB01142,P35367
DB01142,P25021
DB01142,P23975
DB01142,P31645
DB01142,P28223
DB01142,P41595
DB01142,P28335
DB01142,P11229
DB01142,P08172
DB01142,P20309
DB01142,P08173
DB01142,P08912
DB01142,P35348
DB01142,P35368
DB01142,P25100
DB01142,P08908
DB01142,P50406
DB01142,Q9H3N8
DB01142,Q12809
DB01143,P10696
DB01144,P00918
DB01144,P00915
DB01144,P22748
DB01144,P43166
DB01144,P07451
DB01146,P35367
DB01146,Q01959
DB01148,P11229
DB01148,P08172
DB01149,P28223
DB01149,P28335
DB01149,P31645
DB01149,P08908
DB01149,P23975
DB01149,Q01959
DB01149,P35368
DB01149,P08913
DB01149,P35348
DB01149,Q12809
DB01151,P23975
DB01151,P31645
DB01151,P28223
DB01151,P07550
DB01151,P08588
DB01151,P17405
DB01151,P35367
DB01151,P35348
DB01151,P35368
DB01151,P25100
DB01151,P11229
DB01151,P08172
DB01151,P20309
DB01151,P08173
DB01151,P08912
DB01151,P08908
DB01151,P28335
DB01151,P14416
DB01151,P08913
DB01151,P18089
DB01151,P18825
DB01156,Q01959
DB01156,P23975
DB01156,P32297
DB01156,P46098
DB01157,P00374
DB01159,O14649
DB01159,Q9NPC2
DB01159,P14867
DB01159,P47869
DB01159,P34903
DB01159,P48169
DB01159,P31644
DB01159,Q16445
DB01159,P18505
DB01159,P47870
DB01159,P28472
DB01159,O14764
DB01159,P78334
DB01159,Q8N1C3
DB01159,P18507
DB01159,Q99928
DB01159,O00591
DB01159,Q9UN88
DB01159,P20020
DB01159,Q01814
DB01159,Q16720
DB01159,P23634
DB01159,Q12791
DB01159,Q8TCU5
DB01159,O60391
DB01159,Q12879
DB01159,P23415
DB01159,P08100
DB01159,P48051
DB01159,P48549
DB01159,P03886
DB01159,O15554
DB01159,P14867
DB01159,P59768
DB01159,Q6W5P4
DB01161,P35498
DB01161,Q9Y5Y9
DB01161,Q9UI33
DB01161,Q99250
DB01161,Q9NY46
DB01161,P35499
DB01161,Q14524
DB01161,Q01118
DB01161,Q9UQD0
DB01161,Q15858
DB01161,Q01959
DB01162,P35348
DB01162,P35368
DB01162,P25100
DB01162,P01137
DB01162,Q12809
DB01162,Q9H252
DB01162,Q9NS40
DB01164,Q99584
DB01165,P43700
DB01165,P43702
DB01165,P11388
DB01166,Q14432
DB01167,P14263
DB01168,P21397
DB01168,P27338
DB01169,O14920
DB01169,Q16881
DB01169,P05412
DB01169,P24385
DB01169,P27361
DB01169,P28482
DB01169,P31749
DB01169,P38936
DB01169,Q13547
DB01169,P29590
DB01170,P23975
DB01171,P21397
DB01171,P21397
DB01171,P27338
DB01171,P27338
DB01173,O15399
DB01173,Q05586
DB01173,O60391
DB01173,Q8TCU5
DB01173,P35367
DB01173,P23975
DB01173,Q9Y5Y9
DB01174,P14867
DB01174,P43681
DB01174,P36544
DB01174,P42262
DB01174,Q13002
DB01174,Q05586
DB01174,Q12879
DB01174,Q13224
DB01174,Q14957
DB01174,O15399
DB01174,Q8TCU5
DB01174,O60391
DB01174,O75469
DB01175,P31645
DB01175,P11229
DB01175,P35367
DB01175,P08908
DB01175,P28223
DB01175,P35348
DB01175,P35368
DB01175,P25100
DB01175,P28335
DB01175,P08913
DB01175,P18089
DB01175,P18825
DB01175,P14416
DB01175,P23975
DB01175,Q01959
DB01176,P35367
DB01176,P49888
DB01177,P11388
DB01178,P30536
DB01181,O75469
DB01182,Q14524
DB01182,Q12809
DB01182,P08588
DB01182,P07550
DB01183,P35372
DB01183,P41143
DB01183,P41145
DB01183,P16220
DB01183,P03372
DB01183,O00206
DB01183,P23141
DB01184,P35462
DB01184,P14416
DB01185,P10275
DB01185,P03372
DB01185,P04150
DB01185,P80365
DB01186,P14416
DB01186,P35462
DB01186,P21917
DB01186,P21918
DB01186,P21728
DB01186,P08908
DB01186,P41595
DB01186,P28223
DB01186,P28221
DB01186,P08913
DB01186,P18089
DB01186,P18825
DB01186,P28222
DB01186,P28335
DB01186,P35348
DB01186,P35368
DB01186,P25100
DB01188,P05023
DB01189,P14867
DB01189,P47869
DB01189,P34903
DB01189,P48169
DB01189,P31644
DB01189,Q16445
DB01189,P18505
DB01189,P47870
DB01189,P28472
DB01189,O14764
DB01189,P78334
DB01189,Q8N1C3
DB01189,P18507
DB01189,Q99928
DB01189,O00591
DB01189,Q9UN88
DB01189,P23415
DB01189,P42261
DB01189,Q09470
DB01189,P03886
DB01189,P98194
DB01189,O75185
DB01189,P20020
DB01189,Q01814
DB01189,Q16720
DB01189,P23634
DB01189,O14983
DB01189,P16615
DB01189,P30049
DB01191,P31645
DB01191,P28335
DB01192,P35372
DB01192,P41143
DB01193,P08588
DB01193,P07550
DB01194,P00918
DB01194,P00915
DB01194,P22748
DB01194,P35218
DB01194,P07451
DB01195,P35499
DB01195,Q14524
DB01195,Q12809
DB01195,Q92736
DB01196,Q92731
DB01196,P03372
DB01196,P11137
DB01196,P78559
DB01197,P12821
DB01197,P08253
DB01197,P14780
DB01197,P09960
DB01197,P46663
DB01198,P14867
DB01198,P47869
DB01198,P34903
DB01198,P31644
DB01198,P30536
DB01200,P14416
DB01200,P35462
DB01200,P28221
DB01200,P08913
DB01200,P08908
DB01200,P18825
DB01200,P18089
DB01200,P41595
DB01200,P21917
DB01200,P28223
DB01200,P28222
DB01200,P28335
DB01200,P21918
DB01200,P21728
DB01200,P35348
DB01200,P35368
DB01200,P25100
DB01200,P34969
DB01202,Q00975
DB01202,Q7L0J3
DB01203,P08588
DB01203,P07550
DB01204,P11388
DB01206,Q9H169
DB01210,P08588
DB01210,P07550
DB01211,P0A7J6
DB01211,Q12809
DB01211,Q9Y6L6
DB01211,Q9NPD5
DB01212,P0A3M6
DB01212,Q9NSA0
DB01212,Q4U2R8
DB01212,Q8TCC7
DB01212,P46059
DB01214,P08588
DB01214,P07550
DB01216,P31213
DB01216,P18405
DB01216,P51857
DB01217,P11511
DB01219,P21817
DB01220,P0A8V2
DB01220,O75469
DB01221,Q8TCU5
DB01221,P46098
DB01221,P36544
DB01221,P06276
DB01221,P29475
DB01221,P25103
DB01221,P14416
DB01221,P41143
DB01221,P23975
DB01221,P41145
DB01221,P35372
DB01221,P11229
DB01221,P08172
DB01221,P20309
DB01221,P08173
DB01221,P08912
DB01221,P28223
DB01221,P41595
DB01221,P28335
DB01221,P08908
DB01221,P28222
DB01221,P28221
DB01221,P28566
DB01221,P30939
DB01222,P04150
DB01222,P04083
DB01223,Q14432
DB01223,P30542
DB01223,P0DMS8
DB01223,Q92769
DB01224,P28223
DB01224,P14416
DB01224,P08908
DB01224,P28222
DB01224,P28221
DB01224,P28566
DB01224,P28335
DB01224,P46098
DB01224,P50406
DB01224,P34969
DB01224,P21728
DB01224,P21918
DB01224,P35462
DB01224,P21917
DB01224,P35367
DB01224,P35348
DB01224,P35368
DB01224,P25100
DB01224,P08913
DB01224,P18089
DB01224,P18825
DB01224,P11229
DB01224,P08172
DB01224,P20309
DB01224,P08173
DB01224,P08912
DB01225,P01008
DB01225,P00742
DB01225,P00734
DB01228,Q14524
DB01229,Q9H4B7
DB01229,P10415
DB01229,P27816
DB01229,P11137
DB01229,P10636
DB01229,O75469
DB01231,P08172
DB01231,P11229
DB01231,P20309
DB01232,Q72874
DB01233,Q13639
DB01233,P46098
DB01233,P11229
DB01233,P14416
DB01234,P04150
DB01234,P51843
DB01234,P04083
DB01234,P35228
DB01234,O75469
DB01235,P21728
DB01235,P21918
DB01235,P14416
DB01235,P35462
DB01235,P21917
DB01236,P14867
DB01236,P47869
DB01236,P34903
DB01236,P48169
DB01236,P31644
DB01236,Q16445
DB01236,P18505
DB01236,P47870
DB01236,P28472
DB01236,O14764
DB01236,P78334
DB01236,Q8N1C3
DB01236,P18507
DB01236,Q99928
DB01236,O00591
DB01236,Q9UN88
DB01236,P23415
DB01236,P42261
DB01236,P98194
DB01236,O75185
DB01236,P20020
DB01236,Q01814
DB01236,Q16720
DB01236,P23634
DB01236,O14983
DB01236,P16615
DB01236,P03886
DB01236,Q96ER9
DB01237,P35367
DB01238,P14416
DB01238,P28223
DB01238,P08908
DB01238,P35348
DB01238,P35368
DB01238,P35462
DB01238,P28221
DB01238,P34969
DB01238,P08913
DB01238,P18825
DB01238,P35367
DB01238,P28222
DB01238,P28335
DB01238,P46098
DB01238,P50406
DB01238,P21728
DB01238,P21917
DB01238,P18089
DB01238,P28566
DB01238,P21918
DB01238,P41595
DB01238,P47898
DB01238,P08588
DB01238,P07550
DB01238,P25021
DB01238,Q9Y5N1
DB01238,Q9H3N8
DB01238,P11229
DB01238,P08172
DB01238,P20309
DB01238,P08173
DB01238,P08912
DB01238,P41145
DB01238,P35372
DB01238,P41143
DB01238,Q05586
DB01238,Q12879
DB01238,Q13224
DB01238,Q14957
DB01238,O15399
DB01238,Q8TCU5
DB01238,O60391
DB01238,Q01959
DB01238,P31645
DB01239,P14416
DB01239,P21728
DB01239,P35462
DB01239,P28223
DB01239,P35367
DB01239,P08908
DB01239,P28222
DB01239,P28221
DB01239,P28566
DB01239,P30939
DB01239,P28223
DB01239,P41595
DB01239,P28335
DB01239,P46098
DB01239,O95264
DB01239,Q8WXA8
DB01239,Q70Z44
DB01239,A5X5Y0
DB01239,Q13639
DB01239,P50406
DB01239,P34969
DB01239,P11229
DB01239,P08172
DB01239,P20309
DB01239,P08173
DB01239,P08912
DB01240,Q16647
DB01240,Q9H244
DB01240,P43119
DB01241,Q07869
DB01241,Q9Y6L6
DB01241,Q8TCC7
DB01241,O94956
DB01241,Q9NPD5
DB01242,P31645
DB01242,P28223
DB01242,P41595
DB01242,P28335
DB01242,P23975
DB01242,P09211
DB01244,O00555
DB01244,O95180
DB01244,Q9NY47
DB01244,P05023
DB01244,P51787
DB01244,P63316
DB01244,P0DP23
DB01244,Q01064
DB01244,P54750
DB01244,Q12809
DB01246,P35367
DB01247,P21397
DB01247,P27338
DB01248,Q9H4B7
DB01248,P11137
DB01248,P27816
DB01248,P10636
DB01248,P10415
DB01248,O75469
DB01250,P23219
DB01250,P35354
DB01250,P51580
DB01250,P01579
DB01250,P47989
DB01254,P00519
DB01254,P12931
DB01254,P29317
DB01254,P06239
DB01254,P07947
DB01254,P10721
DB01254,P09619
DB01254,P51692
DB01254,P42684
DB01254,P06241
DB01254,Q06187
DB01254,Q92570
DB01254,P11274
DB01254,P41240
DB01254,P54756
DB01254,P54760
DB01254,P09769
DB01254,P42685
DB01254,P11142
DB01254,P07948
DB01254,Q9NYL2
DB01254,Q16539
DB01254,Q06203
DB01255,Q96RJ0
DB01259,P00533
DB01259,P04626
DB01260,P04150
DB01261,P27487
DB01262,P26358
DB01262,Q9Y6K1
DB01262,Q9UBC3
DB01262,Q13547
DB01262,Q969S8
DB01262,Q96DB2
DB01262,Q92769
DB01262,O15379
DB01262,P56524
DB01262,Q9UQL6
DB01262,Q9UBN7
DB01262,Q8WUI4
DB01262,Q9BY41
DB01262,Q9UKV0
DB01267,P28223
DB01267,P14416
DB01267,P21917
DB01267,P35462
DB01267,P28335
DB01267,P35367
DB01267,P35348
DB01267,P35368
DB01267,P28221
DB01267,P08913
DB01267,P18089
DB01267,P18825
DB01267,P08908
DB01267,P21728
DB01267,P34969
DB01268,P09619
DB01268,P17948
DB01268,P10721
DB01268,P35968
DB01268,P35916
DB01268,P36888
DB01268,P07333
DB01268,P16234
DB01268,P08581
DB01273,P43681
DB01273,P36544
DB01273,P32297
DB01273,Q15825
DB01273,P17787
DB01274,P07550
DB01275,Q16853
DB01275,Q16665
DB01275,P13674
DB01276,P43220
DB01283,P35354
DB01283,P23219
DB01285,Q01718
DB01285,P06850
DB01288,P07550
DB01288,P08588
DB01288,P13945
DB01291,P07550
DB01291,P08588
DB01296,P01579
DB01296,Q04206
DB01297,P08588
DB01306,P06213
DB01306,P08069
DB01320,Q14524
DB01324,P55017
DB01327,P02918
DB01327,P02919
DB01327,P76577
DB01327,P0AD65
DB01327,P0AD68
DB01327,P27169
DB01327,P40933
DB01327,P60568
DB01340,P12821
DB01351,P14867
DB01351,P47869
DB01351,P34903
DB01351,P48169
DB01351,P31644
DB01351,Q16445
DB01351,P43681
DB01351,P36544
DB01351,P42262
DB01351,Q13002
DB01356,P49841
DB01356,P29218
DB01356,O14732
DB01356,P42263
DB01359,P08588
DB01359,P07550
DB01359,P08908
DB01359,P28222
DB01364,P35348
DB01364,P08588
DB01364,P07550
DB01364,P23975
DB01366,P07550
DB01367,P27338
DB01367,P10415
DB01373,Q13936
DB01373,P98194
DB01373,P02585
DB01373,P63316
DB01373,Q01082
DB01373,P04271
DB01373,P20810
DB01373,P49747
DB01373,P0DP23
DB01373,P19801
DB01373,Q99584
DB01373,P05187
DB01373,P05109
DB01373,P06702
DB01373,P29034
DB01373,P00450
DB01373,P12644
DB01373,P08493
DB01373,Q8TAB3
DB01373,O75340
DB01388,O43497
DB01388,O95180
DB01388,Q13936
DB01388,Q01668
DB01388,O60840
DB01388,Q9P0X4
DB01388,Q13698
DB01388,Q02641
DB01388,Q08289
DB01388,P54284
DB01388,O00305
DB01392,P08913
DB01392,P18089
DB01392,P18825
DB01392,P08908
DB01392,P28222
DB01392,P28221
DB01392,P14416
DB01392,P35462
DB01392,P28223
DB01392,P28335
DB01392,P48048
DB01392,P78508
DB01392,Q14654
DB01392,Q14500
DB01392,Q9UNX9
DB01392,Q99712
DB01392,Q15842
DB01392,P41595
DB01393,Q03181
DB01393,P37231
DB01393,Q07869
DB01393,O75469
DB01393,P19793
DB01393,P28702
DB01393,P48443
DB01394,P07437
DB01395,P08235
DB01395,P10275
DB01395,P06401
DB01395,P04150
DB01399,P35354
DB01399,P23219
DB01400,P22303
DB01403,P14416
DB01403,P21728
DB01403,P21918
DB01403,P35462
DB01403,P21917
DB01403,P28223
DB01403,P28335
DB01403,P35367
DB01403,P11229
DB01403,P08172
DB01403,P20309
DB01403,P08173
DB01403,P08912
DB01403,P35348
DB01403,P35368
DB01403,P25100
DB01403,P08913
DB01403,P18089
DB01403,P18825
DB01406,P03372
DB01406,P10275
DB01406,P06401
DB01406,P30968
DB01406,Q96P88
DB01406,P13500
DB01408,P07550
DB01408,P06276
DB01409,P20309
DB01409,P11229
DB01409,P08172
DB01409,P08173
DB01409,P08912
DB01410,P04150
DB01411,Q9Y271
DB01411,P01375
DB01411,P05113
DB01411,P12724
DB01411,P19838
DB01411,Q02817
DB01411,Q00653
DB01411,P19838
DB01418,Q9BQB6
DB01419,P23219
DB01419,P35354
DB01420,P10275
DB01421,Q5SHN7
DB01421,P08865
DB01421,Q96L21
DB01422,P50579
DB01425,P14416
DB01426,Q14524
DB01427,P27815
DB01427,Q07343
DB01427,Q08493
DB01427,Q08499
DB01427,Q14432
DB01427,Q13370
DB01427,P01375
DB01429,Q14524
DB01429,P0DP23
DB01433,P35372
DB01436,P11473
DB01436,O15528
DB01436,P19793
DB01440,Q9HAB3
DB01440,P18505
DB01544,P14867
DB01544,P47869
DB01544,P34903
DB01544,P48169
DB01544,P31644
DB01544,Q16445
DB01544,P18505
DB01544,P47870
DB01544,P28472
DB01544,O14764
DB01544,P78334
DB01544,Q8N1C3
DB01544,P18507
DB01544,Q99928
DB01544,O00591
DB01544,Q9UN88
DB01544,P14867
DB01544,P47869
DB01544,P34903
DB01544,P31644
DB01544,Q8N1C3
DB01544,P18507
DB01544,Q99928
DB01545,P14867
DB01545,P47869
DB01545,P34903
DB01545,P48169
DB01545,P31644
DB01545,Q16445
DB01545,P18505
DB01545,P47870
DB01545,P28472
DB01545,O14764
DB01545,P78334
DB01545,Q8N1C3
DB01545,P18507
DB01545,Q99928
DB01545,O00591
DB01545,Q9UN88
DB01545,P14867
DB01545,P47869
DB01545,P34903
DB01545,P31644
DB01545,Q8N1C3
DB01545,P18507
DB01545,Q99928
DB01558,P14867
DB01558,P47869
DB01558,P34903
DB01558,P48169
DB01558,P31644
DB01558,Q16445
DB01558,P18505
DB01558,P47870
DB01558,P28472
DB01558,O14764
DB01558,P78334
DB01558,Q8N1C3
DB01558,P18507
DB01558,Q99928
DB01558,O00591
DB01558,Q9UN88
DB01558,P14867
DB01558,P47869
DB01558,P34903
DB01558,P31644
DB01558,Q8N1C3
DB01558,P18507
DB01558,Q99928
DB01576,Q05940
DB01576,P23975
DB01576,Q01959
DB01576,Q96RJ0
DB01576,P35368
DB01576,P35348
DB01576,P35368
DB01576,P25100
DB01576,P08913
DB01576,P18089
DB01576,P18825
DB01577,Q01959
DB01577,P31645
DB01577,P23975
DB01577,Q05940
DB01577,P54219
DB01577,Q96RJ0
DB01577,P08913
DB01577,P18089
DB01577,P18825
DB01577,P21397
DB01577,P27338
DB01579,P35348
DB01579,P23975
DB01579,P35368
DB01580,P08588
DB01580,P13945
DB01580,P07550
DB01586,P52895
DB01586,Q96RI1
DB01590,P42345
DB01592,P02786
DB01592,Q9GZT9
DB01592,Q9BY41
DB01592,Q9NZD4
DB01592,P69905
DB01592,Q16595
DB01592,P02794
DB01592,P39748
DB01592,Q96FI4
DB01592,Q969S2
DB01592,P06746
DB01592,P00450
DB01592,P02787
DB01593,P46663
DB01593,P16455
DB01593,P04075
DB01593,P68104
DB01593,P06733
DB01593,O14556
DB01593,P15531
DB01593,P07237
DB01593,P30101
DB01593,Q06830
DB01593,P78330
DB01593,P60174
DB01593,P49411
DB01593,P03372
DB01593,P08700
DB01593,P02795
DB01593,O14618
DB01593,Q13547
DB01593,P56524
DB01593,P29372
DB01593,P04279
DB01593,P00441
DB01593,Q9BY41
DB01593,O15304
DB01593,P23415
DB01593,Q00987
DB01593,P01308
DB01593,P46939
DB01593,P45381
DB01593,P05109
DB01593,P06702
DB01593,P14780
DB01593,O15350
DB01593,P29034
DB01593,P04637
DB01593,P25713
DB01593,O75340
DB01593,Q8N907
DB01593,P04731
DB01593,P04217
DB01593,P01023
DB01593,P01019
DB01593,P02765
DB01593,P02743
DB01593,P02647
DB01593,P02652
DB01593,P06727
DB01593,Q0VD83
DB01593,P02649
DB01593,O14791
DB01593,P02746
DB01593,P02747
DB01593,P00736
DB01593,P09871
DB01593,P01024
DB01593,P0C0L5
DB01593,P04003
DB01593,P20851
DB01593,P01031
DB01593,P46736
DB01593,P07357
DB01593,P07358
DB01593,P07360
DB01593,P00751
DB01593,P08603
DB01593,P05156
DB01593,P10909
DB01593,P00450
DB01593,P15169
DB01593,P22792
DB01593,P81605
DB01593,P15924
DB01593,P00748
DB01593,P05160
DB01593,P00734
DB01593,O75636
DB01593,P02671
DB01593,P02751
DB01593,P06396
DB01593,P69905
DB01593,P68871
DB01593,P00739
DB01593,Q86YZ3
DB01593,P35858
DB01593,P01876
DB01593,P01871
DB01593,P01599
DB01593,P01619
DB01593,P80748
DB01593,P19827
DB01593,P19823
DB01593,Q06033
DB01593,Q14624
DB01593,P01591
DB01593,P14923
DB01593,P03952
DB01593,P01042
DB01593,P04264
DB01593,P13645
DB01593,P02533
DB01593,P08779
DB01593,P35908
DB01593,P13647
DB01593,P02538
DB01593,P35527
DB01593,P19652
DB01593,Q96PD5
DB01593,P27169
DB01593,P20742
DB01593,P31151
DB01593,P49908
DB01593,P01009
DB01593,P01011
DB01593,P29622
DB01593,P08185
DB01593,P05546
DB01593,P04278
DB01593,P02787
DB01593,P02766
DB01593,P04004
DB01593,P51693
DB01593,Q06481
DB01593,P05067
DB01593,P09874
DB01599,O95477
DB01599,P23141
DB01601,Q72874
DB01608,P21728
DB01608,P08913
DB01608,P35368
DB01608,P10275
DB01611,Q9NYK1
DB01611,Q9NR96
DB01611,Q9BYF1
DB01618,P14416
DB01618,P08908
DB01618,P28223
DB01618,P11229
DB01620,Q9H3N8
DB01620,P35367
DB01620,Q14994
DB01623,P14416
DB01623,P21728
DB01623,P28223
DB01626,P27338
DB01626,P21397
DB01628,P35354
DB01645,Q15788
DB01645,P03372
DB01645,Q15596
DB01645,O95718
DB01645,P11474
DB01645,O75469
DB01645,P31749
DB01645,Q99527
DB01645,Q16678
DB01645,P04278
DB01645,Q92731
DB01645,P11388
DB01645,Q14289
DB01645,P13569
DB01656,P27815
DB01656,Q07343
DB01656,Q08493
DB01656,Q08499
DB01677,P80040
DB01677,P83223
DB01677,P23368
DB01677,P16930
DB01677,P0C278
DB01698,P16152
DB01698,P42330
DB01708,P03372
DB01708,Q92731
DB01708,P14867
DB01708,P47869
DB01708,P34903
DB01708,P48169
DB01708,P31644
DB01708,Q16445
DB01708,P18505
DB01708,P47870
DB01708,P28472
DB01708,O14764
DB01708,P78334
DB01708,Q8N1C3
DB01708,P18507
DB01708,Q99928
DB01708,O00591
DB01708,Q9UN88
DB01708,Q05586
DB01708,Q12879
DB01708,Q13224
DB01708,Q14957
DB01708,O15399
DB01708,Q8TCU5
DB01708,O60391
DB01708,P10275
DB01708,Q07869
DB01708,Q99720
DB01708,O75469
DB01708,Q14994
DB01726,Q05603
DB01783,P0A6I3
DB01852,Q6NUS8
DB01880,Q3IWB0
DB01880,P14174
DB01880,P16113
DB01933,O15530
DB01954,Q08499
DB01954,Q07343
DB01954,P27815
DB01954,Q07343
DB01954,Q08493
DB01954,Q08499
DB01956,Q13224
DB01956,P23416
DB01956,O75311
DB01956,P14867
DB01956,P47869
DB01956,P34903
DB01956,P48169
DB01956,P31644
DB01956,Q16445
DB01956,P18505
DB01956,P47870
DB01956,P28472
DB01956,O14764
DB01956,P78334
DB01956,Q8N1C3
DB01956,P18507
DB01956,Q99928
DB01956,O00591
DB01956,Q9UN88
DB01956,Q9UBS5
DB01956,P23415
DB01956,P37610
DB01956,P54965
DB02115,P05091
DB02266,P35354
DB02266,P23219
DB02266,P42330
DB02266,P10275
DB02266,Q07869
DB02266,P37231
DB02285,P02792
DB02300,P11473
DB02329,P19992
DB02329,P28845
DB02342,P21964
DB02342,P04798
DB02342,Q16678
DB02342,P11511
DB02342,Q16665
DB02375,P23458
DB02375,P48736
DB02509,Q96RI1
DB02509,P27338
DB02527,Q9UL51
DB02527,P10644
DB02527,P31323
DB02527,P0ACJ8
DB02527,P94182
DB02527,Q98GN8
DB02546,Q13547
DB02546,Q92769
DB02546,O15379
DB02546,Q9UBN7
DB02546,Q9BY41
DB02546,O67135
DB02546,Q13547
DB02546,Q969S8
DB02546,Q96DB2
DB02546,Q92769
DB02546,O15379
DB02546,P56524
DB02546,Q9UQL6
DB02546,Q9UBN7
DB02546,Q8WUI4
DB02546,Q9BY41
DB02546,Q9UKV0
DB02587,Q08462
DB02587,P63092
DB02587,O95622
DB02587,P13569
DB02587,Q08828
DB02587,Q96PN6
DB02587,Q08462
DB02587,O60266
DB02587,Q8NFM4
DB02587,O95622
DB02587,O43306
DB02587,P51828
DB02587,P40145
DB02587,O60503
DB02587,Q12791
DB02587,Q16558
DB02587,Q9Y691
DB02587,Q9NPA1
DB02587,Q86W47
DB02587,O15554
DB02587,Q92952
DB02587,Q9H2S1
DB02587,Q9UGI6
DB02587,Q92793
DB02587,P28482
DB02587,Q8TD08
DB02587,P27361
DB02587,P31152
DB02587,Q16659
DB02587,Q13164
DB02587,Q02817
DB02587,P05121
DB02640,P50579
DB02656,P48736
DB02656,P11309
DB02679,P43235
DB02679,P00918
DB02701,Q10588
DB02701,P11439
DB02701,Q9NXA8
DB02701,P00338
DB02701,P09874
DB02709,P16083
DB02709,P68400
DB02709,P23219
DB02709,P35354
DB02709,P16050
DB02709,P09917
DB02709,P35869
DB02709,Q8TCG2
DB02709,P08648
DB02709,P05106
DB02709,P05067
DB02709,P37840
DB02709,Q96EB6
DB02709,P03372
DB02709,P48039
DB02709,P49286
DB02709,Q86T13
DB02709,O75469
DB02709,Q14994
DB02709,P11166
DB02709,P16152
DB02709,Q07869
DB02709,P37231
DB02709,P31749
DB02709,Q92945
DB02709,P54577
DB02745,P62312
DB02745,P0A927
DB03010,Q13748
DB03010,P07437
DB03010,Q9H4B7
DB03010,P68371
DB03010,P04350
DB03010,P68366
DB03010,Q13509
DB03010,Q9BQE3
DB03010,Q9NY65
DB03010,P68363
DB03010,Q71U36
DB03052,P24557
DB03057,P0AD63
DB03066,Q53464
DB03068,P0ABF6
DB03128,P11229
DB03128,P08172
DB03128,P20309
DB03128,P08173
DB03128,P36544
DB03419,Q12882
DB03419,Q9NWZ5
DB03419,P10186
DB03419,Q8X444
DB03419,P0AA43
DB03419,Q5SKC5
DB03419,P77836
DB03459,P0A789
DB03459,P27708
DB03467,Q9AIU0
DB03467,P03372
DB03467,Q04828
DB03467,Q16678
DB03467,Q9P2N6
DB03467,P04278
DB03467,P11511
DB03467,Q92731
DB03496,P11216
DB03496,P11217
DB03496,P50613
DB03496,Q00535
DB03496,P50750
DB03496,P06493
DB03496,Q00534
DB03496,P00533
DB03496,P11802
DB03496,P49336
DB03496,P24941
DB03568,Q53464
DB03568,P06276
DB03568,P96965
DB03585,Q9NZK7
DB03793,P46059
DB03793,Q9L9D7
DB03793,P14920
DB03793,O67987
DB03793,P96965
DB03793,O31168
DB03793,Q01234
DB03793,Q5PXQ6
DB03793,Q52546
DB03811,P06988
DB03811,P60906
DB03849,Q08499
DB03849,Q07343
DB04017,P21397
DB04066,Q14914
DB04066,Q3IWB0
DB04066,P16113
DB04066,Q9X2W8
DB04104,P05100
DB04106,Q16881
DB04115,O15392
DB04115,P0A0N5
DB04216,P48736
DB04216,Q6NUS8
DB04216,P25705
DB04216,P06576
DB04216,P36542
DB04216,P11309
DB04216,Q9AIU0
DB04216,Q6NVY1
DB04216,Q5G940
DB04216,O94768
DB04216,P03372
DB04216,Q92731
DB04216,P16083
DB04216,P35869
DB04216,Q16678
DB04216,P60709
DB04216,P68400
DB04216,P67870
DB04216,O00303
DB04216,P07900
DB04216,P54652
DB04216,Q9Y230
DB04216,Q15393
DB04216,P22314
DB04216,P04278
DB04216,P16152
DB04216,P17676
DB04216,O75469
DB04216,P08631
DB04224,Q07869
DB04224,Q03181
DB04224,P19793
DB04224,P37231
DB04224,P02689
DB04253,P16083
DB04253,P38489
DB04258,P11473
DB04365,P20309
DB04365,P11229
DB04398,P09546
DB04398,Q9RW27
DB04485,P9WKE1
DB04485,P12758
DB04485,P24425
DB04485,O00142
DB04485,P0A927
DB04485,Q9HU22
DB04485,P04183
DB04513,P0DP23
DB04513,P63316
DB04513,P19429
DB04557,Q07869
DB04557,Q96RI1
DB04557,P19793
DB04557,P23219
DB04557,P29498
DB04573,P03372
DB04573,Q92731
DB04573,P04278
DB04599,P42262
DB04599,P42263
DB04599,P28223
DB04599,P14416
DB04665,P11509
DB04690,P11387
DB04703,Q96GD4
DB04725,P09917
DB04725,P35354
DB04725,Q9NZK7
DB04741,P31930
DB04743,P35354
DB04743,Q9NZK7
DB04743,P02788
DB04786,P41231
DB04786,Q9NXA8
DB04786,P23945
DB04786,P21817
DB04786,P00734
DB04786,P14555
DB04786,P68638
DB04789,P48728
DB04832,P27338
DB04832,P21397
DB04832,P31645
DB04839,P10275
DB04839,P07288
DB04841,O43497
DB04841,O95180
DB04841,Q9P0X4
DB04841,P0DP23
DB04841,P35367
DB04842,P14416
DB04842,P28223
DB04842,Q06432
DB04844,Q05940
DB04844,P14416
DB04845,Q13509
DB04846,P08588
DB04846,P07550
DB04846,P13945
DB04846,P08913
DB04846,P18089
DB04846,P18825
DB04855,P35348
DB04855,P35368
DB04855,P25100
DB04855,P08913
DB04855,P18089
DB04855,P18825
DB04855,Q12809
DB04855,Q13936
DB04855,Q01668
DB04855,O60840
DB04855,Q13698
DB04855,Q02641
DB04855,Q08289
DB04855,P54284
DB04855,O00305
DB04855,O95069
DB04855,Q14524
DB04855,P48549
DB04855,P51787
DB04855,Q14500
DB04855,Q9UNX9
DB04855,P63252
DB04855,P48050
DB04855,P32418
DB04855,Q9UK17
DB04855,P08588
DB04855,P10827
DB04861,P08588
DB04861,P07550
DB04861,P13945
DB04864,P22303
DB04865,P20276
DB04865,P39023
DB04868,P00519
DB04868,P10721
DB04871,P28335
DB04876,P27487
DB04879,P17948
DB04879,P35968
DB04879,P35916
DB04880,Q14432
DB04888,P14416
DB04888,P08908
DB04896,P31645
DB04896,P23975
DB04896,Q05586
DB04896,Q12879
DB04896,Q13224
DB04896,Q14957
DB04896,O15399
DB04896,Q8TCU5
DB04896,O60391
DB04898,P00734
DB04905,P08183
DB04905,P35367
DB04926,Q8TCU5
DB04942,P10276
DB04942,P10826
DB04957,P15382
DB04957,P51787
DB04957,Q12809
DB04960,P49356
DB04972,P09211
DB04982,P42261
DB04982,P42262
DB04982,P42263
DB04982,P48058
DB05003,P31350
DB05003,P23921
DB05088,P05067
DB05099,P02671
DB05134,P07900
DB05134,P08238
DB05220,O14965
DB05229,P43119
DB05258,P17181
DB05260,P31350
DB05260,P21281
DB05271,P35462
DB05271,P21917
DB05271,P14416
DB05271,P21918
DB05271,P21728
DB05271,P08908
DB05271,P18089
DB05294,P15692
DB05294,P00533
DB05294,Q13882
DB05294,Q02763
DB05294,P07949
DB05295,P11473
DB05305,P35225
DB05311,P03952
DB05316,P28223
DB05316,P28335
DB05316,Q99720
DB05367,P25101
DB05381,P35367
DB05381,P25021
DB05381,Q9Y5N1
DB05381,Q9H3N8
DB05381,Q05940
DB05383,P35228
DB05383,P15121
DB05383,P35625
DB05383,P19801
DB05407,P05305
DB05420,P23921
DB05424,P00533
DB05434,P09038
DB05434,P14210
DB05434,P15692
DB05434,P10145
DB05458,P43681
DB05458,P17787
DB05482,P11387
DB05518,P09467
DB05524,P00533
DB05552,O00329
DB05552,P48736
DB05630,P11387
DB05687,P14416
DB05687,P28223
DB05767,P01375
DB05767,P01584
DB05767,P05231
DB05767,Q00653
DB05767,P19838
DB05812,P05093
DB05829,P49190
DB05829,Q03431
DB05983,P25963
DB05990,Q96RI1
DB06144,P14416
DB06144,P28223
DB06144,P28335
DB06144,P50406
DB06144,Q12809
DB06144,P35348
DB06144,P35368
DB06144,P25100
DB06151,P48637
DB06151,Q9UPY5
DB06151,Q03154
DB06151,O14920
DB06151,O15111
DB06151,Q13224
DB06151,Q05586
DB06151,Q12879
DB06151,O15399
DB06151,Q8TCU5
DB06155,P21554
DB06155,Q9Y2T6
DB06159,P11387
DB06174,Q99720
DB06184,P98170
DB06195,P06493
DB06195,P24941
DB06195,P27361
DB06195,P28482
DB06195,P50613
DB06195,P50750
DB06195,P49674
DB06196,P30411
DB06196,P15144
DB06199,P25101
DB06201,Q15858
DB06201,P41594
DB06202,P03372
DB06202,Q92731
DB06202,P34972
DB06209,Q9H244
DB06216,P28223
DB06216,P14416
DB06216,P08908
DB06216,P28222
DB06216,P41595
DB06216,P28335
DB06216,P47898
DB06216,P50406
DB06216,P34969
DB06216,P35462
DB06216,P21917
DB06216,P21728
DB06216,P35348
DB06216,P08913
DB06216,P18089
DB06216,P18825
DB06216,P35367
DB06216,P25021
DB06216,P08588
DB06216,P07550
DB06230,P41145
DB06230,P41143
DB06230,P35372
DB06245,Q03405
DB06245,P02671
DB06245,P06870
DB06245,O15230
DB06245,P00742
DB06245,P02751
DB06245,P05120
DB06245,P05452
DB06245,P05787
DB06245,P07355
DB06245,P07942
DB06245,P11047
DB06245,P25391
DB06245,P27797
DB06245,P27824
DB06245,Q07954
DB06245,Q16787
DB06246,P09211
DB06246,P15121
DB06246,O60218
DB06246,Q08499
DB06246,Q08493
DB06246,O76074
DB06246,O00408
DB06247,P42261
DB06249,P03372
DB06249,Q92731
DB06268,P25101
DB06268,P24530
DB06282,P35367
DB06285,Q03431
DB06287,P42345
DB06288,P34969
DB06288,P28223
DB06288,P14416
DB06288,P35462
DB06288,P35372
DB06288,P41143
DB06288,P41145
DB06292,P31639
DB06333,P18031
DB06333,Q01959
DB06333,P23975
DB06335,P27487
DB06403,P25101
DB06403,P24530
DB06410,P11473
DB06412,P10275
DB06412,P16860
DB06413,Q01959
DB06444,P01375
DB06448,P49354
DB06448,P49356
DB06469,P36888
DB06506,P08908
DB06515,Q8NER1
DB06543,P25963
DB06549,P30411
DB06558,P25101
DB06558,P24530
DB06586,P16233
DB06589,P17948
DB06589,P35968
DB06589,P35916
DB06589,P16234
DB06589,P09619
DB06589,P10721
DB06589,P22607
DB06589,Q08881
DB06589,P05230
DB06589,Q9UQQ2
DB06594,P28335
DB06594,P48039
DB06594,P49286
DB06595,P17252
DB06595,P35968
DB06595,P16234
DB06595,P09619
DB06595,P36888
DB06595,P10721
DB06603,Q13547
DB06603,Q969S8
DB06603,Q96DB2
DB06603,Q92769
DB06603,O15379
DB06603,P56524
DB06603,Q9UQL6
DB06603,Q9UBN7
DB06603,Q8WUI4
DB06603,Q9BY41
DB06603,Q9UKV0
DB06626,P17948
DB06626,P35968
DB06626,P35916
DB06634,P08684
DB06634,P25103
DB06637,Q09470
DB06637,P16389
DB06637,P22001
DB06637,P22459
DB06637,P22460
DB06637,P17658
DB06637,Q96RP8
DB06637,Q16322
DB06637,Q14721
DB06637,Q92953
DB06637,P48547
DB06637,Q96PR1
DB06637,Q14003
DB06637,Q9NSA2
DB06637,Q9NZV8
DB06637,Q9UK17
DB06654,P27338
DB06655,P43220
DB06660,P21452
DB06678,P35367
DB06678,P28223
DB06678,P41595
DB06678,P28335
DB06678,P08913
DB06678,P18089
DB06678,P18825
DB06695,P00734
DB06698,P35367
DB06698,Q9Y5N1
DB06710,P10275
DB06710,P03372
DB06718,P10275
DB06719,P22888
DB06719,P30968
DB06732,P03372
DB06732,P11474
DB06732,P10589
DB06732,P35869
DB06732,Q16678
DB06736,P35354
DB06736,P23219
DB06739,P21731
DB06749,Q9NPD5
DB06750,Q9NPD5
DB06754,P01008
DB06756,Q93088
DB06757,P50213
DB06757,P51553
DB06757,Q15750
DB06757,P05089
DB06757,P02787
DB06772,Q9H4B7
DB06774,Q8NER1
DB06774,Q99623
DB06789,P06401
DB06809,P61073
DB06813,P00374
DB06813,P04818
DB06813,Q05932
DB06819,P95468
DB06819,Q13547
DB06819,Q969S8
DB06819,Q96DB2
DB06819,Q92769
DB06819,O15379
DB06819,P56524
DB06819,Q9UQL6
DB06819,Q9UBN7
DB06819,Q8WUI4
DB06819,Q9BY41
DB06819,Q9UKV0
DB06825,P30968
DB07232,P09874
DB07232,Q9UGN5
DB07338,P56601
DB07338,P32397
DB07352,Q5G940
DB07374,Q96L21
DB07374,P40429
DB07374,P62829
DB07374,P61313
DB07374,P84098
DB07374,P62750
DB07374,Q9UHA3
DB07374,Q9UNX3
DB07374,P62917
DB07374,P61927
DB07374,P39023
DB07374,P62913
DB07374,P55769
DB07615,O60760
DB07715,P68400
DB07715,P16544
DB07715,Q5G940
DB07715,P35869
DB07767,P51584
DB07767,P10478
DB07767,D2YW37
DB07767,Q55813
DB07795,Q01043
DB07795,Q00534
DB07941,Q16539
DB08059,P48736
DB08059,P53350
DB08059,P27986
DB08059,P42336
DB08162,P61925
DB08162,P17612
DB08162,Q13464
DB08162,O75116
DB08399,P25705
DB08399,P06576
DB08399,P36542
DB08633,P50579
DB08799,P35367
DB08800,P35367
DB08801,P35367
DB08801,P08172
DB08802,P35367
DB08804,P10275
DB08804,P01100
DB08804,P28223
DB08804,P41595
DB08804,P28335
DB08804,P28222
DB08804,P08069
DB08804,P21728
DB08804,P21918
DB08804,P14416
DB08804,P35462
DB08804,P21917
DB08810,P08908
DB08810,P28223
DB08810,Q13639
DB08813,P01008
DB08813,P16109
DB08813,P01100
DB08813,P01106
DB08814,P23219
DB08814,P19838
DB08814,P35228
DB08814,Q9Y233
DB08815,P14416
DB08815,P28223
DB08815,P34969
DB08815,P08908
DB08815,P18825
DB08815,P08913
DB08820,P13569
DB08828,Q99835
DB08834,P08648
DB08835,Q04609
DB08838,P18825
DB08838,Q9Y2I1
DB08838,P02708
DB08838,Q05586
DB08838,P48048
DB08838,Q00975
DB08838,Q9UHC3
DB08846,P00915
DB08846,P00918
DB08846,P07451
DB08846,P22748
DB08846,P35218
DB08846,Q9Y2D0
DB08846,P23280
DB08846,P43166
DB08846,Q16790
DB08846,O43570
DB08846,Q9ULX7
DB08846,P68400
DB08846,P17612
DB08846,P17252
DB08846,P05771
DB08846,P43405
DB08846,Q14534
DB08865,Q9UM73
DB08865,P08581
DB08865,P08922
DB08865,Q04912
DB08868,Q9H228
DB08868,P21453
DB08868,Q99500
DB08868,Q13547
DB08868,O95977
DB08877,O60674
DB08877,P23458
DB08877,P52333
DB08877,P29597
DB08882,P27487
DB08889,P28074
DB08889,P28062
DB08889,P20618
DB08889,P28065
DB08889,P49721
DB08889,P40306
DB08895,P23458
DB08895,O60674
DB08895,P52333
DB08895,P29597
DB08896,P17948
DB08896,P35968
DB08896,P35916
DB08896,P10721
DB08896,P16234
DB08896,P09619
DB08896,P11362
DB08896,P21802
DB08896,Q02763
DB08896,Q16832
DB08896,P04629
DB08896,P29317
DB08896,P04049
DB08896,P15056
DB08896,Q15759
DB08896,P42685
DB08896,P00519
DB08896,P07949
DB08899,P10275
DB08901,P00519
DB08901,P11274
DB08901,P10721
DB08901,P07949
DB08901,Q02763
DB08901,P36888
DB08901,P11362
DB08901,P21802
DB08901,P22607
DB08901,P22455
DB08901,P06239
DB08901,P12931
DB08901,P07948
DB08901,P35968
DB08901,P16234
DB08906,P04150
DB08906,P06401
DB08906,P08235
DB08907,P31639
DB08908,Q14145
DB08908,Q04206
DB08911,Q02750
DB08911,P36507
DB08916,P00533
DB08916,P04626
DB08916,Q15303
DB08922,P28223
DB08922,P14416
DB08922,P08908
DB08922,P35367
DB08922,P21917
DB08922,P35348
DB08922,P35368
DB08922,P25100
DB08932,P25101
DB08932,P24530
DB08951,P14618
DB08954,Q13224
DB08954,Q05586
DB08954,P48549
DB08954,P48051
DB08954,P48544
DB08995,P35869
DB09019,O15393
DB09019,Q9BYF1
DB09031,P08183
DB09053,Q06187
DB09061,P21554
DB09061,P34972
DB09061,P47775
DB09061,P23415
DB09061,P23415
DB09061,P48167
DB09061,O75311
DB09061,Q14330
DB09061,Q9Y2T6
DB09061,P08908
DB09061,P28223
DB09061,P36544
DB09061,P41143
DB09061,P35372
DB09061,P37231
DB09061,Q8NER1
DB09061,O43497
DB09061,O95180
DB09061,Q9P0X4
DB09061,O75762
DB09061,Q7Z2W7
DB09061,Q9Y5S1
DB09061,Q8NET8
DB09061,Q9HBA0
DB09061,P21796
DB09061,P46098
DB09061,P30542
DB09061,P23219
DB09061,P35354
DB09061,P24752
DB09061,P05093
DB09061,P04035
DB09061,P00390
DB09061,P07203
DB09061,P14902
DB09061,Q16678
DB09061,P15559
DB09061,P04040
DB09061,P20815
DB09061,P10635
DB09061,P00441
DB09061,P05177
DB09061,P24462
DB09061,Q16613
DB09061,Q02083
DB09064,Q07869
DB09068,P31645
DB09068,P46098
DB09068,P34969
DB09068,P28222
DB09068,P08908
DB09068,P08588
DB09068,P23975
DB09069,P42765
DB09070,P03372
DB09072,Q9UBS5
DB09072,O75899
DB09072,Q9HAB3
DB09073,P11802
DB09073,Q00534
DB09074,P09874
DB09074,Q9UGN5
DB09074,Q9Y6F1
DB09074,P42330
DB09086,P03372
DB09086,Q92731
DB09086,P10275
DB09086,Q8NET8
DB09116,P48448
DB09121,Q08828
DB09121,Q08462
DB09121,O95622
DB09130,P05067
DB09130,P23526
DB09130,P62807
DB09130,P04406
DB09130,P15531
DB09130,P10412
DB09130,Q06830
DB09130,P05109
DB09130,P08865
DB09130,P63261
DB09130,P06733
DB09130,P68104
DB09130,P05787
DB09130,P07237
DB09130,P30101
DB09130,P10809
DB09130,P48723
DB09130,P11021
DB09130,P14625
DB09130,P02787
DB09130,Q08288
DB09130,P15880
DB09130,Q07955
DB09130,P22626
DB09130,P31943
DB09130,P31942
DB09130,P61987
DB09130,P14866
DB09130,P23246
DB09130,Q15428
DB09130,P63244
DB09130,P12814
DB09130,Q03154
DB09130,P09525
DB09130,P08758
DB09130,P27797
DB09130,P14618
DB09130,P14550
DB09130,P00387
DB09130,P00390
DB09130,P29401
DB09130,P32119
DB09130,P30041
DB09130,P62937
DB09130,P11142
DB09130,P07900
DB09130,Q15185
DB09130,P31948
DB09130,P56537
DB09130,P60842
DB09130,P06744
DB09130,P00338
DB09130,P00558
DB09130,Q13748
DB09130,P07437
DB09130,P23528
DB09130,P31946
DB09130,P17174
DB09130,P48637
DB09130,P51858
DB09130,P50213
DB09130,O00299
DB09130,Q06323
DB09130,P30086
DB09130,P18669
DB09130,P43487
DB09130,O60701
DB09130,P61769
DB09130,O75880
DB09130,F7VJQ1
DB09130,P23415
DB09130,P42858
DB09130,Q96FI4
DB09130,Q969S2
DB09130,Q6MZM0
DB09130,P05121
DB09130,P29034
DB09130,P26447
DB09130,P37840
DB09130,P23560
DB09130,Q99497
DB09130,P10997
DB09130,Q9UHF0
DB09130,P04217
DB09130,P43652
DB09130,P01019
DB09130,P02765
DB09130,P02743
DB09130,P02647
DB09130,P02652
DB09130,P06727
DB09130,Q0VD83
DB09130,P02655
DB09130,P02656
DB09130,P05090
DB09130,P02649
DB09130,P02749
DB09130,P25311
DB09130,P02747
DB09130,P09871
DB09130,P01024
DB09130,P0C0L5
DB09130,P04003
DB09130,P01031
DB09130,P07358
DB09130,P02748
DB09130,P08603
DB09130,P05156
DB09130,P05452
DB09130,P10909
DB09130,P00734
DB09130,Q07021
DB09130,P06396
DB09130,P69905
DB09130,P68871
DB09130,P45973
DB09130,P00739
DB09130,P35858
DB09130,P01857
DB09130,P01861
DB09130,P01619
DB09130,P15814
DB09130,P19823
DB09130,P01042
DB09130,P04264
DB09130,P13645
DB09130,P35908
DB09130,P35527
DB09130,P02750
DB09130,P51884
DB09130,Q96PD5
DB09130,P00747
DB09130,P27169
DB09130,P02775
DB09130,P01009
DB09130,P29622
DB09130,P08185
DB09130,P05543
DB09130,P01008
DB09130,P05546
DB09130,P36955
DB09130,P08697
DB09130,P05155
DB09130,P02766
DB09130,P04004
DB09130,P51693
DB09140,P00395
DB09140,Q9Y5S8
DB09166,P14867
DB09166,P47869
DB09166,P34903
DB09166,P48169
DB09166,P31644
DB09166,Q16445
DB09166,P18505
DB09166,P47870
DB09166,P28472
DB09166,O14764
DB09166,P78334
DB09166,Q8N1C3
DB09166,P18507
DB09166,Q99928
DB09166,O00591
DB09166,Q9UN88
DB09166,P14867
DB09166,P47869
DB09166,P34903
DB09166,P31644
DB09166,Q8N1C3
DB09166,P18507
DB09166,Q99928
DB09166,P25105
DB09167,P08908
DB09167,P28223
DB09167,P35367
DB09167,P11229
DB09167,P08172
DB09167,P20309
DB09167,P08173
DB09167,P08912
DB09167,P08913
DB09167,P18089
DB09167,P18825
DB09167,P35348
DB09167,P35368
DB09167,P25100
DB09167,P23975
DB09167,P31645
DB09201,P37231
DB09203,P35348
DB09203,P35368
DB09203,P25100
DB09205,P35348
DB09205,P35368
DB09205,P25100
DB09205,P08913
DB09205,P18089
DB09205,P18825
DB09220,O60706
DB09221,P01375
DB09221,P05231
DB09221,P08700
DB09221,P17948
DB09221,P01138
DB09221,P09619
DB09221,P07900
DB09221,P08238
DB09223,P14416
DB09223,P35462
DB09223,P28223
DB09225,P21728
DB09225,P21918
DB09225,P14416
DB09225,P28223
DB09225,P34969
DB09225,P23975
DB09225,P31645
DB09225,P50406
DB09231,Q13936
DB09231,Q01668
DB09231,O60840
DB09231,Q13698
DB09231,Q02641
DB09231,Q08289
DB09231,P54284
DB09231,O00305
DB09231,O00555
DB09231,Q00975
DB09231,O43497
DB09231,O95180
DB09231,Q9P0X4
DB09236,Q13936
DB09236,Q01668
DB09236,O60840
DB09236,Q13698
DB09236,Q02641
DB09236,Q08289
DB09236,P54284
DB09236,O00305
DB09236,O00555
DB09241,P33402
DB09241,P29475
DB09242,P08913
DB09242,Q9Y2I1
DB09256,P04818
DB09257,Q12882
DB09270,P56181
DB09270,P31040
DB09273,P07550
DB09273,P29274
DB09273,O00408
DB09369,P03372
DB09460,P00915
DB09460,P00918
DB09460,P22748
DB09460,Q16790
DB09462,Q03181
DB09462,Q9NZK7
DB09462,Q9NPH2
DB09462,P00325
DB09462,Q14643
DB09462,P09466
DB09462,P17050
DB09462,P84077
DB09462,O43252
DB09462,P23367
DB09462,P69924
DB09462,P17802
DB09462,O14717
DB09462,O43708
DB09477,P12821
DB09477,P46663
DB11094,P11473
DB11094,P02774
DB11133,P37231
DB11133,Q07869
DB11133,P36956
DB11136,P00167
DB11157,P35908
DB11157,Q99456
DB11157,Q9UQF2
DB11431,Q25634
DB11447,P10275
DB11641,P07437
DB11642,Q9Y5N1
DB11642,Q12809
DB11672,P37231
DB11672,P11473
DB11672,O15440
DB11672,P16152
DB11672,P09211
DB11674,Q92731
DB11674,P04278
DB11689,Q02750
DB11689,P36507
DB11697,O60674
DB11697,P36888
DB11699,P46098
DB11738,P08913
DB11752,P17252
DB11752,Q02156
DB11752,Q14790
DB11752,Q15139
DB11752,P42081
DB11752,P35354
DB11752,P24385
DB11752,P01375
DB11752,Q9Z1N9
DB11753,P0A8V2
DB11753,P0A7Z4
DB11753,P0A8T7
DB11757,P29274
DB11757,P30542
DB11827,P31639
DB11828,P00533
DB11841,Q13547
DB11841,Q969S8
DB11841,Q96DB2
DB11841,Q92769
DB11841,O15379
DB11841,P56524
DB11841,Q9UQL6
DB11841,Q9UBN7
DB11841,Q8WUI4
DB11841,Q9BY41
DB11841,Q9UKV0
DB11979,P30968
DB11994,Q13133
DB11994,P55055
DB11994,P09917
DB11994,P05177
DB11994,P08684
DB11994,Q9HB55
DB11994,P20815
DB11994,P24462
DB11994,P05181
DB11994,P11712
DB11994,P10635
DB12001,P11802
DB12001,Q00534
DB12061,P14416
DB12061,P35462
DB12061,P21917
DB12061,P08908
DB12093,P21728
DB12093,P14416
DB12110,P28335
DB12116,P35869
DB12116,P26358
DB12116,Q86XF0
DB12129,P49841
DB12140,P01375
DB12140,P01584
DB12140,P05231
DB12153,A0A0H2UQB5
DB12163,P28335
DB12163,P28223
DB12248,P07550
DB12328,P35869
DB12371,Q9H228
DB12371,P21453
DB12442,P07900
DB12445,P23219
DB12458,P14867
DB12458,P28472
DB12458,P18507
DB12465,P28223
DB12478,P14416
DB12478,P35462
DB12518,P14416
DB12537,P14867
DB12537,P47869
DB12537,P34903
DB12537,P48169
DB12537,P31644
DB12537,Q16445
DB12537,P18505
DB12537,P47870
DB12537,P28472
DB12537,O14764
DB12537,P78334
DB12537,Q8N1C3
DB12537,P18507
DB12537,Q99928
DB12537,O00591
DB12537,Q9UN88
DB12537,P14867
DB12537,P47869
DB12537,P34903
DB12537,P31644
DB12537,Q8N1C3
DB12537,P18507
DB12537,Q99928
DB12579,P14416
DB12622,P08246
DB12695,P62736
DB12695,P60709
DB12695,P06576
DB12695,P56385
DB12695,O75964
DB12695,O43169
DB12695,Q9NR28
DB12695,Q8TF61
DB12695,P52597
DB12695,P61978
DB12695,P34932
DB12695,P04792
DB12695,P61604
DB12695,Q92598
DB12695,P03886
DB12695,Q9Y266
DB12695,Q13219
DB12695,P25788
DB12695,P17980
DB12695,P43487
DB12695,P60903
DB12695,Q12874
DB12695,Q969G3
DB12695,Q96I99
DB12695,O43399
DB12695,P09493
DB12695,P06753
DB12695,P67936
DB12695,Q71U36
DB12695,Q13748
DB12695,P68366
DB12695,Q9H4B7
DB12695,Q13885
DB12695,Q13509
DB12695,P68371
DB12695,P10599
DB12695,P09936
DB12695,P54578
DB12695,P55072
DB12695,P08670
DB12695,P31946
DB12695,P62258
DB12695,Q04917
DB12695,P27348
DB12695,P63104
DB12764,Q9NRA0
DB12769,P0ABQ4
DB12783,P20711
DB12874,P36888
DB12890,P21728
DB13025,P14416
DB13025,P35462
DB13025,P08908
DB13025,P28222
DB13025,P28221
DB13025,P28566
DB13025,P30939
DB13025,P28223
DB13025,P41595
DB13025,P28335
DB13025,P46098
DB13025,O95264
DB13025,Q8WXA8
DB13025,Q70Z44
DB13025,A5X5Y0
DB13025,Q13639
DB13025,P50406
DB13025,P34969
DB13025,P35348
DB13025,P35368
DB13025,P25100
DB13025,P08913
DB13025,P18089
DB13025,P18825
DB13036,Q9Y5Y4
DB13083,O43174
DB13167,P35354
DB13200,Q99062
DB13437,P14867
DB13437,P47869
DB13437,P34903
DB13437,P48169
DB13437,P31644
DB13437,Q16445
DB13437,P18505
DB13437,P47870
DB13437,P28472
DB13437,O14764
DB13437,P78334
DB13437,Q8N1C3
DB13437,P18507
DB13437,Q99928
DB13437,O00591
DB13437,Q9UN88
DB13437,P14867
DB13437,P47869
DB13437,P34903
DB13437,P31644
DB13437,Q8N1C3
DB13437,P18507
DB13437,Q99928
DB13581,P11229
DB13581,P08172
DB13581,P20309
DB13581,P08173
DB13581,P08912
DB13867,P04150
DB13867,P06401
DB13867,P47712
DB13867,P08235
DB13876,P21397
DB13919,P30556
DB13956,P03372
DB13956,Q92731
DB13956,O75469
DB13956,P43681
DB13956,Q15596
DB13956,Q99527
DB13956,P00846
DB13956,Q14457
DB13956,P37059
DB13956,P62508
DB13961,Q96PD7
DB13961,P35354
DB13961,Q5NUL3
DB13961,Q13936
DB13961,Q01668
DB13961,O60840
DB13961,Q13698
DB13961,Q02641
DB13961,Q08289
DB13961,P54284
DB13961,O00305
DB13961,P35498
DB13961,Q9Y5Y9
DB13961,Q9UI33
DB13961,Q99250
DB13961,Q9NY46
DB13961,P35499
DB13961,Q14524
DB13961,Q01118
DB13961,Q9UQD0
DB13961,Q15858
DB13961,Q07699
DB13961,O60939
DB13961,Q9NY72
DB13961,Q8IWT1
DB13961,Q00653
DB13961,P19838
DB13961,P36956
DB13961,Q07869
DB13961,P37231
DB13961,Q03181
DB14001,Q9UDX4
DB14001,O76054
DB14001,O75469
DB14001,P05771
DB14001,P09917
DB14001,P17252
DB14001,P23743
DB14001,Q9Y6T7
DB14001,Q16760
DB14001,P52429
DB14001,Q86XP1
DB14001,P49619
DB14001,O75912
DB14001,Q5KSL6
DB14001,P52824
DB14001,Q13574
DB14060,Q8SPQ9
DB14063,P08183
DB14066,P08183
DB14487,P46663
DB14487,P16455
DB14487,P04075
DB14487,P68104
DB14487,P06733
DB14487,O14556
DB14487,P15531
DB14487,P07237
DB14487,P30101
DB14487,Q06830
DB14487,P78330
DB14487,P60174
DB14487,P49411
DB14487,P03372
DB14487,P08700
DB14487,P02795
DB14487,O14618
DB14487,Q13547
DB14487,P56524
DB14487,P29372
DB14487,P04279
DB14487,P00441
DB14487,Q9BY41
DB14487,O15304
DB14487,P23415
DB14487,Q00987
DB14487,P01308
DB14487,P46939
DB14487,P45381
DB14487,P05109
DB14487,P06702
DB14487,P14780
DB14487,O15350
DB14487,P29034
DB14487,P04637
DB14487,P25713
DB14487,O75340
DB14487,Q8N907
DB14487,P04731
DB14487,P04217
DB14487,P01023
DB14487,P01019
DB14487,P02765
DB14487,P02743
DB14487,P02647
DB14487,P02652
DB14487,P06727
DB14487,Q0VD83
DB14487,P02649
DB14487,O14791
DB14487,P02746
DB14487,P02747
DB14487,P00736
DB14487,P09871
DB14487,P01024
DB14487,P0C0L5
DB14487,P04003
DB14487,P20851
DB14487,P01031
DB14487,P46736
DB14487,P07357
DB14487,P07358
DB14487,P07360
DB14487,P00751
DB14487,P08603
DB14487,P05156
DB14487,P10909
DB14487,P00450
DB14487,P15169
DB14487,P22792
DB14487,P81605
DB14487,P15924
DB14487,P00748
DB14487,P05160
DB14487,P00734
DB14487,O75636
DB14487,P02671
DB14487,P02751
DB14487,P06396
DB14487,P69905
DB14487,P68871
DB14487,P00739
DB14487,Q86YZ3
DB14487,P35858
DB14487,P01876
DB14487,P01871
DB14487,P01599
DB14487,P01619
DB14487,P80748
DB14487,P19827
DB14487,P19823
DB14487,Q06033
DB14487,Q14624
DB14487,P01591
DB14487,P14923
DB14487,P03952
DB14487,P01042
DB14487,P04264
DB14487,P13645
DB14487,P02533
DB14487,P08779
DB14487,P35908
DB14487,P13647
DB14487,P02538
DB14487,P35527
DB14487,P19652
DB14487,Q96PD5
DB14487,P27169
DB14487,P20742
DB14487,P31151
DB14487,P49908
DB14487,P01009
DB14487,P01011
DB14487,P29622
DB14487,P08185
DB14487,P05546
DB14487,P04278
DB14487,P02787
DB14487,P02766
DB14487,P04004
DB14487,P51693
DB14487,Q06481
DB14487,P05067
DB14487,P09874
DB14490,P02786
DB14490,Q9GZT9
DB14490,Q9BY41
DB14490,Q9NZD4
DB14490,P69905
DB14490,Q16595
DB14490,P02794
DB14490,P39748
DB14490,Q96FI4
DB14490,Q969S2
DB14490,P06746
DB14490,P00450
DB14490,P02787
DB14500,P05023
DB14507,O14732
DB14507,P29218
DB14507,P49841
DB14507,P42263
DB14509,O14732
DB14509,P29218
DB14509,P49841
DB14509,P42263
DB14512,P04150
DB14512,P06401
