Disease,Protein
D006529,P04217
D012559,P04217
D058186,Q9BQ22
D000544,Q9BQ22
D006528,Q9BQ22
D003110,Q9BQ22
D008103,Q9BQ22
D008106,Q9BQ22
D008171,Q9BQ22
D008175,Q9BQ22
D009404,Q9BQ22
D002051,Q7Z7C6
D011471,Q9NRG9
D008106,P22760
D006528,Q4W5N8
D008106,Q4W5N8
D056486,Q9UDR5
D001321,P80404
D053609,P80404
D008106,P80404
D009123,P80404
D011596,P80404
D012021,P80404
D012640,P80404
D050197,Q9NP93
D015179,Q9NP93
D006937,Q9NP93
D007676,Q9NP93
D015473,Q9NP93
D010523,Q9NP93
D015179,Q8WWZ4
D015179,Q86UK0
D012008,Q86UK0
D013964,Q86UK0
D015179,Q86UQ4
D015179,Q99758
D006976,Q99758
D011658,Q99758
D015179,P78363
D015179,Q6N017
D015179,Q8N139
D000544,Q8IZY2
D001943,Q49AI9
D015179,Q49AI9
D012008,Q49AI9
D013964,Q49AI9
D015179,Q8IUA7
D001169,Q6TBL4
D001172,Q6TBL4
D001943,Q6TBL4
D002277,Q6TBL4
D006528,Q6TBL4
D002289,Q6TBL4
D056486,Q6TBL4
D015179,Q6TBL4
D064420,Q6TBL4
D004827,Q6TBL4
D004938,Q6TBL4
D006330,Q6TBL4
D007024,Q6TBL4
D007680,Q6TBL4
D008106,Q6TBL4
D016403,Q6TBL4
D001523,Q6TBL4
D009325,Q6TBL4
D009362,Q6TBL4
D009369,Q6TBL4
D009422,Q6TBL4
D020258,Q6TBL4
D009503,Q6TBL4
D010149,Q6TBL4
D010300,Q6TBL4
D010302,Q6TBL4
D010523,Q6TBL4
D011041,Q6TBL4
D054198,Q6TBL4
D014839,Q6TBL4
D015179,Q9NRK6
D002779,Q53S60
D002780,Q53S60
D015179,Q53S60
D011537,Q53S60
D006528,Q75MQ5
D002761,Q75MQ5
D015179,Q75MQ5
D004195,Q75MQ5
D007249,Q75MQ5
D041781,Q75MQ5
D008103,Q75MQ5
D008105,Q75MQ5
D008107,Q75MQ5
D065626,Q75MQ5
D015179,Q2M3G0
D008545,Q2M3G0
D015179,Q9NP58
D012008,Q9NP58
D013964,Q9NP58
D012008,Q9NUT2
D013964,Q9NUT2
D001943,P33527
D056486,P33527
D015179,P33527
D064420,P33527
D006331,P33527
D006973,P33527
D010523,P33527
D012008,Q5T3U5
D013964,Q5T3U5
D001855,Q96J65
D064420,Q96J65
D000505,Q92887
D001172,Q92887
D009202,Q92887
D056486,Q92887
D002779,Q92887
D015179,Q92887
D003967,Q92887
D004342,Q92887
D064420,Q92887
D005767,Q92887
D006331,Q92887
D006932,Q92887
D008105,Q92887
D008106,Q92887
D009422,Q92887
D065626,Q92887
D012640,Q92887
D013226,Q92887
D001172,Q86VN9
D002779,Q86VN9
D015179,Q86VN9
D006529,Q86VN9
D001172,Q8IWU1
D003072,Q8IWU1
D015179,Q8IWU1
D064420,Q8IWU1
D004715,Q8IWU1
D009362,Q8IWU1
D011471,Q8IWU1
D019966,Q8IWU1
D015179,Q09428
D003924,Q09428
D016889,Q8N4N7
D004715,Q8N4N7
D015179,Q9UBJ2
D015179,P28288
D015179,P61221
D006967,Q5STZ8
D011014,Q5STZ8
D015179,P45844
D007676,P45844
D008106,P45844
D015430,P45844
D000236,Q8WZ76
D001172,Q8WZ76
D001943,Q8WZ76
D009202,Q8WZ76
D015179,Q8WZ76
D003967,Q8WZ76
D064420,Q8WZ76
D006073,Q8WZ76
D006333,Q8WZ76
D008105,Q8WZ76
D016403,Q8WZ76
D008325,Q8WZ76
D009422,Q8WZ76
D054218,Q8WZ76
D050197,Q53T83
D003324,Q53T83
D003327,Q53T83
D050171,Q53T83
D008106,Q53T83
D011471,Q53T83
D003324,Q96A01
D008106,Q96A01
D056486,Q8IZP0
D000544,Q9P2A4
D004715,Q5JPC9
D000230,Q86Y36
D001943,Q86Y36
D004938,Q86Y36
D006330,Q86Y36
D015464,Q86Y36
D008113,Q86Y36
D009374,Q86Y36
D011230,Q86Y36
D054198,Q86Y36
D003324,Q9UQ67
D010190,Q9UQ67
D011471,Q9UQ67
D012131,Q9UQ67
D020521,Q9UQ67
D011471,Q12979
D002311,Q8N0Z2
D013274,Q9ULW3
D010003,P42765
D012128,P42765
D006528,Q7Z5W8
D006333,Q7Z5W8
D001943,Q4G170
D007333,Q4G170
D009765,Q4G170
D013274,Q6ZUS0
D017093,Q5T4U5
D009765,Q5T4U5
D015430,Q5T4U5
D006333,P16219
D001321,P45954
D000860,P49748
D001172,Q6PID9
D007676,P35610
D008106,P35610
D012640,P35610
D008106,Q8NC06
D000230,Q3KRI5
D000419,Q3KRI5
D000544,Q3KRI5
D001145,Q3KRI5
D001281,Q3KRI5
D001321,Q3KRI5
D002545,Q3KRI5
D006528,Q3KRI5
D002318,Q3KRI5
D002543,Q3KRI5
D003324,Q3KRI5
D003327,Q3KRI5
D003371,Q3KRI5
D003645,Q3KRI5
D003921,Q3KRI5
D003928,Q3KRI5
D004342,Q3KRI5
D006333,Q3KRI5
D006973,Q3KRI5
D006976,Q3KRI5
D017379,Q3KRI5
D007022,Q3KRI5
D007235,Q3KRI5
D007674,Q3KRI5
D007676,Q3KRI5
D008171,Q3KRI5
D055370,Q3KRI5
D008175,Q3KRI5
D009203,Q3KRI5
D009362,Q3KRI5
D065626,Q3KRI5
D011471,Q3KRI5
D011605,Q3KRI5
D011658,Q3KRI5
D051437,Q3KRI5
D012128,Q3KRI5
D013203,Q3KRI5
D013274,Q3KRI5
D020521,Q3KRI5
D015430,Q3KRI5
D015431,Q3KRI5
D001008,Q9BYF1
D009202,Q9BYF1
D003928,Q9BYF1
D004719,Q9BYF1
D005923,Q9BYF1
D006333,Q9BYF1
D006973,Q9BYF1
D006976,Q9BYF1
D007249,Q9BYF1
D055370,Q9BYF1
D011658,Q9BYF1
D012128,Q9BYF1
D015431,Q9BYF1
D008545,Q9NUN7
D000544,Q6TQD3
D019969,Q6TQD3
D000740,Q6TQD3
D001943,Q6TQD3
D002292,Q6TQD3
D015179,Q6TQD3
D064420,Q6TQD3
D006130,Q6TQD3
D007859,Q6TQD3
D008106,Q6TQD3
D008569,Q6TQD3
D009069,Q6TQD3
D009422,Q6TQD3
D009765,Q6TQD3
D011041,Q6TQD3
D049188,Q6TQD3
D011471,Q6TQD3
D012640,Q6TQD3
D014202,Q6TQD3
D001749,Q6TQD3
D008288,Q5Y7A4
D001172,P25106
D002277,P25106
D015179,P25106
D007674,P25106
D008106,P25106
D009362,P25106
D006528,P53396
D006333,P53396
D009765,P53396
D009361,P21399
D010003,P21399
D006528,Q71UF1
D012128,Q71UF1
D003921,Q86TX2
D006529,Q86TX2
D008113,Q86TX2
D017202,P49753
D012559,Q3I5F7
D008106,Q96EA2
D006528,Q15067
D003921,Q15067
D008106,Q99424
D015451,Q9NUZ1
D008106,P13686
D009765,P13686
D011471,Q8NEB7
D001169,Q108N2
D002277,Q108N2
D056486,Q108N2
D003921,Q108N2
D008106,Q108N2
D015674,Q108N2
D008325,Q108N2
D009765,Q108N2
D001169,Q9ULC5
D019969,Q9UKU0
D008175,Q08AH1
D011471,Q53FZ2
D017379,Q7Z7J6
D001943,Q13707
D003110,Q13707
D004715,Q13707
D005317,Q13707
D005355,Q13707
D005923,Q13707
D007511,Q13707
D007674,Q13707
D008103,Q13707
D008106,Q13707
D008107,Q13707
D009203,Q13707
D009400,Q13707
D011658,Q13707
D002277,Q9UMN3
D006528,Q9UMN3
D056486,Q9UMN3
D019465,Q9UMN3
D004421,Q9UMN3
D004938,Q9UMN3
D006319,Q9UMN3
D000860,Q9UMN3
D008175,Q9UMN3
D015674,Q9UMN3
D008325,Q9UMN3
D017202,Q9UMN3
D009361,Q9UMN3
D009421,Q9UMN3
D010003,Q9UMN3
D002311,P68032
D011230,P68032
D013274,P68032
D054058,Q96FU6
D002277,Q96FU6
D002471,Q96FU6
D019465,Q96FU6
D015674,Q96FU6
D008325,Q96FU6
D009421,Q96FU6
D010024,Q96FU6
D003110,P63267
D008106,Q5ZEZ4
D002277,Q96BG6
D056486,Q96BG6
D005923,Q96BG6
D015674,Q96BG6
D008325,Q96BG6
D056486,P61158
D001943,Q53SV1
D005910,Q53SV1
D010190,P36896
D006976,P37023
D002292,Q03154
D011230,Q03154
D001321,Q16073
D006940,Q16073
D008106,Q16073
D008175,Q16073
D013118,Q16073
D003092,Q6P5T8
D008106,Q6P5T8
D008175,Q9UKQ2
D011471,Q9UKQ2
D001943,Q8N8Z9
D056486,Q14C66
D011471,Q13443
D000544,Q8NE26
D001943,Q8NE26
D006528,Q8NE26
D002289,Q8NE26
D009361,Q8NE26
D006528,Q96P40
D008113,Q8TE56
D008545,P59510
D012559,Q96AY5
D006529,Q9UNA0
D003324,Q9UKP4
D011471,Q5FWF1
D003924,Q9P2N4
D006130,Q86TH1
D006529,Q86TH1
D001943,P55265
D010300,Q86X17
D019966,Q86X17
D006948,Q8NFM5
D013375,Q8NFM5
D001249,Q7RTV6
D001714,Q7RTV6
D015470,P51828
D012559,P51828
D003925,Q4F7X0
D006948,Q4F7X0
D019964,Q4F7X0
D013375,Q4F7X0
D009202,Q53BH1
D006940,Q53BH1
D015877,Q53BH1
D020258,Q53BH1
D011595,Q53BH1
D012640,Q53BH1
D001249,Q6S992
D006528,Q96D30
D006973,Q96D30
D001714,Q5VU08
D002545,Q5VU08
D008106,Q5VU08
D020258,Q5VU08
D008106,Q14246
D008171,P48960
D012559,Q8IZF3
D010003,Q8IZP9
D006528,Q96K78
D001289,Q9HAR2
D008106,P07327
D017114,P07327
D065626,P07327
D002544,P00325
D015179,P00325
D004938,P00325
D017114,P00325
D065626,P00325
D009765,P00325
D006528,P08319
D008106,P08319
D065626,P08319
D004938,P40394
D008106,Q8IWW8
D011471,Q9BV57
D001169,Q15848
D001172,Q15848
D050197,Q15848
D002292,Q15848
D056486,Q15848
D003920,Q15848
D003924,Q15848
D003928,Q15848
D006333,Q15848
D006556,Q15848
D006940,Q15848
D006943,Q15848
D006973,Q15848
D007249,Q15848
D007333,Q15848
D007676,Q15848
D008106,Q15848
D024821,Q15848
D017202,Q15848
D015428,Q15848
D065626,Q15848
D009765,Q15848
D011654,Q15848
D011658,Q15848
D015430,Q15848
D015431,Q15848
D007247,Q96A54
D007676,Q96A54
D007247,Q86V24
D000860,P55263
D001321,P35318
D005921,P35318
D006930,P35318
D006943,P35318
D007333,P35318
D008106,P35318
D010146,P35318
D018805,P35318
D013276,P35318
D017202,Q7Z4H4
D010689,Q7Z4H4
D014652,Q7Z4H4
D001321,Q6DHZ8
D001919,P30542
D002375,P30542
D004342,P30542
D064420,P30542
D007022,P30542
D020244,P30542
D007511,P30542
D002546,P30542
D009203,P30542
D009410,P30542
D011297,P30542
D013345,P30542
D013375,P30542
D018754,P30542
D019969,P29274
D001008,P29274
D001172,P29274
D009202,P29274
D003866,P29274
D004342,P29274
D064420,P29274
D006948,P29274
D007022,P29274
D008106,P29274
D009069,P29274
D016584,P29274
D011605,P29274
D015427,P29274
D012640,P29274
D018805,P29274
D007319,P29274
D013375,P29274
D014202,P29274
D018754,P29274
D015431,P29274
D056486,Q2L7J7
D009362,Q2L7J7
D015427,Q2L7J7
D018805,Q2L7J7
D007511,P0DMS8
D008106,P0DMS8
D009203,P0DMS8
D006528,P35348
D003921,P35348
D008103,P35348
D020257,P35348
D006332,P35368
D007022,P35368
D007674,P35368
D008106,P35368
D009410,P35368
D020258,P35368
D012640,P35368
D006332,P08913
D004827,P08913
D005355,P08913
D006331,P08913
D006973,P08913
D007022,P08913
D016584,P08913
D006528,P18089
D008171,P18089
D006332,Q4W594
D005355,Q4W594
D006333,Q4W594
D002311,P08588
D002318,P08588
D003920,P08588
D004719,P08588
D006333,P08588
D006940,P08588
D006973,P08588
D017202,P08588
D015428,P08588
D009765,P08588
D013274,P08588
D018754,P08588
D001321,Q9BYZ0
D009202,Q9BYZ0
D002311,Q9BYZ0
D005355,Q9BYZ0
D006949,Q9BYZ0
D007008,Q9BYZ0
D007333,Q9BYZ0
D008171,Q9BYZ0
D017202,Q9BYZ0
D009422,Q9BYZ0
D009765,Q9BYZ0
D011471,Q9BYZ0
D013274,Q9BYZ0
D014202,Q9BYZ0
D018487,Q9BYZ0
D003921,P13945
D006333,P13945
D006949,P13945
D017379,P13945
D009765,P13945
D001321,P30566
D003324,Q96IZ2
D008106,Q8WTP8
D002294,Q8N4X5
D001172,P51826
D019966,P51826
D000015,Q8TAX5
D003072,Q8TAX5
D006130,Q8TAX5
D006330,Q8TAX5
D008171,Q8TAX5
D009765,Q8TAX5
D012559,Q8NB90
D058186,P43652
D064420,P43652
D008106,P43652
D001943,P02771
D006528,P02771
D008106,P02771
D008107,P02771
D008114,P02771
D008325,P02771
D013274,P02771
D001321,Q9UPQ3
D001281,Q5VU57
D019966,Q5VU57
D001172,Q71BG7
D001249,Q71BG7
D050197,Q71BG7
D003925,Q71BG7
D006930,Q71BG7
D006943,Q71BG7
D006973,Q71BG7
D006984,Q71BG7
D020244,Q71BG7
D007249,Q71BG7
D009437,Q71BG7
D010003,Q71BG7
D008106,P52594
D008106,P35573
D019970,Q9UKV8
D019636,Q8TEB0
D001943,Q4JM47
D011471,Q4JM47
D015470,Q96QF9
D000419,Q53YY1
D000740,Q53YY1
D001002,Q53YY1
D001145,Q53YY1
D050197,Q53YY1
D001919,Q53YY1
D006332,Q53YY1
D009202,Q53YY1
D066126,Q53YY1
D002318,Q53YY1
D002375,Q53YY1
D056486,Q53YY1
D002779,Q53YY1
D003072,Q53YY1
D003645,Q53YY1
D003921,Q53YY1
D003928,Q53YY1
D062787,Q53YY1
D004719,Q53YY1
D005317,Q53YY1
D005355,Q53YY1
D005921,Q53YY1
D005923,Q53YY1
D018149,Q53YY1
D006331,Q53YY1
D006333,Q53YY1
D006930,Q53YY1
D006940,Q53YY1
D020138,Q53YY1
D006973,Q53YY1
D006974,Q53YY1
D006977,Q53YY1
D006984,Q53YY1
D017379,Q53YY1
D007008,Q53YY1
D007022,Q53YY1
D007249,Q53YY1
D007674,Q53YY1
D008103,Q53YY1
D008106,Q53YY1
D009203,Q53YY1
D017202,Q53YY1
D015428,Q53YY1
D009336,Q53YY1
D019954,Q53YY1
D011014,Q53YY1
D011507,Q53YY1
D011658,Q53YY1
D051437,Q53YY1
D015427,Q53YY1
D012640,Q53YY1
D013927,Q53YY1
D014652,Q53YY1
D018487,Q53YY1
D020257,Q53YY1
D009410,Q9UPW5
D006333,Q6NUP5
D006973,Q6NUP5
D007674,Q6NUP5
D009362,Q6NUP5
D010911,Q6NUP5
D011507,Q6NUP5
D006332,P30556
D005355,P30556
D018149,P30556
D007674,P30556
D008106,P30556
D008325,P30556
D006973,P30556
D011297,P30556
D006973,P50052
D017379,P50052
D008325,P50052
D009362,P50052
D013274,P50052
D004195,Q1RMG2
D000860,Q1RMG2
D065626,Q1RMG2
D011471,Q96HN2
D001321,Q9NQN3
D002526,Q9NQN3
D012559,Q9NQN3
D002292,Q9BVU3
D008106,Q9BVU3
D009361,Q9BVU3
D001169,P35869
D001172,P35869
D050197,P35869
D001284,P35869
D001943,P35869
D006332,P35869
D056486,P35869
D003092,P35869
D004195,P35869
D050171,P35869
D018149,P35869
D006130,P35869
D006330,P35869
D006529,P35869
D006973,P35869
D006984,P35869
D017379,P35869
D007003,P35869
D007247,P35869
D007249,P35869
D007333,P35869
D008103,P35869
D008107,P35869
D008113,P35869
D055370,P35869
D009336,P35869
D009361,P35869
D009362,P35869
D009369,P35869
D009374,P35869
D065626,P35869
D009765,P35869
D010190,P35869
D011014,P35869
D011471,P35869
D011537,P35869
D013163,P35869
D013274,P35869
D013610,P35869
D014652,P35869
D015430,P35869
D015431,P35869
D058186,P02765
D064420,P02765
D001327,Q6QLN7
D007945,Q6QLN7
D008106,Q96BJ3
D004195,Q5STX8
D006930,Q5STX8
D006973,Q5STX8
D008106,Q5STX8
D010300,Q5STX8
D013345,Q5STX8
D009103,Q5T3W0
D000236,Q9NWT8
D017202,Q6FGX9
D003638,P54819
D010003,P27144
D019969,Q9Y6K8
D009765,Q92667
D001714,Q9UKA4
D012559,Q9UKA4
D001943,Q86TJ9
D002292,Q12802
D004938,Q12802
D011471,Q12802
D006332,Q6PG46
D008569,Q6PG46
D019957,Q6PG46
D001281,Q13023
D019966,Q6P4D3
D012871,Q6PJH3
D006528,Q5T621
D056486,Q5T621
D002386,P15121
D016889,P15121
D004715,P15121
D008106,P15121
D012128,P15121
D002289,Q04828
D002471,Q04828
D016889,Q04828
D004715,Q04828
D008106,Q04828
D010003,Q04828
D006528,Q1KXY7
D002471,Q1KXY7
D004715,Q1KXY7
D010003,Q1KXY7
D015430,Q1KXY7
D002471,P42330
D016889,P42330
D004715,P42330
D008106,P42330
D009765,P42330
D011471,P42330
D013274,P42330
D001714,P17516
D010259,P17516
D000230,P31749
D019969,P31749
D001943,P31749
D006528,P31749
D002294,P31749
D006332,P31749
D009202,P31749
D015179,P31749
D003924,P31749
D004195,P31749
D004827,P31749
D005234,P31749
D005355,P31749
D006529,P31749
D006965,P31749
D015228,P31749
D007249,P31749
D015473,P31749
D008175,P31749
D009133,P31749
D009765,P31749
D010051,P31749
D010146,P31749
D011230,P31749
D011471,P31749
D011605,P31749
D012559,P31749
D012878,P31749
D001749,P31749
D015427,Q96B36
D013119,Q96B36
D000230,Q6P4H3
D001943,Q6P4H3
D003924,Q6P4H3
D011471,Q6P4H3
D008106,Q9H8T0
D002292,P13716
D006402,P13716
D006973,P13716
D007674,P13716
D008103,P13716
D008107,P13716
D011471,P13716
D012128,P13716
D012640,P13716
D008114,Q86YM3
D058186,Q6LEH2
D000799,Q6LEH2
D001002,Q6LEH2
D001169,Q6LEH2
D001927,Q6LEH2
D001930,Q6LEH2
D002545,Q6LEH2
D002318,Q6LEH2
D056486,Q6LEH2
D003866,Q6LEH2
D003925,Q6LEH2
D003928,Q6LEH2
D004195,Q6LEH2
D064420,Q6LEH2
D004827,Q6LEH2
D005355,Q6LEH2
D005921,Q6LEH2
D015433,Q6LEH2
D006331,Q6LEH2
D006333,Q6LEH2
D006463,Q6LEH2
D006505,Q6LEH2
D006529,Q6LEH2
D006967,Q6LEH2
D006973,Q6LEH2
D007022,Q6LEH2
D007674,Q6LEH2
D007676,Q6LEH2
D008103,Q6LEH2
D008105,Q6LEH2
D008106,Q6LEH2
D017114,Q6LEH2
D055370,Q6LEH2
D008582,Q6LEH2
D009135,Q6LEH2
D015428,Q6LEH2
D009393,Q6LEH2
D009395,Q6LEH2
D009404,Q6LEH2
D010146,Q6LEH2
D010195,Q6LEH2
D011041,Q6LEH2
D011507,Q6LEH2
D012128,Q6LEH2
D013262,Q6LEH2
D013274,Q6LEH2
D020521,Q6LEH2
D013921,Q6LEH2
D014581,Q6LEH2
D002277,Q13740
D015674,Q13740
D008325,Q13740
D006073,Q8IZ83
D004195,P54886
D002292,Q5SYQ9
D002471,Q5SYQ9
D008106,Q5SYQ9
D008107,Q5SYQ9
D008545,Q5SYQ9
D065626,Q5SYQ9
D020734,Q5SYQ9
D010003,Q9UED3
D020734,Q9UED3
D011471,Q9UED3
D008545,P47895
D013274,P47895
D002779,P30837
D003110,P30837
D006529,P30837
D008106,P30837
D065626,P30837
D056486,Q3SY69
D008106,Q3SY69
D001249,Q9UN17
D015179,Q9UN17
D004938,Q9UN17
D005483,Q9UN17
D008106,Q9UN17
D065626,Q9UN17
D010300,Q9UN17
D011230,Q9UN17
D014652,Q9UN17
D018754,Q9UN17
D002386,Q6PKA6
D065626,Q5TF55
D011230,Q5TF55
D001928,Q8N3W7
D004195,Q8N3W7
D020821,Q8N3W7
D009461,Q8N3W7
D017202,Q02252
D009765,Q02252
D001847,P49419
D013274,P49419
D002779,Q9H2A2
D056486,P49189
D001943,P04075
D017202,P04075
D009361,P04075
D009362,P04075
D056486,P05062
D000860,P05062
D013274,P05062
D004827,Q9NP73
D001932,Q580I3
D001943,Q580I3
D002289,Q580I3
D002292,Q580I3
D002471,Q580I3
D016403,Q580I3
D009362,Q580I3
D009101,Q6P6C2
D001943,Q96BT7
D009361,Q96BT7
D002311,Q8TCU4
D006930,P18054
D010523,P18054
D012871,P18054
D050197,P16050
D004938,P16050
D006973,P16050
D000230,P09917
D000236,P09917
D001172,P09917
D001249,P09917
D050197,P09917
D002292,P09917
D003092,P09917
D003110,P09917
D003875,P09917
D006930,P09917
D006976,P09917
D020244,P09917
D015464,P09917
D009102,P09917
D009361,P09917
D009362,P09917
D009400,P09917
D010051,P09917
D011471,P09917
D015427,P09917
D013274,P09917
D014581,P09917
D050197,P20292
D008107,P20292
D020258,P20292
D011507,P20292
D011471,Q9BYJ1
D003920,Q96QP1
D003928,Q96QP1
D006073,Q96QP1
D009400,Q96QP1
D015431,Q96QP1
D004195,P05186
D008107,P05186
D012640,P05186
D012559,Q60I27
D019465,Q15699
D019465,Q9H161
D008175,Q9H161
D000236,Q9UHK6
D015179,Q9UHK6
D008106,Q9UHK6
D008107,Q9UHK6
D011471,Q9UHK6
D058186,P02760
D002295,P02760
D056486,P02760
D064420,P02760
D019964,P02760
D009361,P02760
D013119,Q9C0C7
D000544,Q6PGR1
D001749,Q6PGR1
D058186,Q9BXJ7
D004487,Q9BXJ7
D005119,Q9BXJ7
D001932,Q4VCS5
D005910,Q8IY63
D009361,Q8IY63
D018908,Q6PH79
D009133,Q6PH79
D009135,Q6PH79
D005355,Q15389
D006984,Q15389
D007249,Q15389
D009410,Q15389
D018805,Q15389
D008106,Q9Y5C1
D001943,Q9BY76
D002277,Q9BY76
D003324,Q9BY76
D050171,Q9BY76
D005234,Q9BY76
D015228,Q9BY76
D009361,Q9BY76
D009362,Q9BY76
D009765,Q9BY76
D006528,Q8NI99
D020521,Q01484
D001714,Q12955
D008175,Q12955
D013226,Q12955
D001749,Q9P2R3
D019465,Q9HCJ1
D004715,Q9HCJ1
D004715,Q05DQ9
D004827,Q8IVY9
D008175,Q8IVF6
D008175,Q5SQ80
D001943,Q69YU3
D001172,Q3KP44
D003324,Q49AR9
D008103,Q68DC2
D006528,Q9NQW6
D005923,Q9NQW6
D004421,Q9BYT9
D004715,Q32M45
D019966,Q32M45
D008106,Q4KMQ2
D015179,Q6PKH8
D004195,Q6PKH8
D017114,Q6PKH8
D001749,P15144
D010024,Q32Q26
D011471,Q32Q26
D002277,Q5TZZ9
D002294,Q5TZZ9
D019465,Q5TZZ9
D006973,Q5TZZ9
D007674,Q5TZZ9
D008106,Q5TZZ9
D015674,Q5TZZ9
D008325,Q5TZZ9
D009361,Q5TZZ9
D009362,Q5TZZ9
D011471,Q5TZZ9
D013272,Q5TZZ9
D010190,Q9UJ72
D002294,P07355
D056486,P07355
D015470,P07355
D008106,P07355
D008113,P07355
D008175,P07355
D015674,P07355
D009361,P07355
D010024,P07355
D015430,P07355
D001749,Q3ZCQ2
D001172,P12429
D008106,P12429
D008180,P12429
D010051,P12429
D011471,P12429
D002277,Q6P452
D006528,Q6P452
D002292,Q6P452
D015470,Q6P452
D008106,Q6P452
D008113,Q6P452
D015674,Q6P452
D008325,Q6P452
D009362,Q6P452
D011230,Q6P452
D011471,Q6P452
D002294,P08758
D015470,P08758
D008106,P08758
D013274,P08758
D015430,P08758
D056486,P08133
D015470,P08133
D008113,P20073
D019969,P28039
D006332,P19801
D006973,P19801
D003920,Q16853
D003921,Q16853
D003928,Q16853
D006973,Q16853
D001281,Q8N6M6
D011230,Q8N6M6
D011471,Q06278
D002780,P61966
D008064,P61966
D008106,Q549M9
D011565,Q53T10
D008106,Q92572
D003924,Q6PK37
D002292,Q9H0R1
D012871,Q99767
D008106,Q7Z5R6
D015430,Q5I0G1
D000230,Q9UM98
D000236,Q9UM98
D001321,Q9UM98
D006528,Q9UM98
D002289,Q9UM98
D002471,Q9UM98
D003110,Q9UM98
D015179,Q9UM98
D006471,Q9UM98
D005909,Q9UM98
D006949,Q9UM98
D007964,Q9UM98
D008113,Q9UM98
D008175,Q9UM98
D015674,Q9UM98
D008654,Q9UM98
D011471,Q9UM98
D012128,Q9UM98
D013163,Q9UM98
D013274,Q9UM98
D015431,Q9UM98
D001943,Q9UNL8
D015179,Q9UNL8
D009765,Q8J025
D006528,P02743
D003324,P02743
D006333,P02743
D008113,P02743
D013262,P02743
D001930,Q5TZP7
D006528,Q5TZP7
D004195,Q5TZP7
D006331,Q5TZP7
D008545,Q5TZP7
D048629,Q5TZP7
D011471,Q5TZP7
D012640,Q5TZP7
D013274,Q5TZP7
D000544,Q4R1J8
D006528,Q9ULZ1
D006332,Q9ULZ1
D005355,Q9ULZ1
D007022,Q9ULZ1
D017202,Q9UED0
D009410,Q9UED0
D008106,Q9HDC9
D000230,Q6LEJ8
D050197,Q6LEJ8
D006528,Q6LEJ8
D056486,Q6LEJ8
D003324,Q6LEJ8
D003875,Q6LEJ8
D004487,Q6LEJ8
D015433,Q6LEJ8
D006973,Q6LEJ8
D000860,Q6LEJ8
D007249,Q6LEJ8
D008175,Q6LEJ8
D013274,Q6LEJ8
D020521,Q6LEJ8
D050197,Q13784
D008106,Q13784
D008114,Q13784
D012559,Q13784
D003324,Q6Q788
D015228,Q6Q788
D002318,Q7Z7Q0
D003327,Q7Z7Q0
D064420,Q7Z7Q0
D050171,Q7Z7Q0
D005234,Q7Z7Q0
D006470,Q7Z7Q0
D006937,Q7Z7Q0
D006949,Q7Z7Q0
D015228,Q7Z7Q0
D008106,Q4VB33
D001943,P31941
D009369,P31941
D001943,Q9UH17
D002294,Q9UH17
D006258,Q9UH17
D009369,Q9UH17
D001749,Q9UH17
D002583,Q9UH17
D000544,P02654
D006333,P02654
D003875,Q6P163
D017114,Q6P163
D008114,Q6P163
D002318,P02656
D003324,P02656
D003875,P02656
D008175,P02656
D005910,P05090
D018476,P05090
D007859,P05090
D019636,P05090
D000230,Q8TCZ8
D000544,Q8TCZ8
D001008,Q8TCZ8
D001161,Q8TCZ8
D050197,Q8TCZ8
D002318,Q8TCZ8
D056486,Q8TCZ8
D003072,Q8TCZ8
D003327,Q8TCZ8
D050171,Q8TCZ8
D005234,Q8TCZ8
D005355,Q8TCZ8
D034381,Q8TCZ8
D006937,Q8TCZ8
D006949,Q8TCZ8
D006973,Q8TCZ8
D008175,Q8TCZ8
D009103,Q8TCZ8
D009203,Q8TCZ8
D009410,Q8TCZ8
D019954,Q8TCZ8
D009765,Q8TCZ8
D011507,Q8TCZ8
D011565,Q8TCZ8
D051437,Q8TCZ8
D012559,Q8TCZ8
D012640,Q8TCZ8
D013163,Q8TCZ8
D006528,Q13790
D056486,P02749
D065626,P02749
D005923,Q2KHQ6
D019970,Q9BQE5
D012559,Q9BQE5
D012559,Q9BRG6
D000544,Q9BYY9
D000647,Q9BYY9
D001008,Q9BYY9
D001927,Q9BYY9
D009202,Q9BYY9
D003072,Q9BYY9
D003704,Q9BYY9
D004195,Q9BYY9
D007859,Q9BYY9
D008106,Q9BYY9
D008569,Q9BYY9
D009336,Q9BYY9
D009410,Q9BYY9
D019636,Q9BYY9
D010243,Q9BYY9
D013118,Q9BYY9
D013163,Q9BYY9
D015430,Q9BYY9
D019636,Q9UKG1
D008106,Q9UKG1
D011471,Q8NEU8
D019966,Q8NEU8
D001943,Q12898
D002292,Q12898
D002277,Q8TCV1
D006973,Q8TCV1
D006980,Q8TCV1
D015674,Q8TCV1
D008325,Q8TCV1
D010146,Q8TCV1
D012772,Q8TCV1
D013119,Q8TCV1
D009202,Q8NHX2
D018500,Q8NHX2
D002294,Q92482
D004938,Q92482
D010051,Q92482
D012878,Q92482
D001749,Q92482
D001321,Q9H3V7
D004195,Q9H3V7
D013119,Q9H3V7
D013226,Q9H3V7
D008106,Q6P5T0
D009765,Q6P5T0
D007938,Q6FGT0
D015470,Q6FGT0
D015473,Q6FGT0
D000505,Q9UKJ6
D001321,Q9UKJ6
D001943,Q9UKJ6
D006528,Q9UKJ6
D006973,Q9UKJ6
D007247,Q9UKJ6
D007333,Q9UKJ6
D007938,Q9UKJ6
D008175,Q9UKJ6
D011471,Q9UKJ6
D001943,Q96II5
D000544,Q7LC44
D019970,Q7LC44
D009069,Q7LC44
D001259,Q6P1Q5
D001249,P15514
D001943,P15514
D002289,P15514
D002294,P15514
D004715,P15514
D006258,P15514
D017202,P15514
D010051,P15514
D011658,P15514
D013274,P15514
D001943,P84077
D009361,P84077
D002658,Q9NP61
D009422,Q9NP61
D013274,Q8N6H7
D001249,P05089
D056486,P05089
D004195,P05089
D009135,P05089
D011230,P05089
D001249,P78540
D006333,P78540
D006976,P78540
D009336,P78540
D009410,P78540
D011471,P78540
D001281,Q86T21
D006528,Q6P4F7
D004715,Q9P2N2
D008106,Q7Z6I6
D009369,Q92619
D013274,Q13017
D003329,Q9BRR9
D008106,Q9BRR9
D001943,P52565
D009362,P52565
D054058,P52566
D008106,P52566
D015430,Q9NZN5
D006528,Q8N4T4
D008175,Q12774
D011471,Q12774
D006528,Q8NFD5
D004827,Q8NFD5
D006528,Q8WV72
D011471,Q8WV72
D006528,Q99856
D011471,Q05CG0
D001172,Q14865
D064420,Q14865
D054198,Q14865
D008106,Q969Q4
D010051,Q969Q4
D008545,P36404
D008545,Q96KC2
D011471,Q15041
D008106,Q96BM9
D008106,Q9P291
D001281,Q5T2E8
D056486,Q9UH46
D015179,Q9UH46
D004715,Q9UH46
D008103,Q9UH46
D008545,Q9UH46
D009374,Q9UH46
D054198,Q9UH46
D001281,Q86TN1
D008103,P49407
D019969,Q68DZ5
D008106,Q68DZ5
D001943,Q96B67
D001943,Q5T4W7
D004195,Q5T4W7
D011537,Q5T4W7
D001289,Q9HBK9
D002658,Q9HBK9
D007333,Q9HBK9
D008175,Q9HBK9
D048629,Q9HBK9
D012559,Q9HBK9
D001749,Q9HBK9
D001281,Q13510
D008064,Q13510
D008106,Q13510
D008107,Q9NR71
D001749,Q8WWA4
D002292,Q8WXK1
D009422,P50553
D003110,Q99929
D008545,Q9Y294
D006528,Q9NVP2
D008113,Q9NR48
D011471,Q9NR48
D001930,P78348
D002545,P78348
D007249,P78348
D001321,Q16515
D007249,Q16515
D007249,Q9UHC3
D008545,P42127
D012878,P42127
D001321,P46597
D008064,P08243
D008106,P08243
D008113,P08243
D000707,Q86U10
D000740,Q86U10
D006528,Q86U10
D002769,Q86U10
D005334,Q86U10
D006417,Q86U10
D007970,Q86U10
D013921,Q86U10
D014839,Q86U10
D006528,Q4G1H2
D008106,Q6P528
D010003,Q6P528
D003925,Q5T6L6
D008107,Q5T6L6
D017114,Q5T6L6
D001930,Q96BL7
D015473,Q76L82
D009190,Q76L82
D015470,Q76L83
D001749,Q76L83
D004827,Q9C0F0
D011471,Q49AP3
D011471,Q5SV16
D009369,P15336
D002289,Q7Z567
D009202,Q7Z567
D002471,Q7Z567
D003921,Q7Z567
D003924,Q7Z567
D020244,Q7Z567
D008106,Q7Z567
D008113,Q7Z567
D009422,Q7Z567
D010051,Q7Z567
D010523,Q7Z567
D011471,Q7Z567
D005234,Q6ICP0
D000860,Q6ICP0
D009336,Q6ICP0
D013119,Q6ICP0
D005910,Q9Y2D1
D003117,P18850
D020795,P18850
D013736,Q6VMQ6
D001943,Q9H0Y0
D008175,Q9BSB4
D000740,Q7Z3H3
D056486,Q7Z3H3
D006529,Q7Z3H3
D053609,Q7Z3H3
D008103,Q7Z3H3
D009336,Q7Z3H3
D010051,Q7Z3H3
D013119,Q7Z3H3
D015431,Q7Z3H3
D001172,P31939
D001766,P31939
D064420,P31939
D010024,P31939
D001943,Q96QM9
D006528,Q96QM9
D002294,Q96QM9
D002311,Q96QM9
D002386,Q96QM9
D005355,Q96QM9
D015451,Q96QM9
D008103,Q96QM9
D008545,Q96QM9
D009203,Q96QM9
D009369,Q96QM9
D010190,Q96QM9
D011297,Q96QM9
D011471,Q96QM9
D013274,Q96QM9
D001749,Q96QM9
D018487,Q96QM9
D056486,Q96SQ7
D015179,Q6IBA3
D006973,Q6IBA3
D008175,Q6IBA3
D008106,Q6PEW3
D009410,Q8N4D4
D010300,Q8N4D4
D010302,Q8N4D4
D020734,Q8N4D4
D000236,Q5TC05
D006973,Q5TC05
D009203,Q5TC05
D017202,Q5TC05
D015428,Q5TC05
D006973,Q58I22
D004421,Q58I21
D006333,Q58I21
D010003,Q58I21
D020734,Q58I21
D018487,Q58I21
D015470,Q6LEU2
D019966,Q6LEU2
D005910,Q58I19
D006332,P16615
D003921,P16615
D003924,P16615
D006331,P16615
D006333,P16615
D015428,P16615
D013226,P16615
D018487,P16615
D000236,Q93084
D003921,Q93084
D003924,Q93084
D002386,Q58F24
D003324,Q58F24
D006973,Q58F24
D000236,Q16720
D006973,Q16720
D000544,P25705
D058186,P06576
D000860,P06576
D065626,P06576
D011230,P06576
D001749,P30049
D002277,Q9UII2
D005234,Q9UII2
D015674,Q9UII2
D008325,Q9UII2
D006331,P56385
D006331,P18859
D003920,Q9B2V5
D018149,Q9B2V5
D006984,Q9B2V5
D001943,Q52LC2
D013274,Q8N8Y2
D010003,P21281
D056486,Q8N5Z9
D008106,Q8N5Z9
D000740,Q762B6
D001259,Q762B6
D003110,Q762B6
D004195,Q762B6
D006130,Q762B6
D006461,Q762B6
D006976,Q762B6
D008114,Q762B6
D009461,Q762B6
D010243,Q762B6
D049188,Q762B6
D012008,Q762B6
D012640,Q762B6
D014202,Q762B6
D001943,Q9HBD9
D002277,Q9HBD9
D015179,Q9HBD9
D004195,Q9HBD9
D050171,Q9HBD9
D005234,Q9HBD9
D006505,Q9HBD9
D007249,Q9HBD9
D007680,Q9HBD9
D008103,Q9HBD9
D008107,Q9HBD9
D017114,Q9HBD9
D008113,Q9HBD9
D008114,Q9HBD9
D010051,Q9HBD9
D011471,Q9HBD9
D019970,Q7Z6L4
D009765,Q5TC12
D011471,Q9H6X2
D019465,Q86U63
D005910,Q86U63
D006130,Q86U63
D009190,Q86U63
D010190,Q86U63
D001281,Q96FF1
D019636,Q96FF1
D012164,Q96FF1
D009410,Q4VBR4
D009422,P0DMR3
D001943,Q5QPD4
D006528,Q5QPD4
D015179,Q5QPD4
D007680,Q5QPD4
D008325,Q5QPD4
D008545,Q5QPD4
D010523,Q5QPD4
D011471,Q5QPD4
D006528,Q96GD4
D013274,Q96GD4
D003924,Q75MQ7
D004827,Q75MQ7
D002289,Q9NQS1
D058186,Q9UMM9
D000647,Q9UMM9
D000787,Q9UMM9
D001145,Q9UMM9
D001321,Q9UMM9
D009202,Q9UMM9
D062787,Q9UMM9
D006471,Q9UMM9
D006333,Q9UMM9
D006930,Q9UMM9
D006973,Q9UMM9
D006975,Q9UMM9
D007010,Q9UMM9
D007022,Q9UMM9
D007177,Q9UMM9
D007511,Q9UMM9
D008569,Q9UMM9
D010146,Q9UMM9
D011141,Q9UMM9
D011618,Q9UMM9
D012559,Q9UMM9
D012769,Q9UMM9
D013375,Q9UMM9
D008175,Q5T686
D001321,P37288
D009202,P30518
D018500,P30518
D006130,P30518
D006333,P30518
D009846,P30518
D002311,Q9BRF5
D003110,Q9BRF5
D015179,Q9BRF5
D004195,Q9BRF5
D017202,Q9BRF5
D020257,Q9BRF5
D002289,P30530
D003928,P30530
D007680,P30530
D008106,P30530
D009361,P30530
D009362,P30530
D009374,P30530
D010190,P30530
D000230,P25311
D008175,P25311
D011471,P25311
D012852,P25311
D058186,Q16446
D001327,Q16446
D064420,Q16446
D006331,Q16446
D007674,Q16446
D016403,Q16446
D011471,Q16446
D011507,Q16446
D065626,Q9P2W7
D019465,Q5U676
D001172,Q9NY97
D001172,Q6UX72
D019465,Q9UBV7
D008106,Q9UPM9
D015470,Q8WXS3
D010051,Q9NWV8
D000544,Q8IYC8
D015470,Q7Z6Q0
D002546,Q92934
D007938,Q92934
D011471,Q92934
D001943,Q99933
D010300,Q9UL15
D001172,Q9UHR4
D003110,Q16611
D008114,Q16611
D009203,Q16611
D009410,Q16611
D006332,Q13145
D006333,Q13145
D008103,Q13145
D008180,Q8NDB2
D001943,Q96TC6
D002292,Q96TC6
D003110,Q96TC6
D006258,Q96TC6
D007680,Q96TC6
D007938,Q96TC6
D008113,Q96TC6
D008175,Q96TC6
D008654,Q96TC6
D010051,Q96TC6
D010190,Q96TC6
D011471,Q96TC6
D013274,Q96TC6
D013736,Q96TC6
D001749,Q96TC6
D014594,Q96TC6
D001943,Q99728
D002277,P80723
D015674,P80723
D008325,P80723
D008545,Q8N1L9
D058186,Q8WXU1
D000544,Q8WXU1
D001943,Q8WXU1
D002543,Q8WXU1
D056486,Q8WXU1
D003110,Q8WXU1
D015179,Q8WXU1
D003921,Q8WXU1
D003924,Q8WXU1
D004938,Q8WXU1
D007511,Q8WXU1
D009203,Q8WXU1
D015428,Q8WXU1
D009410,Q8WXU1
D054198,Q8WXU1
D011471,Q8WXU1
D011471,Q9UIF9
D002545,Q9BXH1
D002051,Q9BXH1
D004938,Q9BXH1
D008114,Q9BXH1
D008106,Q1KLT3
D009361,Q6P5Z4
D010190,Q6P5Z4
D011471,Q6P5Z4
D011471,Q05CL3
D002779,P54687
D015430,P54687
D000544,Q96HL2
D001049,Q96HL2
D001943,Q96HL2
D002292,Q96HL2
D066126,Q96HL2
D019970,Q96HL2
D003072,Q96HL2
D064420,Q96HL2
D004830,Q96HL2
D005909,Q96HL2
D006948,Q96HL2
D015228,Q96HL2
D009103,Q96HL2
D020258,Q96HL2
D009765,Q96HL2
D010243,Q96HL2
D010291,Q96HL2
D010302,Q96HL2
D011041,Q96HL2
D011183,Q96HL2
D012640,Q96HL2
D013610,Q96HL2
D008223,Q9C0K0
D054218,Q9C0K0
D000230,Q96PA0
D000236,Q96PA0
D000544,Q96PA0
D001249,Q96PA0
D001321,Q96PA0
D001943,Q96PA0
D002277,Q96PA0
D002471,Q96PA0
D002543,Q96PA0
D003110,Q96PA0
D015179,Q96PA0
D003921,Q96PA0
D003924,Q96PA0
D007172,Q96PA0
D004938,Q96PA0
D006258,Q96PA0
D006973,Q96PA0
D007859,Q96PA0
D015451,Q96PA0
D015470,Q96PA0
D008114,Q96PA0
D016403,Q96PA0
D008228,Q96PA0
D008569,Q96PA0
D009101,Q96PA0
D009203,Q96PA0
D009336,Q96PA0
D009410,Q96PA0
D054218,Q96PA0
D011471,Q96PA0
D015427,Q96PA0
D001749,Q96PA0
D001172,Q16548
D001943,Q16548
D004938,Q16548
D000236,Q9H1R6
D002277,Q9H1R6
D006528,Q9H1R6
D002543,Q9H1R6
D003921,Q9H1R6
D003924,Q9H1R6
D007172,Q9H1R6
D006258,Q9H1R6
D034381,Q9H1R6
D008107,Q9H1R6
D008114,Q9H1R6
D008175,Q9H1R6
D009101,Q9H1R6
D009203,Q9H1R6
D020258,Q9H1R6
D010190,Q9H1R6
D013274,Q9H1R6
D050197,P20749
D050171,P20749
D008228,Q16413
D010051,Q1JQ81
D006528,Q9BYV7
D007680,Q6W2J9
D015464,Q6QJE9
D008106,Q6QJE9
D009336,Q6QJE9
D009374,Q6QJE9
D054198,Q6QJE9
D056486,Q02338
D008106,Q02338
D003921,P46663
D006930,P46663
D007249,P46663
D010146,P46663
D013163,P46663
D058186,P30411
D001172,P30411
D009202,P30411
D056486,P30411
D004195,P30411
D005119,P30411
D006470,P30411
D006930,P30411
D006940,P30411
D006973,P30411
D007022,P30411
D007249,P30411
D010146,P30411
D013927,P30411
D000544,Q6YNR1
D019969,Q6YNR1
D001321,Q6YNR1
D001714,Q6YNR1
D001930,Q6YNR1
D002545,Q6YNR1
D019970,Q6YNR1
D003638,Q6YNR1
D003866,Q6YNR1
D004827,Q6YNR1
D004830,Q6YNR1
D006556,Q6YNR1
D000860,Q6YNR1
D007249,Q6YNR1
D009410,Q6YNR1
D009422,Q6YNR1
D010300,Q6YNR1
D011618,Q6YNR1
D012559,Q6YNR1
D012640,Q6YNR1
D013226,Q6YNR1
D013274,Q6YNR1
D013375,Q6YNR1
D001930,Q14457
D003110,Q14457
D008175,Q14457
D009203,Q14457
D013119,Q14457
D013226,Q14457
D002289,Q6ZU67
D001281,Q8N1M1
D002779,Q9NWD9
D001249,P02818
D011471,P02818
D001172,P21810
D001943,P21810
D008106,P21810
D008325,P21810
D008175,Q8TAT1
D012893,Q8TAT1
D003924,Q93088
D008228,Q93088
D009436,Q93088
D002972,Q9H2M3
D008106,Q96FU2
D006528,P55957
D013274,P55957
D000544,Q9BTH3
D001943,Q13490
D007938,Q13490
D013274,Q13490
D005234,Q13489
D007938,Q13489
D008106,Q13489
D001749,Q13489
D009369,Q9NR09
D002292,Q6R308
D001172,Q05D26
D008180,Q05D26
D008106,Q6QNY1
D008180,Q6BDS2
D002779,P53004
D008106,P53004
D056486,P30043
D013274,P30043
D015451,Q96LC9
D008106,Q96LC9
D005909,Q5T8Z6
D005910,Q5T8Z6
D009190,Q5T8Z6
D009389,Q5T8Z6
D001847,P12643
D001943,P12643
D066126,P12643
D015179,P12643
D011297,P12643
D013274,P12643
D014511,P12643
D001172,Q53XC5
D001943,Q53XC5
D015179,Q53XC5
D010003,Q53XC5
D010024,Q53XC5
D001172,Q4VBA3
D010003,Q4VBA3
D004715,Q9NQQ8
D008106,Q9NQQ8
D011471,Q9NQQ8
D011658,Q9NQQ8
D013274,Q9NQQ8
D006528,Q8N8U9
D009293,Q8N8U9
D019465,P36894
D001943,Q13873
D006976,Q13873
D002972,Q06HC7
D019465,Q06HC7
D010051,Q06HC7
D009101,Q6NVY4
D011471,Q6NVY4
D013274,Q6NVY4
D015179,Q96DN7
D015179,Q8N9W6
D013274,Q6DKJ9
D012559,Q96B45
D019966,Q96DR5
D001749,Q86TN2
D006528,Q75MQ8
D015179,Q75MQ8
D003924,Q75MQ8
D005910,Q75MQ8
D007680,Q75MQ8
D008113,Q75MQ8
D008175,Q75MQ8
D008545,Q75MQ8
D009374,Q75MQ8
D011471,Q75MQ8
D013964,Q75MQ8
D009203,Q7Z569
D001943,Q9UE29
D002277,Q9UE29
D002471,Q9UE29
D015674,Q9UE29
D008325,Q9UE29
D009369,Q9UE29
D010051,Q9UE29
D010190,Q9UE29
D011471,Q9UE29
D001943,Q9H4L3
D005910,Q9H4L3
D008175,Q9H4L3
D010051,Q9H4L3
D010190,Q9H4L3
D011471,Q9H4L3
D005909,P25440
D000505,Q6PIS5
D056486,Q6PIS5
D003110,Q6PIS5
D005909,Q6PIS5
D006965,Q6PIS5
D006976,Q6PIS5
D011471,Q6PIS5
D013964,Q6PIS5
D004715,Q9H0E9
D001943,Q3SYD8
D001943,Q9P0J6
D010051,Q9P0J6
D009361,Q9HCU9
D009362,Q9HCU9
D011471,P55201
D009845,Q9NSI6
D004195,Q96G97
D009845,Q96G97
D006528,Q54A51
D002292,Q54A51
D004938,Q54A51
D008545,Q54A51
D009361,Q54A51
D009362,Q54A51
D009374,Q54A51
D010190,Q54A51
D006331,Q9UPA5
D008171,Q10588
D010300,Q10588
D012148,Q96Q07
D001321,P43251
D056486,P43251
D009101,Q6IBC8
D012559,Q6IBC8
D006528,P78543
D002292,Q6IAU3
D002779,Q6IAU3
D001943,P78410
D006528,Q9BXX5
D015179,Q9BXX5
D008545,Q7L1Q6
D004195,Q75MG1
D015451,Q9P2W6
D008545,Q9H3H3
D006528,Q8N912
D010051,Q9NSK7
D019966,Q8NEA5
D001281,Q5T7R7
D005076,P02745
D008106,P02745
D008180,P02745
D013262,P02745
D008103,Q6LDZ7
D008106,Q6LDZ7
D017202,Q6LDZ7
D001943,Q07021
D008106,P02747
D065626,P02747
D013262,P02747
D004715,P00736
D001327,P09871
D003882,Q95IG1
D003924,Q8NCU7
D058186,P01024
D056486,P01024
D003924,P01024
D064420,P01024
D015433,P01024
D011695,P01024
D020244,P01024
D007333,P01024
D002546,P01024
D001321,Q9UNU2
D001327,Q9UNU2
D003875,Q9UNU2
D002779,Q8IY42
D010538,P01031
D008106,P21730
D012772,P21730
D008106,Q8TCS7
D008581,Q05CV2
D008581,Q05CV3
D008106,P07360
D006528,Q9UGI4
D003882,Q9UGI4
D004890,Q9UGI4
D009293,Q9UGI4
D005128,Q96LT7
D009410,Q96LT7
D000230,P00915
D013274,P00915
D008175,Q9NXM9
D000230,P00918
D006528,P00918
D010024,P00918
D013274,P00918
D056486,P07451
D008106,P07451
D009765,P07451
D002289,Q16790
D006976,Q16790
D000860,Q16790
D015464,Q16790
D006529,Q8IVU9
D006332,Q05C66
D015179,Q8TDN4
D001259,Q9UN69
D004832,Q9UN69
D010523,Q9HBI4
D001008,Q86XX1
D001145,Q86XX1
D001321,Q86XX1
D001714,Q86XX1
D003865,Q86XX1
D006973,Q86XX1
D007003,Q86XX1
D017880,Q86XX1
D011595,Q86XX1
D000236,Q01668
D001714,Q01668
D001919,Q01668
D003638,Q01668
D004195,Q01668
D006327,Q01668
D012804,Q01668
D013617,Q01668
D001321,Q9NYY7
D064420,Q9NYY7
D004832,Q9NYY7
D006930,Q9NYY7
D010523,Q9NYY7
D012131,Q13698
D003110,Q9UIU0
D006930,Q9UIU0
D006973,Q9UIU0
D009437,Q9UIU0
D010146,Q9UIU0
D001259,Q9NY47
D002819,Q9NY47
D004832,Q9NY47
D034381,Q9NY47
D007247,Q9NY47
D001259,Q9NZA2
D004829,Q9NZA2
D015179,Q86Y37
D001321,Q9BY67
D001943,Q9BY67
D003866,Q9BY67
D028361,Q9BY67
D001321,Q86UW7
D056486,Q86UW7
D002779,Q86UW7
D019966,Q86UW7
D007674,P05937
D001169,P06881
D001321,P06881
D002375,P06881
D004195,P06881
D004487,P06881
D006930,P06881
D006934,P06881
D006948,P06881
D006973,P06881
D006976,P06881
D007249,P06881
D008881,P06881
D010003,P06881
D011471,P06881
D011658,P06881
D008881,P10092
D015179,Q13137
D006934,P30988
D010024,P30988
D001172,Q9NYG1
D001749,Q8IU99
D000544,Q96HY3
D019970,Q96HY3
D015430,Q96HY3
D019970,Q96HY3
D008175,P27482
D015179,P27797
D017202,P27797
D009361,P27797
D011471,P27797
D001281,Q6IAW5
D009361,Q6IAW5
D001289,Q9NYX4
D004195,Q9NYX4
D008569,Q9NYX4
D019970,Q8IWE0
D006529,Q8IWE0
D006930,Q8IWE0
D028361,Q8IWE0
D019970,Q75LA8
D011605,Q75LA8
D012559,Q75LA8
D001281,Q4G1A8
D008106,Q4G1A8
D017202,Q4G1A8
D019970,Q16566
D009422,Q8N5S9
D010051,Q8IZW1
D011471,Q8IZW1
D002658,Q7Z624
D007859,Q7Z624
D019957,Q7Z624
D018908,Q7Z624
D004890,Q96JM3
D056486,P27824
D017202,P27824
D056486,Q5T0S3
D010024,Q5T0S3
D006528,P40123
D002292,Q9BPX3
D015470,Q9BPX3
D008106,Q9BPX3
D008545,P07384
D009369,P07384
D003924,Q9HC96
D003072,P17655
D015470,P17655
D011471,P04632
D054058,Q7L4N0
D002277,Q7L4N0
D015674,Q7L4N0
D008325,Q7L4N0
D002292,Q9BXL7
D016403,Q9BXL7
D011565,Q9BXL6
D002289,P57730
D002294,P57730
D006073,Q9Y2G2
D003324,Q9NXV6
D011565,Q86X55
D001008,Q16568
D019970,Q16568
D006930,Q16568
D006980,Q16568
D009765,Q16568
D002277,Q5JS79
D002526,Q5JS79
D002972,Q5JS79
D015674,Q5JS79
D008325,Q5JS79
D000419,Q5FBZ0
D020138,Q5FBZ0
D006967,Q5FBZ0
D007249,Q5FBZ0
D007333,Q5FBZ0
D007674,Q5FBZ0
D008106,Q5FBZ0
D009103,Q5FBZ0
D015428,Q5FBZ0
D009765,Q5FBZ0
D011014,Q5FBZ0
D013226,Q5FBZ0
D008228,Q92851
D008545,Q92851
D012878,Q92851
D013274,Q92851
D008106,Q6UXS9
D015428,Q6UXS9
D002292,P42575
D000544,P42574
D002545,P42574
D002543,P42574
D003921,P42574
D003924,P42574
D003925,P42574
D003929,P42574
D004487,P42574
D009203,P42574
D015428,P42574
D009410,P42574
D009422,P42574
D020258,P42574
D015427,P42574
D018805,P42574
D013119,P42574
D013226,P42574
D013345,P42574
D008106,P49662
D012559,P49662
D001943,Q5SVL2
D015470,Q5SVL2
D008106,Q5SVL2
D015428,Q5SVL2
D000230,Q6NVI2
D001943,Q6NVI2
D006528,Q6NVI2
D002289,Q6NVI2
D002543,Q6NVI2
D015179,Q6NVI2
D003924,Q6NVI2
D004487,Q6NVI2
D004938,Q6NVI2
D008175,Q6NVI2
D008545,Q6NVI2
D028361,Q6NVI2
D015428,Q6NVI2
D054198,Q6NVI2
D015427,Q6NVI2
D012878,Q6NVI2
D013226,Q6NVI2
D013274,Q6NVI2
D002583,Q6NVI2
D002545,Q5JRU8
D004487,Q5JRU8
D002546,Q5JRU8
D015428,Q5JRU8
D009422,Q5JRU8
D010523,Q5JRU8
D011471,Q5JRU8
D006934,Q86UN7
D006996,Q86UN7
D000544,Q9NQ75
D017114,Q86YM9
D009205,Q86YM9
D009336,Q86YM9
D018487,Q86YM9
D001281,Q86V15
D011471,Q86V15
D020521,Q86V15
D000014,Q6IB77
D001169,Q6IB77
D001172,Q6IB77
D001249,Q6IB77
D001321,Q6IB77
D002545,Q6IB77
D001943,Q6IB77
D006528,Q6IB77
D002289,Q6IB77
D009202,Q6IB77
D066126,Q6IB77
D002471,Q6IB77
D056486,Q6IB77
D002779,Q6IB77
D003865,Q6IB77
D003920,Q6IB77
D003921,Q6IB77
D003924,Q6IB77
D003929,Q6IB77
D004409,Q6IB77
D004487,Q6IB77
D005234,Q6IB77
D005910,Q6IB77
D006333,Q6IB77
D006505,Q6IB77
D006940,Q6IB77
D006973,Q6IB77
D006980,Q6IB77
D007022,Q6IB77
D007676,Q6IB77
D008180,Q6IB77
D016403,Q6IB77
D008654,Q6IB77
D009203,Q6IB77
D015428,Q6IB77
D009336,Q6IB77
D009361,Q6IB77
D009362,Q6IB77
D009369,Q6IB77
D065626,Q6IB77
D011230,Q6IB77
D047928,Q6IB77
D011565,Q6IB77
D011654,Q6IB77
D011655,Q6IB77
D011658,Q6IB77
D015427,Q6IB77
D012640,Q6IB77
D013226,Q6IB77
D013276,Q6IB77
D001749,Q6IB77
D001281,Q2TNI1
D001943,Q2TNI1
D006332,Q2TNI1
D003921,Q2TNI1
D006973,Q2TNI1
D008106,Q2TNI1
D008175,Q2TNI1
D009362,Q2TNI1
D010051,Q2TNI1
D011471,Q2TNI1
D011658,Q2TNI1
D013262,Q2TNI1
D013274,Q2TNI1
D015430,Q2TNI1
D001172,Q53X57
D001281,Q53X57
D011471,Q53X57
D006332,P56539
D003921,P56539
D006330,P56539
D015430,Q6NZI2
D002972,Q13951
D006330,Q13951
D015470,Q13951
D002658,P22681
D006130,P22681
D014657,P22681
D004681,Q13191
D009103,Q13191
D012559,P27352
D006976,Q8IUK8
D006528,P16152
D009202,P16152
D003110,P16152
D007676,P16152
D011471,P16152
D002318,Q5CCK7
D003924,Q5CCK7
D020138,Q5CCK7
D006973,Q5CCK7
D008228,Q5CCK7
D008545,Q5CCK7
D011471,Q9Y654
D015179,Q6I9T7
D006528,Q6UXH8
D008106,Q96EE4
D008113,Q9H6E4
D011230,Q9H6E4
D012559,Q6PK04
D000544,Q05CP8
D008545,Q8NA47
D056486,Q76M96
D016403,Q9H6F5
D019966,Q05D28
D003327,Q53HC0
D003924,Q53HC0
D019969,Q5STF0
D011471,Q5STF0
D000855,Q6FG82
D002375,Q6FG82
D004409,Q6FG82
D005334,Q6FG82
D005767,Q6FG82
D006948,Q6FG82
D007249,Q6FG82
D008107,Q6FG82
D019954,Q6FG82
D020258,Q6FG82
D010195,Q6FG82
D012640,Q6FG82
D013276,Q6FG82
D014474,Q6FG82
D019970,P32239
D006930,P32239
D009771,P32239
D016584,P32239
D013375,P32239
D004715,P22362
D005921,P22362
D006976,P22362
D009395,P22362
D001249,Q6I9T4
D002545,Q6I9T4
D004342,Q6I9T4
D004715,Q6I9T4
D006967,Q6I9T4
D007249,Q6I9T4
D011014,Q6I9T4
D011658,Q6I9T4
D006528,Q16627
D006967,Q92583
D011014,Q92583
D002471,P55774
D008175,P55774
D006967,Q6IBD6
D011014,Q6IBD6
D001249,P13500
D050197,P13500
D001930,P13500
D002545,P13500
D002294,P13500
D066126,P13500
D002318,P13500
D056486,P13500
D003324,P13500
D003928,P13500
D064420,P13500
D016889,P13500
D005234,P13500
D005921,P13500
D006333,P13500
D006930,P13500
D006943,P13500
D006946,P13500
D006967,P13500
D006973,P13500
D006976,P13500
D020244,P13500
D007249,P13500
D007333,P13500
D007676,P13500
D008103,P13500
D008106,P13500
D008107,P13500
D055370,P13500
D024821,P13500
D009101,P13500
D017202,P13500
D015428,P13500
D009361,P13500
D009395,P13500
D009436,P13500
D009765,P13500
D007752,P13500
D011014,P13500
D029424,P13500
D011658,P13500
D015427,P13500
D012128,P13500
D012559,P13500
D013226,P13500
D013964,P13500
D001943,P78556
D003110,P78556
D003921,P78556
D006967,P78556
D008114,P78556
D009103,P78556
D009362,P78556
D010190,P78556
D011014,P78556
D012871,P78556
D001172,Q5VZ73
D050197,P10147
D002545,P10147
D006528,P10147
D003110,P10147
D005921,P10147
D006967,P10147
D007249,P10147
D055370,P10147
D017202,P10147
D009361,P10147
D011658,P10147
D015427,P10147
D013226,P10147
D012871,P16619
D050197,Q7M4M2
D002545,Q7M4M2
D064420,Q7M4M2
D005921,Q7M4M2
D006967,Q7M4M2
D007249,Q7M4M2
D055370,Q7M4M2
D017202,Q7M4M2
D011014,Q7M4M2
D011658,Q7M4M2
D012871,Q7M4M2
D001249,P13501
D005921,P13501
D008105,P13501
D008106,P13501
D009361,P13501
D011658,P13501
D002779,Q7Z7Q8
D005921,Q7Z7Q8
D006967,Q7Z7Q8
D020244,Q7Z7Q8
D009395,Q7Z7Q8
D011014,Q7Z7Q8
D001172,P80075
D006967,P80075
D011014,P80075
D001172,P20248
D006528,P20248
D008175,P20248
D000230,P29279
D001172,P29279
D005923,P29279
D006333,P29279
D006973,P29279
D007247,P29279
D008103,P29279
D008106,P29279
D008171,P29279
D008175,P29279
D011297,P29279
D011658,P29279
D006528,P78396
D008106,P20248
D006528,P14635
D002289,P14635
D000230,Q6FI00
D001932,Q6FI00
D001943,Q6FI00
D002277,Q6FI00
D006528,Q6FI00
D002294,Q6FI00
D002295,Q6FI00
D002471,Q6FI00
D003110,Q6FI00
D015179,Q6FI00
D016889,Q6FI00
D004938,Q6FI00
D006965,Q6FI00
D007680,Q6FI00
D007938,Q6FI00
D008113,Q6FI00
D008114,Q6FI00
D008175,Q6FI00
D015674,Q6FI00
D008325,Q6FI00
D009101,Q6FI00
D017202,Q6FI00
D009374,Q6FI00
D011230,Q6FI00
D011471,Q6FI00
D013274,Q6FI00
D013964,Q6FI00
D001749,Q6FI00
D002583,Q6FI00
D006332,P30279
D003110,P30279
D015179,P30279
D003924,P30279
D005355,P30279
D015470,P30279
D017202,P30279
D010051,P30279
D011471,P30279
D054218,Q5T8J1
D001943,P24864
D006528,P24864
D010051,P24864
D012008,P24864
D001749,P24864
D004715,Q8WUE3
D006528,P41002
D008106,P51959
D008175,P51959
D001943,P51946
D002277,P51946
D002289,P51946
D003110,P51946
D004938,P51946
D005909,P51946
D008113,P51946
D015674,P51946
D008325,P51946
D010051,P51946
D011471,P51946
D006528,Q5U003
D003110,Q5U003
D006967,Q5U003
D008107,Q5U003
D011014,Q5U003
D013226,P46092
D056486,P41597
D006967,P41597
D008107,P41597
D011014,P41597
D011658,P41597
D013226,P41597
D011658,Q96T97
D013226,Q96T97
D002545,Q9ULM6
D005910,Q9ULM6
D008113,Q9ULM6
D058186,Q9UN28
D003110,Q9UN28
D015179,Q9UN28
D009362,Q9UN28
D009374,Q9UN28
D009393,Q9UN28
D001172,P51684
D006967,P51684
D011014,P51684
D013226,P32248
D013226,P51685
D006967,Q9UN87
D011014,Q9UN87
D013226,Q9UN87
D019970,Q9C0I3
D010024,P78371
D056486,Q5SZX9
D001943,P48643
D056486,P48643
D004195,P48643
D002051,Q92526
D058186,Q6IBT3
D007683,Q6IBT3
D013274,Q6IBT3
D001943,Q6YHK3
D015179,Q6YHK3
D001249,P08571
D001930,P08571
D003967,P08571
D006073,P08571
D008103,P08571
D065626,P08571
D015431,P08571
D006528,Q86VB7
D006943,Q86VB7
D006946,Q86VB7
D007333,Q86VB7
D008106,Q86VB7
D009765,Q86VB7
D008545,Q9NR16
D001172,Q5JVN7
D009404,Q5JVN7
D013927,Q5JVN7
D008106,Q8TD46
D008106,Q6Q8B3
D015179,Q15762
D004715,Q15762
D008180,Q15762
D008106,P25063
D010190,P25063
D001172,Q9BZW8
D002311,P26842
D009205,P26842
D006528,Q9NZQ7
D006967,Q9NZQ7
D008175,Q9NZQ7
D008223,Q9NZQ7
D008545,Q9NZQ7
D010051,Q9NZQ7
D012008,Q9NZQ7
D013274,Q9NZQ7
D019966,Q9NZQ7
D006528,Q5ZPR3
D008106,Q5ZPR3
D011471,Q5ZPR3
D001172,P10747
D001327,P10747
D000544,Q9Y5K6
D005923,Q9Y5K6
D000544,Q546G0
D015470,Q546G0
D006528,Q9UH97
D002471,Q9UH97
D002311,Q13965
D003327,Q13965
D003924,Q13965
D018149,Q13965
D006973,Q13965
D007333,Q13965
D008106,Q13965
D008288,Q13965
D017202,Q13965
D015427,Q13965
D013203,Q13965
D015430,Q13965
D000419,P28907
D008106,P28907
D017202,P28907
D008105,P04234
D008107,P04234
D020258,P04234
D001172,P07766
D007249,P07766
D009410,Q6LCP8
D001172,Q6P2H9
D001943,Q6P2H9
D006689,Q6P2H9
D006943,Q6P2H9
D006946,Q6P2H9
D007333,Q6P2H9
D009103,Q6P2H9
D009765,Q6P2H9
D013226,Q6P2H9
D001327,Q45QX2
D003324,Q45QX2
D006689,Q45QX2
D006967,Q45QX2
D006976,Q45QX2
D008180,Q45QX2
D009336,Q45QX2
D011014,Q45QX2
D058186,Q9P2Z2
D015470,Q9P2Z2
D015473,Q9P2Z2
D008325,Q9P2Z2
D009103,Q9P2Z2
D009362,Q9P2Z2
D009410,Q9P2Z2
D010190,Q9P2Z2
D012871,Q9P2Z2
D013274,Q9P2Z2
D001714,Q08722
D008106,Q6IAZ2
D001172,P06127
D015451,P06127
D008106,P19397
D019969,P08174
D004715,P08174
D009103,Q9BRW0
D007674,Q6FHM9
D009103,Q8N4Q7
D008106,P08962
D008114,P08962
D003921,P34810
D006946,P34810
D007333,P34810
D007511,P34810
D007676,P34810
D008106,P34810
D009765,P34810
D001168,Q6LAB3
D001169,Q6LAB3
D008106,Q29VG3
D002311,P32970
D009205,P32970
D001943,P04233
D002289,P04233
D008106,P04233
D017114,P04233
D016403,P11912
D008107,Q6PIS4
D016403,Q6PIS4
D008105,P33681
D009361,P27701
D009362,P27701
D001172,Q01151
D008106,Q01151
D012871,Q01151
D008106,P42081
D008107,P42081
D009101,P42081
D029424,Q96QR6
D002289,P21926
D015179,P21926
D005909,P21926
D015470,P21926
D008103,P21926
D009410,P21926
D011471,P21926
D009103,Q8WUE2
D001943,Q71UE9
D003638,Q9UNH5
D009845,Q9UNH5
D006528,Q12834
D056486,Q7LDQ7
D006528,Q9H2F0
D011471,P30260
D002277,Q5JYX0
D015674,Q5JYX0
D008325,Q5JYX0
D009336,Q5JYX0
D008106,Q9NRR8
D006528,Q99741
D006528,Q69YH5
D006528,Q99618
D006528,Q96FF9
D006528,Q53HL2
D019966,Q9H5V8
D001943,Q9UM11
D002277,Q9UM11
D002294,Q9UM11
D002471,Q9UM11
D015179,Q9UM11
D016889,Q9UM11
D005355,Q9UM11
D007674,Q9UM11
D008103,Q9UM11
D008114,Q9UM11
D015674,Q9UM11
D008325,Q9UM11
D008654,Q9UM11
D009361,Q9UM11
D009362,Q9UM11
D009374,Q9UM11
D009410,Q9UM11
D010051,Q9UM11
D010190,Q9UM11
D011230,Q9UM11
D011471,Q9UM11
D013274,Q9UM11
D001749,Q9UM11
D001321,Q9Y6N8
D011471,P55289
D019969,P55290
D006528,P55290
D002289,P55290
D004938,P55290
D008175,P55290
D011471,P55290
D019966,P55290
D001943,P19022
D004195,P19022
D017202,P19022
D009361,P19022
D009362,P19022
D009410,P19022
D013226,P19022
D013274,P19022
D015179,Q49AS4
D001943,Q4VAI4
D015179,Q4VAI4
D008105,Q4VAI4
D008106,Q4VAI4
D015179,Q9ULB5
D001321,Q32LY1
D001249,Q6ZTQ4
D006528,P06493
D008106,P06493
D016403,P06493
D011471,Q9NYV4
D009103,Q00537
D020964,P24941
D008545,P24941
D011471,Q6IAV4
D001932,Q96BE9
D002277,Q96BE9
D006528,Q96BE9
D015674,Q96BE9
D008325,Q96BE9
D009374,Q96BE9
D013274,Q96BE9
D001927,Q8TAM4
D003072,Q8TAM4
D009410,Q8TAM4
D000740,Q00534
D001172,Q00534
D001281,Q00534
D005909,Q00534
D015470,Q00534
D008325,Q00534
D054198,Q00534
D020521,Q00534
D003924,Q5VV42
D002471,Q92772
D008325,Q92772
D009362,Q92772
D001281,P38936
D002295,P38936
D003110,P38936
D003928,P38936
D020964,P38936
D006984,P38936
D007674,P38936
D008106,P38936
D008113,P38936
D008175,P38936
D011471,P38936
D029424,P38936
D015427,P38936
D013274,P38936
D001749,P38936
D001943,Q708J1
D006528,Q708J1
D007680,Q708J1
D008113,Q708J1
D008175,Q708J1
D008654,Q708J1
D010051,Q708J1
D010911,Q708J1
D011471,Q708J1
D013274,Q708J1
D014594,Q708J1
D000230,P49918
D016889,P49918
D008175,P49918
D008545,P49918
D000230,Q9UPB7
D001847,Q9UPB7
D001932,Q9UPB7
D001943,Q9UPB7
D006528,Q9UPB7
D002289,Q9UPB7
D002294,Q9UPB7
D015179,Q9UPB7
D004938,Q9UPB7
D005910,Q9UPB7
D008113,Q9UPB7
D008175,Q9UPB7
D008223,Q9UPB7
D016403,Q9UPB7
D008545,Q9UPB7
D008654,Q9UPB7
D048629,Q9UPB7
D009101,Q9UPB7
D009361,Q9UPB7
D009369,Q9UPB7
D010190,Q9UPB7
D010523,Q9UPB7
D011041,Q9UPB7
D011230,Q9UPB7
D054198,Q9UPB7
D029424,Q9UPB7
D013274,Q9UPB7
D001749,Q9UPB7
D008106,Q96HQ2
D006528,Q8NIA6
D003324,Q8NIA6
D005910,Q8NIA6
D008113,Q8NIA6
D008223,Q8NIA6
D009190,Q8NIA6
D011041,Q8NIA6
D006528,Q9P1T2
D013274,P55273
D006528,Q16667
D008106,Q16667
D003924,Q16878
D008106,Q16878
D002277,Q92903
D056486,Q92903
D015674,Q92903
D008325,Q92903
D006528,Q9H211
D003110,Q99626
D011230,Q99626
D013274,Q99626
D000230,Q3KRG8
D008175,Q3KRG8
D010300,P40199
D006528,P49715
D002294,P49715
D006258,P49715
D007247,P49715
D015470,P49715
D015473,P49715
D009765,P49715
D011230,P49715
D011658,P49715
D012878,P49715
D000230,Q9BSC0
D001930,Q9BSC0
D002545,Q9BSC0
D006528,Q9BSC0
D006332,Q9BSC0
D005234,Q9BSC0
D005355,Q9BSC0
D007247,Q9BSC0
D011658,Q9BSC0
D013274,Q9BSC0
D006528,Q504X4
D015470,Q504X4
D008106,Q504X4
D017202,Q504X4
D015473,Q15744
D054198,Q15744
D009436,Q9BXF3
D056486,Q9UNI1
D008106,Q9UNI1
D050197,P08217
D006973,P08217
D024821,P08217
D008106,Q5VZZ6
D011471,Q5VZZ6
D012559,Q5VZZ6
D013262,Q5VZZ6
D003324,Q9HCU4
D006528,Q9NYQ7
D008106,Q9UHN6
D006528,P49450
D006528,Q02224
D001943,P49454
D006528,P49454
D011471,P49454
D006528,Q9NSP4
D006528,Q09GN1
D006528,Q5EE01
D006528,Q9UPN4
D006528,Q53EZ4
D001281,Q05C09
D008106,Q9H5N7
D019966,Q6ZMG9
D002289,Q9Y5P4
D004827,Q9Y5P4
D001930,P23141
D019970,P23141
D006937,P23141
D008175,P23141
D009765,P23141
D009293,P23141
D019970,Q6IPK9
D064420,Q6IPK9
D008106,Q6IPK9
D008106,Q6UWW8
D017202,Q6UWW8
D012128,Q6UWW8
D050197,Q9H4L8
D006528,Q9H4L8
D002318,Q9H4L8
D004195,Q9H4L8
D050171,Q9H4L8
D006949,Q9H4L8
D006973,Q9H4L8
D015228,Q9H4L8
D056486,Q9Y6A4
D012559,Q49A14
D001930,P00751
D008180,P00751
D009157,P00751
D004715,P00746
D005921,P00746
D006333,P00746
D008106,P00746
D011658,P00746
D056486,Q5TFM2
D013262,Q03591
D002779,Q05CF5
D001943,P23528
D009361,P23528
D009362,P23528
D011230,P23528
D001281,Q549N0
D006528,P27918
D008106,P27918
D013262,P27918
D015179,Q9UMN4
D003550,Q9UMN4
D010195,Q9UMN4
D012852,Q9UMN4
D019966,Q9UMN4
D001281,Q96QJ4
D009845,Q96QJ4
D008113,Q99674
D006528,Q13112
D015427,Q6LEN6
D012164,Q6LEN6
D012640,Q6LEN6
D019966,Q9NX63
D015179,Q7Z4M7
D008569,Q7Z4M7
D011471,Q7Z4M7
D019966,Q86WJ1
D004827,Q8N677
D011471,Q2TAZ1
D001321,Q05CG6
D002658,Q05CG6
D016889,Q05CG6
D008175,Q05CG6
D012559,Q05CG6
D013274,Q05CG6
D015179,Q8TDI0
D012008,Q8TDI0
D002295,Q8TD26
D011471,Q8TD26
D001749,Q8TD26
D011471,Q9P2D1
D001008,Q9HCK8
D001321,Q9HCK8
D005767,Q9HCK8
D006333,Q8NE62
D001943,Q6W8P8
D002289,Q96EP1
D016889,Q96EP1
D013274,Q96EP1
D002289,P10645
D010673,P10645
D005909,Q9NY41
D005910,Q9NY41
D009361,Q9NY41
D010003,Q9NY41
D012559,Q9NY41
D015470,Q9UKJ5
D012559,Q96FC9
D010051,Q96CF2
D015470,Q9NZZ3
D008113,Q75MY2
D011230,Q75MY2
D010300,Q99653
D012128,Q8WUD6
D002545,Q53XZ3
D004827,Q53XZ3
D008569,Q53XZ3
D012640,Q53XZ3
D001919,Q96RH0
D001930,Q96RH0
D003921,Q96RH0
D003929,Q96RH0
D004827,Q96RH0
D019966,Q96RH0
D001201,Q96RG9
D056486,Q96RG9
D008103,Q96RG9
D001745,Q96RG9
D002389,Q96RG8
D014202,Q96RG8
D019970,Q8IVW0
D013375,Q8IVW0
D005355,Q53SH4
D008175,Q15822
D008175,Q6EWN2
D012640,Q6EWN2
D001289,Q5RLM1
D001321,Q5RLM1
D002658,Q5RLM1
D004421,Q5RLM1
D007249,Q5RLM1
D009422,Q5RLM1
D012640,Q5RLM1
D012893,Q5RLM1
D001008,Q6EWN4
D008175,Q6EWN4
D012640,Q6EWN4
D019966,Q6EWN4
D013375,Q6EWN4
D013375,Q15825
D000544,Q693P7
D001321,Q693P7
D001930,Q693P7
D004829,Q693P7
D008175,Q693P7
D008569,Q693P7
D009361,Q693P7
D009410,Q693P7
D019954,Q693P7
D012640,Q693P7
D013375,Q693P7
D002471,Q9UGM1
D000544,Q5SXY3
D001008,Q5SXY3
D001289,Q5SXY3
D001321,Q5SXY3
D007035,Q5SXY3
D007249,Q5SXY3
D009410,Q5SXY3
D012021,Q5SXY3
D012893,Q5SXY3
D013375,Q5SXY3
D008175,P30926
D012640,P30926
D013375,P30926
D010243,Q07001
D019465,Q8NCH0
D009123,Q8NCH0
D011471,Q8NCH0
D008175,Q7LFX5
D008106,Q86X52
D000015,Q562E6
D001321,Q562E6
D002972,Q562E6
D005315,Q562E6
D017880,Q562E6
D001289,Q96RK0
D009362,Q96RK0
D006333,Q8N5P9
D008106,Q8N5P9
D008113,Q8N5P9
D009765,Q8N5P9
D001172,Q6LC19
D017202,Q53XX5
D003924,Q8N5K1
D008288,Q9NSE2
D011230,Q9NSE2
D006345,Q99967
D009133,Q99967
D009369,Q99967
D004421,Q5SYW2
D011471,Q5SYW2
D006528,Q8IYA6
D054058,P12277
D000230,P12277
D056486,P12277
D017379,P12277
D009203,P12277
D013274,P12277
D008106,Q5BJH6
D054058,P06732
D003110,P06732
D017379,P06732
D007511,P06732
D009203,P06732
D008175,Q9UQC9
D005910,P51788
D005910,Q7Z4M4
D013274,Q7Z4M4
D005910,P51795
D011507,P51795
D006973,P51800
D001249,P56856
D010195,P57739
D011471,Q75L79
D013274,Q75L79
D001943,Q75L80
D017202,Q8IUN9
D000740,Q9Y240
D010024,Q9Y240
D001172,Q5QGZ9
D008105,Q2KHT3
D008180,Q2KHT3
D009103,Q2KHT3
D006528,Q9P126
D006967,Q9UMR7
D008106,Q9UMR7
D008171,Q8WXI8
D001930,Q9ULY5
D008171,Q9ULY5
D008106,Q8N1N0
D006528,Q6UXB4
D006528,Q2TB20
D001943,Q5SRT3
D008106,Q5SRT3
D009362,Q5SRT3
D010003,Q5SRT3
D008106,Q86YM0
D010003,Q6FIC5
D011471,Q6FIC5
D015430,Q6FIC5
D013274,Q9UP10
D001284,Q9NWW5
D004195,Q9NWW5
D007249,Q9NWW5
D019957,Q9NWW5
D014786,Q9NWW5
D015431,Q9NWW5
D004195,Q9UBY8
D008545,P54105
D008106,Q92989
D002289,Q96KA5
D007945,Q96KA5
D008175,Q96KA5
D011471,Q96KA5
D001749,Q96KA5
D002583,Q96KA5
D008113,Q9H4D0
D008175,P09497
D016403,Q49AL0
D006528,Q9HBJ8
D058186,Q8IWM0
D000544,Q8IWM0
D001284,Q8IWM0
D056486,Q8IWM0
D064420,Q8IWM0
D007674,Q8IWM0
D008180,Q8IWM0
D008545,Q8IWM0
D009389,Q8IWM0
D010003,Q8IWM0
D011471,Q8IWM0
D012640,Q8IWM0
D001943,Q15846
D006973,Q4FEB5
D017379,Q4FEB5
D011658,Q4FEB5
D009103,Q9Y471
D001943,Q9NRP2
D003924,Q8IY22
D008106,Q96MX0
D006528,Q96KN2
D003928,Q96KN2
D008106,Q96KN2
D009461,Q96KN2
D003928,Q96KP4
D005234,Q96KP4
D003117,Q16281
D003117,Q0QD47
D004715,Q8TBE1
D003924,Q8WXI2
D002292,Q6FHE4
D002277,Q9BWY6
D015674,Q9BWY6
D008325,Q9BWY6
D011471,Q9BWY6
D008545,Q9NRU3
D001145,Q9H8M5
D007674,Q9H8M5
D012640,Q9H8M5
D008106,P09543
D015179,Q9BV87
D013274,Q9Y2B0
D008106,Q8N129
D001008,Q9BYY6
D001289,Q9BYY6
D002375,Q9BYY6
D002779,Q9BYY6
D019970,Q9BYY6
D003072,Q9BYY6
D004195,Q9BYY6
D016889,Q9BYY6
D004715,Q9BYY6
D018149,Q9BYY6
D006930,Q9BYY6
D007022,Q9BYY6
D007035,Q9BYY6
D008103,Q9BYY6
D008106,Q9BYY6
D008569,Q9BYY6
D019957,Q9BYY6
D009069,Q9BYY6
D009103,Q9BYY6
D009128,Q9BYY6
D009410,Q9BYY6
D009765,Q9BYY6
D010146,Q9BYY6
D010190,Q9BYY6
D010195,Q9BYY6
D012208,Q9BYY6
D012559,Q9BYY6
D012640,Q9BYY6
D013226,Q9BYY6
D013313,Q9BYY6
D019966,Q9BYY6
D013375,Q9BYY6
D015430,Q9BYY6
D015431,Q9BYY6
D050197,P34972
D001943,P34972
D002375,P34972
D002779,P34972
D003866,P34972
D003967,P34972
D004195,P34972
D016889,P34972
D006930,P34972
D006940,P34972
D006943,P34972
D015470,P34972
D008103,P34972
D010190,P34972
D010195,P34972
D010302,P34972
D013313,P34972
D015431,P34972
D002543,P26441
D009410,P26441
D001321,Q9P232
D001321,Q8IWV2
D019465,Q8IWV2
D002658,Q8IWV2
D006130,Q8IWV2
D001321,Q9UDV4
D004827,Q9UDV4
D006948,Q9UDV4
D010300,Q9UDV4
D012559,Q9UDV4
D013342,Q9UDV4
D006528,Q9C0A0
D015428,Q53SF7
D065626,Q53SF7
D011230,Q6PIW8
D001281,Q9UP83
D019465,Q5XNW2
D019465,Q6LCP7
D006319,Q6LCP7
D017880,Q6LCP7
D008106,Q99715
D056486,Q4G0W3
D006528,P39059
D011471,P39059
D010300,Q5JVU1
D001327,Q9UNF2
D002761,Q9UNF2
D005355,Q9UNF2
D006973,Q9UNF2
D017379,Q9UNF2
D008103,Q9UNF2
D008106,Q9UNF2
D009400,Q9UNF2
D009404,Q9UNF2
D010024,Q9UNF2
D005355,Q7KZ71
D008103,Q7KZ71
D008106,Q7KZ71
D010003,Q7KZ71
D010024,Q7KZ71
D019970,Q96P44
D011230,Q86Y22
D019969,Q2UY09
D001168,Q2V4X9
D001169,Q2V4X9
D001172,Q2V4X9
D002386,Q2V4X9
D002972,Q2V4X9
D019465,Q2V4X9
D004195,Q2V4X9
D004487,Q2V4X9
D004890,Q2V4X9
D006319,Q2V4X9
D006965,Q2V4X9
D007249,Q2V4X9
D008545,Q2V4X9
D010003,Q2V4X9
D015431,Q2V4X9
D056486,P02461
D004719,P02461
D005234,P02461
D005355,P02461
D006937,P02461
D006943,P02461
D006946,P02461
D006973,P02461
D017379,P02461
D008103,P02461
D008106,P02461
D008107,P02461
D009400,P02461
D011658,P02461
D012559,P02461
D000743,Q14051
D002543,Q14051
D003928,Q14051
D005923,Q14051
D056784,Q14051
D008106,Q14051
D009404,Q14051
D002543,P08572
D008106,P08572
D009404,P08572
D002277,Q9UML4
D008106,Q9UML4
D015674,Q9UML4
D008325,Q9UML4
D011471,Q9UML4
D008103,Q5PR22
D008106,Q5PR22
D011471,P25940
D008106,Q05BT9
D008175,Q05BT9
D008106,Q6FHW5
D010003,Q6FHW5
D004421,P12111
D001943,Q02388
D002289,Q02388
D015179,Q02388
D006319,P20849
D012164,P20849
D006528,Q9Y6Z7
D019465,Q9BWP8
D008106,Q5KU26
D019966,Q5KU26
D064420,Q8N668
D006967,Q8N668
D008103,Q8N668
D010003,P49747
D019969,P21964
D001289,P21964
D001321,P21964
D001714,P21964
D001943,P21964
D006528,P21964
D019970,P21964
D003072,P21964
D005317,P21964
D006930,P21964
D015674,P21964
D008569,P21964
D001523,P21964
D010146,P21964
D016584,P21964
D010673,P21964
D011471,P21964
D012559,P21964
D001321,Q8NHY2
D001168,P53621
D001327,P53621
D017563,P53621
D015430,Q96PK0
D004715,P61201
D006529,Q9UNS2
D006528,Q92905
D013262,Q92905
D013274,Q567U8
D008106,Q96MF6
D002277,P31146
D015674,P31146
D002289,Q9ULV4
D001943,Q14019
D008106,Q14019
D002277,Q9B2W6
D009202,Q9B2W6
D006984,Q9B2W6
D015674,Q9B2W6
D008325,Q9B2W6
D008175,Q14061
D003921,Q9B2U8
D017202,Q6FHM4
D006528,Q8TF08
D009765,P15954
D058186,Q6NSB2
D000419,Q6NSB2
D001169,Q6NSB2
D001172,Q6NSB2
D001259,Q6NSB2
D001321,Q6NSB2
D001927,Q6NSB2
D006528,Q6NSB2
D056486,Q6NSB2
D003110,Q6NSB2
D003704,Q6NSB2
D003920,Q6NSB2
D064420,Q6NSB2
D020820,Q6NSB2
D007511,Q6NSB2
D008103,Q6NSB2
D008114,Q6NSB2
D008545,Q6NSB2
D009410,Q6NSB2
D010300,Q6NSB2
D011565,Q6NSB2
D012559,Q6NSB2
D000860,P48052
D015179,Q6NVW5
D009765,Q96IY4
D007333,P16870
D008175,P16870
D009765,P16870
D015451,Q9BZB8
D006528,Q5QP71
D001714,Q6PUV4
D011618,Q6PUV4
D012559,Q6PUV4
D004715,P14384
D011471,Q05DL8
D017119,P36551
D002292,Q9Y646
D008106,Q9Y646
D056486,Q5R211
D003128,Q5R211
D022124,Q5R211
D008106,Q5R211
D011230,Q5R211
D013274,Q10570
D001943,Q8WZ48
D003920,Q8WZ48
D003921,Q8WZ48
D003924,Q8WZ48
D007676,Q8WZ48
D065626,Q8WZ48
D006332,Q92523
D003921,Q92523
D008113,Q92523
D017202,Q92523
D008545,Q8TCG5
D010523,Q8TCG5
D001928,P23786
D009135,P23786
D000544,Q9HC55
D008288,Q9HC55
D008180,Q5SR47
D002292,P29762
D008113,P29762
D010051,Q5SYZ4
D012008,Q5SYZ4
D002292,Q8IY43
D005923,Q5IJ48
D000014,Q96SW2
D009101,Q96SW2
D009421,Q96SW2
D019970,Q5U0J5
D009203,Q5U0J5
D009362,Q5U0J5
D013375,Q5U0J5
D011471,Q5T4L2
D001281,Q02930
D002294,Q4G0V0
D002295,Q4G0V0
D011471,Q4G0V0
D001749,Q4G0V0
D003925,Q9BYY5
D006984,Q9BYY5
D009203,Q9BYY5
D000505,P06850
D000544,P06850
D000855,P06850
D001008,P06850
D001919,P06850
D002637,P06850
D019970,P06850
D003072,P06850
D003866,P06850
D005334,P06850
D007022,P06850
D009069,P06850
D010146,P06850
D011596,P06850
D012640,P06850
D013226,P06850
D019956,P06850
D013375,P06850
D015431,P06850
D006528,P24387
D019970,P24387
D000855,Q8WXR7
D001008,Q8WXR7
D001943,Q8WXR7
D019970,Q8WXR7
D003865,Q8WXR7
D006930,Q8WXR7
D006948,Q8WXR7
D010149,Q8WXR7
D000855,Q99432
D001008,Q99432
D019970,Q99432
D006973,Q99432
D007249,Q99432
D008171,Q99432
D008106,P50238
D008107,Q9H0B8
D008171,Q9H0B8
D020258,Q9H0B8
D017202,P46108
D054198,Q9HC73
D012008,Q9HC73
D009436,Q8IXG0
D008106,Q9UKG9
D054058,Q5VVP7
D001008,Q5VVP7
D001169,Q5VVP7
D001172,Q5VVP7
D050197,Q5VVP7
D006528,Q5VVP7
D002318,Q5VVP7
D002561,Q5VVP7
D056486,Q5VVP7
D003324,Q5VVP7
D006331,Q5VVP7
D006333,Q5VVP7
D006973,Q5VVP7
D015228,Q5VVP7
D007239,Q5VVP7
D007249,Q5VVP7
D007676,Q5VVP7
D008175,Q5VVP7
D008180,Q5VVP7
D008288,Q5VVP7
D008581,Q5VVP7
D024821,Q5VVP7
D017202,Q5VVP7
D009205,Q5VVP7
D009395,Q5VVP7
D009765,Q5VVP7
D011565,Q5VVP7
D029424,Q5VVP7
D013262,Q5VVP7
D013375,Q5VVP7
D013927,Q5VVP7
D015464,Q16526
D008106,Q16526
D015464,Q49AN0
D001327,Q71V83
D002386,Q71V83
D002292,P02511
D002294,P02511
D002386,P02511
D003110,P02511
D004938,P02511
D008106,P02511
D019636,P02511
D011471,P02511
D002386,P53674
D001327,P43320
D008545,Q96QW7
D002386,P07315
D002386,P07320
D006529,P07320
D002386,Q9UFA7
D011471,Q9Y2S2
D006333,Q14894
D009202,Q0QEL2
D006333,Q0QEL2
D000860,Q0QEL2
D009765,Q0QEL2
D008106,Q86V02
D009361,P55060
D001943,P09603
D066126,P09603
D001943,Q14085
D015470,Q14085
D056784,Q14085
D008106,Q14085
D009362,Q14085
D009369,Q14085
D000380,P04141
D000647,P04141
D000740,P04141
D000741,P04141
D001172,P04141
D001943,P04141
D002277,P04141
D015179,P04141
D064420,P04141
D006471,P04141
D006333,P04141
D007249,P04141
D015470,P04141
D008113,P04141
D008228,P04141
D008545,P04141
D052016,P04141
D009101,P04141
D018908,P04141
D009436,P04141
D009503,P04141
D065626,P04141
D010146,P04141
D011014,P04141
D011565,P04141
D011658,P04141
D012509,P04141
D013921,P04141
D013964,P04141
D020246,P04141
D000380,Q8N4W3
D000740,Q8N4W3
D000741,Q8N4W3
D018771,Q8N4W3
D001930,Q8N4W3
D001943,Q8N4W3
D002277,Q8N4W3
D002289,Q8N4W3
D002295,Q8N4W3
D002311,Q8N4W3
D056486,Q8N4W3
D003866,Q8N4W3
D003967,Q8N4W3
D004195,Q8N4W3
D064420,Q8N4W3
D004938,Q8N4W3
D005334,Q8N4W3
D005355,Q8N4W3
D005767,Q8N4W3
D006261,Q8N4W3
D006258,Q8N4W3
D006331,Q8N4W3
D006333,Q8N4W3
D006504,Q8N4W3
D006689,Q8N4W3
D006932,Q8N4W3
D006984,Q8N4W3
D007674,Q8N4W3
D015470,Q8N4W3
D007970,Q8N4W3
D008106,Q8N4W3
D008107,Q8N4W3
D017114,Q8N4W3
D008113,Q8N4W3
D016393,Q8N4W3
D008228,Q8N4W3
D008545,Q8N4W3
D052016,Q8N4W3
D009101,Q8N4W3
D018908,Q8N4W3
D009135,Q8N4W3
D009362,Q8N4W3
D009422,Q8N4W3
D009503,Q8N4W3
D010146,Q8N4W3
D010198,Q8N4W3
D010523,Q8N4W3
D011041,Q8N4W3
D011658,Q8N4W3
D018805,Q8N4W3
D012878,Q8N4W3
D013203,Q8N4W3
D013262,Q8N4W3
D013280,Q8N4W3
D013921,Q8N4W3
D001749,Q8N4W3
D014594,Q8N4W3
D018487,Q8N4W3
D007964,Q99062
D008106,Q8TDX6
D006930,P41240
D008180,P41240
D019969,Q96PZ7
D006528,Q96PZ7
D011565,Q96PZ7
D019966,Q96PZ7
D001321,Q7Z407
D002292,Q7Z407
D019966,Q7Z407
D002277,P61201
D015674,P61201
D008325,P61201
D002277,Q9UNS2
D015674,Q9UNS2
D008325,Q9UNS2
D019465,Q6PJ06
D002294,Q5U5J2
D012878,Q5U5J2
D002294,P19784
D012878,P19784
D002294,Q5SRQ6
D012878,Q5SRQ6
D006528,Q6UVK1
D006528,Q96S65
D002311,Q96S65
D019966,Q8WYN3
D011471,P21291
D004195,P50461
D019966,P50461
D011471,P01037
D013274,P01037
D058186,P01034
D000544,P01034
D002318,P01034
D064420,P01034
D007674,P01034
D015470,P01034
D011041,P01034
D012008,P01034
D001943,Q6IBD2
D002289,Q6IBD2
D008545,Q6IBD2
D011471,Q6IBD2
D005909,P01040
D009362,P01040
D005909,Q76LA1
D009361,Q76LA1
D012008,Q76LA1
D015179,Q6IP95
D002471,P56545
D009361,P56545
D011471,P56545
D001927,Q2NKJ3
D054218,P49711
D006332,Q16619
D006937,Q16619
D007022,Q16619
D007333,Q16619
D007674,Q16619
D009336,Q16619
D009765,Q16619
D005317,Q96IQ7
D008545,Q96IQ7
D001172,Q6GR94
D001249,Q6GR94
D008180,Q6GR94
D008545,Q6GR94
D010523,Q6GR94
D015470,Q16370
D009190,Q16370
D013274,Q49AD3
D001249,Q8WW10
D019966,Q8WW10
D000015,P35222
D000230,P35222
D000236,P35222
D001943,P35222
D006528,P35222
D002311,P35222
D002471,P35222
D056486,P35222
D003110,P35222
D015179,P35222
D019465,P35222
D004195,P35222
D005355,P35222
D017379,P35222
D008103,P35222
D008113,P35222
D008114,P35222
D008175,P35222
D009133,P35222
D017202,P35222
D009361,P35222
D009362,P35222
D009374,P35222
D009410,P35222
D010051,P35222
D010190,P35222
D011471,P35222
D012008,P35222
D013262,P35222
D013964,P35222
D002583,P35222
D018487,P35222
D020257,P35222
D002471,Q9UQB3
D005909,Q9UQB3
D000860,P17538
D002292,Q8TAC7
D005909,Q8TAC7
D009135,Q8TAC7
D009336,Q8TAC7
D009361,Q8TAC7
D011471,Q8TAC7
D011507,Q8TAC7
D017202,P53634
D013274,P53634
D001172,P07339
D006528,P07339
D002292,P07339
D003928,P07339
D007674,P07339
D009361,P07339
D010003,P07339
D011471,P07339
D015430,P07339
D056486,P14091
D008106,P14091
D015470,Q6IBC3
D005909,Q6FHN2
D010003,Q6FHN2
D011507,Q9HBQ7
D012008,Q9HBQ7
D013274,Q9HBQ7
D008106,P25774
D009361,P25774
D009765,P25774
D015470,Q9UBR2
D008106,Q9UBR2
D002294,Q14247
D017202,Q2I0A6
D008106,Q9P2B4
D001943,Q7Z7A3
D004195,Q7Z7A3
D009361,Q7Z7A3
D009362,Q7Z7A3
D001943,Q2VPK5
D004195,Q2VPK5
D009361,Q2VPK5
D009362,Q2VPK5
D019969,Q96RV0
D008545,Q96RV0
D013262,Q75MQ1
D008545,Q53S54
D011471,Q53S54
D001281,Q13619
D013262,Q13619
D001943,Q93034
D001321,Q14999
D002292,Q14999
D008175,Q9H720
D003921,Q6I9S9
D006967,Q6I9S9
D017202,Q6I9S9
D011014,Q6I9S9
D011471,Q6I9S9
D003327,P49238
D008106,P78310
D056486,P09341
D006967,P09341
D008106,P09341
D008113,P09341
D011014,P09341
D029424,P09341
D015427,P09341
D001930,P02778
D002545,P02778
D002318,P02778
D002561,P02778
D056486,P02778
D003110,P02778
D008105,P02778
D008106,P02778
D017202,P02778
D013964,P02778
D001943,P48061
D006528,P48061
D003324,P48061
D003872,P48061
D004719,P48061
D007511,P48061
D008106,P48061
D009361,P48061
D009362,P48061
D009400,P48061
D011471,P48061
D012008,P48061
D018487,P48061
D004715,Q53X90
D008106,Q53X90
D012008,Q53X90
D008106,Q9H2A7
D001172,P19875
D001943,P19875
D002779,P19875
D004938,P19875
D006333,P19875
D006973,P19875
D020244,P19875
D007249,P19875
D017202,P19875
D010003,P19875
D029424,P19875
D011658,P19875
D015427,P19875
D012871,P19875
D001943,P19876
D012871,P19876
D006967,Q6I9S7
D011014,Q6I9S7
D012008,Q6I9S7
D001172,P80162
D010003,P80162
D000230,P10145
D001172,P10145
D001943,P10145
D006528,P10145
D002289,P10145
D002294,P10145
D066126,P10145
D002471,P10145
D002779,P10145
D015179,P10145
D064420,P10145
D004487,P10145
D016889,P10145
D005234,P10145
D005334,P10145
D005909,P10145
D005921,P10145
D006333,P10145
D006930,P10145
D006976,P10145
D007249,P10145
D007634,P10145
D009361,P10145
D010051,P10145
D010190,P10145
D011471,P10145
D029424,P10145
D011658,P10145
D015427,P10145
D013203,P10145
D013274,P10145
D013964,P10145
D001749,P10145
D001943,Q07325
D004715,Q07325
D006967,Q07325
D008105,Q07325
D008106,Q07325
D008114,Q07325
D011014,Q07325
D001927,Q6LCZ7
D006967,Q6LCZ7
D006973,Q6LCZ7
D020244,Q6LCZ7
D008107,Q6LCZ7
D009437,Q6LCZ7
D011014,Q6LCZ7
D018805,Q6LCZ7
D001327,P49682
D005921,P49682
D006967,P49682
D007249,P49682
D007511,P49682
D011014,P49682
D020521,P49682
D001172,Q5MIL4
D001943,Q5MIL4
D002471,Q5MIL4
D009361,Q5MIL4
D009362,Q5MIL4
D009400,Q5MIL4
D009437,Q5MIL4
D008105,Q2YD84
D004715,P00167
D009765,P00167
D012128,P00167
D008708,P00387
D050197,Q86SL0
D003921,Q86SL0
D003924,Q86SL0
D006331,Q86SL0
D006529,Q86SL0
D006973,Q86SL0
D007676,Q86SL0
D008103,Q86SL0
D008106,Q86SL0
D051437,Q86SL0
D001172,P04839
D020520,P04839
D003920,P04839
D003921,P04839
D006333,P04839
D006973,P04839
D007674,P04839
D007676,P04839
D008106,P04839
D015428,P04839
D011507,P04839
D015427,P04839
D002545,P99999
D005234,P99999
D007511,P99999
D002546,P99999
D009765,P99999
D013921,P99999
D006529,Q8WWM9
D008105,Q8WWM9
D008106,Q8WWM9
D006528,Q9NQC7
D002289,Q9NQC7
D002583,Q9NQC7
D016889,Q2HZF3
D012640,Q2HZF3
D011471,Q16316
D001943,Q1HB44
D006528,Q1HB44
D006947,Q1HB44
D006974,Q1HB44
D007247,Q1HB44
D008106,Q1HB44
D009437,Q1HB44
D065626,Q1HB44
D011471,Q1HB44
D020018,Q1HB44
D001749,Q1HB44
D000230,Q8IYG4
D001321,Q8IYG4
D001943,Q8IYG4
D004715,Q8IYG4
D004938,Q8IYG4
D005234,Q8IYG4
D005355,Q8IYG4
D007247,Q8IYG4
D009362,Q8IYG4
D010024,Q8IYG4
D011471,Q8IYG4
D012008,Q8IYG4
D001919,Q5J9B1
D001943,Q5J9B1
D006528,Q5J9B1
D006332,Q5J9B1
D056486,Q5J9B1
D003921,Q5J9B1
D003875,Q5J9B1
D006417,Q5J9B1
D006529,Q5J9B1
D006967,Q5J9B1
D006973,Q5J9B1
D007680,Q5J9B1
D008133,Q5J9B1
D055370,Q5J9B1
D048629,Q5J9B1
D016491,Q5J9B1
D011471,Q5J9B1
D029424,Q5J9B1
D013616,Q5J9B1
D001284,P05177
D006528,P05177
D002294,P05177
D056486,P05177
D002779,P05177
D015179,P05177
D003924,P05177
D064420,P05177
D006130,P05177
D006529,P05177
D008103,P05177
D008106,P05177
D008107,P05177
D008114,P05177
D055370,P05177
D008175,P05177
D008708,P05177
D009436,P05177
D065626,P05177
D017119,P05177
D054198,P05177
D029424,P05177
D013163,P05177
D000236,Q53TK1
D001943,Q53TK1
D002294,Q53TK1
D006332,Q53TK1
D056486,Q53TK1
D015179,Q53TK1
D005234,Q53TK1
D018149,Q53TK1
D006529,Q53TK1
D008175,Q53TK1
D008545,Q53TK1
D009765,Q53TK1
D010051,Q53TK1
D054198,Q53TK1
D011471,Q53TK1
D001943,Q07973
D006934,Q07973
D008175,Q07973
D010024,Q07973
D051437,Q07973
D009765,Q9NR63
D050197,Q96T86
D002779,Q96T86
D008103,Q96T86
D006934,Q9UP42
D017285,Q9UP42
D002471,Q16696
D000230,P11509
D001927,P11509
D056486,P11509
D015179,P11509
D008175,P11509
D011471,P11509
D013274,P11509
D006528,Q9UNX8
D056486,Q9UNX8
D007676,Q9UNX8
D008106,Q16750
D011471,Q2XN56
D058186,Q767A3
D001281,Q767A3
D002318,Q767A3
D056486,Q767A3
D007676,Q767A3
D011471,Q767A3
D013927,Q767A3
D006528,P10632
D064420,P10632
D007674,P10632
D009422,P10632
D010523,P10632
D054198,P10632
D012206,P10632
D058186,Q9UQ59
D001932,Q9UQ59
D009202,Q9UQ59
D056486,Q9UQ59
D004342,Q9UQ59
D064420,Q9UQ59
D006470,Q9UQ59
D009395,Q9UQ59
D009422,Q9UQ59
D058186,Q6NWU0
D000544,Q6NWU0
D019969,Q6NWU0
D001480,Q6NWU0
D001919,Q6NWU0
D001943,Q6NWU0
D003128,Q6NWU0
D064420,Q6NWU0
D004421,Q6NWU0
D004830,Q6NWU0
D009127,Q6NWU0
D009395,Q6NWU0
D010300,Q6NWU0
D011297,Q6NWU0
D020018,Q6NWU0
D019966,Q6NWU0
D014202,Q6NWU0
D015430,Q6NWU0
D000230,Q6NWT7
D001249,Q6NWT7
D006528,Q6NWT7
D002289,Q6NWT7
D006332,Q6NWT7
D056486,Q6NWT7
D003875,Q6NWT7
D064420,Q6NWT7
D005234,Q6NWT7
D008113,Q6NWT7
D008114,Q6NWT7
D008175,Q6NWT7
D008228,Q6NWT7
D048629,Q6NWT7
D009336,Q6NWT7
D009361,Q6NWT7
D065626,Q6NWT7
D009765,Q6NWT7
D010300,Q6NWT7
D054198,Q6NWT7
D011471,Q6NWT7
D008103,Q6VVX0
D011565,Q96SQ9
D006528,Q9NYL5
D001943,Q7Z448
D056486,Q7Z448
D011471,Q7Z448
D016171,Q7Z448
D011471,Q9HB51
D007674,Q96RK8
D020258,Q96RK8
D011471,Q96RK8
D013927,Q96RK8
D000544,Q9Y6A2
D006528,Q02928
D008103,Q02928
D001749,Q8WWV1
D006973,P78329
D011041,Q08477
D002779,P22680
D006937,P22680
D000230,Q05C57
D002779,Q05C57
D005234,Q05C57
D008107,Q05C57
D011471,Q05C57
D056486,Q9UNU6
D002779,Q9UNU6
D008106,Q9H0Q0
D008106,Q9NUQ9
D004342,Q9Y271
D004342,Q5KU17
D011658,Q5KU17
D008106,Q9H1C7
D001281,Q15438
D010024,Q6DCB0
D008175,Q5VWQ8
D009203,Q5VWQ8
D016491,Q5VWQ8
D011471,Q5VWQ8
D011655,Q5VWQ8
D015179,Q9NYF0
D008113,Q5SW24
D011471,Q9UMK9
D001321,P19801
D008106,P19801
D012559,P19801
D012559,Q8IWM3
D001943,P51398
D000230,P53355
D001932,P53355
D002289,P53355
D002292,P53355
D002295,P53355
D015470,P53355
D008175,P53355
D009190,P53355
D009362,P53355
D010523,P53355
D006529,Q1RMF4
D015473,Q1RMF4
D010003,Q9UN19
D010190,Q4VX54
D006528,Q5T382
D010259,Q5T382
D010673,Q5T382
D002277,P07108
D015674,P07108
D008325,P07108
D008106,Q9BQY9
D056486,Q5VVL7
D006528,Q8NA75
D011471,Q58WW2
D019465,P61962
D008545,Q8N8Z6
D013274,Q96IX0
D015179,Q49AK4
D004938,Q49AK4
D008545,Q49AK4
D008113,P81605
D015179,Q5VZY9
D006528,Q6FH10
D016889,Q6FH10
D005355,Q6FH10
D017202,Q6FH10
D009395,Q6FH10
D019969,Q9H295
D004715,Q9H295
D019964,Q6AWB1
D020734,Q6AWB1
D003550,Q9UJW0
D008106,Q7Z4W1
D009765,Q7Z4W1
D011471,Q7Z4W1
D003324,Q5SSV3
D056486,Q16531
D013274,Q16531
D008106,Q6IBS8
D001523,Q6IBS8
D009410,Q6IBS8
D010300,Q6IBS8
D020734,Q6IBS8
D010673,Q6IBS8
D001943,Q53YD1
D005234,Q53YD1
D007410,Q53YD1
D009203,Q53YD1
D009765,Q53YD1
D009798,Q53YD1
D013119,Q53YD1
D014456,Q53YD1
D001172,Q9NX09
D007938,Q9NX09
D009410,Q9NX09
D010300,Q9NX09
D008545,Q96D03
D001259,Q99489
D012735,Q99489
D015430,Q99489
D000230,Q96T62
D008175,Q96T62
D008325,Q96T62
D011471,Q96T62
D019966,Q92499
D004715,P17844
D008113,Q8TDD1
D011230,Q8TDD1
D001172,P26196
D010300,P12838
D008180,Q9H4E7
D015473,Q6EZE9
D003110,Q01523
D011471,P60022
D001943,P35659
D004195,P35659
D009361,P35659
D009362,P35659
D008105,Q96AX6
D006528,Q5TB30
D006528,Q8WUY9
D008106,Q96QD5
D001943,Q9NTK1
D004715,Q9NTK1
D008064,Q9NTK1
D013262,Q9BUN8
D001281,Q5RLN2
D001943,Q5RLN2
D002277,Q5RLN2
D005317,Q5RLN2
D005921,Q5RLN2
D020138,Q5RLN2
D015674,Q5RLN2
D008325,Q5RLN2
D013274,Q5RLN2
D010051,Q9BSY9
D002289,Q05D60
D005909,Q05D60
D003967,Q9BRH5
D056486,Q96PD7
D002779,Q96PD7
D012559,Q8IWC8
D001523,Q8WYQ5
D001281,Q9Y6T7
D003924,Q53SV4
D003928,Q86XP1
D009203,Q7Z5X8
D006975,Q9BVK7
D000544,Q15392
D001321,Q9UBM7
D004195,Q9UBM7
D015473,Q9UBM7
D008103,Q9UBM7
D011471,Q9UQ10
D000749,P00374
D001172,P00374
D001321,P00374
D001943,P00374
D056486,P00374
D015179,P00374
D064420,P00374
D007247,P00374
D009362,P00374
D009422,P00374
D010198,P00374
D008106,Q5SUY4
D056486,Q9Y394
D005234,Q9Y394
D008106,Q9Y394
D008106,Q96HY7
D011471,Q7L2E3
D002545,Q502X2
D015428,Q502X2
D011471,Q502X2
D004715,Q5D0K5
D008113,Q5D0K5
D009845,Q5D0K5
D008106,P49895
D004715,Q9NZL0
D008654,Q9NZL0
D001943,P55073
D009362,P55073
D064420,Q96IB4
D001321,Q8NDZ4
D008106,Q8NDZ4
D006528,Q9H7Y0
D001008,Q9NRI2
D001321,Q9NRI2
D003866,Q9NRI2
D006948,Q9NRI2
D019957,Q9NRI2
D010146,Q9NRI2
D012559,Q9NRI2
D001008,Q155Q3
D001321,Q155Q3
D001714,Q155Q3
D003866,Q155Q3
D012559,Q155Q3
D056486,Q86YI5
D017202,Q86YI5
D015179,Q45XF9
D009369,Q45XF9
D010051,Q45XF9
D013274,Q45XF9
D002972,Q6PJH1
D012559,Q6PJH1
D008545,Q15700
D001321,Q9P1A6
D006528,Q15398
D005317,Q969Y6
D009190,Q969Y6
D019465,Q9NYJ7
D001943,Q9NR61
D001321,Q53SU3
D019465,Q53SU3
D001321,Q53QU7
D019465,Q53QU7
D009361,Q92988
D019465,Q53Y73
D019465,P56179
D003110,Q9UGM3
D001259,Q9UPB5
D006332,Q9UPB5
D009202,Q9UPB5
D002311,Q9UPB5
D004195,Q9UPB5
D018908,Q9UPB5
D009336,Q9UPB5
D009361,Q9UPB5
D009362,Q9UPB5
D013226,Q9UPB5
D018754,Q9UPB5
D013736,Q9Y5R6
D005910,Q05C95
D001281,Q8IVF4
D003327,Q75MY1
D050171,Q75MY1
D015430,Q75MY1
D001249,Q8TE73
D019970,Q8IZR0
D010259,Q8IZR0
D019966,Q8IZR0
D008175,Q6TDU7
D056486,Q6FIF1
D002779,Q6FIF1
D008545,Q5T1X2
D009369,Q8N4C5
D011471,Q8N4C5
D056486,Q6IAH1
D002779,Q6IAH1
D008545,Q9Y5T4
D011471,Q13217
D008180,P24855
D011507,P24855
D011471,Q92874
D001172,Q13609
D006528,Q13609
D008175,Q13609
D008180,Q13609
D002292,Q96M86
D004827,Q05193
D000140,Q32Q67
D017202,Q32Q67
D009205,Q32Q67
D009896,Q32Q67
D010300,Q32Q67
D007680,Q9UQ16
D000230,P26358
D001008,P26358
D001169,P26358
D001249,P26358
D001943,P26358
D002277,P26358
D003110,P26358
D003704,P26358
D034381,P26358
D009190,P26358
D009361,P26358
D011471,P26358
D013274,P26358
D001943,Q8WVA9
D019465,Q8WVA9
D006130,Q8WVA9
D015470,Q8WVA9
D015473,Q8WVA9
D008175,Q8WVA9
D009190,Q8WVA9
D001943,Q2PJS8
D002277,Q2PJS8
D019465,Q2PJS8
D007247,Q2PJS8
D009190,Q2PJS8
D011471,Q2PJS8
D013274,Q2PJS8
D019966,Q14185
D008106,Q4ZG60
D001321,Q75MU6
D008106,Q96N67
D002658,Q86XD0
D012008,Q86XD0
D008175,Q2TA81
D010051,Q2TA81
D008175,Q7L591
D015179,Q9NYP3
D015179,Q8TEK3
D011471,Q8TEK3
D015179,Q9H3H5
D013274,Q9H3H5
D010003,Q6I9V1
D001281,Q92784
D008113,Q53TB1
D011230,Q53TB1
D011507,P27487
D008106,Q9UHL4
D009336,Q9UHL4
D001321,Q12882
D001943,Q12882
D006528,Q12882
D003110,Q12882
D015179,Q12882
D006258,Q12882
D056784,Q12882
D008175,Q12882
D009362,Q12882
D009422,Q12882
D009503,Q12882
D009765,Q12882
D010190,Q12882
D010523,Q12882
D012559,Q12882
D013274,Q12882
D008106,Q14117
D000544,Q16555
D010003,Q16555
D012563,Q16555
D008106,Q8N682
D008545,Q14919
D010300,Q8NBI3
D019969,Q6FH34
D001321,Q6FH34
D001714,Q6FH34
D002375,Q6FH34
D019970,Q6FH34
D004409,Q6FH34
D006948,Q6FH34
D007022,Q6FH34
D009069,Q6FH34
D010300,Q6FH34
D012559,Q6FH34
D012640,Q6FH34
D019969,Q6LDH7
D001008,Q6LDH7
D001289,Q6LDH7
D001480,Q6LDH7
D001919,Q6LDH7
D002375,Q6LDH7
D019970,Q6LDH7
D003072,Q6LDH7
D002658,Q6LDH7
D007174,Q6LDH7
D004409,Q6LDH7
D020820,Q6LDH7
D006556,Q6LDH7
D006948,Q6LDH7
D006966,Q6LDH7
D006973,Q6LDH7
D007022,Q6LDH7
D008569,Q6LDH7
D009069,Q6LDH7
D010146,Q6LDH7
D010300,Q6LDH7
D020734,Q6LDH7
D010911,Q6LDH7
D012559,Q6LDH7
D012640,Q6LDH7
D019966,Q6LDH7
D013375,Q6LDH7
D013610,Q6LDH7
D015430,Q6LDH7
D019969,Q9NY31
D001321,Q9NY31
D001480,Q9NY31
D019970,Q9NY31
D003072,Q9NY31
D007174,Q9NY31
D004409,Q9NY31
D006930,Q9NY31
D006948,Q9NY31
D009069,Q9NY31
D012559,Q9NY31
D012640,Q9NY31
D005879,Q9NY31
D019969,Q8WXP7
D001289,Q8WXP7
D012559,Q8WXP7
D013981,Q8WXP7
D001289,P21918
D001714,P21918
D003866,P21918
D011618,P21918
D014103,P21918
D008545,Q9HB00
D056486,Q02487
D001943,Q9HAX1
D006529,Q8WY19
D019966,Q8WY19
D003872,Q712V6
D006967,Q712V6
D016757,P15924
D029424,P15924
D011658,P15924
D002294,Q9NZW4
D004195,P60981
D006333,P60981
D020257,P60981
D006528,Q9NZJ0
D001523,Q96EV8
D012559,Q96EV8
D001932,Q75MM6
D001943,Q8N9I9
D008106,Q9BTJ3
D004715,P28562
D017202,P28562
D007249,Q6IAR2
D008106,Q8IVT8
D009103,Q4G0W2
D002289,P51452
D006973,Q16690
D002277,Q689E8
D005909,Q689E8
D008106,Q689E8
D015674,Q689E8
D008325,Q689E8
D017202,Q689E8
D054198,Q9UBX2
D010523,Q8N542
D001943,Q49AI6
D002545,Q6FGH9
D004827,Q13627
D010190,Q13627
D010051,Q9Y463
D008106,Q7Z6P1
D001943,Q01094
D006528,Q01094
D002289,Q01094
D056486,Q01094
D008545,Q01094
D009369,Q01094
D002289,Q14209
D002289,Q499G5
D002289,Q15329
D002289,Q6Q9Z7
D002289,Q96AV8
D002471,Q9BV18
D006528,Q96CJ1
D008175,Q96CJ1
D016393,Q96CJ1
D011471,Q96CJ1
D002471,Q9UH73
D012128,Q9UH73
D013274,Q14213
D001342,P42892
D019465,P42892
D003924,P42892
D006330,P42892
D006973,P42892
D056486,Q9NTX5
D008545,Q9NTX5
D056486,P30084
D009765,P30084
D013274,P30084
D006528,Q2QKP8
D013274,Q2QKP8
D006528,Q9H8V3
D008106,Q9H8V3
D008545,Q92838
D056486,Q92611
D012559,Q9BV94
D058186,Q6FH53
D001145,Q6FH53
D001249,Q6FH53
D001281,Q6FH53
D001919,Q6FH53
D006332,Q6FH53
D009202,Q6FH53
D002318,Q6FH53
D002471,Q6FH53
D002561,Q6FH53
D019465,Q6FH53
D003865,Q6FH53
D003921,Q6FH53
D003924,Q6FH53
D007172,Q6FH53
D005767,Q6FH53
D005923,Q6FH53
D006330,Q6FH53
D006333,Q6FH53
D006930,Q6FH53
D006937,Q6FH53
D006973,Q6FH53
D006976,Q6FH53
D006984,Q6FH53
D017379,Q6FH53
D007022,Q6FH53
D020244,Q6FH53
D007249,Q6FH53
D007674,Q6FH53
D008106,Q6FH53
D017202,Q6FH53
D015428,Q6FH53
D009404,Q6FH53
D019226,Q6FH53
D010146,Q6FH53
D010300,Q6FH53
D010437,Q6FH53
D047928,Q6FH53
D011658,Q6FH53
D051437,Q6FH53
D015427,Q6FH53
D012128,Q6FH53
D020521,Q6FH53
D013345,Q6FH53
D016055,Q6FH53
D001919,P20800
D007022,P20800
D001919,Q6LDQ8
D006973,Q6LDQ8
D007022,Q6LDQ8
D019465,P25101
D003924,P25101
D007172,P25101
D006330,P25101
D006333,P25101
D006973,P25101
D010051,P25101
D020521,P25101
D001943,P24530
D003924,P24530
D006333,P24530
D006976,P24530
D009361,P24530
D013345,P24530
D002277,Q96EB3
D015674,Q96EB3
D008325,Q96EB3
D013274,Q96EB3
D004827,Q05639
D013274,Q05639
D001943,P24534
D009362,P24534
D000230,Q6PK56
D001943,Q6PK56
D002292,Q6PK56
D008175,Q6PK56
D009361,Q6PK56
D009362,Q6PK56
D010003,Q6PK56
D012008,Q6PK56
D029424,P57772
D008106,Q5T8I3
D000230,Q580Q6
D001943,Q580Q6
D002277,Q580Q6
D015179,Q580Q6
D008175,Q580Q6
D015674,Q580Q6
D008325,Q580Q6
D010190,Q580Q6
D011471,Q6FH22
D004832,Q5JVL4
D005910,Q7Z2Z2
D001943,P20827
D015427,P52803
D007249,P98172
D009765,P98172
D008113,Q2PDH7
D008175,Q2PDH7
D011230,Q2PDH7
D015427,Q2PDH7
D000230,Q6QBS2
D001321,Q6QBS2
D001943,Q6QBS2
D006528,Q6QBS2
D002471,Q6QBS2
D002972,Q6QBS2
D003872,Q6QBS2
D005909,Q6QBS2
D007674,Q6QBS2
D008106,Q6QBS2
D009361,Q6QBS2
D009362,Q6QBS2
D011230,Q6QBS2
D011471,Q6QBS2
D011658,Q6QBS2
D015427,Q6QBS2
D013276,Q6QBS2
D058186,Q9H3D0
D000230,Q9H3D0
D001169,Q9H3D0
D001943,Q9H3D0
D002277,Q9H3D0
D006528,Q9H3D0
D002289,Q9H3D0
D002294,Q9H3D0
D002311,Q9H3D0
D003110,Q9H3D0
D015179,Q9H3D0
D019465,Q9H3D0
D003872,Q9H3D0
D003924,Q9H3D0
D004715,Q9H3D0
D004938,Q9H3D0
D005909,Q9H3D0
D006258,Q9H3D0
D007333,Q9H3D0
D008175,Q9H3D0
D015674,Q9H3D0
D008325,Q9H3D0
D008654,Q9H3D0
D009361,Q9H3D0
D009362,Q9H3D0
D010051,Q9H3D0
D010190,Q9H3D0
D011471,Q9H3D0
D013274,Q9H3D0
D001749,Q9H3D0
D002583,Q9H3D0
D020258,Q9GZT9
D008113,Q3T1B0
D001327,Q546S1
D002545,Q546S1
D006528,Q546S1
D002761,Q546S1
D002779,Q546S1
D002780,Q546S1
D019970,Q546S1
D006869,Q546S1
D000860,Q546S1
D007249,Q546S1
D007511,Q546S1
D008175,Q546S1
D008654,Q546S1
D011014,Q546S1
D011471,Q546S1
D015427,Q546S1
D001321,P11161
D006528,P11161
D017202,P11161
D001259,Q06889
D011471,Q8NDI1
D005910,Q9H4M9
D006528,Q9NZN3
D015470,Q9NZN3
D011471,Q9NZC4
D011471,Q08426
D019966,Q08426
D054198,Q9H9B1
D002471,Q96KQ7
D019970,Q96KQ7
D015470,Q96KQ7
D008175,Q96KQ7
D009362,Q96KQ7
D054198,Q96KQ7
D008654,Q9Y6B2
D008545,Q8N9N8
D009362,P47813
D017202,Q9BY44
D015427,Q9BY44
D000743,Q9BQI3
D056486,Q9BQI3
D065626,Q9BQI3
D012128,Q9BQI3
D013163,Q9BQI3
D011471,Q8IW76
D013226,Q8IW76
D017202,Q9NZJ5
D013226,Q9NZJ5
D006976,Q9P2K8
D009135,Q9P2K8
D004195,Q14232
D000544,Q53XC0
D003072,Q53XC0
D009410,Q53XC0
D013226,Q53XC0
D001943,Q6IBR8
D011471,Q7Z5T5
D004195,Q6IAX5
D006528,Q6IB98
D015179,Q6IB98
D011471,Q6IB98
D002471,Q5U0F4
D003110,Q5U0F4
D009362,Q9NZE6
D001321,Q32Q75
D009361,Q32Q75
D008106,Q8N5X7
D007249,Q13541
D007680,Q13541
D015470,Q13541
D011230,Q13541
D056486,Q6FG68
D001321,Q96I65
D012559,Q6IBU0
D002277,Q8WXQ9
D015674,Q8WXQ9
D008325,Q8WXQ9
D001943,P56537
D019966,Q53HC9
D011471,Q9BQ52
D009503,P08246
D004715,Q15717
D055370,Q5SR36
D001943,P41970
D003928,Q92556
D013262,Q92556
D006973,Q9UMK5
D017202,Q9UMK5
D029424,Q9UMK5
D011658,Q9UMK5
D002292,Q15369
D008106,Q9NYP7
D006333,Q9H5J4
D001943,Q9H9T3
D004195,Q9H9T3
D009361,Q9H9T3
D009362,Q9H9T3
D008106,Q6PCB8
D001932,Q583U9
D002289,Q583U9
D009362,Q583U9
D008106,Q8WWD6
D011471,Q8WWD6
D011471,Q6IBD3
D001943,Q7Z589
D008175,Q04743
D009361,Q05925
D009422,Q05925
D001321,P19622
D013651,P19622
D015470,Q8N8S7
D008106,Q96L69
D003550,Q96CG0
D054058,P06733
D000230,P06733
D000544,P06733
D001172,P06733
D001943,P06733
D002277,P06733
D006528,P06733
D002289,P06733
D002294,P06733
D056486,P06733
D004195,P06733
D004938,P06733
D015674,P06733
D008325,P06733
D009361,P06733
D010003,P06733
D010024,P06733
D013274,P06733
D002289,Q6FHV6
D002471,Q6FHV6
D015470,Q6FHV6
D008114,Q6FHV6
D009374,Q6FHV6
D010300,Q6FHV6
D001749,Q6FHV6
D008107,P13929
D009369,Q32ND0
D003928,Q07075
D008106,Q07075
D003924,P22413
D004715,P22413
D009765,P22413
D006505,Q13822
D008106,Q13822
D009362,Q13822
D013964,Q13822
D011471,Q9UJA9
D017202,Q5T5H1
D008105,Q9Y5L3
D009765,Q5QPJ7
D001943,Q7Z6C1
D002294,Q7Z6C1
D002295,Q7Z6C1
D015179,Q7Z6C1
D019465,Q7Z6C1
D016889,Q7Z6C1
D008545,Q7Z6C1
D009765,Q7Z6C1
D013262,Q7Z6C1
D001749,Q7Z6C1
D006528,Q53ST6
D002292,Q53ST6
D002471,Q53ST6
D009361,Q53ST6
D008545,Q4VB87
D008106,Q9UG62
D001943,Q96HL7
D003924,Q52LR7
D002277,P16422
D008106,P16422
D015674,P16422
D008325,P16422
D010051,P16422
D010190,P16422
D011471,P16422
D009202,Q9HCE0
D000544,P21709
D015179,P21709
D009369,Q96HF4
D001281,Q6P4R6
D064420,Q15375
D006470,Q15375
D001943,Q96L35
D000014,Q6FGZ3
D019969,Q6FGZ3
D002277,Q6FGZ3
D006528,Q6FGZ3
D056486,Q6FGZ3
D005334,Q6FGZ3
D015470,Q6FGZ3
D008175,Q6FGZ3
D008223,Q6FGZ3
D008228,Q6FGZ3
D015674,Q6FGZ3
D008325,Q6FGZ3
D048629,Q6FGZ3
D009101,Q6FGZ3
D017202,Q6FGZ3
D054198,Q6FGZ3
D011471,Q6FGZ3
D029424,Q6FGZ3
D012878,Q6FGZ3
D058186,P34913
D064420,P34913
D006333,P34913
D017202,P34913
D015428,P34913
D012559,P34913
D018487,P34913
D008545,Q9H6B9
D013274,Q9H6B9
D058186,P11678
D000740,P11678
D000743,P11678
D001930,P11678
D009202,P11678
D002493,P11678
D003072,P11678
D003324,P11678
D004681,P11678
D005221,P11678
D006331,P11678
D006345,P11678
D006463,P11678
D006973,P11678
D007249,P11678
D007674,P11678
D007676,P11678
D008545,P11678
D048629,P11678
D009190,P11678
D009203,P11678
D009361,P11678
D009362,P11678
D009410,P11678
D019636,P11678
D010198,P11678
D011041,P11678
D011115,P11678
D011655,P11678
D051437,P11678
D012770,P11678
D013226,P11678
D013276,P11678
D017180,P11678
D013921,P11678
D013927,P11678
D013964,P11678
D014511,P11678
D014652,P11678
D020246,P11678
D014693,P11678
D015431,P11678
D001943,P19235
D008545,P19235
D009361,P19235
D009362,P19235
D009410,P19235
D013964,P19235
D009361,Q12929
D006528,Q8TE67
D011471,Q8TE67
D006973,Q9NZ08
D008106,Q9NZ08
D011565,Q9NZ08
D000230,Q9UK79
D001943,Q9UK79
D002292,Q9UK79
D003110,Q9UK79
D004195,Q9UK79
D004938,Q9UK79
D005910,Q9UK79
D008175,Q9UK79
D015674,Q9UK79
D008325,Q9UK79
D009362,Q9UK79
D009374,Q9UK79
D010051,Q9UK79
D011471,Q9UK79
D012008,Q9UK79
D013274,Q9UK79
D001749,Q9UK79
D001943,P21860
D008175,P21860
D009362,P21860
D011471,P21860
D012008,P21860
D001281,Q580Q7
D008545,Q580Q7
D012878,Q580Q7
D002289,Q8WWH8
D008175,Q8WWH8
D008545,Q8WWH8
D009362,Q8WWH8
D009369,Q8WWH8
D010523,Q8WWH8
D013274,Q8WWH8
D013736,Q8WWH8
D002583,Q8WWH8
D002294,Q2TB79
D015179,Q2TB79
D011471,Q2TB79
D012871,Q2TB79
D012878,Q2TB79
D013274,Q2TB79
D001749,Q2TB79
D010523,P19447
D048629,Q92889
D009362,Q92889
D010523,Q92889
D012008,Q92889
D013736,Q92889
D001749,Q92889
D015179,Q9NR54
D002386,Q03468
D019465,Q03468
D006130,Q03468
D034381,Q03468
D008175,Q03468
D011596,Q03468
D019465,P50548
D011471,P50548
D007938,Q7LDT7
D015470,Q7LDT7
D054198,Q7LDT7
D011471,Q7LDT7
D002289,Q5JWS2
D008175,Q5JWS2
D009374,Q5JWS2
D011230,Q5JWS2
D056486,Q96DZ1
D002779,Q96DZ1
D006528,P30040
D009362,P30040
D011471,P30040
D011471,Q9BS26
D002471,Q9UJM3
D004715,Q9UJM3
D008106,Q96DF8
D012559,Q96AP7
D007680,Q56NI9
D000860,P10768
D010003,P10768
D006528,Q9NQ30
D008113,Q9NQ30
D002295,Q14674
D001749,Q14674
D003638,Q5JYL1
D000230,Q9UE35
D000544,Q9UE35
D050197,Q9UE35
D001847,Q9UE35
D001943,Q9UE35
D002277,Q9UE35
D006528,Q9UE35
D002471,Q9UE35
D003324,Q9UE35
D004195,Q9UE35
D016889,Q9UE35
D005921,Q9UE35
D007247,Q9UE35
D007938,Q9UE35
D008113,Q9UE35
D008114,Q9UE35
D008175,Q9UE35
D015674,Q9UE35
D008325,Q9UE35
D008654,Q9UE35
D008881,Q9UE35
D028361,Q9UE35
D009203,Q9UE35
D009361,Q9UE35
D009362,Q9UE35
D009765,Q9UE35
D009845,Q9UE35
D011471,Q9UE35
D011605,Q9UE35
D001749,Q9UE35
D000230,Q7LCB3
D001145,Q7LCB3
D001281,Q7LCB3
D001943,Q7LCB3
D002277,Q7LCB3
D002295,Q7LCB3
D002471,Q7LCB3
D019970,Q7LCB3
D015179,Q7LCB3
D003324,Q7LCB3
D003327,Q7LCB3
D016889,Q7LCB3
D004715,Q7LCB3
D007247,Q7LCB3
D015674,Q7LCB3
D008325,Q7LCB3
D011471,Q7LCB3
D001749,Q7LCB3
D001943,Q96I02
D003921,Q96I02
D009374,Q96I02
D005317,P62508
D010190,Q9NY74
D006528,P13804
D010003,P13804
D009765,Q547S8
D003924,Q6FG54
D008180,Q6FG54
D015427,Q6FG54
D001943,P15036
D019465,P15036
D009410,P15036
D015179,P50549
D011471,P50549
D011471,P41162
D001943,P43268
D009362,P43268
D011471,P43268
D011471,P41161
D015470,Q9UME7
D054198,Q9UME7
D019966,Q9UME7
D013921,Q9UME7
D001943,Q499Z9
D015179,Q499Z9
D011471,Q01844
D001943,Q5T399
D006528,Q5T399
D015179,Q5T399
D008113,Q13868
D011230,Q13868
D013274,Q9NQT4
D001321,Q16394
D008106,Q92935
D019465,Q4A4D0
D006330,Q4A4D0
D015179,Q96CJ7
D001943,Q75MQ0
D006528,Q75MQ0
D002471,Q75MQ0
D016889,Q75MQ0
D016403,Q75MQ0
D009190,Q75MQ0
D010051,Q75MQ0
D011471,Q75MQ0
D015430,Q75MQ0
D002277,Q6NUR7
D008106,Q6NUR7
D015674,Q6NUR7
D008325,Q6NUR7
D009362,Q6NUR7
D010003,Q6NUR7
D011471,Q6NUR7
D001778,Q5JVE8
D013927,Q5JVE8
D006973,Q9UEG0
D006973,Q1JR85
D008114,Q1JR85
D013923,Q1JR85
D009203,Q9NZ69
D020246,Q9NZ69
D020246,P05160
D000544,Q8TD58
D001172,Q8TD58
D001778,Q8TD58
D002545,Q8TD58
D006528,Q8TD58
D004211,Q8TD58
D005234,Q8TD58
D006470,Q8TD58
D006984,Q8TD58
D020244,Q8TD58
D008103,Q8TD58
D017093,Q8TD58
D009203,Q8TD58
D009410,Q8TD58
D065626,Q8TD58
D009765,Q8TD58
D012559,Q8TD58
D020521,Q8TD58
D013923,Q8TD58
D013927,Q8TD58
D054556,Q8TD58
D020246,Q8TD58
D005234,P25116
D006505,P25116
D007249,P25116
D008103,P25116
D008106,P25116
D009374,P25116
D013274,P25116
D005759,P55085
D007249,P55085
D008545,P55085
D017202,P55085
D011537,P55085
D056486,Q96RI0
D002779,Q96RI0
D001943,P13726
D056486,P13726
D004211,P13726
D015473,P13726
D008103,P13726
D017202,P13726
D009404,P13726
D013927,P13726
D020246,P13726
D001778,Q8IUL1
D002545,Q8IUL1
D003110,Q8IUL1
D008103,Q8IUL1
D009203,Q8IUL1
D020521,Q8IUL1
D013923,Q8IUL1
D013927,Q8IUL1
D054556,Q8IUL1
D020246,Q8IUL1
D002543,P08709
D004195,P08709
D004211,P08709
D006417,P08709
D006470,P08709
D020300,P08709
D017114,P08709
D009203,P08709
D011183,P08709
D013923,P08709
D020246,P08709
D001327,Q2VF45
D020246,Q2VF45
D013927,Q86XR9
D009765,Q7L5A8
D011248,Q7L5A8
D012640,Q7L5A8
D019966,Q7L5A8
D013375,Q7L5A8
D002292,Q6GMR7
D007676,Q6FGL7
D007683,Q6FGL7
D008064,Q6FGL7
D017114,Q6FGL7
D008106,P12104
D009135,Q6IBD7
D009336,Q6IBD7
D002277,P15090
D007674,P15090
D015674,P15090
D008325,P15090
D006528,Q01469
D017202,Q01469
D019465,Q6LCG1
D006319,Q6LCG1
D009362,Q6LCG1
D011471,Q96CS3
D008106,Q6P587
D005910,Q6IAM1
D006528,Q6SJ93
D002292,Q6SJ93
D006528,Q9H6L5
D029424,Q6P521
D011658,Q6P521
D008106,Q9BTA0
D013274,Q92567
D006528,Q6UWF9
D004715,Q6UWF9
D019966,Q6P9G8
D019966,Q9ULE4
D003924,Q9H0X4
D012559,Q96BQ1
D008106,Q8N2R8
D006528,Q96MK2
D006528,Q5QP12
D009361,Q86UY5
D010051,Q86UY5
D006528,Q9H4H8
D005909,Q9H4H8
D019465,Q6ZRV2
D008106,Q96GI7
D006946,Q9Y500
D001749,Q9Y500
D006946,Q00597
D006528,Q9BXW9
D006528,Q9NVI1
D019966,Q9Y4F1
D001327,Q9UET8
D009202,Q9UET8
D002311,Q9UET8
D066126,Q9UET8
D003921,Q9UET8
D003924,Q9UET8
D004195,Q9UET8
D005921,Q9UET8
D006402,Q9UET8
D015470,Q9UET8
D008106,Q9UET8
D017114,Q9UET8
D008114,Q9UET8
D008175,Q9UET8
D016403,Q9UET8
D009157,Q9UET8
D009336,Q9UET8
D009393,Q9UET8
D065626,Q9UET8
D011507,Q9UET8
D013163,Q9UET8
D013651,Q9UET8
D001749,Q9UET8
D018487,Q9UET8
D066126,P48023
D009336,P48023
D001172,Q53ZZ1
D050197,Q53ZZ1
D002289,Q53ZZ1
D009202,Q53ZZ1
D002311,Q53ZZ1
D066126,Q53ZZ1
D003925,Q53ZZ1
D004342,Q53ZZ1
D006505,Q53ZZ1
D017114,Q53ZZ1
D008175,Q53ZZ1
D008545,Q53ZZ1
D009103,Q53ZZ1
D011471,Q53ZZ1
D013733,Q53ZZ1
D054058,Q6PJJ3
D001943,Q6PJJ3
D006528,Q6PJJ3
D002311,Q6PJJ3
D002312,Q6PJJ3
D056486,Q6PJJ3
D004195,Q6PJJ3
D006333,Q6PJJ3
D007676,Q6PJJ3
D008545,Q6PJJ3
D009369,Q6PJJ3
D009765,Q6PJJ3
D010051,Q6PJJ3
D012559,Q7L8L6
D002289,Q14517
D015179,Q14517
D005909,Q14517
D006258,Q14517
D008106,Q14517
D000230,Q6V0I7
D008545,Q6V0I7
D013274,Q6V0I7
D006528,Q969F0
D001327,Q96BS4
D001943,Q96BS4
D004195,Q96BS4
D004715,P23142
D011471,P23142
D015179,Q86V58
D015430,Q86V58
D006333,Q9UBX5
D006976,Q9UBX5
D011471,Q9UBX5
D012128,Q9UBX5
D012131,Q9UBX5
D012141,Q9UBX5
D014652,Q9UBX5
D004715,Q75N89
D006943,Q75N89
D006946,Q75N89
D008103,Q75N89
D008106,Q75N89
D015179,P35556
D006528,Q5VZC3
D003110,Q5VZC3
D017114,Q5VZC3
D010300,Q5VZC3
D013274,Q5VZC3
D017114,Q9UMR0
D001281,Q9HCM7
D006528,Q96D16
D011565,Q6PCT2
D015430,Q8IUQ5
D001281,Q498Y9
D009133,Q498Y9
D001321,Q9UH90
D011471,Q9H4M3
D013262,Q9NRD1
D008106,Q9UK97
D003928,Q494Z1
D001943,Q969H0
D016889,Q969H0
D005910,Q969H0
D054218,Q969H0
D001749,Q8N3Y1
D003875,Q6GU38
D004342,Q6GU38
D014581,Q6GU38
D004342,P30273
D008106,P30273
D010300,Q30219
D013274,Q9Y6R7
D001169,P12314
D008106,P12314
D001172,P12318
D003550,P12318
D008180,P12318
D008288,P12318
D013921,P12318
D013927,P12318
D001327,Q8NIA0
D008180,Q8NIA0
D008288,Q8NIA0
D009503,Q8NIA0
D008106,P08637
D008106,Q92531
D006528,Q14CE6
D006528,Q6UXM4
D006528,Q6IAX1
D019970,Q6IAX1
D001649,Q8TD50
D005355,Q8TD50
D015179,Q6FHX6
D008175,Q6FHX6
D001749,Q96AC1
D006470,Q86UX7
D003324,Q4JFK8
D017202,Q99581
D017202,Q7Z674
D015430,Q7Z674
D056486,Q8WW76
D002779,Q8WW76
D064420,Q8WW76
D007674,Q8WW76
D010024,Q8WW76
D011655,Q8WW76
D020521,Q8WW76
D013927,Q8WW76
D054556,Q8WW76
D010024,P02675
D010300,P02675
D001289,P98174
D019465,P98174
D006130,P98174
D009421,P98174
D001943,Q6ZNL6
D013274,Q6ZNL6
D007022,P05230
D007938,P05230
D008654,P05230
D017202,P05230
D010051,P05230
D011658,P05230
D015430,P05230
D001943,Q8NFI9
D002972,Q8NFI9
D011471,Q8NFI9
D006529,Q99517
D009362,Q9Y643
D010190,Q9Y643
D003072,Q92915
D020520,P09038
D001930,P09038
D006332,P09038
D002972,P09038
D019970,P09038
D003866,P09038
D004830,P09038
D005910,P09038
D007249,P09038
D007674,P09038
D008103,P09038
D008106,P09038
D008654,P09038
D017202,P09038
D009400,P09038
D009404,P09038
D009410,P09038
D011297,P09038
D011471,P09038
D011658,P09038
D015427,P09038
D012640,P09038
D003921,Q9NSA1
D003924,Q9NSA1
D005234,Q9NSA1
D006973,Q9NSA1
D020244,Q9NSA1
D065626,Q9NSA1
D009765,Q9NSA1
D014652,Q9NSA1
D001943,P11487
D006528,P11487
D002972,P11487
D019465,P11487
D006319,P11487
D001943,P08620
D006528,P08620
D001281,P12034
D002972,Q6RK68
D008103,Q6RK68
D055370,Q6RK68
D011658,Q6RK68
D015427,Q6RK68
D002972,P55075
D019465,P55075
D000230,P31371
D002289,P31371
D002972,P31371
D008175,P31371
D013736,P31371
D001943,P11362
D006528,P11362
D002289,P11362
D002294,P11362
D002972,P11362
D019465,P11362
D003866,P11362
D005910,P11362
D008175,P11362
D012559,P11362
D000015,P21802
D001943,P21802
D002972,P21802
D019465,P21802
D016889,P21802
D017880,P21802
D008103,P21802
D008175,P21802
D019957,P21802
D012871,P21802
D013274,P21802
D002295,Q9NRB6
D002972,Q9NRB6
D015179,Q9NRB6
D009101,Q9NRB6
D001749,Q9NRB6
D002583,Q9NRB6
D011471,P22455
D012128,P22455
D013274,P02679
D009765,Q96C11
D015430,Q96C11
D008106,Q14314
D008106,Q5TGY6
D008545,Q5W0V4
D019969,Q71VB2
D002277,Q71VB2
D002289,Q71VB2
D008113,Q71VB2
D008175,Q71VB2
D008654,Q71VB2
D011471,Q71VB2
D013274,Q71VB2
D019966,Q71VB2
D008106,Q5JXI8
D001943,Q6I9R8
D006332,Q6I9R8
D015470,Q6I9R8
D008106,Q6I9R8
D015179,Q9P100
D008881,Q5TD97
D019966,Q8IVF7
D007680,Q6PIW4
D013274,Q7Z7B0
D006333,Q6UN15
D020257,Q9Y3D6
D001932,Q86VR8
D004195,Q86SR8
D019969,Q5T1M5
D019966,Q5T1M5
D008106,Q5W0X3
D013274,Q53XJ5
D001172,Q2TA84
D003865,Q2TA84
D004715,Q2TA84
D007232,Q2TA84
D019954,Q2TA84
D001943,Q9UIM3
D004417,Q9H9S5
D018908,Q9H9S5
D001943,Q96Q35
D002292,Q8NFG4
D015179,Q8NFG4
D008113,Q8NFG4
D003872,Q4JFL9
D008106,Q9UEE3
D001943,Q6NXF2
D004827,Q6NXF2
D008106,Q6NXF2
D015179,Q14315
D001943,P17948
D002292,P17948
D002543,P17948
D056486,P17948
D008103,P17948
D008545,P17948
D009362,P17948
D012008,P17948
D012878,P17948
D014511,P17948
D015470,P36888
D015473,P36888
D007964,P36888
D054198,P36888
D013163,P36888
D013927,P36888
D006528,Q9Y5Y0
D010302,Q96HJ9
D002292,Q96L17
D008106,Q96CE5
D008106,Q01740
D004715,Q99518
D056486,P31513
D001008,Q8IXW7
D001321,Q8IXW7
D003072,Q8IXW7
D019465,Q8IXW7
D001943,Q7L553
D002277,Q7L553
D002471,Q7L553
D003920,Q7L553
D003928,Q7L553
D005909,Q7L553
D005923,Q7L553
D006973,Q7L553
D017379,Q7L553
D015674,Q7L553
D008325,Q7L553
D009361,Q7L553
D011658,Q7L553
D064420,Q53EP0
D015473,Q53EP0
D008064,Q9H6D8
D006332,Q8NAU1
D004719,Q8NAU1
D006973,Q8NAU1
D007249,Q8NAU1
D018487,Q8NAU1
D008103,Q5VW36
D011471,Q2VPJ0
D003110,P15328
D019465,P15328
D004827,P15328
D006330,P15328
D009069,P15328
D009436,P15328
D010051,P15328
D011596,P15328
D008106,P14207
D009436,P14207
D065626,P14207
D019969,Q6FG41
D001008,Q6FG41
D001930,Q6FG41
D001943,Q6FG41
D006528,Q6FG41
D002471,Q6FG41
D019970,Q6FG41
D004195,Q6FG41
D004715,Q6FG41
D004827,Q6FG41
D006470,Q6FG41
D006930,Q6FG41
D006948,Q6FG41
D006973,Q6FG41
D020244,Q6FG41
D008106,Q6FG41
D008175,Q6FG41
D009422,Q6FG41
D020258,Q6FG41
D009765,Q6FG41
D015427,Q6FG41
D012640,Q6FG41
D013226,Q6FG41
D013375,Q6FG41
D006528,Q6FGK6
D019970,Q6FGK6
D003072,Q6FGK6
D007174,Q6FGK6
D004409,Q6FGK6
D004827,Q6FGK6
D008113,Q6FGK6
D008175,Q6FGK6
D009069,Q6FGK6
D011297,Q6FGK6
D005909,Q9H5M2
D008175,Q9H5M2
D001943,P55317
D002289,P55317
D002294,P55317
D002471,P55317
D005234,P55317
D011471,P55317
D008106,Q9Y261
D008171,Q9Y261
D011471,P55318
D011471,Q12948
D019465,Q99958
D008175,Q6VB84
D008175,Q5VV16
D020521,Q12947
D004827,P55316
D009422,P55316
D012640,P55316
D019465,Q12951
D015179,Q53ZD3
D001943,Q53Y49
D006528,Q53Y49
D002289,Q53Y49
D007938,Q53Y49
D008114,Q53Y49
D008175,Q53Y49
D011230,Q53Y49
D006976,Q12778
D015470,Q12778
D011471,Q12778
D004715,Q12778
D001321,Q6IAJ1
D009361,Q6IAJ1
D010190,Q6IAJ1
D001321,Q8NFT3
D019465,Q8NFT3
D001172,Q9BZS1
D001249,Q9BZS1
D001943,Q9BZS1
D006967,Q9BZS1
D055370,Q9BZS1
D008175,Q9BZS1
D011471,Q96AP5
D001943,Q9C009
D028361,Q96CU9
D001172,Q96LE4
D015179,Q96LE4
D008228,Q96LE4
D054198,Q96LE4
D003865,P0C091
D018149,P42685
D019966,Q5T376
D001281,Q6PEW6
D008106,Q5TBA9
D010003,Q53QT6
D013274,Q9BTV5
D005334,Q27RP3
D007247,Q27RP3
D009845,Q27RP3
D001943,Q6FHE1
D006528,Q6FHE1
D017114,Q6FHE1
D008113,Q6FHE1
D009133,Q6FHE1
D013274,Q6FHE1
D015431,Q6FHE1
D058186,Q12841
D008106,Q12841
D015430,Q12841
D001714,Q8N475
D002051,Q49AR5
D008106,Q49AR5
D003866,Q6NZ44
D005910,Q6NZ44
D009361,Q6NZ44
D019636,Q6NZ44
D011230,Q6NZ44
D003866,Q6S4P3
D009361,Q6S4P3
D009362,Q6S4P3
D009765,Q6S4P3
D010003,Q6S4P3
D001943,Q9C0B1
D003924,Q9C0B1
D008545,Q9C0B1
D065626,Q9C0B1
D009765,Q9C0B1
D015430,Q9C0B1
D008175,Q6PJY1
D002277,P09958
D003324,P09958
D015674,P09958
D008325,P09958
D013927,P22083
D009436,Q9BT04
D019954,Q16595
D006973,Q58I17
D008106,Q58I17
D010190,Q14802
D008106,Q96DB9
D015470,Q9H0Q3
D008106,Q9H0Q3
D002375,Q14342
D008106,Q14342
D011658,Q14342
D013274,Q14342
D003110,Q86UZ8
D002972,Q9BY80
D019465,Q9BY80
D012164,Q9BY80
D008106,Q9H461
D002277,P27469
D008106,P27469
D015674,P27469
D008325,P27469
D008106,P35575
D058186,Q2VF42
D000743,Q2VF42
D006461,Q2VF42
D008288,Q2VF42
D002312,P10253
D015433,P10253
D017379,P10253
D018754,P10253
D008545,Q9UQC2
D009361,Q9UQC2
D009362,Q9UQC2
D001321,Q8IW08
D019970,Q8IW08
D006948,Q8IW08
D001259,P14867
D001321,P14867
D006501,P14867
D012640,P14867
D001008,Q8TBI4
D001321,Q8TBI4
D019970,Q8TBI4
D006556,Q8TBI4
D001321,P34903
D001259,P48169
D001321,P48169
D001321,P31644
D008569,P31644
D012640,P31644
D020244,Q16445
D012559,Q16445
D001321,P18505
D006501,P18505
D012128,P18505
D004827,P47870
D012559,P47870
D001321,P28472
D001930,P28472
D019465,P28472
D004827,P28472
D004832,P28472
D007319,P28472
D019969,P18507
D019970,P18507
D006501,P18507
D001930,Q99928
D008107,P28476
D020258,P28476
D001321,Q8IVA8
D001714,Q8IVA8
D019970,Q8IVA8
D003865,Q8IVA8
D004409,Q8IVA8
D006966,Q8IVA8
D006973,Q8IVA8
D012559,Q8IVA8
D001714,Q5VZ31
D019970,Q5VZ31
D003865,Q5VZ31
D012559,Q5VZ31
D012640,Q5VZ31
D056486,P24522
D010051,P24522
D010190,P24522
D011471,P24522
D013274,P24522
D012871,Q6IX74
D008113,Q6ZQY3
D000230,Q05DQ1
D010190,Q05DQ1
D010300,Q3B835
D003865,Q8N6F7
D006930,Q8N6F7
D006973,Q8N6F7
D007249,Q8N6F7
D009437,Q8N6F7
D013610,Q8N6F7
D008106,P54803
D002386,Q71UH7
D007249,Q96I49
D015179,Q68VJ1
D006529,Q68VJ0
D001943,Q68VJ8
D010051,Q68VJ6
D011471,Q68VJ6
D012871,Q7Z4T8
D003865,P47211
D012640,Q14353
D010523,Q9H2C0
D056486,Q9BS14
D003110,Q5U058
D013226,Q5U058
D054058,Q0QET7
D006528,Q0QET7
D002294,Q0QET7
D015179,Q0QET7
D004195,Q0QET7
D004938,Q0QET7
D000860,Q0QET7
D009336,Q0QET7
D010003,Q0QET7
D010024,Q0QET7
D020734,Q0QET7
D004195,Q9NY12
D006402,Q9NY12
D001172,Q71VH3
D004195,Q71VH3
D015470,Q99501
D058186,Q14393
D006332,Q14393
D003928,Q14393
D013923,Q14393
D013927,Q14393
D009765,Q29RX5
D008106,Q6UWH4
D000230,P01350
D003110,P01350
D005767,P01350
D008175,P01350
D010437,P01350
D015427,P01350
D013274,P01350
D009190,P15976
D013921,P15976
D001161,P23769
D019465,P23769
D015470,P23769
D009190,P23769
D014657,P23769
D001172,P23771
D002277,P23771
D004802,P23771
D006689,P23771
D007249,P23771
D007676,P23771
D015674,P23771
D008325,P23771
D054198,P23771
D001281,P43694
D006332,P43694
D015179,P43694
D004195,P43694
D064420,P43694
D006345,P43694
D006470,P43694
D009203,P43694
D020257,P43694
D015179,Q9BWX5
D064420,Q05CA6
D006470,Q05CA6
D008175,Q05CA6
D013274,Q86YP4
D002277,P50440
D006333,P50440
D007674,P50440
D015674,P50440
D008325,P50440
D017202,P50440
D009336,P50440
D006976,P04062
D010300,P04062
D020734,P04062
D006528,Q9H227
D019966,Q9H227
D008106,Q8TCE5
D017202,Q8TCE5
D008106,Q96PP9
D058186,P38435
D001172,P38435
D056486,P38435
D064420,P38435
D006501,P38435
D008103,P38435
D008106,P38435
D017114,P38435
D008175,P38435
D009103,P38435
D012559,P38435
D012772,P38435
D019970,Q96CN9
D000855,P01275
D001919,P01275
D002375,P01275
D003092,P01275
D003110,P01275
D003128,P01275
D003248,P01275
D003924,P01275
D006331,P01275
D006333,P01275
D006943,P01275
D006946,P01275
D006948,P01275
D006949,P01275
D006973,P01275
D007022,P01275
D007035,P01275
D009765,P01275
D011041,P01275
D013035,P01275
D013272,P01275
D013610,P01275
D013616,P01275
D013651,P01275
D014652,P01275
D004409,P30793
D004421,P30793
D006973,P30793
D018476,P30793
D009127,P30793
D017202,P30793
D010146,P30793
D008106,P30047
D003921,Q53Y25
D003924,Q53Y25
D006943,Q53Y25
D008106,Q53Y25
D003924,Q14397
D015228,Q14397
D000743,Q14TF0
D002289,Q14TF0
D002471,Q14TF0
D056486,Q14TF0
D003924,Q14TF0
D006973,Q14TF0
D008175,Q14TF0
D009203,Q14TF0
D017202,Q14TF0
D056486,P48507
D003924,P48507
D009203,P48507
D008106,Q02742
D011471,Q02742
D002277,Q5SZC6
D056486,Q5SZC6
D015674,Q5SZC6
D008325,Q5SZC6
D006330,P27539
D001943,P55107
D008654,P55107
D006528,Q99988
D003324,Q99988
D006333,Q99988
D017379,Q99988
D008545,Q99988
D017202,Q99988
D009362,Q99988
D011471,Q99988
D015430,Q99988
D006528,Q9UK05
D006976,Q9UK05
D004487,Q9NR23
D006330,Q9NR23
D001172,Q2NKW7
D010003,Q2NKW7
D056486,P31150
D019969,P39905
D019970,P39905
D004409,P39905
D005909,P39905
D005910,P39905
D006930,P39905
D019636,P39905
D009461,P39905
D010300,P39905
D010302,P39905
D020734,P39905
D010673,P39905
D013226,P39905
D008064,Q7L5L3
D004195,P14136
D004827,P14136
D006930,P14136
D009422,P14136
D010300,P14136
D010523,P14136
D058186,P55789
D017114,P55789
D015470,Q99684
D003324,Q9NXC2
D009135,Q06210
D009765,Q06210
D008106,P56159
D009437,P56159
D001778,P38435
D003324,P38435
D001172,Q92820
D002295,Q92820
D056486,Q92820
D015179,Q92820
D008106,Q92820
D001749,Q92820
D002277,Q6NZY2
D008107,Q6NZY2
D015674,Q6NZY2
D008325,Q6NZY2
D009203,Q6NZY2
D011471,Q6NZY2
D008106,Q4G0N0
D053099,Q6IYF1
D002318,Q6IYF1
D006130,Q6IYF1
D007333,Q6IYF1
D008106,Q6IYF1
D008325,Q6IYF1
D009133,Q6IYF1
D009765,Q6IYF1
D010911,Q6IYF1
D015430,Q6IYF1
D015431,Q6IYF1
D001321,Q9NRZ8
D006528,Q9NRZ8
D008106,Q9NRZ8
D017202,Q9NRZ8
D011471,Q9NRZ8
D011654,P01286
D000230,Q9UBU3
D019970,Q9UBU3
D003092,Q9UBU3
D003866,Q9UBU3
D004938,Q9UBU3
D006333,Q9UBU3
D009410,Q9UBU3
D009436,Q9UBU3
D009765,Q9UBU3
D015427,Q9UBU3
D012640,Q9UBU3
D013276,Q9UBU3
D015430,Q9UBU3
D001172,Q9NXP7
D006528,Q14691
D000855,P09681
D002289,Q4VBP1
D001289,Q9BSI3
D002471,Q9BSI3
D006948,Q9BSI3
D008569,Q9BSI3
D000236,P17302
D001145,P17302
D001321,P17302
D001943,P17302
D006930,P17302
D006973,P17302
D008106,P17302
D008175,P17302
D015428,P17302
D011471,P17302
D012878,P17302
D006973,Q5JW71
D008106,Q5JW71
D001281,P36382
D006973,P36382
D002386,P48165
D000236,P08034
D006528,P08034
D002292,P08034
D008113,P08034
D008114,P08034
D008175,P08034
D009362,P08034
D011230,P08034
D015427,P08034
D003638,P29033
D006319,P29033
D007634,P29033
D011565,P29033
D012878,P29033
D006973,Q5H9P2
D010523,Q8NFK1
D008106,P32189
D017202,P32189
D000230,Q53YU7
D013274,Q53YU7
D006528,P08151
D015473,P08151
D016403,P08151
D010523,P08151
D001749,P08151
D004195,Q6RSW2
D015473,Q6RSW2
D012878,Q6RSW2
D009436,P10071
D013274,P10071
D008106,P48060
D007674,Q9BZE0
D003924,Q1PHK4
D001008,Q04760
D001321,Q04760
D003866,Q04760
D008545,Q04760
D003924,P43220
D006965,P43220
D006973,P43220
D009369,P43220
D020821,Q14C71
D008106,Q53TX0
D010003,Q53TX0
D008106,Q0VD99
D008106,Q68CQ7
D056486,Q9UQV0
D005317,Q9UQV0
D022124,Q9UQV0
D006946,Q9UQV0
D006528,P15104
D006501,P15104
D008114,P15104
D009765,P15104
D002277,Q8IVK1
D015674,Q8IVK1
D008325,Q8IVK1
D009361,Q8IVK1
D000230,Q86SZ5
D013274,Q86SZ5
D006330,P29992
D008545,P29992
D017202,Q03113
D002051,Q14344
D000647,P63096
D013375,P63096
D054537,Q99061
D001919,Q99061
D001943,Q99061
D002277,Q99061
D008106,Q99061
D015674,Q99061
D008325,Q99061
D000647,P08754
D004421,P38405
D020821,P38405
D006528,Q8N6I9
D004827,Q8N6I9
D013375,Q8N6I9
D000419,P50148
D001778,P50148
D019465,P50148
D005923,P50148
D006330,P50148
D008545,P50148
D006973,Q5JWE9
D000860,Q5JWE9
D007333,Q5JWE9
D009765,Q5JWE9
D012120,Q5JWE9
D013375,Q5JWE9
D013610,Q5JWE9
D003117,Q5T697
D006528,Q8N652
D001008,P62873
D003866,P62873
D009190,P62873
D054198,P62873
D003324,P16520
D003924,P16520
D006973,P16520
D009765,P16520
D012640,P16520
D015430,P16520
D001281,Q9HAV0
D015179,Q9HAV0
D015179,Q96F32
D011471,P63218
D008107,Q9UK08
D006528,Q14749
D006505,Q14749
D020138,Q14749
D008113,Q14749
D065626,Q14749
D011471,Q14749
D008106,P46926
D009765,Q8TDQ7
D004195,Q96EK6
D001919,P01148
D006261,P01148
D006966,P01148
D006973,P01148
D007035,P01148
D012128,P01148
D013610,P01148
D014839,P01148
D015431,P01148
D011471,Q86W71
D012871,Q86W71
D004195,Q8NBJ4
D001281,Q9HD26
D008545,Q9HD26
D010024,Q5T7V8
D056486,P17174
D008106,P17174
D006973,P07359
D013927,P07359
D019465,P13224
D006330,P13224
D013921,P13224
D003924,Q8N1A3
D013921,P14770
D003921,Q8N1G6
D008106,Q8N1G6
D008545,Q8N1G6
D003248,Q8TDU6
D006528,Q8IYG2
D008654,Q8IYG2
D019465,Q86SV6
D000419,P78333
D009404,P78333
D019465,Q9Y625
D017880,Q9Y625
D010024,Q9Y625
D009362,Q9NPB8
D056486,P21695
D005234,Q8N335
D003921,Q53T76
D003924,Q53T76
D010024,Q53T76
D000015,Q99527
D001943,Q99527
D006529,Q99527
D006930,Q99527
D008113,Q99527
D008545,Q96T91
D019970,Q9NQX3
D015473,Q9NQX3
D000743,P06744
D001943,P06744
D004195,Q9BRB3
D006528,Q86YB0
D058186,Q96F58
D001943,Q96F58
D015179,Q96F58
D008106,Q96F58
D017114,Q96F58
D002289,Q8IZ08
D010051,Q8NGU9
D012559,Q6NV75
D001321,Q49AJ5
D006529,Q49AJ5
D006528,Q5T848
D020520,Q13304
D006937,Q13304
D007333,Q13304
D024821,Q13304
D009765,Q13304
D006528,Q7Z4H2
D006943,Q9Y2T6
D015228,Q9Y2T6
D009369,Q9Y2T6
D015430,Q9Y2T6
D008106,Q6NWR6
D001172,Q8NFJ5
D019970,Q86YR5
D056486,P24298
D005234,P24298
D008106,P24298
D008107,P24298
D065626,P24298
D015427,P24298
D001321,Q7L4Q3
D002545,Q7L4Q3
D001943,Q7L4Q3
D002294,Q7L4Q3
D002295,Q7L4Q3
D002311,Q7L4Q3
D002318,Q7L4Q3
D003921,Q7L4Q3
D003924,Q7L4Q3
D004827,Q7L4Q3
D005234,Q7L4Q3
D006258,Q7L4Q3
D006943,Q7L4Q3
D006946,Q7L4Q3
D006973,Q7L4Q3
D006980,Q7L4Q3
D008175,Q7L4Q3
D009765,Q7L4Q3
D010024,Q7L4Q3
D010300,Q7L4Q3
D015427,Q7L4Q3
D001749,Q7L4Q3
D001943,P18283
D008113,P18283
D009362,P18283
D000230,Q6NXQ3
D004715,Q6NXQ3
D007333,Q6NXQ3
D008113,Q6NXQ3
D008175,Q6NXQ3
D009369,Q6NXQ3
D019636,Q6NXQ3
D009765,Q6NXQ3
D011471,Q6NXQ3
D001943,Q6PJX4
D015179,Q6PJX4
D020964,Q6PJX4
D005234,Q6PJX4
D005355,Q6PJX4
D018149,Q6PJX4
D006333,Q6PJX4
D008106,Q8TED1
D003924,Q53QQ0
D015430,Q53QQ0
D000230,Q14451
D001943,Q14451
D002292,Q14451
D008175,Q14451
D011471,Q14451
D004715,Q6IPM5
D011471,Q6IPM5
D005313,Q8TE85
D009436,Q8TE85
D011471,Q5M7Z5
D001321,P42261
D019970,P42261
D006948,P42261
D007022,P42261
D007859,P42261
D000857,P42261
D020018,P42261
D013375,P42261
D019970,P42262
D006948,P42262
D000857,P42262
D013226,P42262
D013375,P42262
D020018,Q9P0H2
D019966,Q1WWK6
D015179,Q9ULK0
D012640,Q9UNN1
D001321,Q9BZ15
D001714,Q9BZ15
D001943,Q9BZ15
D002289,Q9BZ15
D003110,Q9BZ15
D004938,Q9BZ15
D005909,Q9BZ15
D008113,Q9BZ15
D010051,Q9BZ15
D012559,Q9BZ15
D020018,Q9BZ15
D019966,Q9BZ15
D012559,Q16478
D019970,Q5VSF9
D004195,Q5VSF9
D006930,Q5VSF9
D010146,Q5VSF9
D011618,Q5VSF9
D001321,Q547U9
D001714,Q547U9
D015179,Q547U9
D004827,Q547U9
D008545,Q547U9
D013064,Q547U9
D013375,Q547U9
D004827,Q13224
D006930,Q13224
D007022,Q13224
D012559,Q13224
D007172,Q8TCU5
D009437,Q71VB6
D001172,P25098
D006332,P25098
D009202,P25098
D002318,P25098
D020964,P25098
D006333,P25098
D006973,P25098
D001714,P35626
D056486,P32298
D002318,Q24JT8
D008107,Q24JT8
D001172,Q96AD6
D001289,Q13255
D004827,Q13255
D013226,Q13255
D019969,Q14416
D011605,Q14416
D012559,Q14416
D008545,Q14832
D012559,Q14832
D009410,Q14833
D001289,P41594
D019970,P41594
D003929,P41594
D009437,P41594
D013226,P41594
D019966,P41594
D001289,Q14831
D019966,Q14831
D003704,P28799
D008106,P28799
D009410,P28799
D000647,Q6LDX5
D006258,Q6LDX5
D008114,Q6LDX5
D011537,Q6LDX5
D008569,P30550
D011471,P30550
D004195,Q9BQ67
D019465,P56915
D001249,Q8TAX9
D001714,P49840
D003866,P49840
D012559,P49840
D000015,Q86TM2
D058186,Q86TM2
D000544,Q86TM2
D001169,Q86TM2
D001714,Q86TM2
D001930,Q86TM2
D001943,Q86TM2
D006332,Q86TM2
D002471,Q86TM2
D003072,Q86TM2
D003866,Q86TM2
D006333,Q86TM2
D006973,Q86TM2
D009133,Q86TM2
D009203,Q86TM2
D010538,Q86TM2
D011041,Q86TM2
D011471,Q86TM2
D012559,Q86TM2
D001749,Q86TM2
D054058,Q5T0I0
D006332,Q5T0I0
D056486,Q5T0I0
D008106,Q5T0I0
D008654,Q5T0I0
D010024,Q5T0I0
D015430,Q5T0I0
D000740,P00390
D000743,P00390
D056486,P00390
D003921,P00390
D004487,P00390
D006980,P00390
D007003,P00390
D019636,P00390
D020734,P00390
D002277,P48637
D015674,P48637
D008325,P48637
D058186,P08263
D064420,P08263
D017202,P08263
D065626,P08263
D011471,P08263
D008106,P09210
D008106,Q5JW85
D001161,Q5JW88
D056486,Q5JW88
D010300,Q5JW88
D011230,Q5JW88
D006973,Q7RTV2
D011471,Q8NEC7
D010003,Q6FII1
D011471,Q6FII1
D019969,Q16041
D001249,Q16041
D050197,Q16041
D001321,Q16041
D006528,Q16041
D002292,Q16041
D002294,Q16041
D056486,Q16041
D015179,Q16041
D003924,Q16041
D004342,Q16041
D007938,Q16041
D008106,Q16041
D008113,Q16041
D008175,Q16041
D008654,Q16041
D048629,Q16041
D019636,Q16041
D065626,Q16041
D010300,Q16041
D011471,Q16041
D011928,Q16041
D012871,Q16041
D001749,Q16041
D014581,Q16041
D058186,Q0D2I8
D002289,Q0D2I8
D056486,Q0D2I8
D017202,Q0D2I8
D019636,Q0D2I8
D056486,Q6FGJ9
D015179,Q6FGJ9
D011471,Q6FGJ9
D056486,Q03013
D019636,Q03013
D003110,Q5T8R2
D019636,Q5T8R2
D056486,Q5TA02
D007938,Q5TA02
D008171,Q5TA02
D009369,Q5TA02
D019636,Q5TA02
D011230,Q5TA02
D011471,Q5TA02
D012871,Q5TA02
D001749,Q9H4Y5
D054058,Q5D6A5
D058186,Q5D6A5
D019969,Q5D6A5
D001249,Q5D6A5
D001321,Q5D6A5
D001943,Q5D6A5
D002277,Q5D6A5
D006528,Q5D6A5
D002289,Q5D6A5
D002292,Q5D6A5
D056486,Q5D6A5
D004342,Q5D6A5
D005910,Q5D6A5
D006689,Q5D6A5
D006973,Q5D6A5
D007674,Q5D6A5
D015464,Q5D6A5
D008114,Q5D6A5
D008175,Q5D6A5
D028361,Q5D6A5
D017202,Q5D6A5
D009336,Q5D6A5
D065626,Q5D6A5
D010300,Q5D6A5
D010523,Q5D6A5
D011230,Q5D6A5
D011471,Q5D6A5
D011605,Q5D6A5
D012509,Q5D6A5
D013274,Q5D6A5
D001749,Q5D6A5
D019969,Q4W252
D002277,Q4W252
D002292,Q4W252
D056486,Q4W252
D005909,Q4W252
D006973,Q4W252
D007680,Q4W252
D008175,Q4W252
D048629,Q4W252
D009101,Q4W252
D009369,Q4W252
D065626,Q4W252
D011471,Q4W252
D011928,Q4W252
D012878,Q4W252
D006973,Q6ICJ4
D001281,Q499G6
D015470,Q499G6
D019465,Q75MX6
D002779,Q9BX10
D006528,Q9NYZ3
D007676,Q16661
D009404,Q16661
D011471,Q96NT3
D003110,Q6PJR4
D003324,Q6PJR4
D006973,Q6PJR4
D013927,Q6PJR4
D001943,P33402
D015179,P33402
D015179,P25092
D003967,P25092
D008106,Q9UBP9
D009422,P08236
D011507,P08236
D001145,Q8N5Y3
D018908,Q8N5Y3
D017202,Q8N5Y3
D008288,Q9UM93
D012878,Q9UM93
D008288,Q8WWP0
D001281,P04921
D008288,P04921
D006528,P54840
D008106,P12544
D001321,P10144
D001943,P10144
D004342,P10144
D006505,P10144
D015470,P07305
D001943,P16403
D015470,P16403
D001943,P16104
D005909,P16104
D048629,P16104
D001943,P62807
D004195,P62807
D011471,P62807
D005909,P84243
D005910,P84243
D005909,P68431
D005910,P68431
D002277,P84243
D015674,P84243
D008325,P84243
D017114,P62805
D019465,P62805
D006130,P62805
D011471,P62805
D056486,Q7Z773
D002779,Q7Z773
D009765,Q16836
D011230,Q16836
D056486,P40939
D017202,P40939
D010003,P40939
D001943,P55084
D005234,P55084
D006331,P55084
D008106,Q16775
D008106,Q4VB95
D000740,Q6KC15
D006528,Q6KC15
D007676,Q6KC15
D007680,Q6KC15
D001281,Q3T1D5
D006332,Q3T1D5
D004195,Q3T1D5
D006330,Q3T1D5
D006333,Q3T1D5
D020257,Q3T1D5
D008106,Q9UJM8
D011471,Q9UJM8
D006528,Q5QP02
D056486,Q5QP02
D002779,Q5QP02
D008106,Q5QP02
D001172,P10915
D015179,P10915
D019465,P10915
D017880,P10915
D001943,Q86UW8
D001327,P12081
D002292,P12081
D008171,P12081
D005234,Q96RV2
D010051,Q5VY60
D058186,Q96D42
D056486,Q96D42
D064420,Q96D42
D005923,Q96D42
D007674,Q96D42
D009336,Q96D42
D011507,Q96D42
D002277,Q9NQT3
D002544,Q9NQT3
D003924,Q9NQT3
D015674,Q9NQT3
D008325,Q9NQT3
D008708,Q9NQT3
D004195,Q9Y6D8
D008288,Q9Y6D8
D008708,Q9Y6D8
D013163,Q9Y6D8
D058186,Q1HK36
D066126,Q1HK36
D004195,Q1HK36
D004715,Q1HK36
D004830,Q1HK36
D017379,Q1HK36
D007676,Q1HK36
D015427,Q1HK36
D013274,Q1HK36
D010300,Q14412
D011471,Q14412
D058186,Q9UNL6
D009846,Q9UNL6
D011471,Q9UNL6
D002294,Q8TDS4
D005483,Q8TDS4
D011565,Q8TDS4
D012559,Q8TDS4
D012878,Q8TDS4
D002294,P49019
D012878,P49019
D008113,Q05C05
D001327,P08631
D008106,P08631
D009369,P08631
D054198,P08631
D001172,P14317
D001259,Q86WJ6
D004195,Q86WJ6
D004827,Q86WJ6
D012640,Q86WJ6
D001281,Q9Y3Q4
D009101,Q6MZN7
D001172,Q6IT96
D002294,Q6IT96
D004715,Q6IT96
D006331,Q6IT96
D009190,Q6IT96
D002294,Q92769
D006332,Q92769
D004715,Q92769
D008103,Q92769
D008545,Q92769
D029424,Q92769
D019970,P56524
D001749,P56524
D001714,Q9UQL6
D019970,Q9UQL6
D002311,Q9BRX7
D008545,Q9BRX7
D009374,Q9BRX7
D010051,Q9BRX7
D011471,Q9BRX7
D050197,Q9Y6V1
D020521,Q9Y6V1
D006529,Q9UBI9
D005879,Q9UBI9
D015430,Q9H0R4
D001321,Q96CF6
D008113,Q5THN1
D003324,Q9Y4D8
D003924,Q9Y4D8
D004195,Q76H82
D008106,Q76H82
D001281,Q15751
D008113,Q4W5H5
D006528,Q9UII4
D004715,Q9UII4
D011471,Q15011
D001943,Q8IXV0
D002289,Q8IXV0
D003110,Q8IXV0
D005909,Q8IXV0
D008175,Q8IXV0
D002583,Q8IXV0
D001932,Q5M8T3
D009422,Q5M8T3
D058186,Q5URX0
D001943,Q9Y5J3
D005909,Q9Y5J3
D008175,Q9Y5J3
D001943,Q5TF93
D002312,Q5TF93
D001943,Q9NQ87
D000544,Q9UK37
D009190,Q9UK37
D010300,Q9UK37
D017119,Q9UK37
D006528,P14210
D002294,P14210
D009202,P14210
D003929,P14210
D015470,P14210
D008103,P14210
D008106,P14210
D017114,P14210
D008113,P14210
D008114,P14210
D017202,P14210
D009361,P14210
D009362,P14210
D009374,P14210
D010146,P14210
D010195,P14210
D010300,P14210
D011658,P14210
D015427,P14210
D013927,P14210
D014652,P14210
D006528,Q04756
D001943,Q03014
D003924,Q03014
D005234,Q03014
D006528,Q96QV1
D015179,Q96QV1
D003324,Q96JK4
D010003,Q6NVY1
D001943,Q70SM2
D002545,Q16665
D001943,Q16665
D002277,Q16665
D002289,Q16665
D006332,Q16665
D002471,Q16665
D005909,Q16665
D006330,Q16665
D006333,Q16665
D006965,Q16665
D006973,Q16665
D006976,Q16665
D008103,Q16665
D008105,Q16665
D008171,Q16665
D048629,Q16665
D015428,Q16665
D009361,Q16665
D009374,Q16665
D010190,Q16665
D011471,Q16665
D029424,Q16665
D012878,Q16665
D013119,Q16665
D013964,Q16665
D001749,Q16665
D020246,Q16665
D008113,Q9BW72
D011230,Q9BW72
D008545,Q53FT3
D013274,Q53FT3
D008175,Q9Y5L2
D009135,P49773
D012559,P49773
D008106,Q8TDA4
D058186,Q5SQL3
D009400,Q9H2X6
D017202,P31629
D006528,Q8NCD3
D002779,Q6ZVN8
D008106,Q6ZVN8
D003921,P78542
D003924,P78542
D004195,P78542
D017202,P78542
D004195,Q53SG7
D017202,Q53SG7
D009765,Q53SG7
D008107,Q16779
D001321,Q9UQU5
D056486,Q9UQU5
D005910,Q9UQU5
D009101,Q9UQU5
D013262,Q9UQU5
D013921,Q9UQU5
D056486,Q9Y4H6
D003872,Q9Y4H6
D003882,Q9Y4H6
D003875,Q9Y4H6
D004342,Q9Y4H6
D064420,Q9Y4H6
D005076,Q9Y4H6
D005910,Q9Y4H6
D006967,Q9Y4H6
D009157,Q9Y4H6
D009393,Q9Y4H6
D011507,Q9Y4H6
D013262,Q9Y4H6
D064420,Q9UQT3
D005910,Q9UQT3
D011565,Q9UQT3
D013262,Q9UQT3
D000799,Q9UM37
D001172,Q9UM37
D001249,Q9UM37
D003875,Q9UM37
D004715,Q9UM37
D008569,Q9UM37
D009103,Q9UM37
D009157,Q9UM37
D014581,Q9UM37
D002583,Q9UM37
D001249,Q9UEF5
D003872,Q9UEF5
D015433,Q9UEF5
D006967,Q9UEF5
D008180,Q9UEF5
D010195,Q9UEF5
D011507,Q9UEF5
D001172,Q76NI6
D000799,Q9TQE4
D001249,Q9TQE4
D056486,Q9TQE4
D003875,Q9TQE4
D006967,Q9TQE4
D009103,Q9TQE4
D014581,Q9TQE4
D009103,Q30125
D010300,Q30125
D012772,Q30125
D000799,Q9Y4H8
D001172,Q9Y4H8
D001249,Q9Y4H8
D001321,Q9Y4H8
D056486,Q9Y4H8
D004342,Q9Y4H8
D015433,Q9Y4H8
D006967,Q9Y4H8
D008180,Q9Y4H8
D008228,Q9Y4H8
D009103,Q9Y4H8
D009404,Q9Y4H8
D010195,Q9Y4H8
D011507,Q9Y4H8
D012559,Q9Y4H8
D014581,Q9Y4H8
D006967,Q9UM28
D000544,Q9TPE2
D003924,Q9TPE2
D006967,Q9TPE2
D010300,Q9TPE2
D001249,Q9TP14
D054198,Q16534
D007680,Q05DQ5
D003924,Q9NP66
D003924,Q6IPL9
D006943,Q6IPL9
D007333,Q6IPL9
D024821,Q6IPL9
D014594,Q6IPL9
D009361,Q1M183
D009369,Q1M183
D056486,Q5T7C4
D064420,Q5T7C4
D005334,Q5T7C4
D006930,Q5T7C4
D006973,Q5T7C4
D007249,Q5T7C4
D009102,Q5T7C4
D009203,Q5T7C4
D017202,Q5T7C4
D015428,Q5T7C4
D009336,Q5T7C4
D009437,Q5T7C4
D011658,Q5T7C4
D018805,Q5T7C4
D006528,P26583
D004195,P26583
D009765,P26583
D011471,P26583
D001327,P04035
D006528,P04035
D006937,P04035
D007676,P04035
D008106,P04035
D009135,P04035
D003110,P54868
D006333,P54868
D017202,P54868
D009361,P54868
D012008,P54868
D002471,Q6NSG7
D005910,Q5JSL0
D011471,Q5JSL0
D001749,Q5JSL0
D001943,Q6PIR6
D006528,Q6PIR6
D015464,Q6PIR6
D058186,Q96DI8
D000544,Q96DI8
D000743,Q96DI8
D001249,Q96DI8
D001778,Q96DI8
D001943,Q96DI8
D006332,Q96DI8
D002543,Q96DI8
D056486,Q96DI8
D003092,Q96DI8
D003324,Q96DI8
D003921,Q96DI8
D003924,Q96DI8
D003925,Q96DI8
D064420,Q96DI8
D005355,Q96DI8
D006130,Q96DI8
D006333,Q96DI8
D006461,Q96DI8
D006505,Q96DI8
D006946,Q96DI8
D006965,Q96DI8
D006973,Q96DI8
D007249,Q96DI8
D007333,Q96DI8
D007511,Q96DI8
D007676,Q96DI8
D007859,Q96DI8
D008106,Q96DI8
D008107,Q96DI8
D008113,Q96DI8
D055370,Q96DI8
D008175,Q96DI8
D008325,Q96DI8
D017202,Q96DI8
D009361,Q96DI8
D019636,Q96DI8
D009765,Q96DI8
D010300,Q96DI8
D011014,Q96DI8
D011471,Q96DI8
D029424,Q96DI8
D011658,Q96DI8
D015427,Q96DI8
D012164,Q96DI8
D013226,Q96DI8
D013274,Q96DI8
D013927,Q96DI8
D002543,Q6IBP2
D019465,Q9NP08
D002292,P20823
D003327,P20823
D003924,P20823
D006943,P20823
D007003,P20823
D002292,P35680
D003924,P35680
D011471,P35680
D003924,Q8NHY1
D001249,Q9P1Y0
D004342,Q9P1Y0
D014581,Q9P1Y0
D002277,P09651
D004195,P09651
D015674,P09651
D008325,P09651
D012559,P51991
D008325,Q99729
D011471,P31943
D001943,Q5T6W2
D001943,Q6NTA2
D013274,Q6NTA2
D004827,Q5RI18
D001321,Q1KMD3
D002779,Q86XE5
D019970,Q86YM6
D064420,Q86YM6
D004409,Q86YM6
D006212,Q86YM6
D019970,Q9NSB8
D008106,Q9BPY8
D001321,P49639
D019465,P49639
D006330,P49639
D009421,P49639
D000230,Q5I0Y5
D006528,Q5I0Y5
D016889,Q5I0Y5
D016889,P31270
D007674,P31270
D017880,P31270
D006528,Q6DI00
D015470,P31269
D008545,P31269
D001749,P31269
D019465,Q9HB13
D009421,Q9HB13
D001943,Q4KR72
D008545,Q4KR72
D009361,Q4KR72
D011471,Q4KR72
D009361,P14651
D009765,P09067
D009771,P17481
D001943,P17482
D010051,P17482
D011471,P17482
D014594,P17482
D015179,Q96CA4
D006930,Q96CA4
D010051,Q96CA4
D010146,Q96CA4
D001172,P28358
D005909,P28358
D001172,Q14DW8
D001321,Q14DW8
D001943,Q14DW8
D005910,Q14DW8
D007674,Q14DW8
D017880,Q14DW8
D010051,Q14DW8
D017880,P35452
D008545,P35452
D000740,P35453
D001172,P35453
D017880,P35453
D009503,P35453
D011471,P31249
D054198,P09016
D006528,P28356
D015179,P28356
D010051,P28356
D058186,Q6PEJ8
D000740,Q6PEJ8
D001168,Q6PEJ8
D050197,Q6PEJ8
D001327,Q6PEJ8
D001943,Q6PEJ8
D002318,Q6PEJ8
D003924,Q6PEJ8
D003925,Q6PEJ8
D064420,Q6PEJ8
D050171,Q6PEJ8
D006461,Q6PEJ8
D006967,Q6PEJ8
D006973,Q6PEJ8
D007938,Q6PEJ8
D008288,Q6PEJ8
D009203,Q6PEJ8
D012559,Q6PEJ8
D008106,Q6FGY1
D056486,P32754
D011471,P15428
D013964,P15428
D004195,Q9UQ30
D008064,P05981
D011471,P05981
D056486,Q6LET3
D001943,Q9Y251
D008106,Q9Y251
D008545,Q9Y251
D009361,Q9Y251
D009362,Q9Y251
D058186,P02790
D001327,P02790
D056486,P02790
D003924,P02790
D064420,P02790
D001321,P78460
D001932,P78460
D001943,P78460
D002277,P78460
D006528,P78460
D002294,P78460
D002295,P78460
D002471,P78460
D005910,P78460
D008113,P78460
D008114,P78460
D008175,P78460
D015674,P78460
D008325,P78460
D008545,P78460
D009361,P78460
D009374,P78460
D011230,P78460
D011471,P78460
D012008,P78460
D012878,P78460
D013274,P78460
D013964,P78460
D001749,P78460
D006332,Q2M1I0
D001943,P04196
D050197,P35367
D005119,P35367
D007022,P35367
D010146,P35367
D011537,P35367
D012559,P35367
D013375,P35367
D002295,P25021
D056486,P25021
D023921,P25021
D006973,P25021
D017379,P25021
D009362,P25021
D009374,P25021
D013375,P25021
D000647,Q8WY01
D006973,Q8WY01
D008569,Q8WY01
D000230,Q9H3N8
D011537,Q9H3N8
D013274,Q9H3N8
D004715,Q9Y662
D019969,Q9Y661
D008545,Q96QI5
D001172,P28845
D003921,P28845
D006943,P28845
D006973,P28845
D007333,P28845
D009765,P28845
D001249,P80365
D006973,P80365
D008103,P80365
D009203,P80365
D009404,P80365
D011248,P80365
D004715,P14061
D011471,P14061
D016889,P37059
D004715,P37059
D008106,P37059
D011471,Q6FH62
D011471,P14060
D006528,Q5QP01
D010259,Q5QP01
D011471,Q5QP01
D002779,Q9H2F3
D008113,Q6YN16
D009369,Q00613
D001281,Q9BS48
D009203,Q12988
D001943,Q96HX7
D009362,Q96HX7
D011471,Q6PK50
D011471,Q96GW1
D058186,P0DMV8
D001930,P0DMV8
D004342,P0DMV8
D008107,P0DMV8
D008545,P0DMV8
D017202,P0DMV8
D009362,P0DMV8
D010300,P0DMV8
D011471,P0DMV8
D015427,P0DMV8
D050197,P0DMV9
D001943,P0DMV9
D012871,P0DMV9
D004342,Q53FA3
D003110,P54652
D017202,P54652
D006528,P11021
D056486,P11021
D015464,P11021
D009203,P11021
D009765,P11021
D054058,Q96IS6
D000230,Q96IS6
D002294,Q96IS6
D015427,Q96IS6
D013274,Q96IS6
D001327,Q8N1C8
D006528,Q8N1C8
D002292,Q8N1C8
D017202,Q8N1C8
D010300,Q8N1C8
D006528,P04792
D002292,P04792
D002294,P04792
D002312,P04792
D003110,P04792
D006333,P04792
D006965,P04792
D015470,P04792
D009101,P04792
D015427,P04792
D013226,P04792
D013274,P04792
D002658,Q9Y547
D002658,Q9BQS6
D054058,Q53SE2
D000230,Q53SE2
D002292,Q53SE2
D009202,Q53SE2
D002312,Q53SE2
D020244,Q53SE2
D013274,Q53SE2
D009202,P61604
D001281,Q2VPA1
D019465,Q2VPA1
D006528,Q9BUP3
D001321,P15515
D001049,Q5ZGX3
D001919,Q5ZGX3
D019970,Q5ZGX3
D005334,Q5ZGX3
D007859,Q5ZGX3
D008569,Q5ZGX3
D010146,Q5ZGX3
D011605,Q5ZGX3
D012640,Q5ZGX3
D013274,Q5ZGX3
D014202,Q5ZGX3
D019969,P28222
D001321,P28222
D019970,P28222
D007022,P28222
D011618,P28222
D012640,P28222
D001321,P28221
D007022,P28221
D009771,P28221
D008881,Q9P2Q4
D001249,Q9P2Q9
D001321,Q9P2Q9
D001480,Q9P2Q9
D001714,Q9P2Q9
D019970,Q9P2Q9
D003072,Q9P2Q9
D003865,Q9P2Q9
D020820,Q9P2Q9
D005334,Q9P2Q9
D006212,Q9P2Q9
D006930,Q9P2Q9
D006948,Q9P2Q9
D008569,Q9P2Q9
D008881,Q9P2Q9
D009765,Q9P2Q9
D009771,Q9P2Q9
D011618,Q9P2Q9
D029424,Q9P2Q9
D012559,Q9P2Q9
D006332,Q7Z580
D064420,Q7Z580
D006333,Q7Z580
D006973,Q7Z580
D006976,Q7Z580
D006948,Q7Z579
D024821,Q7Z579
D009437,Q7Z579
D009765,Q7Z579
D013375,Q7Z579
D015430,Q7Z579
D019969,P46098
D001321,P46098
D001321,Q8WXA8
D000855,Q13639
D001145,Q13639
D001281,Q13639
D020521,Q13639
D013610,Q13639
D001321,Q86UN1
D019969,P50406
D008569,P50406
D011605,P50406
D012559,P50406
D001008,P34969
D003866,P34969
D007859,P34969
D008569,P34969
D009135,P34969
D010146,P34969
D012559,P34969
D012893,P34969
D008175,Q05DJ8
D009069,P42858
D019966,Q9BYI3
D015430,Q8IXS8
D003921,P10997
D003924,P10997
D013276,P10997
D001943,P21815
D009362,P21815
D003324,Q96Q33
D001161,Q5NKV8
D001249,Q5NKV8
D050197,Q5NKV8
D002545,Q5NKV8
D002318,Q5NKV8
D002779,Q5NKV8
D003110,Q5NKV8
D003921,Q5NKV8
D003924,Q5NKV8
D006689,Q5NKV8
D006937,Q5NKV8
D006973,Q5NKV8
D020244,Q5NKV8
D007249,Q5NKV8
D008288,Q5NKV8
D009103,Q5NKV8
D009203,Q5NKV8
D017202,Q5NKV8
D015428,Q5NKV8
D009765,Q5NKV8
D010523,Q5NKV8
D011471,Q5NKV8
D029424,Q5NKV8
D015427,Q5NKV8
D012164,Q5NKV8
D020521,Q5NKV8
D014511,Q5NKV8
D014581,Q5NKV8
D008106,Q9NZC6
D013274,Q9NZC6
D008105,Q5NKU1
D001943,Q8TAM9
D015179,Q8TAM9
D019970,Q659A1
D010259,Q659A1
D003921,P41134
D003924,P41134
D008325,P41134
D017202,P41134
D009362,P41134
D009369,P41134
D015470,Q53T66
D008106,Q53T66
D012871,Q53T66
D000230,Q02535
D002051,Q02535
D002277,Q02535
D003110,Q02535
D008175,Q02535
D015674,Q02535
D008325,Q02535
D017202,Q02535
D009422,Q02535
D011471,Q02535
D015427,Q02535
D002277,P47928
D002779,P47928
D008106,P47928
D015674,P47928
D008325,P47928
D009361,P47928
D013274,P47928
D000544,P14735
D006528,Q9H302
D005910,Q9H302
D015470,Q9H302
D015473,Q9H302
D017114,Q9H302
D054198,Q9H302
D011471,Q9H302
D006332,P48735
D002312,P48735
D002493,P48735
D019465,P48735
D004195,P48735
D006130,P48735
D006869,P48735
D015470,P48735
D015473,P48735
D010003,P48735
D010024,P48735
D051437,P48735
D012640,P48735
D018487,P48735
D010003,Q9H326
D001943,P14902
D004715,P14902
D007249,P14902
D019636,P14902
D009765,P14902
D015430,P14902
D056486,Q6ZQW0
D008103,Q6ZQW0
D008175,Q14603
D008175,Q9BTL4
D006973,Q5ST79
D012871,Q5ST79
D015470,Q96P99
D065626,Q96P99
D008106,P80217
D003865,Q53G44
D003865,P09912
D008180,Q9BYX4
D011565,Q9BYX4
D004715,P09914
D004195,Q5T765
D006333,Q5T765
D008106,P13164
D002295,Q9UMJ2
D015228,Q9UMJ2
D008545,Q9UMJ2
D009374,Q9UMJ2
D001749,Q9UMJ2
D000230,P01562
D006528,P01562
D015179,P01562
D008103,P01562
D008106,P01562
D008113,P01562
D008545,P01562
D010190,P01562
D015746,P01563
D058186,P01563
D000740,P01563
D000743,P01563
D000855,P01563
D001008,P01563
D002292,P01563
D002294,P01563
D002295,P01563
D056486,P01563
D023341,P01563
D015179,P01563
D003866,P01563
D003967,P01563
D005221,P01563
D005234,P01563
D005334,P01563
D005909,P01563
D006261,P01563
D006529,P01563
D006689,P01563
D015228,P01563
D015464,P01563
D007970,P01563
D008106,P01563
D008228,P01563
D008545,P01563
D001523,P01563
D009101,P01563
D009203,P01563
D009325,P01563
D009503,P01563
D010146,P01563
D010190,P01563
D011928,P01563
D051437,P01563
D012164,P01563
D018805,P01563
D012871,P01563
D013262,P01563
D013280,P01563
D013375,P01563
D013921,P01563
D013964,P01563
D014012,P01563
D001749,P01563
D014839,P01563
D015430,P01563
D015431,P01563
D008545,P01569
D010190,P01569
D001927,P01574
D001943,P01574
D002295,P01574
D008545,P01574
D009103,P01574
D009374,P01574
D012640,P01574
D001749,P01574
D000741,P01579
D001169,P01579
D001172,P01579
D050197,P01579
D001321,P01579
D001327,P01579
D001927,P01579
D001943,P01579
D056486,P01579
D023341,P01579
D003092,P01579
D003110,P01579
D003921,P01579
D004195,P01579
D003875,P01579
D064420,P01579
D005334,P01579
D005921,P01579
D006323,P01579
D006333,P01579
D006505,P01579
D006967,P01579
D007010,P01579
D007022,P01579
D007249,P01579
D015473,P01579
D008106,P01579
D008175,P01579
D008545,P01579
D008654,P01579
D009103,P01579
D009325,P01579
D009336,P01579
D009374,P01579
D009410,P01579
D009436,P01579
D010538,P01579
D011014,P01579
D011507,P01579
D051437,P01579
D012509,P01579
D018805,P01579
D013262,P01579
D014839,P01579
D004715,Q7Z687
D008106,Q7Z687
D017202,Q7Z687
D001249,Q8IZI9
D001930,Q8IZI9
D007249,Q8IZI9
D011565,Q5VTX9
D008106,Q75MS4
D012128,Q75MS4
D007674,Q9HBG6
D012131,Q9P2H3
D008113,Q13099
D011230,Q13099
D001943,P78318
D006528,P78318
D002471,P78318
D008175,P78318
D058186,Q9NP10
D000236,Q9NP10
D000544,Q9NP10
D001321,Q9NP10
D001943,Q9NP10
D006528,Q9NP10
D006332,Q9NP10
D056486,Q9NP10
D002779,Q9NP10
D003092,Q9NP10
D003711,Q9NP10
D003921,Q9NP10
D064420,Q9NP10
D004715,Q9NP10
D006930,Q9NP10
D006973,Q9NP10
D020244,Q9NP10
D007674,Q9NP10
D007676,Q9NP10
D008106,Q9NP10
D008325,Q9NP10
D009133,Q9NP10
D017202,Q9NP10
D009361,Q9NP10
D009362,Q9NP10
D009410,Q9NP10
D010523,Q9NP10
D010911,Q9NP10
D011471,Q9NP10
D011658,Q9NP10
D012878,Q9NP10
D001749,Q9NP10
D000544,Q3B833
D001281,Q3B833
D001943,Q3B833
D006528,Q3B833
D002471,Q3B833
D016889,Q3B833
D005317,Q3B833
D006130,Q3B833
D008171,Q3B833
D010300,Q3B833
D010523,Q3B833
D012131,Q3B833
D012878,Q3B833
D000544,P01344
D000740,P01344
D050197,P01344
D001321,P01344
D006528,P01344
D003072,P01344
D003110,P01344
D015179,P01344
D005317,P01344
D006130,P01344
D007003,P01344
D008113,P01344
D008569,P01344
D009410,P01344
D009765,P01344
D010300,P01344
D011230,P01344
D012208,P01344
D006528,Q9NZI8
D002471,Q9NZI8
D003924,Q9Y6M1
D007333,Q9Y6M1
D000544,Q13661
D006528,Q13661
D004719,Q13661
D008106,Q13661
D008171,Q13661
D010300,Q13661
D011471,Q13661
D018754,Q13661
D018487,Q13661
D006528,Q8TAY0
D006130,Q8TAY0
D007333,Q8TAY0
D008106,Q8TAY0
D058186,Q6PEY6
D003110,Q6PEY6
D064420,Q6PEY6
D004715,Q6PEY6
D008103,Q6PEY6
D008105,Q6PEY6
D008106,Q6PEY6
D011230,Q6PEY6
D007333,P18065
D008103,P18065
D008106,P18065
D009765,P18065
D001172,P17936
D001321,P17936
D002295,P17936
D015179,P17936
D008106,P17936
D017202,P17936
D011471,P17936
D013274,P17936
D001749,P17936
D001943,Q96HT5
D001749,Q96HT5
D015430,Q96HT5
D004715,Q9H2B5
D011471,Q9H2B5
D012128,Q9H2B5
D001943,Q16270
D008106,Q16270
D011471,Q16270
D013274,Q16270
D009220,P01857
D009220,P01859
D006529,P01834
D009220,P01834
D013733,Q8N6C5
D001749,Q96ID5
D011471,Q9NSI5
D004715,Q4ZFW8
D018149,Q32ND9
D006973,Q32ND9
D007249,Q32ND9
D007333,Q32ND9
D011014,Q32ND9
D014652,Q32ND9
D008106,Q9Y6K9
D008114,Q9Y6K9
D008175,Q9Y6K9
D065626,Q9Y6K9
D008180,Q3T907
D008223,Q3T907
D054198,Q3T907
D054198,Q9UKS7
D001172,Q9UKT9
D001249,Q9UKT9
D054198,Q9UKT9
D058186,Q71UZ1
D001169,Q71UZ1
D001172,Q71UZ1
D001249,Q71UZ1
D001321,Q71UZ1
D001930,Q71UZ1
D001943,Q71UZ1
D002289,Q71UZ1
D003092,Q71UZ1
D004195,Q71UZ1
D004342,Q71UZ1
D064420,Q71UZ1
D004715,Q71UZ1
D005921,Q71UZ1
D006930,Q71UZ1
D007249,Q71UZ1
D008106,Q71UZ1
D008175,Q71UZ1
D008180,Q71UZ1
D008325,Q71UZ1
D052016,Q71UZ1
D009102,Q71UZ1
D009103,Q71UZ1
D009203,Q71UZ1
D011471,Q71UZ1
D015427,Q71UZ1
D018805,Q71UZ1
D015431,Q71UZ1
D002545,Q08334
D056486,P20809
D003556,P20809
D004487,P20809
D006470,P20809
D020244,P20809
D008107,P20809
D010051,Q14626
D005910,P29459
D007035,P29459
D008105,P29459
D008113,P29459
D009103,P29459
D009374,P29459
D015427,P29459
D056486,P29460
D005910,P29460
D007035,P29460
D008105,P29460
D008113,P29460
D008180,P29460
D009374,P29460
D009437,P29460
D011565,P29460
D011658,P29460
D002545,P42701
D001930,Q99665
D001169,Q4VB53
D001249,Q4VB53
D001321,Q4VB53
D002292,Q4VB53
D003872,Q4VB53
D004342,Q4VB53
D006965,Q4VB53
D006967,Q4VB53
D007249,Q4VB53
D008171,Q4VB53
D011014,Q4VB53
D011565,Q4VB53
D011658,Q4VB53
D012852,Q4VB53
D003924,Q96BB4
D001930,Q14627
D001321,P40933
D004715,P40933
D006967,Q9UME6
D011471,Q9UME6
D001169,Q6NZ94
D001327,Q6NZ94
D002545,Q6NZ94
D002318,Q6NZ94
D002493,Q6NZ94
D002561,Q6NZ94
D056486,Q6NZ94
D003092,Q6NZ94
D003875,Q6NZ94
D006967,Q6NZ94
D007249,Q6NZ94
D015473,Q6NZ94
D009103,Q6NZ94
D009336,Q6NZ94
D011014,Q6NZ94
D011654,Q6NZ94
D002545,Q96F46
D007249,Q96F46
D011471,Q8N2D7
D001930,Q8NFM7
D011471,Q8NFM7
D001172,Q14116
D002545,Q14116
D006332,Q14116
D056486,Q14116
D003875,Q14116
D005921,Q14116
D006967,Q14116
D008106,Q14116
D024821,Q14116
D009362,Q14116
D009369,Q14116
D011014,Q14116
D011471,Q14116
D014581,Q14116
D001930,Q86YL8
D015451,Q9UHD0
D000647,P01583
D001930,P01583
D002545,P01583
D009202,P01583
D056486,P01583
D003882,P01583
D003967,P01583
D005334,P01583
D006463,P01583
D006930,P01583
D007022,P01583
D007249,P01583
D017202,P01583
D065626,P01583
D017285,P01583
D015427,P01583
D012871,P01583
D012878,P01583
D000230,P01584
D000544,P01584
D000855,P01584
D001169,P01584
D001172,P01584
D001249,P01584
D001930,P01584
D002545,P01584
D001943,P01584
D006332,P01584
D009202,P01584
D066126,P01584
D056486,P01584
D003092,P01584
D003110,P01584
D003882,P01584
D003921,P01584
D004195,P01584
D005334,P01584
D005355,P01584
D005909,P01584
D005921,P01584
D006073,P01584
D006333,P01584
D006463,P01584
D006930,P01584
D006940,P01584
D006967,P01584
D006973,P01584
D007003,P01584
D007022,P01584
D020244,P01584
D007249,P01584
D007859,P01584
D053609,P01584
D007964,P01584
D008106,P01584
D008175,P01584
D008569,P01584
D052016,P01584
D009103,P01584
D009135,P01584
D009203,P01584
D017202,P01584
D009336,P01584
D009361,P01584
D009369,P01584
D009503,P01584
D065626,P01584
D010003,P01584
D010437,P01584
D011014,P01584
D017285,P01584
D011565,P01584
D011658,P01584
D015427,P01584
D012559,P01584
D012640,P01584
D018805,P01584
D012871,P01584
D012893,P01584
D013274,P01584
D013276,P01584
D020521,P01584
D013345,P01584
D013964,P01584
D014581,P01584
D001930,Q6NWP6
D004715,Q6NWP6
D006967,Q6NWP6
D011014,Q6NWP6
D012871,Q6NWP6
D056486,Q6PIW7
D006967,Q6PIW7
D008107,Q6PIW7
D008175,Q6PIW7
D011014,Q6PIW7
D006528,Q9NPH3
D008107,Q9NPH3
D001321,Q7Z2K4
D008545,Q7Z2K4
D001169,Q01638
D001249,Q01638
D000855,P18510
D001172,P18510
D001249,P18510
D001284,P18510
D001321,P18510
D001930,P18510
D002545,P18510
D006528,P18510
D002318,P18510
D002561,P18510
D003110,P18510
D003967,P18510
D064420,P18510
D005076,P18510
D005119,P18510
D005334,P18510
D005355,P18510
D006073,P18510
D006930,P18510
D007249,P18510
D007674,P18510
D007859,P18510
D017114,P18510
D052016,P18510
D009103,P18510
D009203,P18510
D009220,P18510
D009336,P18510
D009361,P18510
D065626,P18510
D010146,P18510
D011471,P18510
D011507,P18510
D011658,P18510
D012871,P18510
D013226,P18510
D013274,P18510
D020521,P18510
D000647,Q9C001
D000740,Q9C001
D000855,Q9C001
D001247,Q9C001
D001321,Q9C001
D001930,Q9C001
D001932,Q9C001
D003865,Q9C001
D003875,Q9C001
D005334,Q9C001
D005909,Q9C001
D005921,Q9C001
D006948,Q9C001
D007022,Q9C001
D007680,Q9C001
D007938,Q9C001
D007970,Q9C001
D008113,Q9C001
D008175,Q9C001
D008545,Q9C001
D009362,Q9C001
D009369,Q9C001
D009374,Q9C001
D009404,Q9C001
D010146,Q9C001
D011471,Q9C001
D001749,Q9C001
D058186,Q9UHF5
D008180,Q9HBE4
D008180,Q9HBE5
D056486,Q6NZ84
D020244,Q6NZ84
D001172,Q9NPF7
D011565,Q9NPF7
D011565,Q5VWK5
D001943,Q13007
D008175,Q13007
D010190,Q13007
D011471,Q13007
D011471,Q8NEV9
D001172,Q5W006
D005921,Q5W006
D009103,Q5W006
D012559,Q5W006
D001172,P14784
D006967,P14784
D008106,P14784
D011014,P14784
D008106,Q5FC13
D000740,Q6NZ79
D064420,Q6NZ79
D007970,Q6NZ79
D065626,Q6NZ79
D013921,Q6NZ79
D001930,Q8NI17
D003110,P24001
D007680,P24001
D013274,P24001
D011565,Q9UBH0
D001169,Q9UPB9
D001249,Q9UPB9
D001321,Q9UPB9
D001327,Q9UPB9
D009202,Q9UPB9
D056486,Q9UPB9
D003092,Q9UPB9
D003872,Q9UPB9
D003875,Q9UPB9
D004342,Q9UPB9
D005355,Q9UPB9
D006967,Q9UPB9
D008180,Q9UPB9
D065626,Q9UPB9
D011014,Q9UPB9
D047928,Q9UPB9
D011565,Q9UPB9
D011658,Q9UPB9
D015431,Q9UPB9
D007249,Q96RQ9
D002292,Q5FC08
D015470,Q5FC08
D004342,P24394
D001249,P05113
D001321,P05113
D004802,P05113
D011658,P05113
D006967,Q8NHV7
D011014,Q8NHV7
D054058,Q75MH2
D058186,Q75MH2
D000419,Q75MH2
D000647,Q75MH2
D001169,Q75MH2
D001172,Q75MH2
D001249,Q75MH2
D050197,Q75MH2
D001321,Q75MH2
D001327,Q75MH2
D001930,Q75MH2
D002545,Q75MH2
D001943,Q75MH2
D006528,Q75MH2
D002292,Q75MH2
D002294,Q75MH2
D009202,Q75MH2
D002471,Q75MH2
D056486,Q75MH2
D002779,Q75MH2
D003092,Q75MH2
D003866,Q75MH2
D003921,Q75MH2
D003924,Q75MH2
D064420,Q75MH2
D004487,Q75MH2
D005334,Q75MH2
D005921,Q75MH2
D006261,Q75MH2
D006333,Q75MH2
D006463,Q75MH2
D006930,Q75MH2
D006934,Q75MH2
D006943,Q75MH2
D006967,Q75MH2
D006973,Q75MH2
D007022,Q75MH2
D020244,Q75MH2
D007249,Q75MH2
D007511,Q75MH2
D007676,Q75MH2
D015451,Q75MH2
D008103,Q75MH2
D008114,Q75MH2
D055370,Q75MH2
D008175,Q75MH2
D008180,Q75MH2
D008582,Q75MH2
D024821,Q75MH2
D009101,Q75MH2
D009203,Q75MH2
D017202,Q75MH2
D009205,Q75MH2
D009336,Q75MH2
D009361,Q75MH2
D009362,Q75MH2
D019636,Q75MH2
D009765,Q75MH2
D007752,Q75MH2
D010024,Q75MH2
D010051,Q75MH2
D010300,Q75MH2
D010523,Q75MH2
D011014,Q75MH2
D017285,Q75MH2
D011230,Q75MH2
D047928,Q75MH2
D011471,Q75MH2
D011565,Q75MH2
D029424,Q75MH2
D011658,Q75MH2
D015427,Q75MH2
D012559,Q75MH2
D012640,Q75MH2
D018805,Q75MH2
D012871,Q75MH2
D013274,Q75MH2
D020521,Q75MH2
D013345,Q75MH2
D013964,Q75MH2
D018487,Q75MH2
D001172,P08887
D001249,P08887
D002289,P08887
D002292,P08887
D010024,P08887
D012559,P08887
D013274,P08887
D001172,Q5FC07
D002277,Q5FC07
D015179,Q5FC07
D006967,Q5FC07
D020244,Q5FC07
D015674,Q5FC07
D008325,Q5FC07
D017202,Q5FC07
D010051,Q5FC07
D011014,Q5FC07
D011471,Q5FC07
D015427,Q5FC07
D001930,Q5FBY8
D018149,Q5FBY8
D006943,Q5FBY8
D007333,Q5FBY8
D009103,Q5FBY8
D009765,Q5FBY8
D015430,Q5FBY8
D002471,P16871
D004715,P16871
D008105,P16871
D008106,P16871
D009103,P16871
D054218,P16871
D006965,Q6NZ75
D001930,Q01113
D008107,Q01113
D019970,Q13418
D004827,Q13418
D002546,Q13418
D008106,Q13418
D001321,Q96T52
D016403,Q96T52
D056486,Q3B7X4
D010003,Q3B7X4
D012640,P29218
D004715,Q9UPE8
D004195,Q6RUP9
D008545,Q9NQS7
D005923,Q27J81
D013274,Q9UK53
D015179,Q9UNL4
D017114,P08476
D014594,P08476
D008106,P55103
D008064,P58166
D008106,P58166
D006528,Q3MIB5
D008106,Q3MIB5
D001321,Q6IBG4
D006528,Q9BS68
D002292,Q9BS68
D015470,Q9BS68
D001749,Q9BS68
D002294,Q9C055
D012559,Q9C055
D012871,Q9C055
D000544,Q92835
D008106,Q92835
D015427,Q92835
D009765,Q2YD81
D058186,P01308
D000419,P01308
D000544,P01308
D001714,P01308
D002312,P01308
D003920,P01308
D003924,P01308
D003928,P01308
D004487,P01308
D005234,P01308
D018149,P01308
D006323,P01308
D006333,P01308
D006505,P01308
D006943,P01308
D006946,P01308
D006947,P01308
D006973,P01308
D015228,P01308
D007003,P01308
D007008,P01308
D007022,P01308
D007333,P01308
D008106,P01308
D008107,P01308
D017114,P01308
D008569,P01308
D024821,P01308
D048629,P01308
D009135,P01308
D009361,P01308
D009436,P01308
D065626,P01308
D009765,P01308
D010195,P01308
D016584,P01308
D010243,P01308
D010292,P01308
D010300,P01308
D011471,P01308
D051437,P01308
D012206,P01308
D012640,P01308
D013610,P01308
D001745,P01308
D018487,P01308
D014693,P01308
D015431,P01308
D008106,Q9Y5U4
D015430,Q9Y5U4
D000544,Q86WY9
D003921,Q86WY9
D003929,Q86WY9
D018149,Q86WY9
D006930,Q86WY9
D006943,Q86WY9
D006946,Q86WY9
D007333,Q86WY9
D008171,Q86WY9
D010300,Q86WY9
D019966,Q86WY9
D011471,Q96HW7
D007945,Q8WWN9
D015430,Q9UI26
D004195,Q6I9Y8
D004195,Q9BVS9
D015179,Q9Y573
D008545,Q86VS3
D000544,Q96FR4
D001932,Q6P1N4
D006528,Q6P1N4
D008106,Q6P1N4
D015430,Q6P1N4
D001932,Q13576
D006528,Q13576
D006528,Q86VI3
D008175,Q6DN90
D004827,Q5JU85
D001172,P51617
D056486,P51617
D003324,P51617
D015427,Q9Y616
D004195,Q7Z6A8
D008180,Q7Z6A8
D011471,Q7Z6A8
D009361,P48200
D001930,Q6FHN8
D008175,Q6FHN8
D017202,Q6FHN8
D013274,Q6FHN8
D020521,Q6FHN8
D006528,P14316
D015473,Q7Z5L9
D001281,Q9H1B7
D015451,Q15306
D008175,Q15306
D009101,Q15306
D001172,Q64GB0
D008180,Q64GB0
D007249,Q92985
D001172,Q02556
D008106,Q02556
D009103,Q02556
D006528,P35568
D002471,P35568
D003324,P35568
D003327,P35568
D003920,P35568
D003921,P35568
D003924,P35568
D006946,P35568
D006949,P35568
D007333,P35568
D009765,P35568
D011230,P35568
D011471,P35568
D006528,Q9UP29
D003921,Q9UP29
D003924,Q9UP29
D006943,Q9UP29
D007333,Q9UP29
D013274,Q9UP29
D008171,P78414
D008171,Q9BZI1
D008171,Q8N4G7
D019465,P78411
D006319,P78411
D006330,P78411
D008171,P78411
D006528,P05161
D003865,P05161
D005910,P05161
D009374,P05161
D008106,Q96AZ6
D001749,P61371
D010003,Q96AB3
D008106,Q9NPH2
D003924,P56199
D004715,Q9NNZ2
D006930,Q9NNZ2
D002543,Q6LDK5
D008106,Q6LDK5
D020521,Q6LDK5
D013921,Q6LDK5
D001321,Q6PJE7
D015451,Q6PJE7
D002294,P08648
D009361,P08648
D015427,P08648
D013274,P08648
D001172,P23229
D003110,Q13683
D010051,P53708
D013274,P53708
D015473,P20701
D008106,P20701
D006943,P11215
D006946,P11215
D007333,P11215
D015473,P11215
D008180,P11215
D009410,P11215
D009765,P11215
D002543,P06756
D020521,P06756
D015473,P20702
D002289,Q5T3E6
D002294,Q5T3E6
D009202,Q5T3E6
D002311,Q5T3E6
D004715,Q5T3E6
D006333,Q5T3E6
D008106,Q5T3E6
D009361,Q5T3E6
D009362,Q5T3E6
D019465,Q6IAZ8
D001932,Q96PT7
D003872,Q96PT7
D006967,Q96PT7
D015473,Q96PT7
D008106,Q96PT7
D011014,Q96PT7
D054058,Q1PBM2
D001321,Q1PBM2
D002543,Q1PBM2
D003328,Q1PBM2
D006470,Q1PBM2
D008106,Q1PBM2
D009203,Q1PBM2
D011471,Q1PBM2
D020521,Q1PBM2
D013921,Q1PBM2
D004715,Q13352
D002289,Q2VP98
D001327,P18564
D002761,P18564
D008106,P18564
D008107,P18564
D004715,Q9BUG9
D001714,P19827
D008113,P19827
D006528,Q06033
D003110,Q14624
D003924,Q5IWS5
D008654,Q5IWS5
D018487,Q5IWS5
D006973,Q9Y287
D000743,Q5NT82
D012008,Q5NT82
D013921,Q5NT82
D009361,Q8N3Y0
D056486,Q14643
D011471,Q14643
D006332,Q14571
D001321,Q14573
D004195,Q14573
D001321,Q86VI9
D011471,Q86VI9
D001943,Q53TM3
D011471,Q53TM3
D008106,P26440
D002294,P07476
D012878,P07476
D011471,Q9Y6Y0
D008106,Q6PHW0
D003924,Q9NQC1
D011471,Q9NQC1
D001847,Q4KMR2
D001943,Q4KMR2
D003638,Q4KMR2
D005909,Q4KMR2
D006330,Q4KMR2
D008175,Q4KMR2
D001943,Q9Y219
D019465,Q9Y219
D005909,Q9Y219
D009503,Q8N5M9
D011471,Q8IV82
D002471,Q8IXP2
D007249,Q8IXP2
D007938,Q8IXP2
D015470,Q8IXP2
D008106,Q8IXP2
D008114,Q8IXP2
D017202,Q8IXP2
D065626,Q8IXP2
D011248,Q8IXP2
D011471,Q8IXP2
D013923,Q8IXP2
D001749,Q8IXP2
D002583,Q8IXP2
D020246,Q8IXP2
D016393,P52333
D001321,Q96N16
D008545,Q05DV4
D009103,Q92833
D003924,Q86VZ6
D016889,Q86VZ6
D008180,Q86VZ6
D011471,Q86VZ6
D003324,Q9P266
D006528,Q8WYK2
D008106,Q8WYK2
D001321,Q15652
D001943,Q6NYC1
D008545,Q6NYC1
D008654,Q6NYC1
D010051,Q6NYC1
D011471,Q6NYC1
D015179,Q8WXH2
D001930,Q6FHK0
D002545,Q6FHK0
D001943,Q6FHK0
D006528,Q6FHK0
D002471,Q6FHK0
D003110,Q6FHK0
D006973,Q6FHK0
D008113,Q6FHK0
D008175,Q6FHK0
D010523,Q6FHK0
D015427,Q6FHK0
D013226,Q6FHK0
D013274,Q6FHK0
D020244,Q6IBG3
D008175,Q6IBG3
D017202,Q6IBG3
D013226,Q6IBG3
D056486,P17535
D019970,P17535
D005921,P17535
D008103,P17535
D008175,P17535
D013226,P17535
D008107,P14923
D011471,P14923
D002779,Q8WUM7
D008106,Q8WUM7
D019465,Q7Z3B3
D009123,Q7Z3B3
D010051,Q7Z3B3
D011471,Q92794
D002312,Q9H7Z6
D006333,Q9H7Z6
D012640,P16389
D001281,P22460
D006976,P22460
D004827,Q6FG44
D012559,Q2NLD5
D002471,Q75LS7
D009361,Q75LS7
D001281,Q9UK17
D008133,Q6FHJ6
D001281,Q2N1I3
D003324,Q2N1I3
D008133,Q2N1I3
D014693,Q2N1I3
D001145,Q75MK9
D001281,Q75MK9
D002471,Q75MK9
D003110,Q75MK9
D008133,Q75MK9
D009133,Q75MK9
D009369,Q75MK9
D016171,Q75MK9
D006973,P48048
D009103,Q9BXC5
D003921,Q14654
D003924,Q14654
D007333,Q14654
D012640,Q14654
D001749,Q14500
D001145,P63252
D012871,P63252
D017180,P63252
D009410,Q58F07
D010300,Q58F07
D000236,Q4QRJ2
D001281,Q4QRJ2
D006327,Q4QRJ2
D012804,Q4QRJ2
D009410,P48051
D008106,Q15842
D017202,Q15842
D014693,Q15842
D006965,Q5T5E6
D003924,Q96T55
D003866,Q6ZW95
D004832,Q9NPC2
D001321,Q5SVK5
D002292,Q5SVK5
D006130,Q5SVK5
D006976,Q5SVK5
D009765,Q5SVK5
D013226,Q5SVK5
D015430,Q5SVK5
D006973,Q16558
D015430,Q16558
D001281,Q9H2S1
D006528,Q9H2S1
D001281,Q96DJ3
D000230,P51787
D003924,P51787
D008133,P51787
D001927,Q53Y30
D002658,Q53Y30
D004827,Q53Y30
D009422,Q53Y30
D012640,Q53Y30
D002658,Q5JUK3
D009765,Q96SI1
D011471,P24390
D001281,Q08EI0
D015179,Q9Y2K7
D012559,Q8NHM5
D008545,Q9H3R0
D003110,Q9UGL1
D001321,P41229
D002292,P41229
D006528,Q8N371
D000230,P35968
D001943,P35968
D002543,P35968
D015179,P35968
D003928,P35968
D004938,P35968
D008114,P35968
D008175,P35968
D017202,P35968
D009389,P35968
D010051,P35968
D010190,P35968
D015427,P35968
D012559,P35968
D014511,P35968
D020246,P35968
D002289,Q14145
D002292,Q14145
D005767,Q14145
D006505,Q14145
D006529,Q14145
D008105,Q14145
D011471,Q14145
D008545,Q5VWX1
D019465,Q9BVV6
D003324,Q9P266
D006528,P52732
D009374,P52732
D006528,Q15058
D006528,Q9NS87
D006528,Q4G194
D006528,Q6NWY8
D008545,Q6NWY8
D001321,Q12756
D002658,Q12756
D003920,Q12756
D009103,Q4R9M9
D006528,Q02241
D006528,Q5JR91
D001249,Q8IWH8
D019465,Q8IWH8
D006528,Q6PKB2
D001172,Q12840
D002289,Q6P164
D003920,Q6P164
D009203,Q5JRK0
D002972,Q2M1P5
D006528,Q9BW19
D013274,Q15726
D013274,Q969F8
D001943,Q9UMA0
D002289,Q9UMA0
D015470,Q9UMA0
D015473,Q9UMA0
D008171,Q9UMA0
D002277,P21583
D064420,P21583
D015674,P21583
D008325,P21583
D017202,P21583
D013736,P21583
D001161,Q9UEF7
D003324,Q9UEF7
D003924,Q9UEF7
D004195,Q9UEF7
D006934,Q9UEF7
D007674,Q9UEF7
D007859,Q9UEF7
D008569,Q9UEF7
D010024,Q9UEF7
D012871,Q9UEF7
D065626,Q49AQ7
D006402,Q13351
D012559,Q9Y4X4
D019966,Q9Y4X4
D004715,Q9Y2Y9
D009203,Q9Y2Y9
D003924,Q8TD94
D050171,Q8TD94
D007333,Q8TD94
D004719,Q9UIH9
D011471,Q9UIH9
D015179,Q9Y5W3
D008171,Q9Y5W3
D002294,Q5T6X2
D015179,Q5T6X2
D008103,Q5T6X2
D010190,Q5T6X2
D029424,Q5T6X2
D013964,Q5T6X2
D001749,Q5T6X2
D008106,Q99612
D011471,Q99612
D013274,Q99612
D004715,Q13886
D001943,Q96G43
D001943,Q5VTJ3
D006689,Q96DZ8
D019970,Q7Z6D5
D009103,Q8WZ60
D058186,Q6T776
D003928,Q6T776
D005355,Q6T776
D006973,Q6T776
D009203,Q6T776
D001943,Q6ICR6
D010051,Q6ICR6
D013274,Q6ICR6
D011471,Q6T775
D011471,Q96A30
D011471,Q6S9W8
D011655,P03952
D013927,P03952
D011471,Q107X0
D008545,Q12918
D008545,Q8WZ67
D008106,Q9BS61
D000230,Q03164
D006528,Q03164
D002295,Q03164
D007938,Q03164
D007945,Q03164
D015470,Q03164
D054198,Q03164
D011471,Q03164
D013274,Q03164
D001749,Q03164
D006528,Q9UMN6
D004421,Q9UMN6
D020821,Q9UMN6
D000230,Q8NEZ4
D006528,Q8NEZ4
D002295,Q8NEZ4
D015470,Q8NEZ4
D011471,Q8NEZ4
D013274,Q8NEZ4
D001749,Q8NEZ4
D007938,Q8IZD2
D058186,Q05CF8
D000707,Q05CF8
D001145,Q05CF8
D001919,Q05CF8
D056486,Q05CF8
D003371,Q05CF8
D004195,Q05CF8
D003875,Q05CF8
D004487,Q05CF8
D005119,Q05CF8
D006930,Q05CF8
D006940,Q05CF8
D006967,Q05CF8
D006973,Q05CF8
D007022,Q05CF8
D008106,Q05CF8
D015674,Q05CF8
D015428,Q05CF8
D010146,Q05CF8
D013610,Q05CF8
D002294,Q9Y448
D012559,Q5BKZ2
D004195,Q7Z726
D000230,Q71SP6
D000236,Q71SP6
D000740,Q71SP6
D001943,Q71SP6
D002277,Q71SP6
D006528,Q71SP6
D002289,Q71SP6
D002294,Q71SP6
D002471,Q71SP6
D003110,Q71SP6
D015179,Q71SP6
D004195,Q71SP6
D004715,Q71SP6
D015470,Q71SP6
D007964,Q71SP6
D008113,Q71SP6
D008114,Q71SP6
D008175,Q71SP6
D008223,Q71SP6
D009190,Q71SP6
D009362,Q71SP6
D009369,Q71SP6
D009374,Q71SP6
D010051,Q71SP6
D010190,Q71SP6
D011471,Q71SP6
D012008,Q71SP6
D013163,Q71SP6
D013274,Q71SP6
D013964,Q71SP6
D001749,Q71SP6
D014594,Q71SP6
D002294,P04264
D012878,P04264
D002294,P13645
D012878,P13645
D001943,P02533
D002294,P02533
D002471,P02533
D002471,P19012
D001749,P08779
D012878,Q04695
D001943,P05783
D056486,P05783
D008103,P05783
D008106,P05783
D017114,P05783
D008113,P05783
D009336,P05783
D001249,P08727
D001327,P08727
D002471,P08727
D002761,P08727
D008106,P08727
D009361,P08727
D000230,P35900
D013274,P35900
D002292,Q14532
D001943,Q9UEK9
D002277,Q9UEK9
D002471,Q9UEK9
D015674,Q9UEK9
D008325,Q9UEK9
D001943,Q14CN4
D001749,Q14CN4
D002294,P04259
D002292,Q3KNV1
D008105,Q3KNV1
D009361,Q3KNV1
D002277,Q3SY84
D015674,Q3SY84
D008325,Q3SY84
D000230,Q969I0
D001943,Q969I0
D002292,Q969I0
D056486,Q969I0
D008103,Q969I0
D008106,Q969I0
D017114,Q969I0
D008113,Q969I0
D011230,Q969I0
D013274,Q969I0
D003924,Q8WXI2
D010300,P29622
D008106,Q6PDF7
D002277,Q5T278
D007680,Q5T278
D007249,Q53SY0
D008106,Q53SY0
D019636,Q53SY0
D001037,Q86SE4
D002292,Q86SE4
D020233,Q86SE4
D004827,Q9H9P8
D009421,Q9H9P8
D008106,Q96EM0
D001943,Q96JM7
D009765,P83111
D015179,Q7Z5W6
D065626,Q7Z5W6
D012559,Q7Z5W6
D012559,P24043
D001749,P24043
D001321,Q8TAS6
D004715,Q8TAS6
D011658,Q8TAS6
D003072,P55268
D011471,P55268
D009410,Q6NVY8
D011471,Q6NVY8
D002289,Q13753
D008103,Q13753
D001927,Q9Y6N6
D013226,P13473
D056486,P28838
D008106,Q5TBB8
D001321,Q14847
D016889,Q14847
D015473,Q9UHI5
D008106,Q7LC25
D056486,Q8TCF0
D005076,Q8TCF0
D008106,Q8TCF0
D024821,Q8TCF0
D009102,Q8TCF0
D009765,Q8TCF0
D018805,Q8TCF0
D013262,Q8TCF0
D015430,Q8TCF0
D001943,P52954
D001766,Q86VQ0
D006528,Q9Y5N3
D011565,Q5TA77
D011565,Q5T5A8
D011565,Q0VAS7
D020964,Q9UIC8
D029424,P31025
D058186,P80188
D001172,P80188
D056486,P80188
D064420,P80188
D007249,P80188
D007674,P80188
D008106,P80188
D009362,P80188
D009369,P80188
D012128,P80188
D008106,Q5TBN5
D008106,Q14760
D012128,Q6Y1I9
D011471,Q9H6V9
D009202,P00338
D004195,P00338
D017114,P00338
D009203,P00338
D009212,P00338
D010190,P00338
D001943,Q9BYZ2
D054058,Q5U077
D001943,Q5U077
D002292,Q5U077
D008106,Q5U077
D009361,Q5U077
D011471,Q5U077
D008171,P07864
D050197,Q9UH51
D056486,Q9UH51
D003324,Q9UH51
D003327,Q9UH51
D050171,Q9UH51
D005234,Q9UH51
D006937,Q9UH51
D006949,Q9UH51
D006965,Q9UH51
D008103,Q9UH51
D065626,Q9UH51
D009765,Q9UH51
D019966,Q86YD5
D001943,Q9UJU2
D003110,Q9UJU2
D004195,Q9UJU2
D015451,Q9UJU2
D009361,Q9UJU2
D009362,Q9UJU2
D000544,Q6NT58
D001169,Q6NT58
D001321,Q6NT58
D001943,Q6NT58
D003110,Q6NT58
D003921,Q6NT58
D003924,Q6NT58
D005234,Q6NT58
D018149,Q6NT58
D006529,Q6NT58
D006556,Q6NT58
D006937,Q6NT58
D006943,Q6NT58
D006946,Q6NT58
D006965,Q6NT58
D006973,Q6NT58
D007247,Q6NT58
D007249,Q6NT58
D007333,Q6NT58
D015473,Q6NT58
D008106,Q6NT58
D024821,Q6NT58
D009410,Q6NT58
D065626,Q6NT58
D009765,Q6NT58
D019226,Q6NT58
D011141,Q6NT58
D011471,Q6NT58
D011507,Q6NT58
D012640,Q6NT58
D013276,Q6NT58
D013610,Q6NT58
D015430,Q6NT58
D015431,Q6NT58
D000419,Q4G138
D001847,Q4G138
D001943,Q4G138
D009202,Q4G138
D003072,Q4G138
D003920,Q4G138
D003921,Q4G138
D003924,Q4G138
D003928,Q4G138
D003929,Q4G138
D004195,Q4G138
D050171,Q4G138
D005234,Q4G138
D005355,Q4G138
D018149,Q4G138
D006529,Q4G138
D006930,Q4G138
D006943,Q4G138
D006946,Q4G138
D006949,Q4G138
D006973,Q4G138
D006976,Q4G138
D007247,Q4G138
D007333,Q4G138
D007674,Q4G138
D009393,Q4G138
D009765,Q4G138
D011507,Q4G138
D051437,Q4G138
D012141,Q4G138
D018487,Q4G138
D015430,Q4G138
D002289,P09382
D008103,P09382
D008106,P09382
D009393,P09382
D008106,Q6PIT8
D009203,Q6PIT8
D002471,Q6NVH9
D056486,Q6NVH9
D004938,Q6NVH9
D005355,Q6NVH9
D008106,Q6NVH9
D008545,Q6NVH9
D009203,Q6NVH9
D009336,Q6NVH9
D009362,Q6NVH9
D009393,Q6NVH9
D010003,Q6NVH9
D013274,Q6NVH9
D014652,Q6NVH9
D008103,Q08380
D002277,P47929
D002294,P47929
D015674,P47929
D008325,P47929
D008106,Q3ZCW2
D008106,Q6I9U9
D001943,Q5T508
D002294,Q5T508
D015179,Q5T508
D009190,Q5T508
D001919,Q8WXL0
D019970,Q8WXL0
D006966,Q8WXL0
D006973,Q8WXL0
D007035,Q8WXL0
D007247,Q8WXL0
D013610,Q8WXL0
D008106,Q9Y693
D001172,P50458
D001281,Q9HBU2
D011014,Q6P5Q6
D011658,Q6P5Q6
D006332,P15018
D020964,P15018
D007247,P15018
D065626,P15018
D015431,P15018
D006528,P42702
D011471,P42702
D001749,Q76GR4
D009101,P49917
D015451,P59901
D002386,P55344
D012128,P55344
D019966,Q6NVB9
D001943,Q9BT23
D008106,P53671
D002471,Q9H9Z2
D009361,Q9H9Z2
D009369,Q9H9Z2
D002471,Q6ZN17
D009369,Q6ZN17
D001281,Q96M19
D019969,Q7L985
D008113,Q7L985
D003324,Q5T770
D005355,Q5T770
D003924,P11150
D006940,P11150
D006949,P11150
D007333,P11150
D011471,Q99732
D001943,Q15334
D001943,Q6P1M3
D009362,Q6P1M3
D001714,Q9H0V9
D002292,Q9H0V9
D015228,Q96S06
D054537,Q5TCI8
D002311,Q5TCI8
D019465,Q5TCI8
D016757,Q5TCI8
D006327,Q5TCI8
D012848,Q5TCI8
D017180,Q5TCI8
D004195,Q6DC98
D008175,Q8N9Z9
D054218,Q9H4D3
D008106,P25791
D054218,P25791
D003324,P29536
D004715,P29536
D011471,Q8IWU2
D034381,Q6NZ39
D006417,Q6ISE0
D006949,Q6ISE0
D001523,Q6ISE0
D011507,Q6ISE0
D007319,Q6ISE0
D008325,Q9UIQ6
D008569,Q9UIQ6
D002294,P23490
D012878,P23490
D006976,Q96PQ9
D008103,Q96PQ9
D008105,Q96PQ9
D008106,Q96PQ9
D049188,Q96PQ9
D008103,Q08397
D049188,Q08397
D001749,Q08397
D001943,Q9Y4K0
D002471,Q9Y4K0
D008105,Q9Y4K0
D008106,Q9Y4K0
D009361,Q9Y4K0
D006528,Q53TY1
D001749,Q96JB6
D050197,Q1HP67
D006528,Q1HP67
D002318,Q1HP67
D003324,Q1HP67
D003327,Q1HP67
D006937,Q1HP67
D020521,Q1HP67
D013923,Q1HP67
D020246,Q1HP67
D001943,Q6GPG7
D015179,Q6GPG7
D019465,Q6GPG7
D005313,Q6GPG7
D006130,Q6GPG7
D015470,Q6GPG7
D000857,Q6GPG7
D011471,Q6GPG7
D015430,Q92604
D002277,Q8NEW3
D009202,Q8NEW3
D002318,Q8NEW3
D003110,Q8NEW3
D050171,Q8NEW3
D006937,Q8NEW3
D006949,Q8NEW3
D006973,Q8NEW3
D015228,Q8NEW3
D008106,Q8NEW3
D015674,Q8NEW3
D008325,Q8NEW3
D009336,Q8NEW3
D009765,Q8NEW3
D010195,Q8NEW3
D011471,Q8NEW3
D015470,Q93052
D020521,Q8TAR8
D058186,Q68CK4
D003110,Q68CK4
D013262,Q68CK4
D001281,Q5XWD3
D001281,Q9H2I8
D019966,Q9H2I8
D008881,Q7Z7K9
D012559,Q7Z7K9
D002292,Q8WY28
D008545,Q8WY28
D011471,Q8WY28
D058186,Q9NP34
D019465,Q9NP34
D002658,Q9NP34
D006319,Q9NP34
D007674,Q9NP34
D011471,Q9NP34
D009203,Q14114
D009410,Q14114
D006528,Q5T0G3
D001281,Q3KP57
D006333,Q3KP57
D008106,Q8WUS2
D001943,Q96PB8
D015179,Q96PB8
D013274,Q96PB8
D010051,Q96FV0
D003638,Q96E66
D006528,Q96AG4
D002289,Q96AG4
D005909,Q96AG4
D010051,Q96AG4
D019970,Q96NW7
D009103,Q4G0W7
D008106,Q9BSL6
D001763,Q17RV3
D002292,Q17RV3
D004715,Q17RV3
D009410,Q17RV3
D010300,Q17RV3
D020734,Q17RV3
D011596,Q17RV3
D015431,Q17RV3
D001930,Q9H089
D001943,Q9UEV8
D002277,Q9BWS2
D015674,Q9BWS2
D008325,Q9BWS2
D008064,P48449
D003324,Q6WQV7
D006501,Q6WQV7
D009203,Q6WQV7
D018805,Q6WQV7
D050197,Q49AK0
D008106,Q49AK0
D008106,Q5STB2
D000707,Q15722
D007249,Q15722
D008107,Q15722
D008106,Q14766
D001847,Q9NS15
D019465,Q9NS15
D006130,Q9NS15
D010003,Q9NS15
D005909,Q8N2S1
D064420,Q75UT6
D008288,Q75UT6
D004342,Q16873
D015473,Q16873
D056486,P02788
D003110,P02788
D003967,P02788
D004715,P02788
D006471,P02788
D006973,P02788
D007022,P02788
D007249,P02788
D008113,P02788
D009369,P02788
D010024,P02788
D047928,P02788
D015431,P02788
D008103,P51884
D008106,P51884
D008106,Q8IV03
D008545,Q9BS40
D010190,Q16553
D001172,Q9Y6Y9
D002277,Q9Y6Y9
D002779,Q9Y6Y9
D015179,Q9Y6Y9
D008106,Q9Y6Y9
D009362,Q9Y6Y9
D007945,P12980
D015470,P12980
D009190,P12980
D006528,Q9Y5Y7
D012131,Q9NQ48
D001321,Q8N653
D005909,Q8N653
D004938,Q9Y250
D011471,Q9Y250
D002292,Q6I9U3
D011471,Q6I9U3
D013274,Q6I9U3
D001172,Q9Y586
D009362,Q6ZN28
D001943,Q96GV9
D002289,Q96GV9
D003110,Q96GV9
D004938,Q96GV9
D005909,Q96GV9
D008113,Q96GV9
D010051,Q96GV9
D011471,Q96GV9
D003327,Q8N5G2
D050171,Q8N5G2
D011471,Q9Y6D9
D006528,Q13257
D003092,Q5PY60
D003924,Q7L5Y9
D002780,Q71A33
D015179,Q71A33
D010300,P20916
D006528,Q8WX99
D008545,Q8WX99
D006528,P43357
D006528,Q6FHI5
D002289,Q6FHI5
D001749,P43362
D006528,Q9UBF1
D011230,Q96JG8
D001649,Q6IAI7
D008106,Q6IAI7
D001321,Q6P3U4
D001008,Q86UL8
D008569,Q86UL8
D019954,Q86UL8
D012559,Q86UL8
D001943,Q969V6
D002294,Q969V6
D006258,Q969V6
D016403,Q9UDY8
D006330,Q96JK9
D012509,Q96JK9
D001943,Q9NTJ4
D019970,Q5SRI9
D010259,Q5SRI9
D001321,Q5ULA9
D003072,Q5ULA9
D004715,Q5ULA9
D006501,Q5ULA9
D007022,Q5ULA9
D001523,Q5ULA9
D009135,Q5ULA9
D010300,Q5ULA9
D010673,Q5ULA9
D011297,Q5ULA9
D000544,Q8TBI1
D000749,Q8TBI1
D001321,Q8TBI1
D003110,Q8TBI1
D004715,Q8TBI1
D006501,Q8TBI1
D007022,Q8TBI1
D010300,Q8TBI1
D010673,Q8TBI1
D012559,Q8TBI1
D008106,Q9H492
D056486,Q658J6
D028361,Q658J6
D013119,Q658J6
D010300,Q6NYC5
D002545,Q02750
D006333,Q02750
D008545,Q02750
D011471,Q02750
D008545,P36507
D011471,P36507
D011471,Q6FI23
D019969,Q13163
D011471,Q13163
D003110,P52564
D004487,P52564
D006967,P52564
D011471,P52564
D001943,Q13233
D011471,Q13233
D004938,Q1PBM3
D016889,Q9Y6R4
D009202,Q99683
D056486,Q99683
D003920,Q99683
D003921,Q99683
D008545,Q99683
D010300,Q99683
D008106,Q6FG25
D008175,Q6FG25
D017202,Q6FG25
D008545,P80192
D015430,Q86Y04
D008175,Q5MD60
D006948,Q96JE9
D002545,Q499G7
D002294,Q499G7
D009202,Q499G7
D019970,Q499G7
D004195,Q499G7
D006258,Q499G7
D006689,Q499G7
D006930,Q499G7
D006984,Q499G7
D007247,Q499G7
D007680,Q499G7
D008114,Q499G7
D008175,Q499G7
D009361,Q499G7
D009362,Q499G7
D009410,Q499G7
D010051,Q499G7
D018805,Q499G7
D013274,Q499G7
D013375,Q499G7
D013964,Q499G7
D006333,Q499Y8
D009202,Q15759
D002779,Q6FHR4
D009202,Q16539
D002779,Q16539
D006529,Q16539
D015464,Q16539
D008105,Q16539
D008113,Q16539
D008175,Q16539
D017202,Q16539
D001749,Q8TD08
D001284,Q9BWJ1
D001321,Q9BWJ1
D002545,Q9BWJ1
D002294,Q9BWJ1
D009202,Q9BWJ1
D019970,Q9BWJ1
D002658,Q9BWJ1
D004195,Q9BWJ1
D006258,Q9BWJ1
D006930,Q9BWJ1
D006984,Q9BWJ1
D007247,Q9BWJ1
D007680,Q9BWJ1
D008114,Q9BWJ1
D008175,Q9BWJ1
D009361,Q9BWJ1
D009362,Q9BWJ1
D009410,Q9BWJ1
D010051,Q9BWJ1
D011471,Q9BWJ1
D018805,Q9BWJ1
D013274,Q9BWJ1
D013375,Q9BWJ1
D006965,Q16659
D006930,Q13164
D009374,Q13164
D002471,P45983
D004195,P45983
D006930,P45983
D017114,P45983
D011230,P45983
D015427,P45983
D013274,P45983
D003924,Q6NUQ9
D004195,P45984
D006930,P45984
D007511,P45984
D009362,P45984
D011230,P45984
D011471,P45984
D015427,P45984
D017202,Q15691
D015430,Q15691
D000544,P10636
D001008,P10636
D001259,P10636
D001281,P10636
D006528,P10636
D009202,P10636
D003072,P10636
D003704,P10636
D004195,P10636
D007859,P10636
D008569,P10636
D019636,P10636
D010300,P10636
D020734,P10636
D011595,P10636
D012131,P10636
D013163,P10636
D015430,P10636
D015431,P10636
D004938,Q5T0T0
D001172,Q6NVI1
D008175,Q6NVI1
D006528,Q4ZG40
D001321,Q9P0L2
D013274,Q9P0L2
D001321,Q7KZI7
D009369,Q9BSK0
D013927,P04201
D019465,P48740
D001927,Q00266
D006528,Q00266
D056486,Q00266
D003711,Q00266
D003924,Q00266
D005234,Q00266
D006965,Q00266
D003324,P31153
D010673,Q8TAX8
D011471,Q9UIS9
D011471,Q9UBB5
D013274,Q8NHZ7
D001281,Q9P267
D007239,P11226
D010523,P11226
D047928,P11226
D002779,Q6ZNC8
D006529,Q6ZWT7
D002561,P13727
D003711,P13727
D004681,P13727
D007249,P13727
D006528,Q14703
D019465,Q14703
D011471,Q14703
D006930,Q86YW1
D008545,Q86YW1
D006973,Q01718
D011471,Q01718
D006946,P32245
D007333,P32245
D009765,P32245
D009103,Q9NQ41
D001321,P23508
D015179,P23508
D056486,Q96RQ3
D008175,Q03399
D009101,Q03399
D012509,Q03399
D006528,Q5T670
D006528,Q9BWF4
D003110,Q9BWF4
D056486,P40925
D006973,P40925
D008106,P40925
D017114,P40925
D012128,P40925
D002277,Q75MT9
D015674,Q75MT9
D008325,Q75MT9
D001008,Q2LEK3
D003928,Q2LEK3
D005910,Q2LEK3
D008569,Q2LEK3
D001943,Q9H4C5
D002289,Q9H4C5
D002471,Q9H4C5
D008545,Q9H4C5
D011230,Q9H4C5
D011471,Q9H4C5
D013274,Q9H4C5
D001943,Q68DC0
D005909,Q68DC0
D006528,P48163
D056486,P48163
D015473,P48163
D009765,P48163
D015430,P48163
D001943,Q03112
D003110,Q03112
D007945,Q03112
D015470,Q03112
D010051,Q03112
D010198,Q03112
D013163,Q03112
D001008,P51608
D001321,P51608
D006528,P51608
D019970,P51608
D019465,P51608
D002658,P51608
D004195,P51608
D004827,P51608
D006930,P51608
D007859,P51608
D009123,P51608
D009207,P51608
D011596,P51608
D011658,P51608
D012131,P51608
D012640,P51608
D006528,Q15648
D056486,Q15648
D004715,Q15648
D001943,Q7Z3Z5
D011471,Q7Z3Z5
D004715,Q9Y2X0
D004715,Q9NVC6
D001943,Q9H204
D009362,Q9H204
D004715,Q5T911
D001321,Q06413
D004827,Q06413
D013226,Q06413
D019956,Q06413
D003680,Q96KG7
D009135,Q96KG7
D001943,Q9HCQ4
D012148,Q9HCQ4
D007319,Q9HCQ4
D006528,Q14680
D008545,P08582
D010190,Q9GZQ5
D002289,P50221
D008106,Q6FHY5
D017202,Q6FHY5
D003110,Q16819
D002277,Q53R53
D011655,Q53R53
D013923,Q53R53
D013927,Q53R53
D015430,Q5EB52
D000230,Q9UEJ3
D001321,Q9UEJ3
D002277,Q9UEJ3
D006528,Q9UEJ3
D002289,Q9UEJ3
D002292,Q9UEJ3
D002294,Q9UEJ3
D003072,Q9UEJ3
D004195,Q9UEJ3
D004938,Q9UEJ3
D005234,Q9UEJ3
D005909,Q9UEJ3
D006529,Q9UEJ3
D015228,Q9UEJ3
D015470,Q9UEJ3
D008114,Q9UEJ3
D008175,Q9UEJ3
D008545,Q9UEJ3
D009361,Q9UEJ3
D009362,Q9UEJ3
D010051,Q9UEJ3
D011471,Q9UEJ3
D012559,Q9UEJ3
D012852,Q9UEJ3
D013274,Q9UEJ3
D018149,Q147U6
D007333,Q147U6
D008106,Q147U6
D015430,Q147U6
D009202,Q9HCE5
D066126,Q9HCE5
D004487,Q9HCE5
D007333,Q9HCE5
D009101,Q9HCE5
D009336,Q9HCE5
D018487,Q9HCE5
D009101,Q86U44
D001943,Q8TCB7
D001281,Q5U5Q3
D008106,P55083
D009203,Q9GZY8
D018487,Q9GZY8
D001943,Q08431
D003921,Q08431
D008114,Q08431
D006332,Q5JXC5
D003928,Q5JXC5
D006930,Q5JXC5
D020257,Q5JXC5
D006528,Q5SSK0
D013064,Q5SSK0
D011471,Q8IWI9
D001172,Q8TDB4
D008106,Q53SZ9
D008103,Q99685
D010024,Q99685
D028361,Q5QPE8
D009886,Q5QPE8
D012131,Q5QPE8
D001932,P16455
D005909,P16455
D005910,P16455
D007938,P16455
D008106,P16455
D048629,P16455
D009336,P16455
D011230,P16455
D012008,P16455
D002277,P08493
D008106,P08493
D015674,P08493
D008325,P08493
D014511,P08493
D019636,Q6LET6
D013274,Q16674
D003324,Q5JRA6
D009203,Q5JRA6
D012640,Q86YT6
D006528,Q9UE03
D001480,Q9BPX6
D007859,Q9BPX6
D009069,Q9BPX6
D009135,Q9BPX6
D008106,Q9NPA3
D001008,P14174
D001172,P14174
D001321,P14174
D001943,P14174
D002277,P14174
D003092,P14174
D003866,P14174
D007249,P14174
D015674,P14174
D008325,P14174
D008569,P14174
D011471,P14174
D029424,P14174
D018805,P14174
D013262,P14174
D008106,Q9H8M7
D012871,Q9UNW1
D002386,Q99797
D001281,Q9H1L0
D003327,Q75NE6
D003924,Q75NE6
D006130,Q75NE6
D017880,Q75NE6
D013274,Q0VDD5
D008106,Q9H081
D002292,Q8TF70
D002471,Q8TF70
D003638,Q8TF70
D008545,Q8TF70
D000230,Q70L74
D001943,Q70L74
D006528,Q70L74
D003110,Q70L74
D015179,Q70L74
D008106,Q70L74
D010051,Q70L74
D010523,Q70L74
D011565,Q70L74
D004195,Q9BYG3
D019966,Q7Z319
D008545,Q16655
D006529,Q6NSL6
D013274,Q2TLE4
D003110,Q6VBB8
D015179,Q6VBB8
D008223,Q6VBB8
D009362,Q6VBB8
D010051,Q6VBB8
D011471,Q6VBB8
D015179,Q6PIC9
D016889,Q6PIC9
D004938,Q6PIC9
D002292,Q5JT35
D015470,Q5JT35
D008545,Q5JT35
D002051,Q6FGF7
D004342,P12872
D006528,Q9NP71
D007676,Q9NP71
D001943,Q3KQS6
D003929,Q3KQS6
D008106,Q3KQS6
D055370,Q3KQS6
D011471,Q3KQS6
D051437,Q3KQS6
D001172,Q495T6
D008105,Q495T6
D001249,Q96DZ4
D050197,Q96DZ4
D001943,Q96DZ4
D002289,Q96DZ4
D015179,Q96DZ4
D008106,Q96DZ4
D008175,Q96DZ4
D009361,Q96DZ4
D009362,Q96DZ4
D065626,Q96DZ4
D009798,Q96DZ4
D029424,Q96DZ4
D001172,P09238
D001249,P09238
D008175,P09238
D009362,P09238
D013274,P09238
D002289,P24347
D001172,P39900
D003110,P39900
D020521,P39900
D015430,P39900
D019465,P45452
D008106,P45452
D011471,P45452
D000230,P50281
D001943,P50281
D006528,P50281
D002471,P50281
D004938,P50281
D008113,P50281
D009361,P50281
D029424,P50281
D008106,P51511
D001172,P08253
D001847,P08253
D001943,P08253
D006528,P08253
D002543,P08253
D002544,P08253
D056486,P08253
D015179,P08253
D019465,P08253
D003921,P08253
D003929,P08253
D005317,P08253
D005909,P08253
D006973,P08253
D007249,P08253
D008103,P08253
D008106,P08253
D008114,P08253
D008325,P08253
D009203,P08253
D009361,P08253
D009362,P08253
D010190,P08253
D011658,P08253
D001749,P08253
D015430,P08253
D012871,Q8N119
D009362,Q86VV6
D012871,Q9NRE1
D001169,P08254
D001943,P08254
D002543,P08254
D003324,P08254
D003327,P08254
D006930,P08254
D009361,P08254
D010523,P08254
D003110,P09237
D012008,P09237
D013274,P09237
D008106,P22894
D008171,P22894
D008545,P22894
D054058,P14780
D001249,P14780
D001929,P14780
D001930,P14780
D002545,P14780
D001943,P14780
D006528,P14780
D002289,P14780
D002294,P14780
D002471,P14780
D002543,P14780
D002544,P14780
D056486,P14780
D003110,P14780
D003921,P14780
D003929,P14780
D004195,P14780
D005909,P14780
D006965,P14780
D006973,P14780
D020244,P14780
D007249,P14780
D008106,P14780
D008107,P14780
D008325,P14780
D009102,P14780
D009203,P14780
D009361,P14780
D009362,P14780
D009765,P14780
D010190,P14780
D047928,P14780
D011471,P14780
D029424,P14780
D011658,P14780
D015427,P14780
D012164,P14780
D018805,P14780
D012878,P14780
D013276,P14780
D013345,P14780
D013375,P14780
D001749,P14780
D009765,P22033
D015470,Q10571
D002972,Q99583
D019465,Q99583
D008106,Q96BX8
D064420,Q96EN8
D010198,Q96EN8
D014657,Q96EN8
D003711,Q5SSB8
D004681,Q5SSB8
D010243,Q5SSB8
D006528,Q3SYC2
D003924,Q9UQ07
D019966,Q9Y5U8
D008114,Q2M385
D058186,Q16771
D000544,Q16771
D001169,Q16771
D001172,Q16771
D050197,Q16771
D001927,Q16771
D001930,Q16771
D002545,Q16771
D006528,Q16771
D002318,Q16771
D003092,Q16771
D003865,Q16771
D003921,Q16771
D003875,Q16771
D000860,Q16771
D007249,Q16771
D007674,Q16771
D008171,Q16771
D008175,Q16771
D010195,Q16771
D011230,Q16771
D011471,Q16771
D015427,Q16771
D001749,Q16771
D014581,Q16771
D000230,Q00013
D008175,Q00013
D019966,Q5T2T1
D015430,Q96EE5
D008545,Q2VEU1
D005923,Q9UPC7
D028361,Q9UPC7
D011507,Q9UPC7
D006930,P25189
D009410,P25189
D002277,Q9UEL6
D015674,Q9UEL6
D008325,Q9UEL6
D003324,Q6FGP0
D003327,Q6FGP0
D003924,Q6FGP0
D006946,P22897
D007333,P22897
D009765,P22897
D002277,Q9UBG0
D015674,Q9UBG0
D008325,Q9UBG0
D004195,Q9BS79
D011471,Q9BS79
D006528,Q9BYG7
D008106,Q9BYG7
D004195,P52815
D001943,Q9BYD1
D002294,Q9BYD1
D013274,Q9BYD1
D001943,P49406
D008545,Q13405
D001943,Q5SZR1
D013274,Q96Q62
D013274,Q9Y676
D001943,Q96Q16
D001943,Q9Y3D9
D001943,Q9Y2Q9
D001714,Q3KRB4
D004195,P82675
D003324,P82932
D001943,Q96Q63
D002289,P11836
D002294,P11836
D004342,Q01362
D000544,Q96JQ5
D015179,Q6VBB7
D010051,Q6VBB7
D016889,P20585
D011471,P20585
D006528,Q5SSR2
D016889,Q3SWU9
D013964,Q3SWU9
D019465,Q8N5Y2
D002658,Q8N5Y2
D020233,Q8N5Y2
D000230,Q13421
D008654,Q13421
D009369,Q13421
D010051,Q13421
D010190,Q13421
D013274,Q13421
D011471,P08118
D008106,Q6PJT4
D017202,Q6PJT4
D010003,Q6PJT4
D007676,P21757
D011471,P21757
D019966,Q9UJ68
D034381,Q8IXL7
D001943,Q49A61
D056486,Q49A61
D009362,Q49A61
D056486,Q04912
D002972,P28360
D019465,P28360
D013274,P28360
D019465,P35548
D006528,P04731
D002294,P04731
D008106,P04731
D001749,P04731
D006528,P04732
D006528,P04733
D004938,P13640
D002303,P02795
D003072,P02795
D007859,P02795
D055370,P02795
D009069,P02795
D009410,P02795
D011658,P02795
D018805,P02795
D006528,P02795
D006332,P02795
D003920,P02795
D006331,P02795
D008106,P02795
D009361,P02795
D011471,P02795
D012128,P02795
D013274,P02795
D001749,P02795
D001943,P25713
D002289,P25713
D009361,P25713
D012128,P25713
D012640,P25713
D001749,P25713
D007674,P47944
D004715,Q13330
D010300,Q13330
D008545,Q9NRK7
D011471,Q9NRK7
D019969,Q5VT66
D019969,Q969Z3
D015473,Q969Z3
D006528,Q96DY7
D009765,Q9Y6C9
D029424,Q9Y4B5
D001943,Q86UE4
D015179,Q86UE4
D009361,Q86UE4
D009362,Q86UE4
D001321,Q14872
D009436,P11586
D006333,P13995
D006689,P13995
D058186,Q9NY63
D000505,Q9NY63
D000544,Q9NY63
D000740,Q9NY63
D001172,Q9NY63
D001321,Q9NY63
D001714,Q9NY63
D002545,Q9NY63
D001943,Q9NY63
D002318,Q9NY63
D056486,Q9NY63
D003110,Q9NY63
D015179,Q9NY63
D003327,Q9NY63
D003866,Q9NY63
D003925,Q9NY63
D003875,Q9NY63
D064420,Q9NY63
D016889,Q9NY63
D005767,Q9NY63
D006330,Q9NY63
D006402,Q9NY63
D020138,Q9NY63
D006967,Q9NY63
D007247,Q9NY63
D007674,Q9NY63
D015451,Q9NY63
D056784,Q9NY63
D007970,Q9NY63
D008107,Q9NY63
D008175,Q9NY63
D008223,Q9NY63
D008228,Q9NY63
D052016,Q9NY63
D009336,Q9NY63
D009362,Q9NY63
D009422,Q9NY63
D009436,Q9NY63
D009503,Q9NY63
D010300,Q9NY63
D054198,Q9NY63
D011471,Q9NY63
D011655,Q9NY63
D012559,Q9NY63
D012871,Q9NY63
D013118,Q9NY63
D013274,Q9NY63
D020521,Q9NY63
D013921,Q9NY63
D001749,Q9NY63
D002583,Q9NY63
D014652,Q9NY63
D020246,Q9NY63
D002972,Q96EE9
D008106,Q9Y216
D012164,Q8WZ72
D003924,Q8TEV7
D000230,P42345
D001943,P42345
D006528,P42345
D002289,P42345
D002292,P42345
D003110,P42345
D005909,P42345
D006529,P42345
D006973,P42345
D017379,P42345
D008654,P42345
D020258,P42345
D010051,P42345
D054218,P42345
D011471,P42345
D011658,P42345
D012559,P42345
D001749,P42345
D002583,P42345
D008545,Q5T852
D056486,Q69YG1
D001943,Q99707
D002972,Q99707
D064420,Q99707
D005767,Q99707
D006402,Q99707
D056784,Q99707
D008223,Q99707
D000236,Q9UBK8
D015179,Q9UBK8
D064420,Q9UBK8
D020138,Q9UBK8
D009422,Q9UBK8
D054198,Q9UBK8
D005234,P55157
D065626,P55157
D002471,Q7Z551
D008654,Q7Z551
D009101,Q7Z551
D011230,Q7Z551
D013274,Q7Z551
D008175,Q9UKN1
D008175,Q8WXI7
D010051,Q8WXI7
D011507,Q8WXI7
D000230,Q9UMI9
D000236,Q9UMI9
D002292,Q9UP82
D011471,Q9UP82
D013274,Q6W3D1
D001249,Q8TAX7
D003110,Q5T418
D013274,Q5T418
D018771,Q03426
D006528,Q03426
D005076,Q03426
D005334,Q03426
D007249,Q03426
D008106,Q14764
D010003,Q14764
D004195,P20591
D006333,P20591
D015470,P20591
D017202,P20591
D013274,P20591
D008545,Q75MY8
D007674,Q5V9L6
D011471,Q5V9L6
D002289,Q9NR99
D008106,Q96S97
D001249,Q708E9
D005910,Q708E9
D054218,Q708E9
D011471,Q9BQG0
D005910,Q495G0
D006528,P10244
D006332,Q14896
D009202,Q14896
D002312,Q14896
D016757,Q14896
D004195,Q14896
D000230,Q16591
D002051,Q16591
D002277,Q16591
D006528,Q16591
D002289,Q16591
D002294,Q16591
D002312,Q16591
D002471,Q16591
D002972,Q16591
D003110,Q16591
D015179,Q16591
D004195,Q16591
D016889,Q16591
D005234,Q16591
D005909,Q16591
D017379,Q16591
D015470,Q16591
D008106,Q16591
D008113,Q16591
D008114,Q16591
D008175,Q16591
D016403,Q16591
D009190,Q16591
D009362,Q16591
D009369,Q16591
D010051,Q16591
D010190,Q16591
D011471,Q16591
D013274,Q16591
D001749,Q16591
D002583,Q16591
D011471,P12524
D002471,P04198
D006965,P04198
D009336,P04198
D054218,P04198
D002471,Q99836
D004802,Q99836
D006973,Q99836
D007249,Q99836
D016403,Q99836
D009361,Q99836
D011014,Q99836
D015427,Q99836
D005923,P35580
D015470,Q66K75
D010003,Q9UKX3
D011471,Q7Z406
D001281,Q1ED46
D002311,Q1ED46
D002312,Q1ED46
D006330,Q1ED46
D012804,Q1ED46
D001281,Q5GJ54
D002311,Q5GJ54
D002312,Q5GJ54
D023921,Q5GJ54
D006973,Q5GJ54
D009203,Q5GJ54
D001943,Q86XU5
D005923,Q86XU5
D006977,Q86XU5
D007676,Q86XU5
D009361,Q86XU5
D002312,Q6IB42
D002312,P12829
D002312,Q01449
D001929,Q6IBG1
D008106,Q6IBG1
D014652,Q6IBG1
D004715,Q5TIA5
D001929,Q3B765
D005767,Q3B765
D005910,Q3B765
D006937,Q3B765
D006967,Q3B765
D009361,Q3B765
D009362,Q3B765
D011014,Q3B765
D014652,Q3B765
D015430,Q6IPD7
D001281,Q8IUG5
D008175,Q8IUG5
D008654,Q8IUG5
D006529,Q05CR5
D015430,Q05CR5
D001281,Q12965
D008106,Q12965
D001321,Q8N618
D005923,Q4KMR3
D008106,Q92827
D008106,Q9Y4I1
D010523,Q9Y4I1
D019969,Q7Z7A5
D003967,Q7Z7A5
D007410,Q7Z7A5
D008113,Q7Z7A5
D019966,Q9NQX4
D019966,Q5JVM0
D008545,Q13402
D006333,Q6PKX1
D008106,Q6PKX1
D001281,Q6N065
D006332,Q6N065
D011297,P15172
D001281,Q9UBF9
D009202,Q9UBF9
D018908,Q9UBF9
D010523,Q9UBF9
D001281,Q9NP98
D001281,Q86TC9
D012871,Q92802
D004195,P41227
D009103,Q96AH0
D001281,Q13765
D009369,Q96RE7
D008106,Q9UJ70
D009362,Q9UJ70
D011471,Q9UJ70
D011471,Q14769
D022124,Q2NKP2
D003092,P43490
D015179,P43490
D009765,P43490
D002471,Q9H9S0
D002658,Q5TBR1
D008106,Q96NT1
D064420,Q9HAQ5
D009369,Q9HAQ5
D011471,Q9HAQ5
D001749,Q9HAQ5
D001943,Q400I7
D006528,Q400I7
D056486,Q400I7
D003324,Q400I7
D004342,Q400I7
D064420,Q400I7
D007970,Q400I7
D008113,Q400I7
D009436,Q400I7
D054198,Q400I7
D011471,Q400I7
D001749,Q400I7
D008106,Q9UHE5
D001281,Q8IVL1
D001321,Q6PJB7
D002292,Q6PJB7
D009293,Q6PJB7
D013274,Q8IW45
D001321,Q5T321
D008106,Q5T321
D003324,Q6ZS30
D009361,P13591
D006528,Q6NUR1
D016889,Q6NUR1
D010300,Q86XI2
D006528,Q15003
D009369,Q6PIU2
D001172,P14598
D002471,P14598
D003920,P14598
D003921,P14598
D006937,P14598
D006973,P14598
D007035,P14598
D007676,P14598
D008180,P14598
D001172,Q0Q616
D006331,Q6FGM9
D000419,P16333
D009404,P16333
D011507,P16333
D000419,Q53TG4
D000544,Q53TG4
D009404,Q53TG4
D011507,Q53TG4
D008106,Q9BV52
D004195,P19338
D017202,P19338
D001943,Q15788
D004715,Q15788
D008325,Q15788
D009362,Q15788
D011471,Q15788
D001943,Q569J4
D011471,Q569J4
D000230,Q569F6
D001943,Q569F6
D002289,Q569F6
D002294,Q569F6
D007938,Q569F6
D011471,Q569F6
D013964,Q13772
D004715,Q1RMZ3
D011471,Q8N4U9
D001943,Q86W52
D002295,Q86W52
D004715,Q86W52
D005909,Q86W52
D008113,Q86W52
D011471,Q86W52
D001749,Q86W52
D008106,Q9Y618
D008288,Q05D23
D000544,Q5T211
D003921,Q9B2Y9
D012559,Q9T9Y1
D015430,Q9BTX1
D006528,Q05DQ6
D002277,Q99608
D015674,Q99608
D004715,Q8TB73
D001943,Q92597
D002289,Q92597
D002292,Q92597
D005909,Q92597
D007680,Q92597
D008106,Q92597
D008113,Q92597
D008545,Q92597
D009362,Q92597
D011471,Q92597
D002386,Q9UN36
D003110,Q9UN36
D002546,Q9UN36
D008106,Q9UN36
D019465,P52848
D011471,P52849
D011471,Q9H3R1
D001172,Q9NRX3
D015430,Q9Y6M9
D002312,Q9P1A0
D013274,Q9P1A0
D009202,Q9HC12
D010003,Q08E91
D010003,P49821
D013274,P49821
D001714,Q9UEH5
D009202,Q9UEH5
D012559,Q9UEH5
D001281,Q5JUU8
D000544,Q92692
D050197,Q92692
D001943,Q92692
D050171,Q92692
D015470,Q92692
D008106,Q92692
D016403,Q92692
D009103,Q92692
D009362,Q92692
D010051,Q92692
D010300,Q92692
D011471,Q92692
D001749,Q92692
D017202,P46934
D013262,P46934
D002972,Q5XLQ3
D004715,Q5XLQ3
D006973,Q5XLQ3
D009103,Q14511
D010523,Q16070
D004715,P07197
D009765,Q7Z3B1
D050171,Q96FI4
D005234,Q96FI4
D018149,Q96FI4
D006946,Q96FI4
D006949,Q96FI4
D007333,Q96FI4
D024821,Q96FI4
D009765,Q96FI4
D006528,Q8TAT5
D006528,P51955
D002289,P51955
D009361,P51955
D008106,Q5TBH2
D015430,Q8TDX7
D007674,Q8TD19
D004830,Q2YDX4
D003921,Q13562
D003924,Q13562
D009422,Q13562
D004827,Q5QGS0
D000236,Q9UMU3
D001321,Q9UMU3
D005909,Q9UMU3
D005910,Q9UMU3
D007859,Q9UMU3
D015470,Q9UMU3
D008545,Q9UMU3
D010673,Q9UMU3
D012509,Q9UMU3
D002292,Q9NRW8
D008654,Q9NRW8
D003924,Q13469
D006976,Q13469
D009422,Q13469
D056486,Q14934
D000138,Q16236
D058186,Q16236
D001943,Q16236
D006528,Q16236
D002289,Q16236
D002294,Q16236
D002303,Q16236
D002471,Q16236
D056486,Q16236
D002779,Q16236
D003928,Q16236
D004195,Q16236
D064420,Q16236
D004681,Q16236
D016889,Q16236
D005234,Q16236
D005313,Q16236
D005767,Q16236
D006333,Q16236
D006529,Q16236
D006943,Q16236
D006965,Q16236
D006973,Q16236
D007674,Q16236
D008103,Q16236
D008105,Q16236
D008106,Q16236
D008113,Q16236
D048629,Q16236
D009336,Q16236
D009361,Q16236
D009362,Q16236
D020258,Q16236
D065626,Q16236
D011471,Q16236
D011658,Q16236
D012878,Q16236
D013163,Q16236
D018487,Q16236
D020257,Q16236
D011471,Q6FI30
D058186,P19838
D000230,P19838
D002545,P19838
D002471,P19838
D003110,P19838
D003924,P19838
D007676,P19838
D008105,P19838
D008107,P19838
D001161,P25963
D002545,P25963
D001943,P25963
D006528,P25963
D006689,P25963
D008106,P25963
D017202,P25963
D010190,P25963
D011565,P25963
D014657,P25963
D001172,Q96F31
D008106,Q96F31
D008545,Q96F31
D001172,Q5STV6
D008106,Q9BYH8
D056486,Q6ZNB6
D002779,Q6ZNB6
D008175,P23511
D000647,P01138
D019970,P01138
D003556,P01138
D004830,P01138
D005921,P01138
D006556,P01138
D006930,P01138
D006948,P01138
D020244,P01138
D007249,P01138
D007676,P01138
D055370,P01138
D009395,P01138
D009410,P01138
D009422,P01138
D019954,P01138
D019636,P01138
D010300,P01138
D020734,P01138
D010523,P01138
D012640,P01138
D013226,P01138
D008545,P08138
D009410,P08138
D019636,P08138
D011471,P08138
D012640,P08138
D006973,Q15599
D009765,Q02577
D002779,Q9BZQ8
D008106,P14543
D015430,P14543
D008106,Q8IV28
D008106,Q9H841
D011471,Q6P499
D019465,Q6IEH8
D006311,Q6IEH8
D006330,Q6IEH8
D001919,Q9Y2I1
D001943,Q9Y2I1
D007022,Q9Y2I1
D012559,Q5M9Q1
D002819,P43699
D008171,P43699
D001281,P52952
D006332,P52952
D002311,P52952
D006345,P52952
D020521,P52952
D011471,Q99801
D003921,P78426
D003924,P78426
D001321,Q8N2Q7
D001321,Q4G160
D001321,Q8N0W4
D006528,Q7RTR2
D008106,Q86WI3
D002292,P59046
D000152,Q96P20
D000707,Q96P20
D001259,Q96P20
D004342,Q96P20
D007249,Q96P20
D007333,Q96P20
D009103,Q96P20
D020258,Q96P20
D011654,Q96P20
D011537,Q14956
D001943,Q4VBL0
D006528,P15531
D002312,P15531
D015179,P15531
D000860,P15531
D009361,P15531
D009362,P15531
D056486,Q6FHN3
D015179,Q6FHN3
D008654,Q6FHN3
D010003,Q6FHN3
D010051,Q6FHN3
D019966,Q9Y5B8
D008106,Q13287
D019954,Q9HAN9
D009896,Q9HAN9
D002289,Q16517
D006528,P40261
D008106,Q8WTX0
D009422,Q9Y239
D000152,Q7Z597
D003872,Q7Z597
D028361,Q5TZN6
D011471,Q76FK4
D016403,Q5C9Z4
D018149,Q15233
D008113,Q9Y3C1
D011230,Q9Y3C1
D004195,Q9BSN3
D013274,Q9BSN3
D004195,Q9Y2X3
D001943,Q86U38
D019969,Q8WY41
D002526,Q8WY41
D003866,Q8WY41
D005334,Q8WY41
D006501,Q8WY41
D006930,Q8WY41
D000860,Q8WY41
D001523,Q8WY41
D009410,Q8WY41
D009422,Q8WY41
D019954,Q8WY41
D010300,Q8WY41
D012559,Q8WY41
D012640,Q8WY41
D013226,Q8WY41
D014555,Q8WY41
D020257,Q8WY41
D058186,P60321
D001249,P60321
D050197,P60321
D001321,P60321
D001929,P60321
D002545,P60321
D001943,P60321
D002471,P60321
D002779,P60321
D003092,P60321
D003110,P60321
D003921,P60321
D003924,P60321
D004938,P60321
D005923,P60321
D006333,P60321
D006529,P60321
D006930,P60321
D006940,P60321
D006973,P60321
D007035,P60321
D007249,P60321
D007410,P60321
D007674,P60321
D008105,P60321
D008106,P60321
D008107,P60321
D008175,P60321
D008288,P60321
D028361,P60321
D009203,P60321
D015428,P60321
D009336,P60321
D010302,P60321
D011565,P60321
D029424,P60321
D015427,P60321
D012164,P60321
D012640,P60321
D018805,P60321
D012772,P60321
D013226,P60321
D013262,P60321
D013276,P60321
D020521,P60321
D013345,P60321
D013375,P60321
D058186,P60323
D000230,P60323
D000544,P60323
D001161,P60323
D050197,P60323
D001281,P60323
D001943,P60323
D006332,P60323
D002318,P60323
D002972,P60323
D003324,P60323
D003329,P60323
D003921,P60323
D003924,P60323
D003925,P60323
D003928,P60323
D007172,P60323
D004938,P60323
D005317,P60323
D006333,P60323
D006529,P60323
D006943,P60323
D006946,P60323
D006949,P60323
D006973,P60323
D006975,P60323
D006976,P60323
D000860,P60323
D007333,P60323
D007511,P60323
D008105,P60323
D008106,P60323
D024821,P60323
D009203,P60323
D017202,P60323
D015428,P60323
D009369,P60323
D009845,P60323
D011471,P60323
D029424,P60323
D011654,P60323
D015427,P60323
D018805,P60323
D013274,P60323
D013276,P60323
D017180,P60323
D014511,P60323
D018879,P60323
D001943,Q6IAD4
D002294,Q6IAD4
D002471,Q6IAD4
D056486,Q6IAD4
D003110,Q6IAD4
D019465,Q6IAD4
D005909,Q6IAD4
D008223,Q6IAD4
D009422,Q6IAD4
D054218,Q6IAD4
D012878,Q6IAD4
D013163,Q6IAD4
D002583,Q6IAD4
D001943,Q6IQ50
D002294,Q6IQ50
D003924,Q6IQ50
D005355,Q6IQ50
D005909,Q6IQ50
D008175,Q6IQ50
D009361,Q6IQ50
D011297,Q6IQ50
D051437,Q6IQ50
D012878,Q6IQ50
D013274,Q6IQ50
D002583,Q6IQ50
D001943,Q9UM47
D006528,Q9UM47
D002289,Q9UM47
D002294,Q9UM47
D005909,Q9UM47
D008175,Q9UM47
D012878,Q9UM47
D001943,Q6P3V5
D002294,Q6P3V5
D012878,Q6P3V5
D003110,Q8TCT3
D006333,Q8TCT3
D006937,Q8TCT3
D011471,Q9HBY0
D056486,Q9NPH5
D003110,Q9NPH5
D006333,Q9NPH5
D006973,Q9NPH5
D007676,Q9NPH5
D008106,Q9NPH5
D051437,Q9NPH5
D008545,Q9NZP6
D001321,Q99743
D008106,Q99743
D008106,Q5SPY9
D004195,Q7Z491
D000419,Q9NP85
D005923,Q9NP85
D009404,Q9NP85
D002779,Q9BXD5
D004195,Q9BTI9
D015470,Q9BTI9
D015473,Q9BTI9
D013274,Q9BTI9
D058186,P01160
D000230,P01160
D006332,P01160
D002311,P01160
D023921,P01160
D006333,P01160
D006973,P01160
D006977,P01160
D017379,P01160
D007022,P01160
D000860,P01160
D008103,P01160
D008175,P01160
D008545,P01160
D009203,P01160
D017202,P01160
D009362,P01160
D010146,P01160
D011471,P01160
D012878,P01160
D014555,P01160
D020257,P01160
D001281,P16860
D001930,P16860
D006332,P16860
D009202,P16860
D002311,P16860
D066126,P16860
D002318,P16860
D002543,P16860
D003324,P16860
D004195,P16860
D004417,P16860
D006330,P16860
D006331,P16860
D006333,P16860
D006973,P16860
D006976,P16860
D007008,P16860
D007022,P16860
D007249,P16860
D010146,P16860
D011183,P16860
D017180,P16860
D018487,P16860
D020257,P16860
D006130,P23582
D006948,P23582
D006332,P16066
D005355,P16066
D006333,P16066
D006973,P16066
D007674,P16066
D010146,P16066
D011471,Q60I31
D015430,Q60I31
D012559,Q8WTW4
D001008,P0C0P6
D019970,P0C0P6
D006948,P0C0P6
D001249,Q6W5P4
D006973,Q9UFM8
D017202,Q9UFM8
D013375,P47972
D000544,P01303
D000855,P01303
D001008,P01303
D001249,P01303
D002318,P01303
D002544,P01303
D019970,P01303
D003866,P01303
D004827,P01303
D006948,P01303
D006984,P01303
D008569,P01303
D009127,P01303
D019954,P01303
D010523,P01303
D012640,P01303
D019966,P01303
D013375,P01303
D015431,P01303
D019969,P25929
D001008,P25929
D003866,P25929
D009436,P25929
D009765,P25929
D011605,P25929
D019970,P49146
D004827,P49146
D013375,P49146
D009765,Q15761
D058186,Q3B792
D001249,Q3B792
D001943,Q3B792
D002289,Q3B792
D002779,Q3B792
D015179,Q3B792
D003921,Q3B792
D006463,Q3B792
D006470,Q3B792
D006943,Q3B792
D007674,Q3B792
D008107,Q3B792
D009101,Q3B792
D009369,Q3B792
D009374,Q3B792
D020258,Q3B792
D065626,Q3B792
D009765,Q3B792
D010300,Q3B792
D054198,Q3B792
D011471,Q3B792
D001749,Q3B792
D000380,Q5TD07
D001855,Q5TD07
D001943,Q5TD07
D008106,Q5TD07
D008569,Q5TD07
D009845,P51843
D006528,Q15466
D056486,Q15466
D003072,Q15466
D005234,Q15466
D008064,Q15466
D008106,Q15466
D009765,Q15466
D005234,P20393
D004715,Q96B66
D006528,Q6IBU6
D002779,Q6IBU6
D006529,Q6IBU6
D056486,Q13133
D002779,Q13133
D005234,Q13133
D050197,Q6IPQ7
D006528,Q6IPQ7
D056486,Q6IPQ7
D002779,Q6IPQ7
D004195,Q6IPQ7
D005119,Q6IPQ7
D005234,Q6IPQ7
D006529,Q6IPQ7
D007249,Q6IPQ7
D008107,Q6IPQ7
D008113,Q6IPQ7
D009336,Q6IPQ7
D065626,Q6IPQ7
D000230,Q9H4M8
D056486,Q9H4M8
D003920,Q9H4M8
D004938,Q9H4M8
D005234,Q9H4M8
D006529,Q9H4M8
D017674,Q9H4M8
D007247,Q9H4M8
D024821,Q9H4M8
D009765,Q9H4M8
D056486,Q6GZ88
D003920,Q6GZ88
D006529,Q6GZ88
D008113,Q6GZ88
D008114,Q6GZ88
D024821,Q6GZ88
D009765,Q6GZ88
D011230,Q6GZ88
D004715,P13056
D004715,Q6PHZ7
D001943,P10589
D056486,P24468
D004715,P24468
D007247,P24468
D001943,P10588
D004715,P10588
D001281,Q3MSN4
D001714,Q3MSN4
D019970,Q3MSN4
D003866,Q3MSN4
D064420,Q3MSN4
D004715,Q3MSN4
D006973,Q3MSN4
D007008,Q3MSN4
D019964,Q3MSN4
D009798,Q3MSN4
D011471,Q3MSN4
D011618,Q3MSN4
D012559,Q3MSN4
D002311,Q4W5E8
D004715,Q4W5E8
D006333,Q4W5E8
D009203,Q4W5E8
D018487,Q4W5E8
D003865,P22736
D004715,P22736
D007333,P22736
D007674,P22736
D017202,P22736
D010190,P22736
D011507,P22736
D015179,P43354
D012871,P43354
D001172,Q92570
D006937,Q92570
D007333,Q92570
D004715,Q5T6F7
D010051,Q5T6F7
D056486,Q9Y5V6
D050171,Q9Y5V6
D018149,Q9Y5V6
D006529,Q9Y5V6
D007247,Q9Y5V6
D065626,Q9Y5V6
D010190,Q9Y5V6
D001932,Q7Z6K4
D015179,Q5U091
D015470,Q5U091
D015473,Q5U091
D007964,Q5U091
D008223,Q5U091
D016393,Q5U091
D008545,Q5U091
D009374,Q5U091
D013163,Q5U091
D001321,Q75ML9
D001943,Q75ML9
D015179,Q75ML9
D019966,Q75ML9
D056486,Q16612
D005234,Q16612
D008106,Q16612
D019969,Q96IB3
D001943,Q96IB3
D066126,Q96IB3
D002471,Q96IB3
D006333,Q96IB3
D008106,Q96IB3
D008175,Q96IB3
D009069,Q96IB3
D009361,Q96IB3
D010146,Q96IB3
D012559,Q96IB3
D013276,Q96IB3
D012559,P56975
D012559,Q92686
D001943,P48552
D016889,P48552
D006333,P48552
D009203,P48552
D012559,P48552
D004715,Q9H2E1
D008107,Q9H2E1
D010190,Q9H2E1
D011471,Q9H2E1
D001321,Q96GU8
D012640,Q96GU8
D008106,Q86YC3
D001749,Q5VTS2
D000015,Q49A31
D001321,Q49A31
D019465,Q49A31
D012559,Q49A31
D019966,Q9Y4C0
D001321,Q96L73
D002277,Q6X4W1
D008106,Q6X4W1
D015674,Q6X4W1
D008325,Q6X4W1
D001943,Q8TEA1
D009362,Q8TEA1
D015179,Q8TCD5
D064420,Q5JUV6
D054198,Q5JUV6
D012008,Q5JUV6
D008545,Q9H2R1
D002471,Q96B60
D008106,Q96B60
D013274,Q96B60
D001321,P20783
D003929,P20783
D004830,P20783
D034381,P20783
D006930,P20783
D009410,P20783
D012559,P20783
D013226,P20783
D001321,P34130
D009410,P34130
D009410,P34130
D001714,Q5IEC7
D015179,Q5IEC7
D012559,Q5IEC7
D001714,Q96CW9
D012559,Q96CW9
D001714,P04629
D005910,P04629
D055370,P04629
D009437,P04629
D011618,P04629
D012559,P04629
D001321,Q8WXJ8
D001714,Q8WXJ8
D019970,Q8WXJ8
D002658,Q8WXJ8
D005910,Q8WXJ8
D006948,Q8WXJ8
D009765,Q8WXJ8
D013226,Q8WXJ8
D004715,Q96CY4
D005910,Q96CY4
D015470,Q96CY4
D013226,Q96CY4
D001919,Q6FH20
D002375,Q6FH20
D006948,Q6FH20
D009127,Q6FH20
D010146,P30989
D012559,P30989
D028361,Q8TB37
D013262,Q02818
D011471,Q2L696
D001281,Q9H1E3
D008113,Q8IVD9
D008106,Q96DE0
D001943,P0C025
D001943,P50583
D008113,P0C024
D006528,Q9BZD4
D015473,Q9UNL7
D015470,P35658
D054198,P35658
D000740,Q9HDC8
D015470,Q9HDC8
D009503,Q9HDC8
D056486,Q96E22
D003924,Q96E22
D004195,Q96E22
D005234,Q96E22
D018149,Q96E22
D006943,Q96E22
D007333,Q96E22
D008545,Q96E22
D015430,Q96E22
D006528,Q9BXS6
D015179,Q9BXS6
D015179,Q6DKJ4
D008106,P04181
D008113,P04181
D056486,Q9NX40
D058186,Q16625
D001943,Q16625
D002471,Q16625
D006504,Q16625
D009369,Q16625
D012164,Q16625
D013163,Q16625
D003110,P11926
D015179,P11926
D012878,P11926
D056486,Q02218
D006333,Q9ULD0
D000230,Q9HCR7
D001927,Q9HCR7
D002292,Q9HCR7
D003924,Q9HCR7
D006331,Q9HCR7
D006965,Q9HCR7
D008175,Q9HCR7
D008223,Q9HCR7
D019957,Q9HCR7
D009410,Q9HCR7
D009765,Q9HCR7
D047928,Q9HCR7
D011297,Q9HCR7
D049188,Q9HCR7
D011471,Q9HCR7
D011658,Q9HCR7
D012871,Q9HCR7
D009362,Q5TBF5
D006528,Q8WWZ8
D011471,Q9BWJ9
D004715,Q6UX06
D006528,Q5JTM7
D006528,Q68BL8
D008106,Q68BL8
D008106,Q9NRN5
D009202,P78380
D006333,P78380
D006973,P78380
D009203,P78380
D010051,Q6B0I4
D001281,Q0PJU0
D004827,P41143
D007024,P41143
D019966,P41143
D013375,P41143
D001145,P41145
D019970,P41145
D010146,P41145
D012640,P41145
D013375,P41145
D001145,Q6FGM5
D018476,Q6FGM5
D013375,Q6FGM5
D019969,Q71V90
D019970,Q71V90
D003248,Q71V90
D020820,Q71V90
D004827,Q71V90
D006501,Q71V90
D006556,Q71V90
D006930,Q71V90
D007024,Q71V90
D009069,Q71V90
D009325,Q71V90
D009437,Q71V90
D011537,Q71V90
D011605,Q71V90
D012131,Q71V90
D012640,Q71V90
D019966,Q71V90
D002292,Q8NGP0
D019966,Q8TCB6
D012871,Q8NH18
D001749,Q8NH09
D006973,Q96D31
D006528,Q9Y619
D005317,Q9Y619
D058186,P02763
D064420,P02763
D017093,P02763
D013262,P02763
D013262,P19652
D001249,Q9P0R7
D015430,Q96E43
D008106,Q9UJX0
D008106,P13725
D009362,P13725
D002289,Q99650
D004715,Q8N2R0
D001927,P00480
D003072,P00480
D022124,P00480
D008106,P00480
D009410,P00480
D003638,Q9HC10
D008106,Q9BWI9
D015431,Q5SZ59
D008106,Q9NUU6
D009410,P32243
D010024,P55809
D001008,P01178
D001321,P01178
D002277,P01178
D003110,P01178
D003128,P01178
D004211,P01178
D004487,P01178
D004830,P01178
D005313,P01178
D005483,P01178
D006261,P01178
D006948,P01178
D006973,P01178
D007010,P01178
D007022,P01178
D007249,P01178
D007511,P01178
D008325,P01178
D009122,P01178
D010146,P01178
D011141,P01178
D012640,P01178
D013035,P01178
D013651,P01178
D015430,P01178
D015431,P01178
D001321,P30559
D002289,P30559
D003072,P30559
D012559,P30559
D020258,Q6PIW1
D004827,Q32MC3
D006930,Q32MC3
D006930,P56373
D004827,Q99571
D004195,Q15G98
D015451,Q15G98
D008103,Q15G98
D009103,Q15G98
D013119,Q15G98
D013927,P47900
D006470,Q9H244
D008180,Q9H244
D009203,Q9H244
D013927,Q9H244
D054198,Q86VZ1
D010003,Q8IVL6
D056486,Q96C96
D017202,Q96C96
D010024,Q96C96
D011471,Q96C96
D013274,Q6PIN5
D001943,P11940
D002295,P11940
D001749,P11940
D004195,Q6IQ30
D001714,Q6VY07
D009765,Q6VY07
D019966,Q6VY07
D001172,Q6EVJ7
D002277,Q6EVJ7
D015674,Q6EVJ7
D008325,Q6EVJ7
D001943,Q5T6T6
D054198,Q9NWQ8
D012559,Q9NWQ8
D056486,Q8TEY0
D015179,Q6FID7
D001943,Q16512
D002292,Q16512
D009361,Q16512
D009374,Q16512
D011507,Q16512
D013964,Q16512
D001281,Q13177
D011507,Q13177
D012559,Q13177
D011471,Q9NQU5
D015430,Q9Y2D5
D001943,Q86YC2
D010190,Q86YC2
D011471,Q86YC2
D010190,Q8WX93
D015430,Q8WX93
D008106,Q9NP74
D001008,Q7KYY0
D003924,Q7KYY0
D012640,Q7KYY0
D006528,Q6UXH9
D006333,Q6UXH9
D017379,Q6UXH9
D008106,Q6UXH9
D056486,Q9HBH5
D002779,Q9HBH5
D009410,Q8TE04
D009410,Q6P1K9
D019636,Q6P1K9
D056486,Q96RD7
D017114,Q96RD7
D047508,Q96RD7
D020521,Q6QHF9
D054058,Q5QFB7
D003324,Q5QFB7
D004715,Q5QFB7
D007247,Q5QFB7
D009203,Q5QFB7
D011471,Q8N4S7
D008106,Q6ZVX9
D011471,Q5VWV2
D002471,Q6X2S8
D020964,Q6X2S8
D009374,Q6X2S8
D006528,Q99497
D056486,Q99497
D009410,Q99497
D010024,Q99497
D010300,Q99497
D020734,Q99497
D000505,Q6PJL0
D000740,Q6PJL0
D001249,Q6PJL0
D050197,Q6PJL0
D001930,Q6PJL0
D002545,Q6PJL0
D001943,Q6PJL0
D006528,Q6PJL0
D009202,Q6PJL0
D002471,Q6PJL0
D015179,Q6PJL0
D003872,Q6PJL0
D006505,Q6PJL0
D007249,Q6PJL0
D007674,Q6PJL0
D055370,Q6PJL0
D008545,Q6PJL0
D009101,Q6PJL0
D009765,Q6PJL0
D010195,Q6PJL0
D010243,Q6PJL0
D020734,Q6PJL0
D011014,Q6PJL0
D011471,Q6PJL0
D011654,Q6PJL0
D011658,Q6PJL0
D015427,Q6PJL0
D013119,Q6PJL0
D013262,Q6PJL0
D003110,Q9UKK3
D019966,Q9NVD7
D001321,Q9UEW8
D011471,Q8NI35
D019966,Q8NI35
D000230,Q96IZ0
D016889,Q96IZ0
D011471,Q96IZ0
D004715,Q6YFJ8
D005923,Q6YFJ8
D007676,Q6YFJ8
D019465,P23760
D003638,P23760
D009421,P23760
D009436,P23760
D012509,P23760
D003924,Q3KNR5
D008545,Q3KNR5
D054198,Q9BXX4
D001321,Q8IVH0
D002386,Q8IVH0
D019465,Q8IVH0
D003921,Q8IVH0
D003924,Q8IVH0
D008545,Q8IVH0
D009361,Q8IVH0
D009421,Q8IVH0
D009901,Q8IVH0
D011471,Q8IVH0
D013274,Q8IVH0
D015179,Q06710
D006528,Q96KB5
D011230,P30039
D002292,Q86U86
D002051,Q53YC7
D019966,Q53YC7
D019465,Q9BYU1
D001714,P11498
D002051,P11498
D056486,P11498
D008106,P11498
D004195,P61457
D001943,Q53SS8
D001321,Q14DV7
D000544,Q9BZA7
D011471,Q9BZA8
D003638,Q96QU1
D034381,Q96QU1
D019966,Q96QU1
D004827,Q8TAB3
D008545,Q9UN66
D001943,Q9Y5F9
D006528,P35558
D003921,P35558
D006333,P35558
D008106,P35558
D009765,P35558
D000860,Q712L8
D008106,Q712L8
D006528,Q15004
D012559,Q9UIS9
D000230,Q7Z6A3
D001932,Q7Z6A3
D003110,Q7Z6A3
D005923,Q7Z6A3
D007511,Q7Z6A3
D008175,Q7Z6A3
D009374,Q7Z6A3
D011565,Q7Z6A3
D008180,Q9H6A9
D056486,Q15113
D008103,Q15113
D019969,Q9UKZ9
D003110,P48539
D009765,P29120
D003921,P16519
D003924,P16519
D006345,Q5JSG7
D007674,Q5JSG7
D008171,Q5JSG7
D003324,Q8NBP7
D006937,Q8NBP7
D015430,Q584P1
D056486,P49585
D008175,Q15116
D008180,Q15116
D008545,Q15116
D009103,Q15116
D002471,Q5VZS7
D008175,Q5VZS7
D009361,Q5VZS7
D010003,Q8WUM4
D007859,Q01064
D019966,Q8TAE4
D001943,Q8IW54
D009203,Q14432
D020521,Q14432
D013927,Q14432
D001321,Q9HC31
D019969,Q07343
D001249,Q07343
D001321,Q07343
D001714,Q07343
D015470,Q07343
D017202,Q07343
D012559,Q07343
D012871,Q07343
D019969,Q08499
D001249,Q08499
D011471,Q08499
D009362,Q9P0K6
D004195,P35913
D019969,P51160
D003117,Q13956
D001480,Q3ZCW6
D004401,Q3ZCW6
D009127,Q3ZCW6
D019636,Q3ZCW6
D001943,Q9UGN0
D002277,Q9UGN0
D008106,Q9UGN0
D008171,Q9UGN0
D015674,Q9UGN0
D008325,Q9UGN0
D008654,Q9UGN0
D011658,Q9UGN0
D013964,Q9UGN0
D001480,P78450
D006528,P78450
D005355,P78450
D011658,P78450
D012164,P78450
D008654,Q9NRA1
D003324,Q9GZP0
D005355,Q9GZP0
D055370,Q9GZP0
D002972,P16234
D019465,P16234
D005313,P16234
D006333,P16234
D008106,P16234
D008171,P16234
D001480,P09619
D008106,P09619
D006528,Q15198
D015179,Q15198
D000140,Q9UNV7
D017202,Q9UNV7
D010003,Q9UNV7
D011471,Q9UNV7
D013274,Q9UNV7
D002292,P11177
D054058,P30101
D006528,P30101
D009369,P30101
D011471,P30101
D009202,Q15119
D006528,Q16654
D056486,Q16654
D003921,Q16654
D017202,Q16654
D065626,Q16654
D008175,P50479
D010024,P50479
D056486,Q96HC4
D017202,Q96HC4
D011471,Q9P0J1
D008113,Q9NUG6
D011471,Q96DB6
D003921,P52945
D003924,P52945
D010190,P52945
D002292,Q86XE2
D000647,Q2YEM6
D019969,Q2YEM6
D001919,Q2YEM6
D002779,Q2YEM6
D019970,Q2YEM6
D004409,Q2YEM6
D020820,Q2YEM6
D006930,Q2YEM6
D007022,Q2YEM6
D000860,Q2YEM6
D009069,Q2YEM6
D010146,Q2YEM6
D020734,Q2YEM6
D011537,Q2YEM6
D012120,Q2YEM6
D012131,Q2YEM6
D012640,Q2YEM6
D012678,Q2YEM6
D001943,Q5T2W1
D011471,Q5T2W1
D011471,Q13113
D008106,Q9UPQ7
D002277,P30086
D002292,P30086
D006333,P30086
D015674,P30086
D008325,P30086
D017202,P30086
D011230,P30086
D001321,P16284
D001327,P16284
D003324,P16284
D013921,P16284
D064420,Q53T26
D012871,Q53T26
D008103,Q71UY0
D065626,Q71UY0
D004409,Q3B7B1
D009422,Q3B7B1
D009293,Q3B7B1
D010146,Q3B7B1
D011471,Q3B7B1
D003924,P12955
D006529,P12955
D007239,P12955
D013163,P12955
D001321,Q9H2D0
D015464,Q9H2D0
D013375,Q9H2D0
D001943,Q8TAR6
D015464,Q8TAR6
D013375,Q8TAR6
D056486,Q29R61
D050171,Q29R61
D009765,Q29R61
D001327,P02776
D006967,P02776
D011014,P02776
D013921,P02776
D013927,P02776
D017202,Q9H178
D009765,Q9H178
D012871,Q9H178
D003921,Q96I60
D017202,Q96I60
D008106,Q5VSR5
D008106,P07737
D000230,Q6P6D7
D002277,Q6P6D7
D002289,Q6P6D7
D002294,Q6P6D7
D015674,Q6P6D7
D008325,Q6P6D7
D013274,Q6P6D7
D011471,P15259
D012559,Q96JS3
D002471,Q8N414
D006528,P52209
D008175,P53609
D006528,P00558
D002292,P00558
D056486,Q9H1D2
D015179,Q9H1D2
D017202,Q9H1D2
D000230,Q8NG45
D001943,Q8NG45
D002277,Q8NG45
D016889,Q8NG45
D004715,Q8NG45
D015674,Q8NG45
D008325,Q8NG45
D008654,Q8NG45
D012008,Q8NG45
D000544,Q6IB11
D011471,Q6IB11
D003324,Q4VY12
D009203,Q4VY12
D000230,P35232
D001943,P35232
D002277,P35232
D006528,P35232
D004938,P35232
D015674,P35232
D008325,P35232
D011230,P35232
D011605,P35232
D012559,P35232
D013274,P35232
D015179,Q8N4B1
D019465,P78562
D054218,Q5JRC6
D001943,Q8N5M8
D002289,Q8N5M8
D002471,Q8N5M8
D008113,Q8N5M8
D008545,Q8N5M8
D011471,Q8N5M8
D001281,Q8WV24
D006528,Q8WV24
D003072,Q8WV24
D002289,Q53GA4
D009203,Q9Y5J5
D015428,Q9Y5J5
D005910,Q96D60
D001281,Q8NEI7
D008180,Q9P1Y6
D012871,Q1XBU8
D002583,Q9UFA8
D000544,Q13492
D015470,Q13492
D019969,Q9NRD5
D011605,Q9NRD5
D002292,Q9HB75
D012640,Q9H3S5
D020246,Q9H3S5
D011471,P57054
D013274,Q8TE27
D009362,Q5SWA0
D000230,P42336
D001943,P42336
D006528,P42336
D002292,P42336
D002294,P42336
D015179,P42336
D006130,P42336
D006965,P42336
D008175,P42336
D016403,P42336
D009362,P42336
D010051,P42336
D011471,P42336
D012509,P42336
D013274,P42336
D018487,P42336
D015430,P42336
D016403,Q6PJ60
D011471,Q6PJ60
D012559,Q6PJ60
D001321,P48736
D006332,P48736
D003924,P48736
D005355,P48736
D006333,P48736
D016403,P48736
D002051,P27986
D002277,P27986
D018149,P27986
D007333,P27986
D015674,P27986
D008325,P27986
D011471,P27986
D011471,Q96EV4
D000544,Q9UKJ1
D001943,P11309
D002471,P11309
D004195,P11309
D005909,P11309
D011230,P11309
D011704,P11309
D015470,Q9P1W9
D001943,Q8NFL2
D003072,Q9BXM7
D009410,Q9BXM7
D010300,Q9BXM7
D020734,Q9BXM7
D015427,Q9BXM7
D012852,P12273
D008545,P48426
D009361,Q99755
D009374,Q99755
D001749,Q99755
D006528,Q9BZ71
D001321,P78337
D006528,P78337
D001281,Q99697
D019465,Q99697
D006330,Q99697
D020521,Q99697
D019966,Q96J94
D009845,Q7Z3Z3
D009845,Q7Z3Z4
D003638,Q0ZLH3
D004195,Q15142
D008106,Q9BZL6
D019636,Q9BZL6
D012164,Q9BZL6
D014652,Q9BZL6
D003921,P30613
D008106,P30613
D002277,P14618
D006528,P14618
D015674,P14618
D008325,P14618
D009361,P14618
D010024,P14618
D006528,Q0IJ49
D008545,Q0IJ49
D006528,Q14BN3
D001281,Q99959
D011471,Q9Y446
D009202,Q9C011
D009336,Q9C011
D008106,Q542Y6
D050197,Q8NI47
D015179,Q8NI47
D004715,Q8NI47
D017202,Q8NI47
D015427,Q8NI47
D001321,Q14064
D001943,Q14064
D003872,Q14064
D008106,Q14064
D012128,Q14064
D001249,Q13093
D003327,Q13093
D020521,Q13093
D019966,Q13018
D007249,Q9Y263
D006528,Q9UHV8
D008106,Q9UHV8
D013274,Q9UM63
D000140,P00750
D019969,P00750
D000799,P00750
D001037,P00750
D001157,P00750
D050197,P00750
D001416,P00750
D001929,P00750
D020520,P00750
D002545,P00750
D002543,P00750
D002544,P00750
D056486,P00750
D003328,P00750
D006333,P00750
D006470,P00750
D006973,P00750
D007022,P00750
D000860,P00750
D020244,P00750
D020300,P00750
D008106,P00750
D017116,P00750
D009203,P00750
D009410,P00750
D009461,P00750
D020258,P00750
D010291,P00750
D010490,P00750
D011655,P00750
D015427,P00750
D012131,P00750
D012770,P00750
D020521,P00750
D013923,P00750
D013927,P00750
D020301,P00750
D054556,P00750
D020246,P00750
D018487,P00750
D000230,Q9UEJ5
D000544,Q9UEJ5
D000787,Q9UEJ5
D001002,Q9UEJ5
D001157,Q9UEJ5
D001249,Q9UEJ5
D001929,Q9UEJ5
D002545,Q9UEJ5
D002295,Q9UEJ5
D002543,Q9UEJ5
D002544,Q9UEJ5
D002561,Q9UEJ5
D003327,Q9UEJ5
D006417,Q9UEJ5
D006470,Q9UEJ5
D007022,Q9UEJ5
D011695,Q9UEJ5
D020244,Q9UEJ5
D020300,Q9UEJ5
D007511,Q9UEJ5
D008103,Q9UEJ5
D008106,Q9UEJ5
D009203,Q9UEJ5
D009361,Q9UEJ5
D009362,Q9UEJ5
D009393,Q9UEJ5
D010190,Q9UEJ5
D011471,Q9UEJ5
D011655,Q9UEJ5
D015427,Q9UEJ5
D013274,Q9UEJ5
D020521,Q9UEJ5
D013923,Q9UEJ5
D013927,Q9UEJ5
D020246,Q9UEJ5
D014693,Q9UEJ5
D001321,Q9UPI5
D002277,Q9UPI5
D007249,Q9UPI5
D009361,Q9UPI5
D009362,Q9UPI5
D009369,Q9UPI5
D011471,Q9UPI5
D001172,Q6P1J6
D002289,Q6P4A8
D003110,Q8IV92
D009190,Q8IV92
D010146,Q8IV92
D012559,Q8IV92
D008545,Q15147
D010003,P51178
D000230,Q9P212
D013274,Q9P212
D000544,P16885
D015451,P16885
D012559,Q9UPR0
D006332,Q13393
D020244,Q13393
D006332,Q86YQ7
D001172,Q96BZ4
D008106,Q96BZ4
D001321,Q8N7P1
D001172,P08567
D008106,P08567
D010024,P08567
D011471,Q9NYT0
D003924,Q5RGS4
D008106,Q9UF11
D010051,Q96S99
D008106,Q9ULM0
D001714,Q5T4P9
D009369,Q5SXH7
D058186,Q9UMI2
D056486,Q9UMI2
D064420,Q9UMI2
D006973,Q9UMI2
D008106,Q9UMI2
D020246,Q9UMI2
D005234,Q5SYF5
D008106,Q5SYF5
D013274,Q5SYF5
D006528,P53350
D005910,P53350
D007938,P53350
D002277,Q9NYY3
D064420,Q9NYY3
D015674,Q9NYY3
D008325,Q9NYY3
D001281,Q5R352
D009203,Q5R352
D015428,Q5R352
D018487,Q5R352
D008103,Q96QU5
D008106,Q96QU5
D010003,Q96QU5
D004681,P60201
D012640,Q8TBJ4
D008113,Q14651
D056486,P13797
D010003,P13797
D008106,Q8WVK1
D008106,Q9NRY7
D050171,P55058
D015228,P55058
D007333,P55058
D008106,P55058
D006528,Q9BX97
D006528,Q8IUK5
D016889,P51805
D015451,Q13794
D019966,Q13794
D009765,P20382
D008545,P40967
D008106,Q66K30
D009190,Q66K30
D050171,Q9UE85
D005909,Q9UE85
D015473,Q9UE85
D008114,Q9UE85
D009362,Q9UE85
D011471,Q9UE85
D012559,Q9UE85
D013262,Q9UE85
D003711,Q6FH25
D002658,Q6FH25
D004831,Q6FH25
D018908,Q6FH25
D010292,Q6FH25
D010523,Q6FH25
D011782,Q6FH25
D012021,Q6FH25
D011471,Q5XG96
D009362,Q5FBX0
D012208,Q5FBX0
D002292,Q8N490
D002658,Q96T60
D012640,Q96T60
D006930,Q9BYY3
D007022,Q9BYY3
D007859,Q9BYY3
D008569,Q9BYY3
D010146,Q9BYY3
D020734,Q9BYY3
D013375,Q9BYY3
D056486,P01298
D010024,P01298
D004719,Q96AD5
D006331,Q96AD5
D006333,Q96AD5
D017379,Q96AD5
D018487,Q96AD5
D005234,Q9NST1
D065626,Q9NST1
D009422,Q8IY17
D010523,Q8IY17
D011115,Q8IY17
D013226,Q9NVS9
D006528,Q8TCS8
D056486,Q49A59
D003110,P06746
D015451,P06746
D001749,P06746
D000015,P28340
D015179,P28340
D003638,P28340
D016889,P28340
D015179,Q8WUF6
D015179,Q96IE1
D056486,Q6LCA9
D004827,Q6LCA9
D028361,Q6LCA9
D020734,Q6LCA9
D012640,Q6LCA9
D005909,Q9UBT6
D048629,Q9UBT6
D011471,Q9UBT6
D004195,Q7Z776
D019966,Q7Z776
D009374,Q9P1U0
D013274,Q9P1U0
D056486,P62487
D013274,Q9Y2Y1
D058186,Q6LDP0
D000647,Q6LDP0
D001321,Q6LDP0
D001714,Q6LDP0
D001919,Q6LDP0
D002292,Q6LDP0
D006332,Q6LDP0
D009202,Q6LDP0
D002312,Q6LDP0
D002375,Q6LDP0
D002543,Q6LDP0
D002779,Q6LDP0
D019970,Q6LDP0
D003248,Q6LDP0
D003556,Q6LDP0
D003866,Q6LDP0
D003920,Q6LDP0
D004487,Q6LDP0
D004831,Q6LDP0
D004827,Q6LDP0
D004830,Q6LDP0
D005128,Q6LDP0
D005234,Q6LDP0
D005334,Q6LDP0
D005767,Q6LDP0
D005921,Q6LDP0
D006333,Q6LDP0
D006417,Q6LDP0
D006470,Q6LDP0
D006556,Q6LDP0
D006973,Q6LDP0
D006996,Q6LDP0
D007008,Q6LDP0
D007022,Q6LDP0
D000860,Q6LDP0
D007239,Q6LDP0
D007674,Q6LDP0
D007683,Q6LDP0
D008106,Q6LDP0
D017114,Q6LDP0
D008133,Q6LDP0
D008545,Q6LDP0
D001523,Q6LDP0
D009103,Q6LDP0
D009157,Q6LDP0
D017202,Q6LDP0
D009325,Q6LDP0
D009336,Q6LDP0
D009765,Q6LDP0
D009846,Q6LDP0
D010024,Q6LDP0
D010146,Q6LDP0
D011014,Q6LDP0
D011183,Q6LDP0
D011507,Q6LDP0
D012008,Q6LDP0
D012148,Q6LDP0
D012640,Q6LDP0
D012804,Q6LDP0
D012893,Q6LDP0
D013375,Q6LDP0
D015430,Q6LDP0
D015431,Q6LDP0
D054058,Q96P91
D001172,Q96P91
D050197,Q96P91
D001321,Q96P91
D001932,Q96P91
D002318,Q96P91
D056486,Q96P91
D002779,Q96P91
D015179,Q96P91
D003248,Q96P91
D003324,Q96P91
D003327,Q96P91
D003329,Q96P91
D003866,Q96P91
D003920,Q96P91
D003928,Q96P91
D005234,Q96P91
D006331,Q96P91
D006333,Q96P91
D006937,Q96P91
D020138,Q96P91
D006980,Q96P91
D008175,Q96P91
D008223,Q96P91
D024821,Q96P91
D048629,Q96P91
D020258,Q96P91
D010302,Q96P91
D011297,Q96P91
D011471,Q96P91
D001749,Q96P91
D002318,Q6PJZ2
D010051,P0DMW2
D002471,Q63HL4
D006333,Q63HL4
D007859,Q63HL4
D055370,Q63HL4
D001749,Q63HL4
D015179,Q15063
D004342,Q15063
D008103,Q15063
D005910,Q5MJ35
D007945,Q5MJ35
D008545,Q5MJ35
D012878,Q5MJ35
D001172,Q03052
D001714,P20265
D010003,P20264
D015470,Q01851
D002583,Q01851
D019969,Q01860
D005910,Q01860
D006330,Q01860
D009374,Q01860
D001321,P78424
D004195,Q9NQ55
D002277,Q86SF0
D006332,Q86SF0
D056486,Q86SF0
D003921,Q86SF0
D003924,Q86SF0
D064420,Q86SF0
D050171,Q86SF0
D004681,Q86SF0
D005234,Q86SF0
D006529,Q86SF0
D006949,Q86SF0
D006973,Q86SF0
D015228,Q86SF0
D007003,Q86SF0
D007249,Q86SF0
D007333,Q86SF0
D007674,Q86SF0
D007676,Q86SF0
D007683,Q86SF0
D008113,Q86SF0
D015674,Q86SF0
D008325,Q86SF0
D009135,Q86SF0
D015428,Q86SF0
D009369,Q86SF0
D065626,Q86SF0
D009765,Q86SF0
D011471,Q86SF0
D011507,Q86SF0
D015427,Q86SF0
D006332,Q03181
D009202,Q03181
D005234,Q03181
D008545,Q03181
D065626,Q03181
D009765,Q03181
D010523,Q03181
D012878,Q03181
D015430,Q03181
D058186,Q86WD1
D000230,Q86WD1
D000544,Q86WD1
D050197,Q86WD1
D006528,Q86WD1
D003110,Q86WD1
D015179,Q86WD1
D003920,Q86WD1
D003921,Q86WD1
D003924,Q86WD1
D003928,Q86WD1
D050171,Q86WD1
D005921,Q86WD1
D006333,Q86WD1
D006973,Q86WD1
D007249,Q86WD1
D007333,Q86WD1
D007511,Q86WD1
D015473,Q86WD1
D008064,Q86WD1
D008113,Q86WD1
D008545,Q86WD1
D009410,Q86WD1
D065626,Q86WD1
D009765,Q86WD1
D010003,Q86WD1
D010190,Q86WD1
D011565,Q86WD1
D051437,Q86WD1
D015427,Q86WD1
D013274,Q86WD1
D013345,Q86WD1
D013964,Q86WD1
D003921,Q9UBK2
D003924,Q9UBK2
D006333,Q9UBK2
D009203,Q9UBK2
D010300,Q9UBK2
D001943,Q8TAL0
D006949,Q8TAL0
D009765,Q8TAL0
D008114,Q06203
D017202,Q06203
D006967,P02775
D006973,P02775
D008175,P02775
D011471,Q8ND30
D002289,P62937
D002294,P62937
D009362,P62937
D013274,P62937
D013274,P45877
D007410,P30405
D014456,P30405
D017202,Q4J6C0
D001943,Q8NEA7
D005910,Q8NEA7
D015179,Q96MI6
D006333,Q8N3J5
D009765,Q5SGD2
D015179,Q96TC9
D010051,Q9UPN1
D001943,Q6GQY8
D009361,Q6GQY8
D007938,Q8WUF5
D015179,Q96A00
D008654,Q96A00
D008545,Q96C90
D008106,Q6NYC8
D001145,Q13522
D006528,Q13522
D009202,Q13522
D006333,Q13522
D002375,Q9UD71
D020820,Q9UD71
D003924,Q16821
D008106,Q86XI6
D008106,Q9UQK1
D012852,Q96HI8
D001249,Q6I9T8
D006331,Q6I9T8
D017202,Q6I9T8
D010003,P30153
D013274,P30153
D008175,P30154
D048629,P63151
D011471,P63151
D001281,Q6P0N9
D015451,Q96B13
D048629,Q96B13
D048629,Q86XZ2
D001930,Q08209
D017379,Q08209
D010195,Q08209
D011471,Q08209
D013733,Q08209
D001749,P48454
D017379,P63098
D017202,P63098
D006528,Q6ZMV5
D008545,Q5T1S7
D009369,Q5T0S4
D056486,Q8NI37
D006130,Q4VY28
D002289,P78395
D002292,P78395
D006258,P78395
D007938,P78395
D015464,P78395
D008545,P78395
D009101,P78395
D012509,P78395
D002292,Q96FT4
D001169,Q5T4E8
D001172,Q5T4E8
D008180,Q5T4E8
D054198,Q9GZV8
D003324,Q9HAZ2
D008881,Q9HAZ2
D019969,Q13029
D013964,Q13029
D001749,Q13029
D006528,Q06830
D002289,Q06830
D004938,Q06830
D008114,Q06830
D008175,Q06830
D011230,Q06830
D002277,P32119
D006528,P32119
D004938,P32119
D015674,P32119
D008325,P32119
D008545,P32119
D009361,P32119
D011471,P32119
D016403,P30048
D065626,P30048
D010024,P30048
D018149,Q13162
D006943,Q13162
D016403,Q13162
D013274,P30044
D006528,P30041
D008175,P30041
D017202,P30041
D012128,P30041
D000647,Q5JRX3
D013274,Q5JRX3
D000741,P14222
D001321,P14222
D008228,P14222
D065626,P14222
D006965,Q96GM1
D010493,Q96GM1
D008113,Q7Z3G6
D011230,Q7Z3G6
D018149,Q96E92
D007333,Q96E92
D011230,Q96E92
D013274,Q96E92
D006332,P54646
D009202,P54646
D018149,P54646
D007333,P54646
D020521,P54646
D018487,P54646
D013274,Q9Y478
D065626,Q15136
D011471,P22694
D000505,Q96P62
D006943,Q96P62
D007333,Q96P62
D015473,Q96P62
D009133,Q96P62
D009765,Q96P62
D006333,Q75MP1
D009765,Q75MP1
D006332,Q7Z727
D018500,Q7Z727
D003921,Q7Z727
D065626,Q7Z727
D011141,Q7Z727
D001321,P05771
D006332,P05771
D015179,P05771
D003924,P05771
D006943,P05771
D008106,P05771
D013274,P05771
D056486,Q05655
D003921,Q05655
D005334,Q05655
D006973,Q05655
D007035,Q05655
D008106,Q05655
D020258,Q05655
D065626,Q05655
D020734,Q05655
D012640,Q05655
D009202,Q53RT0
D015179,Q53RT0
D023921,Q53RT0
D003921,Q53RT0
D003928,Q53RT0
D006930,Q53RT0
D008113,Q53RT0
D009203,Q53RT0
D017202,Q53RT0
D065626,Q53RT0
D010523,Q53RT0
D019966,Q53RT0
D004195,P05129
D006930,P05129
D009765,Q9BVQ0
D019966,Q9BVQ0
D001321,P41743
D001172,Q04759
D006332,Q05513
D006930,Q05513
D007938,Q05513
D011471,Q05513
D000230,Q1KKQ2
D015179,Q1KKQ2
D015451,Q9BZL6
D002294,P78527
D056486,P78527
D006501,P78527
D008171,P78527
D047508,P78527
D011041,P78527
D011471,P78527
D019969,Q13976
D006976,Q13976
D009437,Q13976
D011230,Q13976
D000230,Q5THQ0
D000236,Q5THQ0
D000740,Q5THQ0
D001321,Q5THQ0
D001480,Q5THQ0
D001919,Q5THQ0
D002375,Q5THQ0
D019970,Q5THQ0
D004715,Q5THQ0
D007172,Q5THQ0
D005334,Q5THQ0
D005687,Q5THQ0
D006177,Q5THQ0
D006333,Q5THQ0
D006966,Q5THQ0
D007022,Q5THQ0
D007247,Q5THQ0
D008180,Q5THQ0
D015674,Q5THQ0
D008325,Q5THQ0
D008569,Q5THQ0
D020734,Q5THQ0
D010911,Q5THQ0
D012735,Q5THQ0
D020018,Q5THQ0
D013375,Q5THQ0
D001321,Q8WWV7
D002277,Q8WWV7
D004715,Q8WWV7
D006966,Q8WWV7
D008106,Q8WWV7
D015674,Q8WWV7
D008325,Q8WWV7
D019970,Q96LA8
D000544,Q86XR1
D008106,Q86XR1
D009103,Q86XR1
D009336,Q86XR1
D009362,Q86XR1
D009374,Q86XR1
D011471,Q86XR1
D013274,Q86XR1
D002544,Q8J009
D004211,Q8J009
D006973,Q8J009
D018805,Q8J009
D013923,Q8J009
D013927,Q8J009
D054556,Q8J009
D020246,Q8J009
D003324,Q9UNN8
D007249,Q9UNN8
D008106,Q9UNN8
D008106,Q9UF12
D006930,Q9HC23
D006930,Q8TCW9
D010146,Q8TCW9
D019969,Q8NFJ6
D012128,Q8J011
D013262,Q8J011
D013923,Q8J011
D013927,Q8J011
D003924,Q92786
D009362,Q92786
D013274,Q9UMS4
D019966,Q6IAP9
D020521,Q6P2Q9
D015430,Q15244
D002289,Q9NZ81
D008106,Q9NZ81
D001281,P54821
D003711,P54821
D011471,P54821
D010195,Q86W20
D001749,Q8N2U3
D006529,Q8N3Z0
D005315,Q16651
D009436,Q16651
D049188,Q16651
D011471,Q16651
D012871,Q16651
D002294,Q9NRG1
D008106,Q9NRG1
D010051,Q9NRG1
D008106,Q2VWP7
D015464,P24158
D008106,Q5JUB9
D002289,Q9Y617
D004195,Q9Y617
D011230,Q9BQI7
D019969,Q7L3Y3
D005910,Q7L3Y3
D000544,Q6F4C0
D009202,Q6F4C0
D002311,Q6F4C0
D003072,Q6F4C0
D004195,Q6F4C0
D007859,Q6F4C0
D008569,Q6F4C0
D009410,Q6F4C0
D019636,Q6F4C0
D013163,Q6F4C0
D000544,P49810
D002311,P49810
D001172,Q15238
D015470,Q8N4N4
D006331,Q6MZI6
D010024,Q6MZI6
D002277,P25789
D008113,P25789
D015674,P25789
D008325,P25789
D012128,P25789
D005234,P28066
D010024,P28066
D009203,Q9BZ93
D054058,P20618
D010003,P20618
D010523,P20618
D008106,Q6IB22
D001749,P49721
D017202,P28074
D001281,Q6IBT1
D008106,Q6FHU0
D008106,P28065
D011471,Q9P2W1
D013262,P62195
D003924,Q15008
D002277,Q6FHU3
D015674,Q6FHU3
D008325,Q6FHU3
D008106,Q86SZ7
D009101,Q5SQ83
D003324,Q5T2Z1
D008106,P25105
D002277,P26599
D015674,P26599
D008325,P26599
D001932,Q13635
D002972,Q13635
D019465,Q13635
D010190,Q13635
D012208,Q13635
D012878,Q13635
D001321,Q96NR3
D000015,P60484
D000230,P60484
D001249,P60484
D001321,P60484
D001943,P60484
D002277,P60484
D006528,P60484
D002292,P60484
D002471,P60484
D019465,P60484
D002658,P60484
D016889,P60484
D005234,P60484
D005910,P60484
D006973,P60484
D006984,P60484
D007333,P60484
D007938,P60484
D008103,P60484
D008133,P60484
D008175,P60484
D008223,P60484
D008545,P60484
D019957,P60484
D015428,P60484
D009361,P60484
D009362,P60484
D065626,P60484
D010051,P60484
D010190,P60484
D011471,P60484
D015427,P60484
D012871,P60484
D008106,Q96BW5
D008113,Q96BW5
D008545,Q96BW5
D002526,Q7RTS3
D056486,Q7RTS3
D001249,Q9Y5Y4
D000230,Q05C32
D002294,Q05C32
D006869,Q05C32
D006930,Q05C32
D015674,Q05C32
D008325,Q05C32
D012735,Q05C32
D004715,P43116
D008106,P43116
D012735,P43116
D004342,Q6TTN3
D013262,Q6TTN3
D013927,Q6TTN3
D001169,P35408
D004715,P35408
D007249,P35408
D008223,P35408
D012735,P35408
D056486,Q9H7Z7
D013964,Q9H7Z7
D020258,Q15185
D004715,Q71UN9
D006331,Q2YD89
D008175,Q6LEN2
D013262,Q6LEN2
D001172,Q6LCE7
D001943,Q6LCE7
D002277,Q6LCE7
D004342,Q6LCE7
D004938,Q6LCE7
D005483,Q6LCE7
D006333,Q6LCE7
D006930,Q6LCE7
D007676,Q6LCE7
D008106,Q6LCE7
D015427,Q6LCE7
D013276,Q6LCE7
D000230,Q9NNY7
D000419,Q9NNY7
D001145,Q9NNY7
D001172,Q9NNY7
D050197,Q9NNY7
D001321,Q9NNY7
D001930,Q9NNY7
D002545,Q9NNY7
D001943,Q9NNY7
D002277,Q9NNY7
D006528,Q9NNY7
D002292,Q9NNY7
D002294,Q9NNY7
D002295,Q9NNY7
D009202,Q9NNY7
D002318,Q9NNY7
D056486,Q9NNY7
D003072,Q9NNY7
D003092,Q9NNY7
D003110,Q9NNY7
D015179,Q9NNY7
D003324,Q9NNY7
D003866,Q9NNY7
D003920,Q9NNY7
D003921,Q9NNY7
D064420,Q9NNY7
D004487,Q9NNY7
D004715,Q9NNY7
D004938,Q9NNY7
D005334,Q9NNY7
D005355,Q9NNY7
D005910,Q9NNY7
D006333,Q9NNY7
D006869,Q9NNY7
D006930,Q9NNY7
D006940,Q9NNY7
D006943,Q9NNY7
D006965,Q9NNY7
D006973,Q9NNY7
D007249,Q9NNY7
D007674,Q9NNY7
D007676,Q9NNY7
D007680,Q9NNY7
D015451,Q9NNY7
D008106,Q9NNY7
D008171,Q9NNY7
D008180,Q9NNY7
D016393,Q9NNY7
D008545,Q9NNY7
D009362,Q9NNY7
D009369,Q9NNY7
D009422,Q9NNY7
D009765,Q9NNY7
D010003,Q9NNY7
D010190,Q9NNY7
D010195,Q9NNY7
D010490,Q9NNY7
D011230,Q9NNY7
D047928,Q9NNY7
D011471,Q9NNY7
D011507,Q9NNY7
D015427,Q9NNY7
D012640,Q9NNY7
D012871,Q9NNY7
D012878,Q9NNY7
D013226,Q9NNY7
D013274,Q9NNY7
D013276,Q9NNY7
D020521,Q9NNY7
D013927,Q9NNY7
D013964,Q9NNY7
D001749,Q9NNY7
D000740,P01270
D004195,P01270
D006333,P01270
D006934,P01270
D006973,P01270
D006996,P01270
D010024,P01270
D014511,P01270
D006528,Q0VGD7
D008171,Q0VGD7
D001943,Q53XY9
D002289,Q53XY9
D004487,Q53XY9
D006130,Q53XY9
D006930,Q53XY9
D006934,Q53XY9
D008171,Q53XY9
D009101,Q53XY9
D010190,Q53XY9
D011471,Q53XY9
D012769,P35237
D001172,Q05397
D001281,Q05397
D006528,Q05397
D002294,Q05397
D002471,Q05397
D005909,Q05397
D008325,Q05397
D009361,Q05397
D000544,Q14289
D001847,Q14289
D008545,Q14289
D012878,Q14289
D013226,Q14289
D000236,Q9NYD3
D005234,Q9NYD3
D008175,Q9NYD3
D012208,Q9NYD3
D002277,P21246
D008106,P21246
D015674,P21246
D008325,P21246
D013274,Q86YD1
D013274,Q68CR8
D003924,P18031
D006689,P18031
D006946,P18031
D006973,P18031
D007249,P18031
D007333,P18031
D008106,P18031
D016393,P18031
D009765,P18031
D000230,Q96I26
D002294,Q96I26
D007938,Q96I26
D015470,Q96I26
D015473,Q96I26
D015179,Q05209
D012008,Q6PJC3
D008106,Q99952
D001172,P17706
D054218,P17706
D001172,Q9Y2R2
D001327,Q9Y2R2
D008180,Q9Y2R2
D009410,Q86TL6
D017202,Q5JWG3
D001172,Q9H3X6
D008106,Q9H3X6
D011471,Q9H3X6
D012164,Q9H3X6
D001289,Q3KPI9
D001943,Q3KPI9
D015179,Q3KPI9
D008106,Q3KPI9
D012148,Q3KPI9
D006333,P10586
D017379,P10586
D013274,P10586
D013274,Q86TJ8
D015179,Q12913
D008545,Q86WJ2
D011471,Q86WJ2
D008106,Q92729
D008113,Q92729
D008545,Q92729
D008106,Q86Y79
D011471,Q9Y3E5
D008106,Q6GMV3
D006528,Q6IAL9
D011565,Q6IAL9
D011658,P26022
D012871,P26022
D008654,Q9UHX1
D009336,Q9UHX1
D009374,Q9UHX1
D056486,Q5T1Z8
D004827,Q56A79
D013274,Q9Y606
D001714,P20472
D002292,P20472
D011618,P20472
D012559,P20472
D012640,P20472
D015470,P15151
D011471,P15151
D015470,Q96GF5
D008106,Q96GF5
D001172,Q32NE9
D008180,Q32NE9
D002289,Q9BTK0
D002471,Q9BTK0
D009362,Q9BTK0
D000230,Q9ULZ3
D000419,Q9ULZ3
D006528,Q9ULZ3
D002289,Q9ULZ3
D002294,Q9ULZ3
D015179,Q9ULZ3
D020138,Q9ULZ3
D007674,Q9ULZ3
D008106,Q9ULZ3
D008175,Q9ULZ3
D013274,Q9ULZ3
D015430,Q9ULZ3
D008106,P32322
D017202,P11216
D006528,Q6P1L4
D056486,Q6P1L4
D009135,P11217
D001249,Q6K0P9
D011471,Q6K0P9
D000544,P10082
D000855,P10082
D003967,P10082
D009436,P10082
D009765,P10082
D014839,P10082
D006528,P20742
D056486,P20742
D011471,P47897
D017114,P09417
D003711,Q96PU8
D005910,Q96PU8
D015451,Q16769
D008545,Q16769
D008106,Q9Y2K5
D001321,Q9BXF6
D017202,Q6IQ22
D017202,Q92927
D009765,Q9UL25
D009361,Q6IAS8
D001749,Q6IAS8
D008106,Q15771
D008106,Q13636
D008106,Q13637
D001321,Q96DA2
D019465,Q96DA2
D004827,Q96DA2
D003072,P0C0E4
D019465,P0C0E4
D006130,P0C0E4
D008106,Q12829
D011471,P61018
D017202,P20339
D017202,P51149
D054058,Q96AH8
D010024,Q96AH8
D001172,P61006
D008106,Q92930
D008106,Q5R372
D010190,Q5HYI8
D006528,P63000
D002311,P63000
D066126,P63000
D002471,P63000
D003920,P63000
D006333,P63000
D008107,P63000
D008545,P63000
D009362,P63000
D018487,P63000
D006331,P15153
D015470,P15153
D008106,P15153
D008223,P15153
D008545,P15153
D015470,Q9Y6Q9
D006528,Q9H0H5
D002294,P63244
D013274,P54725
D019465,Q5W0S5
D011471,Q5W0S5
D001249,Q32P42
D001943,Q9NZG9
D006258,Q9NZG9
D048629,Q9NZG9
D001943,Q7KZJ0
D010051,Q7KZJ0
D010051,Q7Z790
D002294,Q5DR82
D008175,Q5DR82
D015179,Q9Y620
D008228,Q9Y620
D001943,Q92698
D006528,Q92698
D008228,Q92698
D001943,P04049
D002289,P04049
D002311,P04049
D002312,P04049
D005910,P04049
D006930,P04049
D007680,P04049
D008113,P04049
D008175,P04049
D011471,P04049
D011471,Q9BYY2
D001169,Q9BYY1
D004802,Q9BYY1
D065626,Q9BYY1
D001008,Q7Z5J4
D019465,Q7Z5J4
D006130,Q7Z5J4
D008545,Q7Z5J4
D019954,Q7Z5J4
D009765,Q7Z5J4
D011595,Q7Z5J4
D006973,Q15311
D017202,Q15311
D011471,Q15311
D001749,Q5JT61
D019969,Q5QPM2
D001943,Q86SE5
D008106,Q53T50
D002277,P62826
D015674,P62826
D008325,P62826
D010003,P62826
D007680,P43487
D013274,Q6VN20
D016403,P46060
D004195,Q9HD47
D015473,Q5T3T1
D008545,Q5T3T1
D010190,Q5T3T1
D013964,Q5T3T1
D001172,P10114
D004831,Q17RH5
D058186,Q569L6
D018149,Q569L6
D009765,Q569L6
D029424,Q569L6
D019969,Q92565
D001327,Q13702
D009135,Q13702
D001943,Q6I9R7
D006528,Q6I9R7
D050171,Q6I9R7
D015473,Q6I9R7
D000230,Q86UC5
D001943,Q86UC5
D002294,Q86UC5
D004715,Q86UC5
D006258,Q86UC5
D008175,Q86UC5
D013274,Q86UC5
D002583,Q86UC5
D066126,Q9BZI0
D002972,Q9BZI0
D006331,Q9BZI0
D008106,P49788
D013274,P49788
D018149,Q99969
D002277,Q7Z4M2
D002294,Q7Z4M2
D056486,Q7Z4M2
D015674,Q7Z4M2
D008325,Q7Z4M2
D008545,Q15283
D009361,Q6P4F9
D009374,Q6P4F9
D013274,Q6P4F9
D011471,Q9Y272
D004409,Q8IUU5
D008180,Q8IV61
D015179,Q6T310
D004715,Q6T310
D000230,Q1W2K8
D002289,Q1W2K8
D002312,Q1W2K8
D008175,Q1W2K8
D015674,Q1W2K8
D008654,Q1W2K8
D048629,Q1W2K8
D001745,Q1W2K8
D001749,Q1W2K8
D008106,Q5T739
D007680,Q8TEK8
D019465,Q9Y2V3
D008545,Q9Y2V3
D002545,Q92728
D001943,Q92728
D002277,Q92728
D006528,Q92728
D002289,Q92728
D008114,Q92728
D015674,Q92728
D008325,Q92728
D009362,Q92728
D009374,Q92728
D010190,Q92728
D054198,Q92728
D011471,Q92728
D013262,Q92728
D001749,Q92728
D001943,Q8TDY2
D012559,Q8TDY2
D006332,Q5JWR1
D001321,Q9NWB1
D012640,Q9NWB1
D015451,Q08999
D008106,Q08999
D010051,Q08999
D011618,Q5JX62
D001281,Q5T481
D001943,Q9H5V0
D008106,Q9H5V0
D015179,Q9H0Z9
D009361,Q9H0Z9
D002289,Q6IRX3
D002277,P29374
D056486,P29374
D005317,P29374
D015674,P29374
D008325,P29374
D013274,P29374
D001327,P10745
D001943,Q5VY30
D002277,Q5VY30
D006333,Q5VY30
D007674,Q5VY30
D015674,Q5VY30
D008325,Q5VY30
D009336,Q5VY30
D013274,Q5VY30
D001172,Q06330
D004715,Q06330
D009103,Q06330
D013262,P62877
D001172,P53805
D006528,P53805
D019465,P53805
D006330,P53805
D008175,Q96BL1
D004195,Q5VZU3
D002277,Q15293
D008106,Q15293
D015674,Q15293
D008325,Q15293
D008106,Q14257
D010003,Q96D15
D003110,Q9UKL0
D008106,Q6JBY9
D019465,Q8IZV5
D005313,Q8IZV5
D008106,Q8IZV5
D056486,Q8NBN7
D008106,Q8NBN7
D009336,Q8NBN7
D012640,Q8WVC0
D002779,Q6PKD3
D065626,Q6PKD3
D002289,Q6P9E2
D003110,Q6P9E2
D005909,Q6P9E2
D008106,Q6P9E2
D009361,Q6P9E2
D009362,Q6P9E2
D001943,P46063
D001281,Q9H902
D001281,Q8WV73
D001321,Q8WV73
D056486,Q00765
D002779,Q00765
D008106,Q00765
D006973,Q6UW15
D013274,Q9BYZ8
D001172,Q04864
D006689,Q04864
D018476,Q04864
D008569,Q04864
D011565,Q04864
D014202,Q04864
D000230,Q96F54
D019969,Q96F54
D002545,Q96F54
D001932,Q96F54
D001943,Q96F54
D002292,Q96F54
D002471,Q96F54
D002779,Q96F54
D003092,Q96F54
D003110,Q96F54
D003556,Q96F54
D003921,Q96F54
D003924,Q96F54
D003925,Q96F54
D003928,Q96F54
D003875,Q96F54
D006529,Q96F54
D006973,Q96F54
D007676,Q96F54
D008105,Q96F54
D008106,Q96F54
D009361,Q96F54
D009374,Q96F54
D015427,Q96F54
D012878,Q96F54
D013274,Q96F54
D013345,Q96F54
D008106,Q8IUW5
D000544,Q75MM8
D001321,Q75MM8
D001714,Q75MM8
D003866,Q75MM8
D003865,Q75MM8
D012559,Q75MM8
D000419,Q693B1
D000740,Q693B1
D053099,Q693B1
D006332,Q693B1
D003921,Q693B1
D064420,Q693B1
D005317,Q693B1
D005355,Q693B1
D006333,Q693B1
D006470,Q693B1
D006973,Q693B1
D006974,Q693B1
D017379,Q693B1
D007022,Q693B1
D007511,Q693B1
D007674,Q693B1
D008103,Q693B1
D009203,Q693B1
D010024,Q693B1
D011507,Q693B1
D011565,Q693B1
D013375,Q693B1
D002311,P51606
D001943,Q8NFH8
D012640,Q13127
D002051,Q9UQV8
D015179,Q9UQV8
D010673,Q9UQV8
D013226,Q9UQV8
D013964,Q9UQV8
D003924,Q9HD89
D006333,Q9HD89
D006556,Q9HD89
D007333,Q9HD89
D007676,Q9HD89
D015473,Q9HD89
D024821,Q9HD89
D002524,P41440
D003110,P41440
D004195,P35249
D011471,Q969G6
D002779,Q8N5W9
D015430,Q9Y644
D012871,P48380
D008545,Q8HWS3
D011471,Q8HWS3
D017202,Q9H4X1
D001172,Q6NW40
D011471,Q6NW40
D056486,Q15493
D007674,Q15493
D008103,Q15493
D008106,Q15493
D008114,Q15493
D012871,Q08116
D012559,Q8WX96
D019969,Q9UGC6
D001943,Q49A86
D006973,Q49A86
D015470,Q49A86
D008106,Q49A86
D010302,Q49A86
D013274,Q49A86
D008106,Q8WVE9
D004715,P49798
D020521,Q5T3H5
D004409,Q4QRI4
D011605,Q4QRI4
D012559,Q4QRI4
D010190,Q8TEB9
D019966,Q9Y3P4
D002289,Q6NZ61
D000014,P61586
D000505,P61586
D002277,P61586
D019970,P61586
D019465,P61586
D004195,P61586
D056784,P61586
D009361,P61586
D011507,P61586
D013274,P61586
D013375,P61586
D001749,P61586
D010523,Q9BYZ6
D017202,Q5JR08
D009362,Q5JR08
D009202,Q9H4E5
D003110,Q9H4E5
D008106,P17081
D011471,Q9BWJ2
D015179,Q8IUC4
D001943,Q9H4K1
D001943,Q9NPQ8
D017114,P52758
D001321,Q3ZCW0
D001714,Q3ZCW0
D008545,Q13671
D008175,Q8IUF8
D056486,Q9Y572
D005234,Q9Y572
D008106,Q9C0K0
D011471,Q9NVW2
D006984,P04808
D011471,P04090
D006965,Q8WXF3
D017202,Q8WXF3
D008106,Q96LZ7
D001943,Q9NWS8
D008106,Q96G75
D001249,P12724
D008106,P34096
D011471,P34096
D008107,Q6IB39
D020258,Q6IB39
D008106,Q1RLL8
D011471,Q1RLL8
D006528,Q53RZ3
D066126,Q8N5U6
D011565,Q9Y508
D001943,Q9Y4L5
D011471,Q2HIY3
D006130,Q8IUD6
D002292,Q8WU17
D016889,Q7Z419
D006528,Q9BTC5
D002289,Q8IYW5
D002294,Q8IYW5
D001943,Q8N6D2
D015179,Q8N6D2
D009103,Q3ZCS9
D009361,Q6ZRF8
D011471,Q96EP0
D003110,Q969K3
D008106,Q96QB5
D015179,Q68DV7
D016889,Q68DV7
D011471,Q68DV7
D013274,Q68DV7
D003924,Q9Y252
D004938,Q9Y252
D008325,Q7RU04
D000230,Q2M1J3
D001321,Q2M1J3
D006528,Q2M1J3
D008175,Q2M1J3
D011471,Q2M1J3
D001321,Q9HCK4
D008106,Q9HCK4
D011471,Q9HCK4
D001321,Q96HH0
D001321,Q8WZ75
D015473,Q49AA3
D049188,Q49AA3
D006332,Q14DU5
D004195,Q14DU5
D006333,Q14DU5
D049188,Q14DU5
D020257,Q14DU5
D001943,Q01973
D009362,Q01973
D001321,P35398
D013274,P35398
D004715,Q58EY0
D007249,Q6I9R9
D002289,Q5H8Y1
D005910,Q5H8Y1
D008545,Q5H8Y1
D001766,Q2EKB8
D034381,Q9HD28
D012141,Q9HD28
D009759,Q5D221
D002526,Q68CZ1
D005128,Q68CZ1
D007674,Q68CZ1
D008106,Q9UNE2
D001321,Q9GZW2
D054218,Q9GZW2
D011471,Q9GZW2
D004195,Q1JQ76
D011471,Q5VVD0
D011471,P30050
D013274,Q6NZ55
D004195,Q9BSQ6
D002292,Q6IPH7
D010300,Q6IPH7
D013274,P61313
D017202,P18621
D013274,Q0QEW2
D001943,P62750
D010300,P62750
D002524,Q6NZ52
D004195,Q6NZ52
D010198,Q6NZ52
D015430,P46779
D002277,Q9NY85
D015674,Q9NY85
D008325,Q9NY85
D001943,P62899
D004195,P83881
D001281,Q92901
D009361,Q92901
D018805,P36578
D054218,Q9BUV4
D002277,Q8TBK5
D015674,Q8TBK5
D008325,Q8TBK5
D010300,Q8TBK5
D018805,Q53Z07
D001943,P05387
D011471,Q5JYR7
D008545,Q5VUC9
D011471,Q5VT52
D004938,Q9NS64
D002277,Q15372
D000860,Q15372
D015674,Q15372
D008325,Q15372
D009503,Q15372
D013274,P62841
D011471,P39019
D013274,P39019
D001281,Q9BSW5
D000860,Q9BSW5
D013274,Q9BYK2
D013274,Q75MH1
D015430,P62857
D008545,Q9NQS8
D001943,Q96IR1
D001943,Q96DV6
D006528,Q96DV6
D013274,Q96DV6
D001714,Q15349
D006528,Q8TDJ4
D009361,Q8TDJ4
D009362,Q8TDJ4
D011596,Q8TDJ4
D001284,Q4G0X7
D006973,Q4G0X7
D017379,Q4G0X7
D016403,Q4G0X7
D001943,Q9BRS0
D001943,P62081
D001943,Q5JR95
D010300,Q5JR95
D015430,Q5JR95
D004195,Q96RS2
D009361,Q96RS2
D019957,Q8N122
D001943,P55042
D002289,P55042
D006332,P55042
D011471,P10301
D008114,P62070
D006528,P23921
D002289,P23921
D004195,P23921
D009436,P23921
D006528,P31350
D015179,P31350
D004195,P31350
D000140,Q7LG56
D007674,Q7LG56
D009123,Q7LG56
D004195,Q15050
D004195,Q8WXG1
D006333,Q8WXG1
D017202,Q8WXG1
D001943,Q9BXY4
D006528,Q9BXY4
D008106,Q9BUV0
D010024,Q32Q10
D005910,Q9NZ71
D008175,Q9NZ71
D019966,Q6ICC9
D017202,Q6IAX4
D008106,Q6IPN0
D012559,Q6IPN0
D012559,Q9BZR6
D006528,Q9BQQ7
D008106,Q9BQQ7
D008113,Q9BQQ7
D012871,Q7L099
D001172,Q2TAM6
D005909,Q2TAM6
D015470,Q2TAM6
D009190,Q2TAM6
D054198,Q2TAM6
D011471,Q2TAM6
D015470,Q71VC3
D001172,Q32MY8
D001943,Q32MY8
D019970,Q32MY8
D019465,Q32MY8
D010003,Q32MY8
D013375,Q32MY8
D014511,Q32MY8
D000230,Q13761
D006528,Q13761
D004938,Q13761
D005909,Q13761
D015470,Q13761
D008175,Q13761
D011565,Q13761
D013274,Q13761
D004715,Q9HBX9
D011471,Q6P3U7
D013964,Q6P3U7
D001943,Q5STP9
D013274,Q5STP9
D017202,P48443
D002972,Q8WTZ8
D019465,Q8WTZ8
D015430,Q8WTZ8
D002292,Q8WYM8
D001145,Q92736
D016757,Q92736
D017202,Q92736
D013610,Q92736
D017180,Q92736
D020301,Q5T7Y6
D003866,Q6FGE5
D004195,Q6FGE5
D015470,Q6FGE5
D008106,Q6FGE5
D056486,P31949
D008106,P31949
D009361,P31949
D003110,P26447
D007511,P26447
D008545,P26447
D009361,P26447
D009362,P26447
D009400,P26447
D010003,P26447
D012128,P26447
D020301,P26447
D020244,P33763
D002277,P06703
D003921,P06703
D003924,P06703
D008106,P06703
D015674,P06703
D008325,P06703
D020301,P06703
D011565,P31151
D015470,P05109
D015674,P05109
D003110,P06702
D008106,P06702
D012128,P06702
D001714,P04271
D001929,P04271
D001930,P04271
D001932,P04271
D002543,P04271
D004195,P04271
D006501,P04271
D009203,P04271
D020301,P04271
D002277,P21453
D008106,P21453
D015674,P21453
D008325,P21453
D003921,Q9H228
D001169,P0DJI8
D017880,Q14CE9
D002051,Q9BXA9
D019465,Q9BXA9
D019465,Q6Y8G5
D006345,Q6Y8G5
D017880,Q6Y8G5
D008106,Q5SV95
D004831,Q8N8I0
D019966,Q8WW19
D005317,Q5K651
D007239,Q5K651
D007410,Q5K651
D009190,Q5K651
D011471,Q5K651
D012559,Q9UHR5
D000860,Q9UL11
D014786,Q0D2N8
D003324,Q5T5C7
D009765,Q2TM25
D004195,Q01826
D002471,Q9UPW6
D002972,Q9UPW6
D015179,Q9UPW6
D019465,Q9UPW6
D000741,Q9Y3A5
D011471,Q769H0
D006529,Q8IVN8
D001321,Q7Z6I4
D001321,Q8TAC9
D006528,Q6PIX8
D002277,Q8WTV0
D002292,Q8WTV0
D019970,Q8WTV0
D007676,Q8WTV0
D015674,Q8WTV0
D008325,Q8WTV0
D065626,Q8WTV0
D008106,Q86SK9
D015430,Q86SK9
D015179,P05408
D007249,P11684
D008171,P11684
D012120,P11684
D004715,Q96QR1
D001249,Q2L6B3
D001281,Q96GD3
D001281,Q9Y5Y9
D006327,Q9Y5Y9
D006930,Q9Y5Y9
D009437,Q9Y5Y9
D014693,Q9Y5Y9
D006930,Q9UKU5
D004831,P35498
D004827,P35498
D004829,P35498
D009069,P35498
D001321,Q99250
D001714,Q99250
D004827,Q99250
D001281,Q8WWN6
D008133,Q8WWN6
D017180,Q8WWN6
D016171,Q8WWN6
D001321,Q01118
D001259,Q9P2Q6
D002524,Q9P2Q6
D004827,Q9P2Q6
D009422,Q9P2Q6
D013226,Q9P2Q6
D014202,Q9P2Q6
D009437,Q53QP0
D011537,Q53QP0
D003550,Q6UP09
D006973,Q6UP09
D008171,Q6UP09
D011507,Q6UP09
D003550,Q8WY57
D006973,Q8WY57
D008171,Q8WY57
D003550,Q6LCK6
D006973,Q6LCK6
D007022,Q6LCK6
D004421,Q9BX26
D056784,Q9BX26
D011115,Q9BX26
D010003,Q12765
D013274,Q12765
D001321,P09683
D013610,P09683
D003924,Q8IV17
D002289,P31431
D012164,Q86SQ7
D011471,Q9HCN8
D012559,Q9BRK5
D002311,Q0QF12
D010003,Q0QF12
D010673,Q70SX8
D008106,Q8WUS8
D008106,P20132
D010003,Q15436
D019465,P61619
D006130,Q5HYY5
D008175,Q93073
D001281,Q5TI75
D002545,Q5TI75
D002318,Q5TI75
D006937,Q5TI75
D009103,Q5TI75
D017202,Q5TI75
D015427,Q5TI75
D014581,Q5TI75
D000230,Q9H8A8
D056486,Q9H8A8
D015179,Q9H8A8
D008175,Q9H8A8
D010051,Q9H8A8
D011618,Q9H8A8
D012559,Q9H8A8
D013274,Q9H8A8
D008106,Q8WWX9
D000236,P49908
D002277,P49908
D015179,P49908
D004715,P49908
D007333,P49908
D008106,P49908
D008175,P49908
D015674,P49908
D008325,P49908
D009410,P49908
D009422,P49908
D019636,P49908
D011471,P49908
D002289,Q9BQE4
D007249,Q9BQE4
D011471,Q9BQE4
D004827,P63302
D008106,P63302
D009203,Q8WW79
D003866,Q8N1E9
D006967,Q8N1E9
D006973,Q8N1E9
D017202,Q8N1E9
D015428,Q8N1E9
D019954,Q8N1E9
D013927,Q8N1E9
D013262,Q6GYA4
D002294,Q6ZVN7
D056486,Q86UJ2
D016889,Q6PI51
D016889,Q13275
D056486,Q5TCJ7
D001321,Q13591
D008106,Q8NFY4
D019966,Q8NFY4
D001161,Q9P0U3
D014657,Q9P0U3
D056486,Q9HC62
D008106,Q9HC62
D012640,Q9HC62
D011471,Q9GZR1
D015430,Q9HD40
D005909,Q6ZU15
D012128,Q99719
D015470,Q9UHD8
D009361,Q9UHD8
D003638,Q5JVM6
D004421,Q5JVM6
D013274,Q8NC51
D011471,Q5H936
D058186,P01009
D000230,P01009
D001008,P01009
D001161,P01009
D001714,P01009
D006528,P01009
D002779,P01009
D064420,P01009
D006470,P01009
D007003,P01009
D008103,P01009
D008107,P01009
D008171,P01009
D008175,P01009
D009362,P01009
D019636,P01009
D065626,P01009
D029424,P01009
D011658,P01009
D013274,P01009
D014657,P01009
D020246,Q9UK55
D008064,P01011
D011471,P01011
D006528,P29622
D008106,P29622
D019969,P05154
D002779,P05154
D056486,P08185
D005234,P08185
D008103,P08185
D008106,P08185
D008106,P05543
D011471,Q4VAX6
D001943,P05120
D065626,P05120
D010523,P05120
D013274,P05120
D002294,P29508
D004938,P29508
D011230,P29508
D001943,P36952
D003110,P36952
D015179,P36952
D009362,P36952
D011565,P50452
D008106,P50453
D054058,Q8TCE1
D001778,Q8TCE1
D001930,Q8TCE1
D002543,Q8TCE1
D004211,Q8TCE1
D017114,Q8TCE1
D009404,Q8TCE1
D012128,Q8TCE1
D013927,Q8TCE1
D054556,Q8TCE1
D020246,Q8TCE1
D054556,Q8IVC0
D050197,P05121
D001321,P05121
D002779,P05121
D003921,P05121
D003928,P05121
D004195,P05121
D005234,P05121
D005923,P05121
D006333,P05121
D006973,P05121
D007676,P05121
D008107,P05121
D008113,P05121
D009404,P05121
D009422,P05121
D009765,P05121
D011471,P05121
D013274,P05121
D013927,P05121
D003925,P36955
D011471,P36955
D056486,Q5UGI6
D008103,Q5UGI6
D008175,Q5UGI6
D020244,P50454
D007511,P50454
D008103,P50454
D008106,P50454
D012128,P50454
D003110,Q53GC0
D056486,P58004
D015179,P58004
D006529,P58004
D011471,P58005
D015430,Q7Z6D3
D009336,Q5VXV3
D009361,Q5VXV3
D000015,Q9Y6X0
D001943,Q9Y6X0
D019465,Q9Y6X0
D015430,Q9Y6X0
D001943,Q9BYW2
D002292,Q9BYW2
D007938,Q9BYW2
D011471,Q9BYW2
D003072,Q8WTS6
D008545,Q15047
D011471,Q15047
D008106,Q53EL9
D001321,Q6UXD5
D008545,Q14820
D015451,Q7Z497
D009190,Q7Z497
D011471,Q7Z497
D006528,Q9Y3B8
D002294,Q9Y3B8
D004938,Q9Y3B8
D012871,Q9BSV4
D001943,Q6ZSL4
D006528,Q6ZSL4
D015179,Q6ZSL4
D005355,Q6ZSL4
D006331,Q6ZSL4
D001943,Q96HF1
D002292,Q96HF1
D015179,Q96HF1
D001169,Q6FHJ7
D015179,Q6FHJ7
D003924,Q6FHJ7
D001943,Q5T4F7
D015179,Q5T4F7
D008171,P07988
D008175,P07988
D008175,Q5T0M2
D029424,Q5T0M2
D015179,Q9H9B4
D004195,Q9H9B4
D001281,Q16586
D009202,Q6IBJ4
D008106,Q6IBJ4
D009202,Q92629
D010003,Q13326
D019969,Q08AT0
D012871,Q08AT0
D056486,Q96ES7
D002277,Q7Z3I4
D003929,Q7Z3I4
D015470,Q7Z3I4
D015674,Q7Z3I4
D008325,Q7Z3I4
D014511,Q7Z3I4
D008106,Q5H8Y5
D001145,Q5FBB7
D007410,Q5FBB7
D009765,Q9NRF2
D003324,Q96BA5
D007249,Q96BA5
D008180,Q96BA5
D009203,Q96BA5
D020521,Q96BA5
D008106,Q5T123
D006528,Q9BWP4
D015470,Q9BWP4
D003110,Q5JPT2
D001281,Q5TCZ1
D020521,Q5TCZ1
D019969,Q8TEJ3
D015179,Q6NVH2
D001008,Q9Y566
D001321,Q9Y566
D002292,Q9Y566
D019957,Q9Y566
D001321,Q24JS4
D001714,Q24JS4
D001321,Q6P5A2
D002658,Q6P5A2
D012559,Q6P5A2
D003872,Q6PJD5
D004802,Q6PJD5
D002311,P04278
D003924,P04278
D007172,P04278
D024821,P04278
D011471,P04278
D006332,Q5T188
D056486,Q5T188
D008103,Q5T188
D008106,Q8NEM2
D006528,Q15465
D010302,Q15465
D001943,P34896
D004195,P34896
D064420,P34896
D008228,P34896
D009422,P34896
D002289,Q5BJF5
D001327,Q9HAT2
D008175,Q24JR2
D000647,Q5T1J1
D019970,Q5T1J1
D004681,Q5T1J1
D007859,Q5T1J1
D008569,Q5T1J1
D011297,Q5T1J1
D012640,Q5T1J1
D002311,P57059
D006528,Q9H0K1
D011471,Q9H173
D001943,P81133
D006943,P81133
D002972,Q14190
D019465,Q14190
D019465,Q96ST3
D008545,Q96FS4
D011230,P78324
D058186,Q96EB6
D050197,Q96EB6
D001281,Q96EB6
D001327,Q96EB6
D020520,Q96EB6
D001932,Q96EB6
D001943,Q96EB6
D003092,Q96EB6
D003711,Q96EB6
D003920,Q96EB6
D003921,Q96EB6
D003924,Q96EB6
D004681,Q96EB6
D005234,Q96EB6
D005355,Q96EB6
D018149,Q96EB6
D006331,Q96EB6
D006333,Q96EB6
D006984,Q96EB6
D007333,Q96EB6
D008106,Q96EB6
D055370,Q96EB6
D024821,Q96EB6
D015428,Q96EB6
D009362,Q96EB6
D009410,Q96EB6
D019636,Q96EB6
D065626,Q96EB6
D009765,Q96EB6
D010243,Q96EB6
D011014,Q96EB6
D011471,Q96EB6
D012164,Q96EB6
D013927,Q96EB6
D018487,Q96EB6
D002294,Q9NTG7
D009765,Q9NTG7
D006332,Q9Y6E7
D004719,Q9Y6E7
D015431,Q9Y6E7
D006332,Q8N6T7
D066126,Q8N6T7
D004719,Q8N6T7
D005234,Q8N6T7
D005355,Q8N6T7
D017379,Q8N6T7
D018487,Q8N6T7
D020257,Q8N6T7
D005234,Q9NRC8
D015427,Q9NRC8
D019465,Q15475
D016889,Q15475
D007674,Q8TBA2
D006528,Q96BD8
D006528,Q8IX90
D010051,Q86WV1
D019465,Q7Z462
D009436,Q7Z462
D011658,P12757
D012871,P12757
D006528,Q13309
D016403,Q13309
D009369,Q13309
D010051,Q13309
D008106,Q13239
D008106,Q6NSE6
D009896,Q53XR2
D008106,Q14973
D003072,Q12908
D009422,Q12908
D019966,Q12908
D001943,Q3KNW5
D056486,Q0GE19
D002779,Q0GE19
D058186,Q9HBK0
D001172,Q9HBK0
D009103,Q9HBK0
D008113,P49281
D002277,Q53ZR1
D002318,Q53ZR1
D004827,Q53ZR1
D018149,Q53ZR1
D006973,Q53ZR1
D015674,Q53ZR1
D008325,Q53ZR1
D009069,Q53ZR1
D011471,Q53ZR1
D006973,P55017
D007674,P55017
D014652,P55017
D004827,Q9H2X9
D006930,Q9H2X9
D012640,Q9H2X9
D013226,Q9H2X9
D010523,Q6NSI7
D001749,Q9Y666
D056486,Q9UKG4
D008103,Q9UKG4
D005234,Q86YT5
D000744,Q13336
D004195,Q86UE9
D008545,Q86UE9
D008106,Q05CH4
D008180,Q8N697
D002471,Q5T8R5
D003110,Q5T8R5
D002779,P36021
D007037,P36021
D008106,Q96PF5
D008103,Q06495
D008106,Q06495
D008545,Q9NRA2
D007859,Q9P2U8
D008569,Q9P2U8
D007859,Q9P2U7
D008569,Q9P2U7
D012640,Q9P2U7
D009410,Q05940
D009422,Q05940
D010300,Q05940
D010302,Q05940
D020734,Q05940
D000236,P41440
D001321,P41440
D002972,P41440
D003110,P41440
D015179,P41440
D004195,P41440
D064420,P41440
D009422,P41440
D054198,P41440
D012008,P41440
D001749,P41440
D008106,Q7Z7J1
D001480,Q9BZV2
D001284,P43005
D001927,P43005
D003072,P43005
D004715,P43005
D004827,P43005
D009410,P43005
D012559,P43005
D012640,P43005
D019970,P43004
D003924,P43004
D004827,P43004
D009410,P43004
D013274,P43004
D001321,Q8N169
D004827,Q8N169
D010190,Q71UA6
D004715,Q8WUM9
D008106,Q8WUM9
D001480,Q08357
D006528,Q63ZE4
D002289,Q63ZE4
D005909,Q63ZE4
D010051,Q63ZE4
D058186,Q19PG1
D015179,Q8IZD6
D001943,Q96BI1
D008175,Q96BI1
D007674,Q5T7Q5
D009765,Q5T7Q5
D011041,Q5T7Q5
D008106,Q7L9D0
D058186,Q8N4F4
D003924,Q9NQC0
D009205,Q9NQC0
D009765,Q9NQC0
D011471,Q9NQC0
D019966,Q9NQC0
D001172,Q9H015
D009205,Q9H015
D056486,Q8TCC7
D005234,Q8TCC7
D008103,Q8TCC7
D008106,Q8TCC7
D002779,Q9UHI7
D020300,Q9UHI7
D008106,Q9UHI7
D012131,Q9UHI7
D002779,Q4ZGM1
D002277,Q9UBX3
D015674,Q9UBX3
D008325,Q9UBX3
D012128,Q6IBH0
D008106,Q75M55
D008106,Q6NUK1
D056486,Q8N8R3
D008106,Q5SVS4
D000740,Q9NYZ2
D008106,P12235
D008545,Q8N413
D009896,Q96AG3
D006528,Q6Q0C1
D019465,P50443
D034381,Q75MC7
D006319,Q75MC7
D011471,Q75MC7
D003638,Q7Z7F4
D034381,Q7Z7F4
D006528,Q86YZ4
D012559,Q8TE54
D012559,Q96RN1
D001281,Q9Y2P4
D004195,Q99808
D010190,Q99808
D034381,Q9BZD2
D006330,Q9BZD2
D006529,Q9BZD2
D001259,P11166
D001943,P11166
D006528,P11166
D002292,P11166
D002471,P11166
D003110,P11166
D002658,P11166
D003924,P11166
D008113,P11166
D009422,P11166
D010003,P11166
D010051,P11166
D012640,P11166
D001943,Q8TDC7
D019966,Q86X07
D010300,Q8TDB8
D001943,Q6PAU8
D006528,Q6PAU8
D003921,Q6PAU8
D003924,Q6PAU8
D005234,Q6PAU8
D008064,P11169
D000544,P14672
D006332,P14672
D003921,P14672
D003924,P14672
D007333,P14672
D001943,P22732
D006073,Q9NRM0
D012640,Q96KD7
D002779,Q1RMY7
D004421,Q1RMY7
D007037,Q1RMY7
D008103,Q1RMY7
D010300,Q1RMY7
D020734,Q1RMY7
D000544,Q6NXT4
D004938,Q8NEW0
D003924,Q8IWU4
D020964,Q6P708
D006976,Q6P708
D008114,Q6P708
D009336,Q6P708
D011471,Q6P708
D006934,Q86VN6
D017674,Q86VN6
D019465,Q9NTN3
D001281,Q5T1Q4
D008545,Q8TBE7
D008106,Q6IBR9
D010300,Q96QD8
D008113,Q8NBW4
D011471,Q6IAD8
D009361,Q05C42
D008545,Q504Y0
D001847,Q96H72
D018476,Q15043
D009362,Q6P5W5
D049188,Q6P5W5
D001943,Q13433
D008106,Q13433
D009362,Q13433
D008106,Q9C0K1
D008175,P08195
D000740,Q4PNE6
D001321,Q4PNE6
D002471,Q4PNE6
D004715,Q4PNE6
D006461,Q4PNE6
D008113,Q4PNE6
D008106,Q8WUU1
D008106,Q8IWA5
D002294,Q9UMX9
D008545,Q9UMX9
D019966,Q9UMX9
D000740,Q96NT5
D020138,Q96NT5
D008106,Q96NT5
D010198,Q96NT5
D007674,Q96FL8
D000743,P02730
D006402,P02730
D008288,P02730
D003072,Q53SB3
D004827,Q53SB3
D019586,Q53SB3
D008105,Q9UEY6
D011471,Q9UEY6
D006331,P48751
D002386,Q9Y6R1
D002658,Q9Y6R1
D004195,Q9Y6R1
D008106,Q9Y6R1
D004195,Q9Y6M7
D002779,Q86UW1
D003072,Q86UW1
D008105,Q86UW1
D002779,Q86UW2
D003072,Q86UW2
D008105,Q86UW2
D011230,Q9NQ40
D001714,P53794
D002292,P53794
D003324,P53794
D001943,Q92911
D006528,Q92911
D005910,Q92911
D007680,Q92911
D008545,Q92911
D009369,Q92911
D010051,Q92911
D011471,Q92911
D013964,Q92911
D003110,Q8N695
D008106,Q8N755
D008113,Q8N755
D004827,P30531
D012559,P30531
D012640,P30531
D013375,P30531
D008545,P48066
D009361,P48065
D006973,Q9BYZ7
D006973,Q9BW84
D012640,Q9BW84
D008654,Q9NP91
D019969,Q9Y610
D001008,Q9Y610
D001289,Q9Y610
D019970,Q9Y610
D003704,Q9Y610
D006948,Q9Y610
D008569,Q9Y610
D048629,Q9Y610
D009410,Q9Y610
D009422,Q9Y610
D010259,Q9Y610
D010300,Q9Y610
D011605,Q9Y610
D012559,Q9Y610
D012893,Q9Y610
D013981,Q9Y610
D019969,Q9NYN7
D001008,Q9NYN7
D001321,Q9NYN7
D001714,Q9NYN7
D019970,Q9NYN7
D003072,Q9NYN7
D003866,Q9NYN7
D003865,Q9NYN7
D006976,Q9NYN7
D008569,Q9NYN7
D019964,Q9NYN7
D009771,Q9NYN7
D010554,Q9NYN7
D012559,Q9NYN7
D019966,Q9NYN7
D013375,Q9NYN7
D001049,Q4VAM6
D001927,Q4VAM6
D017202,P31641
D001321,P48029
D002658,P48029
D019969,P48067
D008106,Q5JR49
D011471,Q5JR49
D009362,Q4W5A5
D008175,Q2MCL6
D004715,Q9UHI5
D007674,P82251
D017202,Q4QQH3
D015428,Q4QQH3
D012640,Q4QQH3
D013226,Q4QQH3
D012640,P57103
D013226,P57103
D002312,P19634
D003921,P19634
D004487,P19634
D006333,P19634
D010146,P19634
D015427,P19634
D020257,P19634
D004487,Q9UBY0
D003921,P48764
D003967,P48764
D004487,P48764
D007022,P48764
D000138,Q6AI14
D003704,Q9Y2E8
D001321,Q8IVB4
D001281,Q4ZJI4
D001943,Q7Z4M3
D056486,Q7Z4M3
D064420,Q7Z4M3
D009135,Q7Z4M3
D003110,Q6NSD0
D015179,Q6NSD0
D008175,Q6NSD0
D015179,Q92959
D064420,Q92959
D006528,Q4W5N0
D015473,Q4W5N0
D005879,Q96PX8
D009771,Q4QQH1
D019966,Q9H2G2
D056486,Q6LDI0
D015427,Q6LDI0
D019970,Q15797
D013375,Q15797
D019465,Q53XR6
D008106,Q53XR6
D020257,Q53XR6
D019970,P84022
D015179,P84022
D019465,P84022
D008103,P84022
D010003,P84022
D014594,P84022
D020257,P84022
D003072,Q9BYG6
D015179,Q9BYG6
D019465,Q9BYG6
D003638,Q9BYG6
D008106,Q9BYG6
D009135,Q9BYG6
D010190,Q9BYG6
D013274,Q9BYG6
D019970,Q68DB7
D003924,Q68DB7
D013375,Q68DB7
D011471,Q86UA8
D002051,Q9HBD4
D019970,Q9HBD4
D010051,Q9HBD4
D054218,Q9HBD4
D012509,Q9HBD4
D011471,Q9H4L7
D000230,Q58EY4
D004195,Q58EY4
D008106,Q58EY4
D008175,Q58EY4
D009503,Q92925
D004827,Q6P2R1
D001749,Q6P2R1
D001749,Q8NDV3
D008106,Q7Z2X1
D008175,Q7Z2X1
D008106,Q8IY18
D003924,Q4W5P6
D001932,Q9NWM0
D007247,Q9NWM0
D015473,Q9NWM0
D012878,Q9NWM0
D008106,Q9H4F8
D008106,Q9H3U7
D020244,Q5TE25
D020521,Q5TE25
D007674,Q8TEY3
D009361,Q8TEY3
D007938,Q9NY59
D009190,Q9NY59
D004715,Q92484
D001172,P52788
D019970,Q9HCE7
D013375,Q9HCE7
D004938,Q05C86
D019969,Q3B7A0
D001714,P60880
D003866,P60880
D003921,P60880
D003924,P60880
D004827,P60880
D011618,P60880
D002289,Q5SQN1
D019969,Q4W5L2
D001259,Q4W5L2
D019970,Q4W5L2
D004195,Q4W5L2
D006333,Q4W5L2
D009410,Q4W5L2
D019954,Q4W5L2
D019636,Q4W5L2
D010300,Q4W5L2
D010302,Q4W5L2
D020734,Q4W5L2
D011605,Q4W5L2
D015431,Q4W5L2
D001943,Q6FHG5
D002277,Q6FHG5
D006948,Q6FHG5
D015674,Q6FHG5
D008325,Q6FHG5
D001321,Q7KZF4
D008175,Q7KZF4
D020258,Q9BXW3
D001281,Q8WVK2
D013274,Q9UIS4
D002277,P62318
D015674,P62318
D008325,P62318
D004195,Q49AN9
D001321,P63162
D013226,Q29RY0
D001321,Q9NY99
D008113,Q8N5Z3
D002524,Q5JRQ0
D056486,Q96RF0
D006528,Q96L92
D008114,Q96L92
D001943,Q86XE0
D013274,Q6P5V6
D008106,Q9UNH6
D008106,P35610
D008106,Q4JHT5
D008107,Q4JHT5
D008114,Q4JHT5
D015427,Q4JHT5
D050197,Q6FI39
D006528,Q6FI39
D016889,Q6FI39
D008107,Q6FI39
D017202,Q6FI39
D011230,Q8WXH5
D058186,P00441
D001249,P00441
D050197,P00441
D002545,P00441
D006528,P00441
D002471,P00441
D056486,P00441
D003866,P00441
D003920,P00441
D003921,P00441
D003924,P00441
D004195,P00441
D064420,P00441
D005221,P00441
D005234,P00441
D005317,P00441
D020233,P00441
D005910,P00441
D034381,P00441
D006333,P00441
D006461,P00441
D006973,P00441
D006980,P00441
D007022,P00441
D007035,P00441
D007249,P00441
D007511,P00441
D002546,P00441
D008107,P00441
D019957,P00441
D018908,P00441
D009133,P00441
D009203,P00441
D009336,P00441
D009410,P00441
D009422,P00441
D009765,P00441
D010051,P00441
D010243,P00441
D010300,P00441
D011507,P00441
D011658,P00441
D015427,P00441
D013119,P00441
D020521,P00441
D001749,P00441
D015431,P00441
D054058,Q7Z7M7
D000230,Q7Z7M7
D000419,Q7Z7M7
D000544,Q7Z7M7
D000740,Q7Z7M7
D001172,Q7Z7M7
D050197,Q7Z7M7
D001327,Q7Z7M7
D001930,Q7Z7M7
D002545,Q7Z7M7
D001932,Q7Z7M7
D001943,Q7Z7M7
D002277,Q7Z7M7
D006528,Q7Z7M7
D002289,Q7Z7M7
D002292,Q7Z7M7
D002294,Q7Z7M7
D006332,Q7Z7M7
D009202,Q7Z7M7
D002311,Q7Z7M7
D002471,Q7Z7M7
D002493,Q7Z7M7
D056486,Q7Z7M7
D003110,Q7Z7M7
D015179,Q7Z7M7
D003865,Q7Z7M7
D003921,Q7Z7M7
D003924,Q7Z7M7
D003928,Q7Z7M7
D004938,Q7Z7M7
D005234,Q7Z7M7
D005334,Q7Z7M7
D005355,Q7Z7M7
D006333,Q7Z7M7
D006973,Q7Z7M7
D006976,Q7Z7M7
D006980,Q7Z7M7
D007003,Q7Z7M7
D000860,Q7Z7M7
D020244,Q7Z7M7
D007333,Q7Z7M7
D007511,Q7Z7M7
D002546,Q7Z7M7
D007674,Q7Z7M7
D007680,Q7Z7M7
D007683,Q7Z7M7
D008103,Q7Z7M7
D008171,Q7Z7M7
D017563,Q7Z7M7
D016403,Q7Z7M7
D008325,Q7Z7M7
D008654,Q7Z7M7
D028361,Q7Z7M7
D009101,Q7Z7M7
D009203,Q7Z7M7
D017202,Q7Z7M7
D009336,Q7Z7M7
D009361,Q7Z7M7
D009362,Q7Z7M7
D009369,Q7Z7M7
D009404,Q7Z7M7
D009410,Q7Z7M7
D019636,Q7Z7M7
D009765,Q7Z7M7
D010003,Q7Z7M7
D010024,Q7Z7M7
D010051,Q7Z7M7
D010190,Q7Z7M7
D010300,Q7Z7M7
D010523,Q7Z7M7
D011230,Q7Z7M7
D047928,Q7Z7M7
D011471,Q7Z7M7
D011565,Q7Z7M7
D011605,Q7Z7M7
D015427,Q7Z7M7
D012128,Q7Z7M7
D012640,Q7Z7M7
D012770,Q7Z7M7
D012871,Q7Z7M7
D012878,Q7Z7M7
D013274,Q7Z7M7
D001749,Q7Z7M7
D014652,Q7Z7M7
D018487,Q7Z7M7
D056486,P08294
D006333,P08294
D006973,P08294
D016403,P08294
D009336,P08294
D029424,P08294
D011658,P08294
D056486,Q00796
D015428,Q00796
D001281,Q92673
D056486,Q92673
D002779,Q92673
D009361,Q92673
D002318,Q99523
D002779,Q99523
D003324,Q99523
D008107,Q99523
D009361,Q05CH0
D015179,Q2T9L5
D012871,P35713
D001259,P48431
D001932,P48431
D002294,P48431
D008175,P48431
D011471,P48431
D012509,P48431
D001749,P48431
D006332,Q06945
D006333,Q06945
D008106,Q06945
D008114,Q06945
D001281,Q6IBT9
D010523,P57073
D002277,P48436
D019465,P48436
D008175,P48436
D015674,P48436
D008325,P48436
D009361,P48436
D009362,P48436
D013274,P48436
D002471,Q15403
D015179,Q15403
D006943,Q15403
D009361,Q15403
D009362,Q15403
D012878,Q15403
D015451,Q7Z2U4
D008106,Q7Z2U4
D001714,Q32M51
D012559,Q32M51
D011471,Q6BEB4
D003110,Q6QE20
D015179,Q6QE20
D006505,Q6QE20
D006930,Q6QE20
D007674,Q6QE20
D015470,Q6QE20
D008103,Q6QE20
D008106,Q6QE20
D017116,Q6QE20
D009101,Q6QE20
D017202,Q6QE20
D009336,Q6QE20
D009374,Q6QE20
D010051,Q6QE20
D013921,Q6QE20
D014511,Q6QE20
D015430,Q6QE20
D004715,Q8N4S1
D004827,Q8N4S1
D001943,Q8TC71
D011471,Q8TC71
D008113,Q5VXG6
D001281,Q4ZFW0
D006528,Q9HBM1
D011471,Q96T58
D010264,Q9UQ90
D005355,Q9BTG7
D007938,Q9BTG7
D009190,Q9BTG7
D020244,Q9NRA0
D008569,Q9NRA0
D006333,Q2M3C7
D015470,P17947
D054218,P17947
D008105,Q01892
D056486,Q99865
D008106,Q99865
D010190,P00995
D010195,P00995
D011471,P00995
D011471,Q9NQ38
D002277,Q6LEU8
D015674,Q6LEU8
D008325,Q6LEU8
D009436,Q6LEU8
D049188,Q6LEU8
D019966,Q8WW14
D011471,Q08629
D011471,Q9BUD6
D058186,Q3LGB0
D000230,Q3LGB0
D001932,Q3LGB0
D001943,Q3LGB0
D002543,Q3LGB0
D056486,Q3LGB0
D064420,Q3LGB0
D005910,Q3LGB0
D005923,Q3LGB0
D006331,Q3LGB0
D006967,Q3LGB0
D007674,Q3LGB0
D056784,Q3LGB0
D008103,Q3LGB0
D008114,Q3LGB0
D008175,Q3LGB0
D008325,Q3LGB0
D008654,Q3LGB0
D009362,Q3LGB0
D009374,Q3LGB0
D011014,Q3LGB0
D011507,Q3LGB0
D011658,Q3LGB0
D014511,Q3LGB0
D009421,Q7Z699
D000544,Q7Z698
D001172,Q7Z698
D002294,P35321
D013274,P35326
D001249,P35325
D006528,Q9H040
D015470,Q9C004
D008106,Q96A44
D008106,Q14917
D019636,Q14917
D000743,P11277
D015430,Q53RC4
D002292,Q9H254
D013274,Q9BXG8
D008114,Q14534
D019957,Q13501
D013119,Q13501
D001943,Q71UK5
D006332,Q71UK5
D003092,Q71UK5
D003110,Q71UK5
D015179,Q71UK5
D009361,Q71UK5
D013226,Q71UK5
D001749,Q71UK5
D019970,Q9C0H9
D004715,P18405
D008106,P18405
D011471,P18405
D000505,P31213
D016889,P31213
D004715,P31213
D011471,P31213
D006528,P36956
D003921,P36956
D005234,P36956
D007333,P36956
D007676,P36956
D008106,P36956
D065626,P36956
D009765,P36956
D001943,Q12772
D006528,Q12772
D007333,Q12772
D007676,Q12772
D009362,Q12772
D013274,Q12772
D009369,P11831
D008106,P10124
D008106,Q75MZ6
D015430,Q75MZ6
D004195,P19623
D008113,Q9H3Y6
D019465,Q9UHB9
D012871,Q9UHB9
D056486,Q86X80
D002779,Q86X80
D001714,Q75MW9
D006528,P78539
D004195,Q3ZK31
D008106,Q3ZK31
D005909,Q9BXP5
D009362,Q07955
D012559,Q07955
D016889,Q6IQ42
D010051,Q6IQ42
D002277,Q01130
D015674,Q01130
D008325,Q01130
D008107,Q13243
D020258,Q13243
D012871,Q96QL6
D001714,P81877
D011471,P81877
D001281,Q14714
D011471,P43308
D004715,P61278
D004938,P61278
D007008,P61278
D007511,P61278
D019964,P61278
D009102,P61278
D009369,P61278
D010190,P61278
D010195,P61278
D012640,P61278
D010190,P30872
D013226,P30872
D010190,P30874
D012640,P30874
D013226,P30874
D010190,P32745
D013226,P32745
D013226,P31391
D013226,P35346
D006528,Q16384
D011471,Q9NZK4
D008106,Q8WVC1
D011471,Q8WVC1
D003924,P15907
D001172,Q9BVH7
D008107,Q86X71
D020258,Q86X71
D001321,Q4VAZ2
D006528,Q8WWQ8
D011471,Q8WWQ8
D006529,Q96MF2
D008106,Q96MF2
D008113,Q96MF2
D002295,Q8N3U4
D009190,Q8N3U4
D001749,Q8N3U4
D016889,Q6QNJ9
D011471,Q9Y365
D008106,Q9Y3M8
D011471,Q14849
D001943,Q92502
D015179,Q92502
D001714,Q9P2P6
D001169,Q9UK44
D001172,Q9UK44
D006528,Q9UK44
D034381,Q9UK44
D008103,Q9UK44
D009362,Q9UK44
D054218,Q9UK44
D000230,Q9BXH2
D001169,Q9BXH2
D050197,Q9BXH2
D001284,Q9BXH2
D001327,Q9BXH2
D002545,Q9BXH2
D001943,Q9BXH2
D002277,Q9BXH2
D002289,Q9BXH2
D002294,Q9BXH2
D006332,Q9BXH2
D009202,Q9BXH2
D002471,Q9BXH2
D003110,Q9BXH2
D004195,Q9BXH2
D005334,Q9BXH2
D005355,Q9BXH2
D006333,Q9BXH2
D020244,Q9BXH2
D007249,Q9BXH2
D015470,Q9BXH2
D008113,Q9BXH2
D008114,Q9BXH2
D015674,Q9BXH2
D008325,Q9BXH2
D008569,Q9BXH2
D009361,Q9BXH2
D009362,Q9BXH2
D009374,Q9BXH2
D010051,Q9BXH2
D010190,Q9BXH2
D011230,Q9BXH2
D011471,Q9BXH2
D011565,Q9BXH2
D011658,Q9BXH2
D015427,Q9BXH2
D013274,Q9BXH2
D001749,Q9BXH2
D002583,Q9BXH2
D001172,Q53S87
D001249,Q53S87
D006528,Q53S87
D008105,Q53S87
D008180,Q53S87
D009103,Q53S87
D000230,Q8WWS9
D001943,Q8WWS9
D002277,Q8WWS9
D008175,Q8WWS9
D015674,Q8WWS9
D008325,Q8WWS9
D017202,Q8WWS9
D011230,Q8WWS9
D054218,P51692
D013163,P51692
D004487,Q6LCD8
D006258,Q6LCD8
D011658,Q6LCD8
D001321,P02808
D008106,Q2TBD5
D001943,Q6FHC9
D004715,Q6FHC9
D065626,Q6FHC9
D008106,Q687X5
D011471,Q687X5
D006973,Q13586
D008175,Q13586
D009374,Q13586
D015430,Q05BJ5
D056486,Q86WV6
D015179,P31948
D008545,P31948
D000230,Q9NS52
D002294,Q9NS52
D006973,Q9NS52
D017379,Q9NS52
D008175,Q9NS52
D010190,Q9NS52
D001321,Q9UEW8
D004195,Q9UEW8
D006973,Q9UEW8
D001714,Q13043
D001943,Q96CE4
D002277,Q96CE4
D006528,Q96CE4
D005910,Q96CE4
D015674,Q96CE4
D008325,Q96CE4
D011471,Q96CE4
D008175,Q9Y6Q2
D019465,Q9BX79
D006330,Q9BX79
D008171,Q9BX79
D015179,Q9Y3F4
D004195,Q5JPA5
D001172,Q16244
D001289,Q16244
D003921,Q16244
D005234,Q16244
D007249,Q16244
D007333,Q16244
D009765,Q16244
D015430,Q16244
D008545,Q6NSC7
D001321,Q75ME0
D004827,P61266
D011471,Q12846
D004831,P61764
D004827,P61764
D006470,Q15833
D001943,Q08AL9
D001321,Q8NFX7
D009765,Q7Z503
D013274,Q6IAL5
D004195,Q3ZCW5
D004715,Q3ZCW5
D009765,Q3ZCW5
D008881,Q9HAC7
D010190,Q9HAC7
D010051,Q96E28
D011230,Q96E28
D004715,Q6DKK3
D001943,P50225
D003110,P50225
D017202,P50225
D009436,P50225
D011471,P50225
D012008,P50225
D056486,Q6IMI6
D056486,Q53X91
D008106,Q53X91
D008107,Q53X91
D011471,Q53X91
D015427,Q53X91
D008106,Q06520
D011471,Q06520
D002972,P63165
D009361,P63165
D056486,P51687
D000505,Q8IYB8
D019465,Q15526
D011471,Q5T8U7
D000236,Q15022
D016889,Q15022
D005909,Q15022
D005910,Q15022
D008545,Q15022
D007674,Q7L1I2
D015470,Q569J5
D000230,Q5VXJ5
D010190,Q5VXJ5
D001168,P43405
D003092,P43405
D003872,P43405
D016403,P43405
D008545,P43405
D008654,P43405
D013274,Q96B47
D006930,Q86VA8
D012559,Q86VA8
D012640,Q86VA8
D007938,Q05CK9
D001943,Q7RTM4
D015179,Q7RTM4
D019966,Q7RTM4
D001281,Q8WXH0
D002292,Q8WXH0
D001321,Q96PV0
D004827,Q96PV0
D001943,Q5TA15
D001281,Q9H987
D008106,Q9UMZ2
D002289,P08247
D007859,P08247
D008569,P08247
D012559,P08247
D009103,Q5QPU8
D019970,Q7L8C5
D008545,Q9H2B2
D000647,P20366
D000855,P20366
D001169,P20366
D001714,P20366
D001919,P20366
D003865,P20366
D003875,P20366
D004342,P20366
D004487,P20366
D005119,P20366
D005355,P20366
D006930,P20366
D006940,P20366
D006967,P20366
D007022,P20366
D007249,P20366
D009437,P20366
D010146,P20366
D011537,P20366
D012559,P20366
D012798,P20366
D014839,P20366
D006528,Q9Y6A5
D002295,Q9Y6A5
D001749,Q9Y6A5
D001289,Q53TR1
D001714,Q53TR1
D001919,Q53TR1
D006930,Q53TR1
D006973,Q53TR1
D013375,Q53TR1
D014839,Q53TR1
D019970,Q4VBL9
D004715,P09758
D013274,Q92804
D001321,Q15572
D012871,Q9H5J8
D011471,Q8IZX4
D001008,Q8N3H0
D001943,Q96LR4
D001172,Q8N103
D011565,Q8N103
D003110,Q6FI52
D004715,Q6FI52
D008064,Q6FI52
D006528,Q5ZEZ7
D002292,Q5ZEZ7
D056486,Q5ZEZ7
D008103,Q5ZEZ7
D008106,Q5ZEZ7
D054198,P17542
D054218,P17542
D054198,Q16559
D006528,P37837
D056486,P37837
D010300,P37837
D001943,Q6NW12
D017202,Q8TD77
D011471,Q8TD77
D008106,Q9UQ60
D019636,Q9H256
D009220,P26639
D008545,P59551
D006528,Q6P1N9
D009765,Q7Z6H2
D011471,Q9BYX2
D003324,Q5SZM2
D008106,Q6ZT07
D002312,Q6FGD7
D009362,Q99426
D002658,Q9BTW9
D018908,Q9BTW9
D019636,Q9BTW9
D009896,Q9BTW9
D011782,Q9BTW9
D012131,Q9BTW9
D012640,Q9BTW9
D001424,Q15813
D019465,Q15813
D011471,Q9H2I4
D001321,Q16650
D019465,Q152R5
D006330,Q152R5
D019465,Q5JT55
D006130,Q5JT55
D009361,Q5JT55
D003324,Q13207
D006332,Q9UMR3
D004195,Q9UMR3
D006333,Q9UMR3
D020257,Q9UMR3
D001249,Q9UL17
D007249,Q9UL17
D007676,Q9UL17
D001281,Q99593
D056486,Q0VAB0
D009336,Q0VAB0
D011655,Q0VAB0
D004342,Q9UDV3
D011471,Q9UDV3
D015470,Q86VL0
D011471,Q9BRU2
D015179,Q5VWI1
D006528,Q9Y242
D003110,Q9Y242
D008106,Q9UGU0
D002051,Q6PJU3
D054198,Q6PJU3
D019465,Q9NQB0
D006331,Q9NQB0
D008106,Q9NQB0
D008113,Q9NQB0
D010523,Q9NQB0
D012640,Q9NQB0
D008180,P36402
D013964,Q53T87
D000230,Q6FHW4
D002311,Q6FHW4
D003110,Q6FHW4
D015179,Q6FHW4
D003327,Q6FHW4
D003924,Q6FHW4
D004195,Q6FHW4
D006930,Q6FHW4
D006965,Q6FHW4
D017202,Q6FHW4
D020257,Q6FHW4
D006528,Q9NR00
D000749,P20061
D000236,P20062
D000749,P20062
D001321,P20062
D015179,P20062
D064420,P20062
D056784,P20062
D011471,P20062
D019465,Q13428
D011471,P17987
D008178,P01848
D056486,Q8NEI8
D001321,P48775
D002386,Q8NHU6
D015179,Q3Y452
D006528,Q7L2K0
D008114,Q02763
D009389,Q02763
D012559,Q96M29
D019966,Q9NT68
D019970,Q9P273
D001714,Q6N022
D008175,Q99973
D000741,Q9UQ24
D001943,Q9UQ24
D006528,Q9UQ24
D002289,Q9UQ24
D003324,Q9UQ24
D005910,Q9UQ24
D007674,Q9UQ24
D007945,Q9UQ24
D015464,Q9UQ24
D015470,Q9UQ24
D008113,Q9UQ24
D008175,Q9UQ24
D008180,Q9UQ24
D008545,Q9UQ24
D009369,Q9UQ24
D010051,Q9UQ24
D010190,Q9UQ24
D011471,Q9UQ24
D015427,Q9UQ24
D013964,Q9UQ24
D001749,Q9UQ24
D002583,Q9UQ24
D005909,Q9UGI8
D008106,Q9UGI8
D002292,Q6N021
D015179,Q6N021
D015473,Q6N021
D009190,Q6N021
D011471,Q6N021
D058186,Q06AH7
D000544,Q06AH7
D001321,Q06AH7
D002277,Q06AH7
D056486,Q06AH7
D064420,Q06AH7
D005234,Q06AH7
D006505,Q06AH7
D007249,Q06AH7
D015674,Q06AH7
D008325,Q06AH7
D009361,Q06AH7
D009404,Q06AH7
D009765,Q06AH7
D012148,Q06AH7
D000544,Q6LES8
D004195,Q6LES8
D010302,Q6LES8
D001943,P05549
D019465,P05549
D007674,P05549
D019465,Q92481
D013274,Q92754
D002292,P19532
D009410,Q86WB1
D008106,Q75MG2
D008325,P04155
D058186,Q07654
D007674,Q07654
D052016,Q07654
D000860,P10646
D020246,P10646
D001172,P48307
D001943,P48307
D006528,P48307
D015179,P48307
D008106,P48307
D008545,P48307
D009362,P48307
D010003,P48307
D010190,P48307
D001943,P02786
D002471,P02786
D015179,P02786
D005910,P02786
D007249,P02786
D015451,P02786
D008175,P02786
D008228,P02786
D017202,P02786
D015428,P02786
D009765,P02786
D001749,P02786
D001008,Q9NYM1
D001327,Q9NYM1
D003866,Q9NYM1
D004195,Q9NYM1
D006528,Q9UQ91
D002289,Q9UQ91
D006258,Q9UQ91
D006976,Q9UQ91
D007249,Q9UQ91
D008113,Q9UQ91
D008114,Q9UQ91
D055370,Q9UQ91
D015674,Q9UQ91
D008325,Q9UQ91
D052016,Q9UQ91
D009410,Q9UQ91
D011471,Q9UQ91
D011565,Q9UQ91
D011654,Q9UQ91
D011658,Q9UQ91
D013274,Q9UQ91
D058186,Q86YU2
D000230,Q86YU2
D001249,Q86YU2
D001927,Q86YU2
D002277,Q86YU2
D006528,Q86YU2
D002294,Q86YU2
D002471,Q86YU2
D002972,Q86YU2
D015179,Q86YU2
D003550,Q86YU2
D003921,Q86YU2
D003924,Q86YU2
D003928,Q86YU2
D003929,Q86YU2
D004719,Q86YU2
D004827,Q86YU2
D005355,Q86YU2
D005923,Q86YU2
D006073,Q86YU2
D006529,Q86YU2
D006965,Q86YU2
D006967,Q86YU2
D006973,Q86YU2
D007232,Q86YU2
D007249,Q86YU2
D007674,Q86YU2
D007676,Q86YU2
D008103,Q86YU2
D008105,Q86YU2
D008106,Q86YU2
D008114,Q86YU2
D008171,Q86YU2
D008175,Q86YU2
D009135,Q86YU2
D009203,Q86YU2
D009361,Q86YU2
D009362,Q86YU2
D009400,Q86YU2
D009404,Q86YU2
D065626,Q86YU2
D010003,Q86YU2
D010024,Q86YU2
D010190,Q86YU2
D011014,Q86YU2
D054038,Q86YU2
D011471,Q86YU2
D011507,Q86YU2
D029424,Q86YU2
D011658,Q86YU2
D018805,Q86YU2
D012878,Q86YU2
D020521,Q86YU2
D014511,Q86YU2
D014581,Q86YU2
D020257,Q86YU2
D001327,P61812
D006528,P61812
D002761,P61812
D002972,P61812
D019465,P61812
D004715,P61812
D006330,P61812
D017880,P61812
D002972,Q6TV16
D008106,Q6TV16
D003928,Q15582
D018805,Q15582
D058186,Q5T7S2
D056486,Q5T7S2
D015179,Q5T7S2
D004195,Q5T7S2
D008103,Q5T7S2
D012878,Q5T7S2
D014511,Q5T7S2
D001847,P37173
D001932,P37173
D002277,P37173
D003110,P37173
D019465,P37173
D003928,P37173
D004938,P37173
D005221,P37173
D008106,P37173
D008175,P37173
D008881,P37173
D009362,P37173
D011471,P37173
D009361,Q15583
D009362,Q15583
D008107,P22735
D020258,P22735
D001932,Q9BXQ0
D001943,Q9BXQ0
D002292,Q9BXQ0
D004938,Q9BXQ0
D005909,Q9BXQ0
D006973,Q9BXQ0
D010003,Q9BXQ0
D010190,Q9BXQ0
D006528,Q08188
D001927,Q9UQ57
D006528,Q9UQ57
D002375,Q9UQ57
D004409,Q9UQ57
D004421,Q9UQ57
D006331,Q9UQ57
D006948,Q9UQ57
D006973,Q9UQ57
D007859,Q9UQ57
D009410,Q9UQ57
D010300,Q9UQ57
D020734,Q9UQ57
D010673,Q9UQ57
D003924,Q6YHU6
D004421,Q9NVV9
D020821,Q9NVV9
D004211,P07204
D064420,P07204
D006930,P07204
D015473,P07204
D008106,P07204
D009203,P07204
D011655,P07204
D012128,P07204
D013274,P07204
D013927,P07204
D001943,P07996
D056486,P07996
D003925,P07996
D005355,P07996
D006504,P07996
D008103,P07996
D009395,P07996
D015427,P07996
D012559,P07996
D003920,Q5RI53
D003925,Q5RI53
D006528,Q5T1C6
D001943,Q5TEK2
D005355,Q9NWX6
D007674,Q9NWX6
D009202,Q5FBX8
D056486,Q5FBX8
D004715,Q6FH41
D001281,P10828
D019465,P10828
D002277,Q92748
D015674,Q92748
D008325,Q92748
D019966,Q6ZMP0
D001714,Q9UPZ6
D006528,Q9HBB0
D015427,Q9HBB0
D012164,Q9HBB0
D008106,Q9P016
D011471,Q9P016
D008106,Q49AS9
D002294,Q13009
D019966,Q8IVF5
D015427,Q8IUC6
D001930,Q86XR7
D006528,Q7Z2Z1
D009410,Q9NQ88
D006528,Q96H15
D004195,P62072
D012208,P62072
D001327,Q6FGX5
D002761,Q6FGX5
D003921,Q6FGX5
D003924,Q6FGX5
D004195,Q6FGX5
D006331,Q6FGX5
D006973,Q6FGX5
D007249,Q6FGX5
D008106,Q6FGX5
D009361,Q6FGX5
D011658,Q6FGX5
D012128,Q6FGX5
D014652,Q6FGX5
D003921,P16035
D008106,P16035
D009203,P16035
D001749,P16035
D001249,P35625
D003092,P35625
D008107,P35625
D009361,P35625
D020258,P35625
D013274,P35625
D001745,P35625
D011471,Q99727
D003928,Q7Z477
D001855,Q9BSI4
D002526,Q9BSI4
D006130,Q9BSI4
D010051,Q05BQ2
D008288,P58753
D011471,P58753
D002780,Q9UDY2
D034381,Q9UDY2
D011471,Q2VPE5
D006528,P04183
D015179,P04183
D004195,P04183
D008114,P04183
D008106,Q3LXA3
D002277,Q16832
D000860,Q16832
D015674,Q16832
D008325,Q16832
D009361,Q16832
D001172,Q6PRX3
D001943,Q6PRX3
D002277,Q5JSZ2
D015674,Q5JSZ2
D008325,Q5JSZ2
D017202,Q5JSZ2
D017202,Q08117
D009361,Q9Y490
D010024,Q9Y490
D001930,Q6FI64
D064420,Q6FI64
D005334,Q6PCD4
D015431,Q6PCD4
D011471,Q9Y2C9
D006528,Q9NYK1
D001930,Q9NR96
D006528,Q9NR96
D007249,Q9NR96
D002471,P31314
D054218,P31314
D008107,P48230
D008106,Q8N5N8
D009203,Q9BZW4
D065626,Q9BZW4
D008106,Q969X1
D019465,Q9UM00
D017202,Q6FHT8
D056486,Q3B7W7
D002779,Q3B7W7
D011471,Q9UIK5
D008106,Q96A25
D056486,Q05C15
D002779,Q05C15
D008545,Q14DG7
D008113,Q14C87
D011230,Q14C87
D002289,Q8N605
D005909,Q8N605
D009361,Q8IV31
D056486,Q5U3C3
D008106,Q9HC07
D008106,Q8NBL3
D003924,Q96B42
D009765,Q96B42
D008106,Q9Y519
D010300,Q5JWB9
D001943,Q86YD3
D008545,Q3MIR4
D002277,Q86SV2
D015674,Q86SV2
D056486,Q9NVV0
D016757,Q9BTV4
D008106,Q9BTV4
D008175,Q9NWC5
D013274,Q2HIZ8
D008106,Q6PI78
D008103,Q5HYA8
D006528,Q9BUB7
D009202,Q9BUB7
D006333,Q6P5X7
D011471,Q6PII6
D001321,Q9NVH6
D011471,P28289
D001172,P42167
D002311,P42167
D017202,P42167
D011471,Q96T73
D019966,Q7RTY8
D008106,P63313
D011471,Q0P5U7
D004715,Q9H8H3
D003638,Q8N394
D001249,P24821
D004715,P24821
D055370,P24821
D008545,P24821
D054058,Q5STB3
D058186,Q5STB3
D000230,Q5STB3
D000419,Q5STB3
D000544,Q5STB3
D000740,Q5STB3
D000855,Q5STB3
D001008,Q5STB3
D001169,Q5STB3
D001172,Q5STB3
D001249,Q5STB3
D050197,Q5STB3
D001929,Q5STB3
D001930,Q5STB3
D002545,Q5STB3
D001943,Q5STB3
D006528,Q5STB3
D002295,Q5STB3
D006332,Q5STB3
D009202,Q5STB3
D066126,Q5STB3
D056486,Q5STB3
D002779,Q5STB3
D003092,Q5STB3
D003110,Q5STB3
D015179,Q5STB3
D003882,Q5STB3
D003921,Q5STB3
D003924,Q5STB3
D004195,Q5STB3
D003875,Q5STB3
D004342,Q5STB3
D064420,Q5STB3
D004487,Q5STB3
D005234,Q5STB3
D005334,Q5STB3
D005355,Q5STB3
D005910,Q5STB3
D005921,Q5STB3
D006323,Q5STB3
D006333,Q5STB3
D006463,Q5STB3
D006501,Q5STB3
D006930,Q5STB3
D006932,Q5STB3
D006934,Q5STB3
D020138,Q5STB3
D006946,Q5STB3
D006967,Q5STB3
D006973,Q5STB3
D006976,Q5STB3
D007003,Q5STB3
D007022,Q5STB3
D007035,Q5STB3
D007239,Q5STB3
D007249,Q5STB3
D007333,Q5STB3
D007676,Q5STB3
D008106,Q5STB3
D008107,Q5STB3
D017114,Q5STB3
D008113,Q5STB3
D008114,Q5STB3
D008171,Q5STB3
D055370,Q5STB3
D008175,Q5STB3
D008288,Q5STB3
D008545,Q5STB3
D048629,Q5STB3
D009102,Q5STB3
D009133,Q5STB3
D009203,Q5STB3
D017202,Q5STB3
D009205,Q5STB3
D009325,Q5STB3
D009336,Q5STB3
D009361,Q5STB3
D009362,Q5STB3
D009374,Q5STB3
D009410,Q5STB3
D009422,Q5STB3
D009437,Q5STB3
D065626,Q5STB3
D009765,Q5STB3
D010146,Q5STB3
D010190,Q5STB3
D010300,Q5STB3
D010996,Q5STB3
D011014,Q5STB3
D017285,Q5STB3
D047928,Q5STB3
D011565,Q5STB3
D029424,Q5STB3
D011654,Q5STB3
D011658,Q5STB3
D015427,Q5STB3
D012164,Q5STB3
D012509,Q5STB3
D012559,Q5STB3
D018805,Q5STB3
D012772,Q5STB3
D012871,Q5STB3
D013226,Q5STB3
D013274,Q5STB3
D013276,Q5STB3
D020521,Q5STB3
D013345,Q5STB3
D013610,Q5STB3
D013927,Q5STB3
D013964,Q5STB3
D001749,Q5STB3
D014581,Q5STB3
D014652,Q5STB3
D054556,Q5STB3
D018754,Q5STB3
D015430,Q5STB3
D003928,Q13829
D001172,Q03169
D001172,Q5VXR0
D001327,Q5VXR0
D002471,Q5VXR0
D007249,Q5VXR0
D008180,Q5VXR0
D009103,Q5VXR0
D011565,Q5VXR0
D020244,P98066
D012871,P98066
D008114,Q6FH58
D010190,Q6FH58
D015451,Q9Y6Q6
D058186,Q9NP84
D008106,Q9NP84
D009203,Q9NP84
D001930,Q4ACX1
D009101,Q4ACX1
D001930,Q5H8V1
D001172,Q92956
D001930,Q92956
D008545,Q9NS68
D000855,Q6Y4Q7
D001327,Q6Y4Q7
D001930,Q6Y4Q7
D002545,Q6Y4Q7
D003550,Q6Y4Q7
D003921,Q6Y4Q7
D003924,Q6Y4Q7
D005334,Q6Y4Q7
D006333,Q6Y4Q7
D006967,Q6Y4Q7
D008105,Q6Y4Q7
D055370,Q6Y4Q7
D009103,Q6Y4Q7
D011014,Q6Y4Q7
D001321,Q8IVS6
D002545,Q8IVS6
D003924,Q8IVS6
D006967,Q8IVS6
D008103,Q8IVS6
D065626,Q8IVS6
D009765,Q8IVS6
D011014,Q8IVS6
D011471,Q9NZD9
D001327,P43489
D002311,P43489
D009205,P43489
D002311,Q6GMU3
D006470,Q6GMU3
D006689,Q6GMU3
D009205,Q6GMU3
D029424,Q6GMU3
D002311,Q07011
D003110,Q07011
D007680,Q07011
D009205,Q07011
D013274,Q07011
D001930,Q6JSD9
D001943,Q6JSD9
D006528,Q6JSD9
D002292,Q6JSD9
D003110,Q6JSD9
D015179,Q6JSD9
D016889,Q6JSD9
D005909,Q6JSD9
D005910,Q6JSD9
D007680,Q6JSD9
D007938,Q6JSD9
D015470,Q6JSD9
D008113,Q6JSD9
D008325,Q6JSD9
D009362,Q6JSD9
D009374,Q6JSD9
D009389,Q6JSD9
D010051,Q6JSD9
D010190,Q6JSD9
D011471,Q6JSD9
D006934,Q5T9Y4
D015451,Q5T9Y4
D010024,Q5T9Y4
D001281,Q4ACW9
D001930,Q4ACW9
D015179,Q6FGR7
D002311,Q6FGS4
D008180,Q6FGS4
D009203,Q6FGS4
D009205,Q6FGS4
D002311,Q52M88
D006689,Q52M88
D015451,Q52M88
D015470,Q52M88
D016393,Q52M88
D009101,Q52M88
D009205,Q52M88
D009437,Q52M88
D029424,Q52M88
D002311,P41273
D009205,P41273
D013274,P41273
D012871,Q7Z4L4
D001249,Q15025
D001943,Q15025
D008180,Q15025
D011565,Q15025
D008113,Q07912
D011230,Q07912
D009135,P48788
D054058,Q6FGX2
D009202,Q6FGX2
D002311,Q6FGX2
D006331,Q6FGX2
D009203,Q6FGX2
D054058,Q8IZA2
D006332,Q8IZA2
D009202,Q8IZA2
D002311,Q8IZA2
D002312,Q8IZA2
D002318,Q8IZA2
D016757,Q8IZA2
D006331,Q8IZA2
D006333,Q8IZA2
D017202,Q8IZA2
D009336,Q8IZA2
D029424,Q8IZA2
D017180,Q8IZA2
D018487,Q8IZA2
D004831,Q8NDV7
D004715,P50616
D009374,P50616
D006528,Q96HA7
D064420,Q6PK95
D008113,Q6PK95
D009369,Q6PK95
D012008,Q6PK95
D001943,P11388
D006528,P11388
D004195,P11388
D005910,P11388
D007938,P11388
D008113,P11388
D011471,P11388
D012008,P11388
D018805,P11388
D015451,Q05BV8
D008106,Q9NXH8
D058186,Q761V2
D000230,Q761V2
D000236,Q761V2
D002545,Q761V2
D001943,Q761V2
D002277,Q761V2
D006528,Q761V2
D002289,Q761V2
D002292,Q761V2
D002294,Q761V2
D002295,Q761V2
D009202,Q761V2
D002312,Q761V2
D066126,Q761V2
D002471,Q761V2
D003110,Q761V2
D015179,Q761V2
D003711,Q761V2
D003921,Q761V2
D004938,Q761V2
D005910,Q761V2
D006973,Q761V2
D007247,Q761V2
D007511,Q761V2
D015451,Q761V2
D008113,Q761V2
D008114,Q761V2
D008175,Q761V2
D008545,Q761V2
D028361,Q761V2
D009190,Q761V2
D009362,Q761V2
D010051,Q761V2
D010190,Q761V2
D054198,Q761V2
D011471,Q761V2
D011565,Q761V2
D029424,Q761V2
D012509,Q761V2
D012559,Q761V2
D012878,Q761V2
D013274,Q761V2
D013964,Q761V2
D001749,Q761V2
D001943,Q3YL84
D002289,Q3YL84
D003110,Q3YL84
D005909,Q3YL84
D010051,Q3YL84
D001943,Q05BL1
D009361,Q05BL1
D002277,Q53FA7
D015674,Q53FA7
D000015,Q9H3D4
D000230,Q9H3D4
D002277,Q9H3D4
D002294,Q9H3D4
D002471,Q9H3D4
D002972,Q9H3D4
D015179,Q9H3D4
D019465,Q9H3D4
D017880,Q9H3D4
D008175,Q9H3D4
D009362,Q9H3D4
D010051,Q9H3D4
D010190,Q9H3D4
D001943,Q8WXG0
D007249,Q8WXG0
D008175,Q8WXG0
D011471,Q13641
D009845,Q9ULQ1
D011471,P55327
D011471,Q16890
D006976,Q08EN2
D007680,Q08EN2
D012559,Q08EN2
D001289,Q14CC5
D001321,Q14CC5
D003866,Q14CC5
D003865,Q14CC5
D005334,Q14CC5
D000544,P60174
D000743,P60174
D002294,P60174
D004195,P60174
D009468,P60174
D010024,P60174
D004938,Q8TCG4
D006973,Q8TCG4
D008106,Q8TCG4
D000230,Q5VU62
D002277,Q5VU62
D003110,Q5VU62
D008106,Q5VU62
D015674,Q5VU62
D008325,Q5VU62
D013274,Q5VU62
D013964,Q5VU62
D054058,P67936
D004938,P67936
D008106,P67936
D009362,P67936
D010024,P67936
D011230,P67936
D015430,P67936
D007970,Q9BS45
D009503,Q9BS45
D001327,Q6P534
D000544,Q96AP0
D011471,Q96AP0
D013964,Q9UE33
D005483,Q86UA5
D011537,Q86UA5
D007680,Q5W0H4
D011471,Q5W0H4
D006528,Q96FC3
D012871,Q549U1
D001172,Q13077
D009103,Q13077
D011471,Q13077
D001930,Q9BUZ4
D001172,Q9Y4K3
D003324,Q9Y4K3
D006528,Q9BWF2
D012559,Q9UPV9
D008106,Q8IU62
D010003,Q9BV61
D013274,Q9BV61
D012871,P48553
D008107,Q38L15
D000544,Q5TCX1
D003704,Q5TCX1
D001943,Q05GC8
D001927,Q6IAN5
D007249,Q6IAN5
D008180,Q6IAN5
D008106,P54274
D000647,P20396
D001145,P20396
D001919,P20396
D002375,P20396
D004715,P20396
D006973,P20396
D007035,P20396
D007859,P20396
D015470,P20396
D010146,P20396
D012131,P20396
D012640,P20396
D019956,P20396
D053608,P20396
D013610,P20396
D014202,P20396
D014474,P20396
D007037,P34981
D003324,Q96RU8
D065626,Q96RU8
D007333,Q96RU7
D015473,Q96RU7
D008106,Q96RU7
D024821,Q96RU7
D065626,Q96RU7
D010003,Q9C040
D050197,Q13263
D015179,Q13263
D005910,Q0P6H7
D001943,Q96LD4
D009361,Q96LD4
D009374,Q96LD4
D013274,P0CI26
D008106,Q8IWR1
D001284,Q969Q1
D006332,Q969Q1
D009202,Q969Q1
D009133,Q969Q1
D006528,Q15645
D011230,Q3T7C7
D001943,Q5JY02
D002289,Q5JY02
D003110,Q5JY02
D004938,Q5JY02
D005909,Q5JY02
D008113,Q5JY02
D010051,Q5JY02
D006528,Q12815
D006332,P48995
D007249,P48995
D001714,Q4W5P7
D006973,Q4W5P7
D006973,Q9UL62
D005923,Q9Y210
D006984,Q9Y210
D001523,Q9Y210
D001714,Q5KTC1
D010300,Q5KTC1
D019969,Q8TBK0
D054537,Q8TD43
D003645,Q8TD43
D006333,Q8TD43
D011471,Q8TD43
D012120,Q8TD43
D000236,Q96QT4
D015179,Q96QT4
D008103,Q96QT4
D009361,Q96QT4
D010243,Q96QT4
D008881,Q7Z2W7
D002277,Q9UHF7
D019465,Q9UHF7
D015674,Q9UHF7
D008325,Q9UHF7
D050197,Q52PU4
D003371,Q52PU4
D016889,Q52PU4
D006930,Q52PU4
D007249,Q52PU4
D008106,Q52PU4
D009369,Q52PU4
D009765,Q52PU4
D010146,Q52PU4
D010195,Q52PU4
D001749,Q52PU4
D016889,Q9Y5S1
D006965,Q2M3L1
D001847,Q9HBA0
D005910,Q9HBA0
D006930,Q9HBA0
D007010,Q9HBA0
D010003,Q9HBA0
D029424,Q9HBA0
D014555,Q9HBA0
D008545,Q8N563
D012559,Q8N563
D001321,Q96RT5
D001927,Q96RT5
D006528,Q96RT5
D002292,Q96RT5
D002294,Q96RT5
D003072,Q96RT5
D004827,Q96RT5
D012640,Q96RT5
D001321,Q5HYF7
D001927,Q5HYF7
D002294,Q5HYF7
D004827,Q5HYF7
D007249,Q5HYF7
D007680,Q5HYF7
D015470,Q5HYF7
D008175,Q5HYF7
D009410,Q5HYF7
D010190,Q5HYF7
D011230,Q5HYF7
D012640,Q5HYF7
D002277,Q15714
D002471,Q15714
D008106,Q15714
D008114,Q15714
D015674,Q15714
D008325,Q15714
D006946,Q5JRJ0
D013733,Q5JRJ0
D015431,Q5JRJ0
D003680,Q8NCE0
D009069,Q8NCE0
D014786,Q8NCE0
D015430,Q8NCE0
D003680,Q9BSV6
D009069,Q9BSV6
D014786,Q9BSV6
D003680,Q7Z6J9
D009069,Q7Z6J9
D014786,Q7Z6J9
D020820,P43897
D001714,P01222
D003128,P01222
D007035,P01222
D007037,P01222
D000236,Q8NH23
D002277,Q8NH23
D006980,Q8NH23
D008175,Q8NH23
D013964,Q8NH23
D000419,Q969D9
D001249,Q969D9
D006528,Q969D9
D007249,Q969D9
D000544,Q8NG11
D012559,Q8WUV1
D008106,P19075
D012128,P19075
D006501,P30536
D008106,P30536
D016889,Q9H2G4
D008545,Q9UJ04
D001327,Q9BXA7
D006528,Q16762
D003092,Q16762
D011471,Q16762
D020233,Q6DKK2
D009422,Q6DKK2
D019636,Q6DKK2
D007674,Q7Z4L5
D019966,Q7Z4L5
D008113,Q5SRH9
D009293,Q92623
D011471,Q8N5M4
D006528,P33981
D008113,Q3SXZ7
D011230,Q3SXZ7
D001281,Q8WZ50
D002311,Q8WZ50
D018908,Q8WZ50
D009135,Q8WZ50
D050197,P49638
D004195,P49638
D006311,P49638
D009133,P49638
D009422,P49638
D012021,P49638
D012164,P49638
D013064,P49638
D014555,P49638
D014786,P49638
D058186,Q13739
D056486,Q13739
D003875,Q13739
D064420,Q13739
D008175,Q13739
D056486,Q71U36
D017202,Q71U36
D010024,P68363
D054058,Q8N532
D010024,Q8N532
D013274,Q8N532
D001281,Q9NY65
D054058,Q9H4B7
D015470,Q13885
D002277,Q9BVA1
D015674,Q9BVA1
D008325,Q9BVA1
D001943,Q9BV28
D010051,Q9BV28
D056486,P68371
D002311,P07437
D006333,P07437
D008106,Q2NKY5
D004938,P49411
D008106,Q6QQE4
D008223,Q12792
D003324,Q15672
D009361,Q15672
D009362,Q15672
D013274,Q15672
D001943,P10599
D008107,P10599
D009361,P10599
D009362,P10599
D009374,P10599
D001169,Q86UY0
D001172,Q86UY0
D009362,Q86UY0
D011471,Q86UY0
D001172,Q9H3M7
D003928,Q9H3M7
D004715,Q9H3M7
D016403,Q9H3M7
D013274,Q9H3M7
D000236,Q16881
D015179,Q16881
D004827,Q16881
D006333,Q16881
D008654,Q16881
D017202,Q16881
D010003,Q16881
D011471,Q17RE6
D009202,Q86VQ6
D001172,P29597
D001321,P29597
D019970,P29597
D008105,P29597
D009103,P29597
D010259,P29597
D054218,P29597
D011565,P29597
D002277,P19971
D003110,P19971
D015179,P19971
D009362,P19971
D010190,P19971
D013274,P19971
D001749,P19971
D000740,Q53Y97
D001927,Q53Y97
D001943,Q53Y97
D006528,Q53Y97
D002294,Q53Y97
D002972,Q53Y97
D003110,Q53Y97
D015179,Q53Y97
D004195,Q53Y97
D064420,Q53Y97
D006258,Q53Y97
D022124,Q53Y97
D008175,Q53Y97
D008228,Q53Y97
D009422,Q53Y97
D010051,Q53Y97
D010190,Q53Y97
D011471,Q53Y97
D013274,Q53Y97
D008545,Q9UMA2
D012878,Q9UMA2
D013927,Q8N6J3
D000230,Q6LES1
D008175,Q6LES1
D008545,Q6LES1
D009190,Q7Z780
D010024,Q7Z780
D011471,Q7Z780
D002294,Q5JRS3
D056486,Q9GZZ9
D002779,Q9GZZ9
D002294,P41226
D001943,Q5TZN3
D006528,Q5TZN3
D012871,P51965
D006528,Q96LR5
D003924,Q96LR5
D001321,Q75MF5
D002277,Q7KZS0
D015674,Q7KZS0
D008325,Q7KZS0
D020964,P61088
D006528,Q9NPD8
D007680,Q9NPD8
D001321,Q9UBN9
D019465,Q9UBN9
D004827,Q9UBN9
D020300,Q9Y5Z9
D001943,Q8WVY7
D009361,Q9UMX0
D013274,Q05BV2
D006528,P09936
D002289,P09936
D004938,P09936
D010523,P09936
D009362,Q5TBK7
D004195,Q9BZX2
D011471,Q9BZX2
D001008,P55089
D006973,P55089
D007022,P55089
D007249,P55089
D000855,Q96RP3
D006333,Q96RP3
D007249,Q969E3
D008171,Q969E3
D002311,Q4KMT7
D006333,Q4KMT7
D009765,Q4KMT7
D001930,P55851
D002545,P55851
D002277,P55851
D006332,P55851
D003921,P55851
D003924,P55851
D005234,P55851
D006973,P55851
D015674,P55851
D008325,P55851
D009765,P55851
D020521,P55851
D009765,P55916
D011471,P55916
D019465,Q541A5
D006330,Q541A5
D008106,Q16739
D017202,Q16739
D058186,Q9H3F9
D064420,Q9H3F9
D006689,Q9H3F9
D006932,Q9H3F9
D009503,Q9H3F9
D012559,Q8WX91
D058186,Q5DSZ5
D056486,Q5DSZ5
D008545,P36537
D011471,Q9UHH3
D001749,Q9HCT7
D006528,Q96T88
D013274,Q9BZM5
D009101,Q96C45
D006973,Q8NHW8
D007674,Q8NHW8
D001943,P11172
D006528,P11172
D002294,P11172
D003110,P11172
D015179,P11172
D011471,P11172
D013274,P11172
D011471,Q70J99
D019465,Q8IWX7
D006331,Q8IWX7
D010243,Q8IWX7
D013345,Q8IZJ1
D002292,Q4W5H4
D008106,Q8IV45
D056486,Q58F16
D008103,Q58F16
D008106,Q58F16
D015179,Q6FHS8
D010300,Q16831
D001321,Q6AHZ8
D001943,Q6IAS0
D009765,P22695
D017202,P47985
D013274,Q5T4A9
D001259,Q96N76
D006528,Q96N76
D006258,Q71UD5
D017119,Q71UD5
D034381,Q495M9
D012871,Q92995
D003929,Q2NL66
D008175,Q9UMW8
D011471,Q96RU2
D001281,Q6JHV3
D001281,Q9P2H5
D003110,Q53GS9
D009374,Q53GS9
D006528,Q08AK7
D019969,Q86UV5
D003924,Q86UV5
D056486,P45974
D008545,Q96FW8
D011471,Q93009
D001749,Q93009
D001281,Q9Y2C2
D004715,Q9Y2C2
D001919,Q5H8X8
D001068,Q5H8X8
D006973,Q5H8X8
D009069,Q5H8X8
D019465,Q8NBZ7
D011471,Q9UBK9
D003324,Q6FG93
D002277,Q9BV40
D003324,Q9BV40
D015674,Q9BV40
D008325,Q9BV40
D009436,Q96J52
D009436,Q9ULK5
D006528,Q6EMK4
D008106,P50552
D008106,Q96D37
D006973,Q9UKW4
D011471,Q9UKW4
D013610,Q9UKW4
D001161,P19320
D050197,P19320
D006528,P19320
D002318,P19320
D002779,P19320
D003872,P19320
D006937,P19320
D006973,P19320
D009103,P19320
D017202,P19320
D014511,P19320
D014581,P19320
D004715,Q86W61
D054058,P18206
D010024,P18206
D004195,Q9HAP1
D018908,Q9HAP1
D011471,Q9HAP1
D013262,Q9HAP1
D003928,P21796
D004827,P21796
D009203,P21796
D015428,P21796
D011596,P21796
D018487,P21796
D002294,Q5JSD2
D003928,Q5JSD2
D004827,Q5JSD2
D010003,Q5JSD2
D000505,Q6T928
D001943,Q6T928
D002295,Q6T928
D006973,Q6T928
D015451,Q6T928
D009103,Q6T928
D009369,Q6T928
D011471,Q6T928
D014511,Q6T928
D017202,Q9UNS8
D058186,Q96FD9
D000230,Q96FD9
D000544,Q96FD9
D001169,Q96FD9
D001172,Q96FD9
D001249,Q96FD9
D050197,Q96FD9
D001930,Q96FD9
D001932,Q96FD9
D002289,Q96FD9
D002294,Q96FD9
D002471,Q96FD9
D002543,Q96FD9
D056486,Q96FD9
D003110,Q96FD9
D003324,Q96FD9
D003921,Q96FD9
D003928,Q96FD9
D064420,Q96FD9
D016889,Q96FD9
D007172,Q96FD9
D005909,Q96FD9
D006258,Q96FD9
D006330,Q96FD9
D006331,Q96FD9
D006333,Q96FD9
D006470,Q96FD9
D006975,Q96FD9
D007249,Q96FD9
D007859,Q96FD9
D008103,Q96FD9
D008106,Q96FD9
D017093,Q96FD9
D008171,Q96FD9
D008569,Q96FD9
D017202,Q96FD9
D015428,Q96FD9
D009362,Q96FD9
D009369,Q96FD9
D009374,Q96FD9
D009389,Q96FD9
D011230,Q96FD9
D011471,Q96FD9
D011507,Q96FD9
D011565,Q96FD9
D012164,Q96FD9
D012208,Q96FD9
D013119,Q96FD9
D013226,Q96FD9
D013276,Q96FD9
D002583,Q96FD9
D001943,Q8TEV2
D010190,Q8TEV2
D001943,Q6FH59
D008545,Q6FH59
D012008,Q6FH59
D009765,Q05BJ3
D013276,Q05BJ3
D008545,Q8N8G2
D000236,Q9UMS8
D002277,Q9UMS8
D002292,Q9UMS8
D007680,Q9UMS8
D008175,Q9UMS8
D009103,Q9UMS8
D010673,Q9UMS8
D002779,P09327
D054058,P08670
D001943,P08670
D002386,P08670
D002471,P08670
D056486,P08670
D004195,P08670
D005355,P08670
D007674,P08670
D008103,P08670
D008106,P08670
D009361,P08670
D009362,P08670
D019636,P08670
D010003,P08670
D011471,P08670
D015427,P08670
D012164,P08670
D015430,P08670
D001321,P01282
D003072,P01282
D004487,P01282
D007172,P01282
D005483,P01282
D006930,P01282
D007022,P01282
D009362,P01282
D010146,P01282
D011471,P01282
D013610,P01282
D001745,P01282
D006528,P32241
D008106,P32241
D012559,P41587
D001778,Q9BQB6
D003327,Q9BQB6
D064420,Q9BQB6
D006470,Q9BQB6
D020521,Q9BQB6
D013927,Q9BQB6
D014652,Q9BQB6
D001321,Q5VVF8
D065626,Q5VVF8
D009765,Q5VVF8
D002292,Q3SXP2
D015470,Q96AW1
D008106,Q96AW1
D054198,P12018
D015430,Q5THJ4
D010300,Q96QK1
D012559,Q96QK1
D001943,Q96JC1
D012559,Q96JC1
D011471,Q4VXZ2
D009410,Q9P1Q0
D006528,Q9Y279
D015470,Q9Y279
D008106,Q9H7M9
D000544,Q53RT2
D019465,Q9NZR4
D012164,Q9NZR4
D000230,Q96AJ9
D015179,Q96AJ9
D008103,P04004
D001281,P04275
D002318,P04275
D056486,P04275
D005076,P04275
D006333,P04275
D006973,P04275
D008106,P04275
D013262,P04275
D013927,P04275
D011471,Q9BTA9
D011471,Q5T8P4
D001321,Q6PIM1
D002658,Q6PIM1
D001281,Q53GN4
D007249,Q53GN4
D010024,Q53GN4
D013921,Q53GN4
D012559,Q9BZH6
D019966,Q9BZH6
D002311,Q53T99
D003324,Q53T99
D009203,Q53T99
D008113,Q8IZU2
D001249,Q8NI36
D004827,Q9Y484
D003072,Q8TAF3
D008545,Q6RFH5
D009369,Q6RFH5
D006528,Q9H967
D010051,Q9BQA1
D002289,Q86V29
D008545,Q9HC57
D008106,Q14508
D015179,Q9Y5W5
D004938,Q9Y5W5
D013274,Q9Y5W5
D001281,Q2YDC4
D008106,Q2YDC4
D002779,Q5MNZ9
D008064,Q5MNZ9
D008106,Q7Z430
D006973,Q9H4A3
D007674,Q9H4A3
D006973,Q96J92
D010024,P04628
D001321,P09544
D002583,P09544
D020521,Q5TEH8
D001281,P56703
D009765,P56704
D015427,P56704
D007674,Q8IUM6
D011471,Q8IUM6
D002471,Q6DK41
D008175,Q6DK41
D002583,Q6DK41
D001281,Q9H1J5
D008113,Q658N2
D011230,Q658N2
D001943,Q93046
D003110,Q93046
D005909,Q93046
D005921,Q93046
D007938,Q93046
D015464,Q93046
D015470,Q93046
D015473,Q93046
D008175,Q93046
D010190,Q93046
D000544,Q9NZC7
D001943,Q9NZC7
D002294,Q9NZC7
D004938,Q9NZC7
D013274,Q9NZC7
D009133,Q9GZV5
D003110,Q6GPH4
D015179,Q6GPH4
D004195,Q6GPH4
D005910,Q6GPH4
D006333,Q6GPH4
D013274,Q6GPH4
D006528,Q9HD64
D004681,P17861
D005234,P17861
D005910,P17861
D018149,P17861
D007333,P17861
D009103,P17861
D065626,P17861
D013119,P17861
D001321,Q585T6
D002277,Q585T6
D003865,Q585T6
D006073,Q585T6
D006331,Q585T6
D006333,Q585T6
D020244,Q585T6
D007511,Q585T6
D015674,Q585T6
D008325,Q585T6
D009102,Q585T6
D009410,Q585T6
D011655,Q585T6
D015427,Q585T6
D013921,Q585T6
D004938,P98170
D008325,P98170
D015428,P98170
D010051,P98170
D011041,Q702N8
D006402,Q2Z218
D001523,Q2Z218
D009069,Q2Z218
D009468,Q2Z218
D010523,Q2Z218
D019966,Q5GH76
D008113,P23025
D048629,P23025
D012878,P23025
D001321,Q01831
D002289,Q01831
D002294,Q01831
D008113,Q01831
D008175,Q01831
D048629,Q01831
D009361,Q01831
D009362,Q01831
D012878,P18074
D019966,Q96QU8
D001281,Q9UIA9
D001480,Q9UBH6
D004890,P18887
D005910,P18887
D008654,P18887
D048629,P18887
D054198,P18887
D011471,P18887
D013274,P18887
D013280,P18887
D001943,Q53XC8
D004938,Q53XC8
D006258,Q53XC8
D008325,Q53XC8
D008545,Q53XC8
D008654,Q53XC8
D009361,Q53XC8
D012878,Q53XC8
D013274,Q53XC8
D004195,Q53TC2
D004195,P12956
D001281,Q8NBI6
D056486,Q6PIS3
D019966,Q86Y38
D001932,P46937
D001943,P46937
D006528,P46937
D015179,P46937
D009361,P46937
D009362,P46937
D010051,P46937
D012008,P46937
D001943,Q6PKI6
D003110,Q6PKI6
D008106,Q6PKI6
D006345,P07947
D049188,P07947
D002292,Q9GZM5
D001749,Q6ZT45
D008106,P61236
D009845,Q9H6S0
D009101,Q5JXC6
D006528,Q9Y5A9
D009362,P62258
D008106,P61981
D009202,Q04917
D003921,Q04917
D010003,Q53S41
D002277,P63104
D008106,P63104
D015674,P63104
D008325,P63104
D003928,P25490
D009101,P25490
D009369,P25490
D002583,P25490
D015473,Q05516
D009361,Q05516
D011471,Q05516
D011230,Q9HC78
D011471,Q9HC78
D013274,Q9HC78
D008106,Q9P1Z0
D005909,Q8TB76
D015470,Q8TB76
D011471,Q8TB76
D011230,Q8IWT0
D006943,Q96K80
D007333,Q96K80
D009765,Q96K80
D001943,Q0D2N5
D001157,Q5D1E8
D011565,Q9C0D7
D003324,Q9BWJ8
D003327,Q9BWJ8
D003924,Q9BWJ8
D020521,Q8WYQ9
D001714,Q9BRD4
D064420,Q96KX5
D000505,Q8IUH4
D008106,Q8IUH4
D010024,Q8IUH4
D008106,Q9UIJ5
D008113,Q9UIJ5
D015430,Q9UIJ5
D056486,Q8IYP9
D001943,Q32Q63
D002471,Q32Q63
D016889,Q32Q63
D017202,Q32Q63
D009361,Q32Q63
D010051,Q32Q63
D003924,Q9H8U3
D011471,Q5QPB1
D012871,Q6FIF0
D001281,Q8N2Y6
D009765,Q8N2Y6
D011471,Q8N2Y6
D020521,Q8N2Y6
D000505,P26651
D001168,P26651
D006528,P26651
D003872,P26651
D006965,P26651
D007249,P26651
D017202,P26651
D009361,P26651
D015179,P47974
D054218,P47974
D011471,P47974
D008106,Q9Y6Q3
D003920,Q9NU63
D007035,Q96JP5
D009361,Q05D65
D013964,Q05D65
D009765,Q9UPR6
D008106,Q7Z3T8
D006528,Q8N9L1
D006528,Q96T25
D019465,Q96T25
D009436,Q96T25
D015179,Q9BRR0
D012559,Q969J2
D009410,Q9HA38
D015179,Q149N7
D011471,Q14202
D001321,Q6PJR5
D011471,Q9HCG1
D013274,Q9HCG1
D009765,Q7Z761
D013274,Q13360
D006528,P17027
D003924,Q9Y2Q1
D009103,Q14586
D012871,Q14586
D015179,Q6P495
D011471,Q6P495
D012871,Q71QC9
D001943,Q495P1
D001943,Q0VAH5
D019966,Q0VAH5
D015179,Q7RTV3
D009361,Q7RTV3
D019969,Q9H6B1
D019966,Q9H6B1
D001943,Q494X3
D003072,P51814
D019969,Q2M1K9
D008545,Q5T427
D001281,Q96JM2
D002289,Q96JM2
D012559,Q7Z2X8
D012559,Q6P9A1
D013274,Q9BR84
D012559,Q8N9K5
D015179,Q5MCW4
D001714,Q92610
D008175,Q8IYB9
D019966,Q8WXB4
D058186,Q8NEI6
D012871,Q5TYW1
D002292,Q7L2R6
D002292,Q7Z570
D012559,Q7Z570
D019966,Q7Z570
D011565,Q0VGE8
D008545,Q5JPB2
D010190,Q96GS9
D001281,Q6X784
D009190,Q86VN0
D008113,P10073
D002289,Q96LW9
D001943,Q9P217
D015430,Q9H900
D015179,Q9BUS0
