Drug,Disease
DB00361,D015746
DB01248,D015746
DB00317,D015746
DB00530,D015746
DB00668,D015746
DB00571,D015746
DB00277,D015746
DB00570,D015746
DB01229,D015746
DB01645,D015746
DB00316,D000014
DB00819,D000014
DB00321,D000014
DB00182,D000014
DB00945,D000014
DB00201,D000014
DB00564,D000014
DB00608,D000014
DB01242,D000014
DB00907,D000014
DB01394,D000014
DB00987,D000014
DB00694,D000014
DB01234,D000014
DB00255,D000014
DB00997,D000014
DB00584,D000014
DB00783,D000014
DB00158,D000014
DB01050,D000014
DB01026,D000014
DB00333,D000014
DB01577,D000014
DB00563,D000014
DB00295,D000014
DB00184,D000014
DB01115,D000014
DB01092,D000014
DB01174,D000014
DB00252,D000014
DB00554,D000014
DB00635,D000014
DB00468,D000014
DB00795,D000014
DB00755,D000014
DB00313,D000014
DB00661,D000014
DB00495,D000014
DB04557,D000014
DB00242,D000014
DB00715,D000014
DB01645,D000014
DB01388,D000014
DB01097,D000015
DB00619,D000015
DB00201,D000015
DB00564,D000015
DB00907,D000015
DB00586,D000015
DB00563,D000015
DB01174,D000015
DB00252,D000015
DB00755,D000015
DB00313,D000015
DB04557,D000015
DB00242,D000015
DB00197,D000138
DB00316,D000138
DB00819,D000138
DB01118,D000138
DB00945,D000138
DB00443,D000138
DB00887,D000138
DB01242,D000138
DB00907,D000138
DB00987,D000138
DB00586,D000138
DB00343,D000138
DB00668,D000138
DB00695,D000138
DB00627,D000138
DB01069,D000138
DB00863,D000138
DB00759,D000138
DB00277,D000138
DB00373,D000138
DB00313,D000138
DB00661,D000138
DB00316,D000140
DB00363,D000140
DB00668,D000140
DB00544,D000140
DB01016,D000140
DB00959,D000140
DB00627,D000140
DB01115,D000140
DB00914,D000140
DB00635,D000140
DB01035,D000140
DB00811,D000140
DB00313,D000140
DB00495,D000140
DB00317,D000152
DB00443,D000152
DB01234,D000152
DB00254,D000152
DB00199,D000152
DB00977,D000152
DB00860,D000152
DB00421,D000152
DB00759,D000152
DB00755,D000152
DB00361,D054058
DB00441,D054058
DB01248,D054058
DB00317,D054058
DB00482,D054058
DB00530,D054058
DB00276,D054058
DB00945,D054058
DB00201,D054058
DB00882,D054058
DB00257,D054058
DB00694,D054058
DB01151,D054058
DB00255,D054058
DB00997,D054058
DB00783,D054058
DB00286,D054058
DB00655,D054058
DB00977,D054058
DB00773,D054058
DB00544,D054058
DB01050,D054058
DB00328,D054058
DB01065,D054058
DB00563,D054058
DB01174,D054058
DB01100,D054058
DB00860,D054058
DB00635,D054058
DB00396,D054058
DB00428,D054058
DB00605,D054058
DB00675,D054058
DB00624,D054058
DB00313,D054058
DB00541,D054058
DB01229,D054058
DB01645,D054058
DB00945,D058186
DB01393,D058186
DB01200,D058186
DB00201,D058186
DB01234,D058186
DB00712,D058186
DB00158,D058186
DB00328,D058186
DB01065,D058186
DB01174,D058186
DB00554,D058186
DB00605,D058186
DB00927,D058186
DB00175,D058186
DB00334,D000230
DB00321,D000230
DB00564,D000230
DB00882,D000230
DB01151,D000230
DB00472,D000230
DB00623,D000230
DB00502,D000230
DB00635,D000230
DB00656,D000230
DB01175,D000230
DB01104,D000230
DB00361,D000236
DB00758,D000236
DB01248,D000236
DB00564,D000236
DB00446,D000236
DB00477,D000236
DB00845,D000236
DB00363,D000236
DB00907,D000236
DB00997,D000236
DB00773,D000236
DB00544,D000236
DB01050,D000236
DB00328,D000236
DB00371,D000236
DB00563,D000236
DB00968,D000236
DB00812,D000236
DB01035,D000236
DB01103,D000236
DB00908,D000236
DB00468,D000236
DB01045,D000236
DB00795,D000236
DB00313,D000236
DB00570,D000236
DB00541,D000236
DB00115,D000236
DB00495,D000236
DB01229,D000236
DB00242,D000236
DB01136,D000341
DB00542,D000341
DB00519,D000341
DB00197,D000341
DB01132,D000341
DB00796,D000341
DB00966,D000341
DB00412,D000341
DB01098,D000341
DB00177,D000341
DB00575,D000341
DB01234,D000341
DB00343,D000341
DB00997,D000341
DB00584,D000341
DB00783,D000341
DB00158,D000341
DB00264,D000341
DB00788,D000341
DB00622,D000341
DB01115,D000341
DB01054,D000341
DB00925,D000341
DB01032,D000341
DB00428,D000341
DB00605,D000341
DB00661,D000341
DB00178,D000341
DB00590,D000341
DB00678,D000341
DB00641,D000341
DB00877,D000341
DB00790,D000341
DB00361,D000380
DB00441,D000380
DB01248,D000380
DB00907,D000380
DB01394,D000380
DB00987,D000380
DB00997,D000380
DB00783,D000380
DB01196,D000380
DB00773,D000380
DB00544,D000380
DB01065,D000380
DB00563,D000380
DB01204,D000380
DB01174,D000380
DB00635,D000380
DB00755,D000380
DB00313,D000380
DB00661,D000380
DB00570,D000380
DB00541,D000380
DB00445,D000380
DB01177,D000380
DB00175,D000380
DB01229,D000380
DB00641,D000380
DB00412,D017109
DB00482,D017109
DB03128,D017109
DB01394,D017109
DB00158,D017109
DB00502,D017109
DB01050,D017109
DB00328,D017109
DB00934,D017109
DB01065,D017109
DB01043,D017109
DB00683,D017109
DB00627,D017109
DB00184,D017109
DB00206,D017109
DB00428,D017109
DB00382,D017109
DB00656,D017109
DB00115,D017109
DB00834,D017109
DB00176,D017109
DB00715,D017109
DB00334,D000419
DB00321,D000419
DB00182,D000419
DB00608,D000419
DB00122,D000419
DB00575,D000419
DB01394,D000419
DB01234,D000419
DB00829,D000419
DB00586,D000419
DB00343,D000419
DB01075,D000419
DB00254,D000419
DB00668,D000419
DB00783,D000419
DB00286,D000419
DB00813,D000419
DB00502,D000419
DB00458,D000419
DB01221,D000419
DB01065,D000419
DB01043,D000419
DB00371,D000419
DB00683,D000419
DB00295,D000419
DB01183,D000419
DB01400,D000419
DB00184,D000419
DB01115,D000419
DB00368,D000419
DB01092,D000419
DB00252,D000419
DB00457,D000419
DB00571,D000419
DB00382,D000419
DB00624,D000419
DB00661,D000419
DB01165,D000419
DB00176,D000419
DB00441,D000505
DB01248,D000505
DB00482,D000505
DB00316,D000505
DB00437,D000505
DB00945,D000505
DB00443,D000505
DB01212,D000505
DB01114,D000505
DB00501,D000505
DB00907,D000505
DB00586,D000505
DB00668,D000505
DB00813,D000505
DB00741,D000505
DB01050,D000505
DB00328,D000505
DB01026,D000505
DB00281,D000505
DB00563,D000505
DB01110,D000505
DB00295,D000505
DB01183,D000505
DB01337,D000505
DB00635,D000505
DB01045,D000505
DB00795,D000505
DB00605,D000505
DB00759,D000505
DB00373,D000505
DB00541,D000505
DB00115,D000505
DB00927,D000505
DB01229,D000505
DB01167,D000505
DB00678,D000505
DB00361,D000544
DB00441,D000544
DB01248,D000544
DB00317,D000544
DB00619,D000544
DB01076,D000544
DB00316,D000544
DB00915,D000544
DB01118,D000544
DB00182,D000544
DB00945,D000544
DB00564,D000544
DB00446,D000544
DB00501,D000544
DB00907,D000544
DB01394,D000544
DB00987,D000544
DB00694,D000544
DB01234,D000544
DB00861,D000544
DB01075,D000544
DB00997,D000544
DB00584,D000544
DB01196,D000544
DB00773,D000544
DB00544,D000544
DB00158,D000544
DB00458,D000544
DB00328,D000544
DB01235,D000544
DB00281,D000544
DB00643,D000544
DB01065,D000544
DB00563,D000544
DB00968,D000544
DB01110,D000544
DB01204,D000544
DB00788,D000544
DB03783,D000544
DB00812,D000544
DB00252,D000544
DB00860,D000544
DB00635,D000544
DB01035,D000544
DB00863,D000544
DB00811,D000544
DB01045,D000544
DB00795,D000544
DB00451,D000544
DB00313,D000544
DB00541,D000544
DB00115,D000544
DB00495,D000544
DB00445,D000544
DB01229,D000544
DB00242,D000544
DB00678,D000544
DB00877,D000544
DB00758,D000647
DB00819,D000647
DB00564,D000647
DB00446,D000647
DB00608,D000647
DB01114,D000647
DB00501,D000647
DB00845,D000647
DB00363,D000647
DB00694,D000647
DB01234,D000647
DB00586,D000647
DB00997,D000647
DB00544,D000647
DB00472,D000647
DB00158,D000647
DB01050,D000647
DB00328,D000647
DB01026,D000647
DB00281,D000647
DB00371,D000647
DB00563,D000647
DB00959,D000647
DB00788,D000647
DB01115,D000647
DB01174,D000647
DB00812,D000647
DB00252,D000647
DB00554,D000647
DB00635,D000647
DB01103,D000647
DB00908,D000647
DB01045,D000647
DB00795,D000647
DB00605,D000647
DB00759,D000647
DB00313,D000647
DB00518,D000647
DB00358,D000647
DB00242,D000647
DB00441,D019969
DB00316,D019969
DB01118,D019969
DB00945,D019969
DB00564,D019969
DB01327,D019969
DB01212,D019969
DB00608,D019969
DB00477,D019969
DB00672,D019969
DB00501,D019969
DB00537,D019969
DB00845,D019969
DB00907,D019969
DB00586,D019969
DB00255,D019969
DB00861,D019969
DB00390,D019969
DB01142,D019969
DB00997,D019969
DB00544,D019969
DB00158,D019969
DB00695,D019969
DB01016,D019969
DB01050,D019969
DB00328,D019969
DB01235,D019969
DB00227,D019969
DB00563,D019969
DB00968,D019969
DB00959,D019969
DB00788,D019969
DB01115,D019969
DB03783,D019969
DB01174,D019969
DB00252,D019969
DB00554,D019969
DB00860,D019969
DB00635,D019969
DB01032,D019969
DB01035,D019969
DB04216,D019969
DB00908,D019969
DB00468,D019969
DB00863,D019969
DB00811,D019969
DB01045,D019969
DB00795,D019969
DB00605,D019969
DB00675,D019969
DB00759,D019969
DB01124,D019969
DB00500,D019969
DB00440,D019969
DB00313,D019969
DB00445,D019969
DB00749,D019969
DB00242,D019969
DB01212,D000707
DB00477,D000707
DB00672,D000707
DB00501,D000707
DB00537,D000707
DB00586,D000707
DB00343,D000707
DB00544,D000707
DB00158,D000707
DB00741,D000707
DB01050,D000707
DB01026,D000707
DB01235,D000707
DB00563,D000707
DB00968,D000707
DB00252,D000707
DB00554,D000707
DB00860,D000707
DB00635,D000707
DB01032,D000707
DB01035,D000707
DB00908,D000707
DB00811,D000707
DB00605,D000707
DB00759,D000707
DB00451,D000707
DB00500,D000707
DB00313,D000707
DB01165,D000707
DB00358,D000707
DB00242,D000707
DB00608,D000740
DB01394,D000740
DB00977,D000740
DB00544,D000740
DB00158,D000740
DB00563,D000740
DB00627,D000740
DB00914,D000740
DB01174,D000740
DB00252,D000740
DB00860,D000740
DB00795,D000740
DB00759,D000740
DB00115,D000740
DB00361,D000741
DB01136,D000741
DB01095,D000741
DB00412,D000741
DB01268,D000741
DB00482,D000741
DB01193,D000741
DB00594,D000741
DB01118,D000741
DB00321,D000741
DB00945,D000741
DB00672,D000741
DB00907,D000741
DB00829,D000741
DB00586,D000741
DB00390,D000741
DB00320,D000741
DB00343,D000741
DB00997,D000741
DB00668,D000741
DB00696,D000741
DB00773,D000741
DB00544,D000741
DB00328,D000741
DB01221,D000741
DB00264,D000741
DB01183,D000741
DB00622,D000741
DB01115,D000741
DB01580,D000741
DB00457,D000741
DB00860,D000741
DB00571,D000741
DB01138,D000741
DB00624,D000741
DB00373,D000741
DB00661,D000741
DB00570,D000741
DB00541,D000741
DB00834,D000741
DB01023,D000741
DB00401,D000741
DB01244,D000741
DB00178,D000741
DB00669,D000741
DB01388,D000741
DB00542,D000743
DB00519,D000743
DB00758,D000743
DB00796,D000743
DB00966,D000743
DB00471,D000743
DB00533,D000743
DB00482,D000743
DB00177,D000743
DB00316,D000743
DB01118,D000743
DB00945,D000743
DB01393,D000743
DB00564,D000743
DB00446,D000743
DB00608,D000743
DB00501,D000743
DB00537,D000743
DB00363,D000743
DB00907,D000743
DB01151,D000743
DB00586,D000743
DB00343,D000743
DB01075,D000743
DB00997,D000743
DB00584,D000743
DB00668,D000743
DB01196,D000743
DB00977,D000743
DB00544,D000743
DB00472,D000743
DB00741,D000743
DB01050,D000743
DB00328,D000743
DB01026,D000743
DB01009,D000743
DB00281,D000743
DB00227,D000743
DB00563,D000743
DB00959,D000743
DB00264,D000743
DB01110,D000743
DB00788,D000743
DB00622,D000743
DB01115,D000743
DB00252,D000743
DB00554,D000743
DB00860,D000743
DB00635,D000743
DB01035,D000743
DB00396,D000743
DB00571,D000743
DB00795,D000743
DB00500,D000743
DB00831,D000743
DB00661,D000743
DB00445,D000743
DB00401,D000743
DB00637,D000743
DB00342,D000743
DB00178,D000743
DB00590,D000743
DB00455,D000743
DB00715,D000743
DB01167,D000743
DB00669,D000743
DB00734,D000743
DB00678,D000743
DB00877,D000743
DB00790,D000743
DB00361,D000744
DB00441,D000744
DB00197,D000744
DB01095,D000744
DB01248,D000744
DB00482,D000744
DB01254,D000744
DB00285,D000744
DB00316,D000744
DB00819,D000744
DB00915,D000744
DB01118,D000744
DB00182,D000744
DB00945,D000744
DB01393,D000744
DB01212,D000744
DB01242,D000744
DB00363,D000744
DB01151,D000744
DB01234,D000744
DB00829,D000744
DB00586,D000744
DB00255,D000744
DB00861,D000744
DB00390,D000744
DB00997,D000744
DB00584,D000744
DB00668,D000744
DB00783,D000744
DB00903,D000744
DB00977,D000744
DB00773,D000744
DB00544,D000744
DB00472,D000744
DB00712,D000744
DB00458,D000744
DB00328,D000744
DB01026,D000744
DB00227,D000744
DB01577,D000744
DB00563,D000744
DB00968,D000744
DB00959,D000744
DB00295,D000744
DB00704,D000744
DB01115,D000744
DB00252,D000744
DB00457,D000744
DB00860,D000744
DB00635,D000744
DB01035,D000744
DB00396,D000744
DB00571,D000744
DB00468,D000744
DB00206,D000744
DB01045,D000744
DB00656,D000744
DB00313,D000744
DB00541,D000744
DB00495,D000744
DB00445,D000744
DB01177,D000744
DB01175,D000744
DB00358,D000744
DB01229,D000744
DB00242,D000744
DB00715,D000744
DB01118,D000749
DB00443,D000749
DB00907,D000749
DB00987,D000749
DB00390,D000749
DB00343,D000749
DB00254,D000749
DB01221,D000749
DB00281,D000749
DB00227,D000749
DB00211,D000749
DB01115,D000749
DB00277,D000749
DB00541,D000749
DB01175,D000749
DB01211,D000749
DB00441,D000787
DB00316,D000787
DB00819,D000787
DB00437,D000787
DB00321,D000787
DB00921,D000787
DB00608,D000787
DB00829,D000787
DB00343,D000787
DB00584,D000787
DB00813,D000787
DB00544,D000787
DB00328,D000787
DB01221,D000787
DB00281,D000787
DB00333,D000787
DB00968,D000787
DB00683,D000787
DB00295,D000787
DB01183,D000787
DB00184,D000787
DB01054,D000787
DB00368,D000787
DB01337,D000787
DB01174,D000787
DB01182,D000787
DB00811,D000787
DB00421,D000787
DB00605,D000787
DB00661,D000787
DB00802,D000787
DB00439,D000799
DB00316,D000799
DB00819,D000799
DB00945,D000799
DB01212,D000799
DB00501,D000799
DB01242,D000799
DB00907,D000799
DB01394,D000799
DB00586,D000799
DB00343,D000799
DB00584,D000799
DB00158,D000799
DB04077,D000799
DB00328,D000799
DB00602,D000799
DB00563,D000799
DB00295,D000799
DB01115,D000799
DB00368,D000799
DB00812,D000799
DB00554,D000799
DB01045,D000799
DB00451,D000799
DB01241,D000799
DB00445,D000799
DB00678,D000799
DB00349,D000855
DB01149,D000855
DB00334,D000855
DB00619,D000855
DB01224,D000855
DB00285,D000855
DB01193,D000855
DB00321,D000855
DB00182,D000855
DB00490,D000855
DB00201,D000855
DB00477,D000855
DB00501,D000855
DB00537,D000855
DB00882,D000855
DB01242,D000855
DB00575,D000855
DB00907,D000855
DB01151,D000855
DB01234,D000855
DB00829,D000855
DB00255,D000855
DB00343,D000855
DB01075,D000855
DB01142,D000855
DB00254,D000855
DB00668,D000855
DB00472,D000855
DB00690,D000855
DB00502,D000855
DB00458,D000855
DB00328,D000855
DB00281,D000855
DB00934,D000855
DB01065,D000855
DB01577,D000855
DB00264,D000855
DB00295,D000855
DB00184,D000855
DB00368,D000855
DB01059,D000855
DB00635,D000855
DB00396,D000855
DB00571,D000855
DB04216,D000855
DB00468,D000855
DB00863,D000855
DB00811,D000855
DB00428,D000855
DB00624,D000855
DB00470,D000855
DB00373,D000855
DB00656,D000855
DB00831,D000855
DB00313,D000855
DB00661,D000855
DB00917,D000855
DB01175,D000855
DB00358,D000855
DB00176,D000855
DB01211,D000855
DB00715,D000855
DB00641,D000855
DB01104,D000855
DB00441,D001002
DB00564,D001002
DB00907,D001002
DB00987,D001002
DB01151,D001002
DB01234,D001002
DB00668,D001002
DB00472,D001002
DB00741,D001002
DB00563,D001002
DB00683,D001002
DB00795,D001002
DB00541,D001002
DB00819,D001008
DB00945,D001008
DB00490,D001008
DB00201,D001008
DB01327,D001008
DB00477,D001008
DB00501,D001008
DB00575,D001008
DB00363,D001008
DB00907,D001008
DB00829,D001008
DB00668,D001008
DB00773,D001008
DB00813,D001008
DB00472,D001008
DB00690,D001008
DB01221,D001008
DB00281,D001008
DB00333,D001008
DB00683,D001008
DB00295,D001008
DB01183,D001008
DB01400,D001008
DB00184,D001008
DB01595,D001008
DB01337,D001008
DB01174,D001008
DB01069,D001008
DB00571,D001008
DB00382,D001008
DB00277,D001008
DB00373,D001008
DB00313,D001008
DB00802,D001008
DB00334,D001037
DB00412,D001037
DB00819,D001037
DB00182,D001037
DB01212,D001037
DB00477,D001037
DB01242,D001037
DB00363,D001037
DB00390,D001037
DB00977,D001037
DB00472,D001037
DB00281,D001037
DB00227,D001037
DB00184,D001037
DB01115,D001037
DB00358,D001037
DB00176,D001037
DB00715,D001037
DB01136,D001049
DB01248,D001049
DB00334,D001049
DB01268,D001049
DB00482,D001049
DB01193,D001049
DB00640,D001049
DB01118,D001049
DB00321,D001049
DB00182,D001049
DB00276,D001049
DB00443,D001049
DB01200,D001049
DB00564,D001049
DB00608,D001049
DB00477,D001049
DB00501,D001049
DB00575,D001049
DB00363,D001049
DB00907,D001049
DB01394,D001049
DB00987,D001049
DB00694,D001049
DB01151,D001049
DB01234,D001049
DB00829,D001049
DB01396,D001049
DB00390,D001049
DB00343,D001049
DB00280,D001049
DB00988,D001049
DB01142,D001049
DB00997,D001049
DB00668,D001049
DB00199,D001049
DB00783,D001049
DB00903,D001049
DB00773,D001049
DB00544,D001049
DB00695,D001049
DB01016,D001049
DB00502,D001049
DB00741,D001049
DB01050,D001049
DB00458,D001049
DB01221,D001049
DB01235,D001049
DB00281,D001049
DB00934,D001049
DB00333,D001049
DB01577,D001049
DB00959,D001049
DB00264,D001049
DB01110,D001049
DB01204,D001049
DB00295,D001049
DB00332,D001049
DB01183,D001049
DB00184,D001049
DB01115,D001049
DB00368,D001049
DB01092,D001049
DB01580,D001049
DB01337,D001049
DB00925,D001049
DB00252,D001049
DB01035,D001049
DB00396,D001049
DB01182,D001049
DB00571,D001049
DB00908,D001049
DB00468,D001049
DB00206,D001049
DB00277,D001049
DB00451,D001049
DB00373,D001049
DB00656,D001049
DB00831,D001049
DB00661,D001049
DB00917,D001049
DB01165,D001049
DB01175,D001049
DB00802,D001049
DB01244,D001049
DB00637,D001049
DB00342,D001049
DB00178,D001049
DB01211,D001049
DB00590,D001049
DB00715,D001049
DB01167,D001049
DB00669,D001049
DB01104,D001049
DB00758,D001145
DB00477,D001145
DB00907,D001145
DB00696,D001145
DB00977,D001145
DB00773,D001145
DB00544,D001145
DB01115,D001145
DB00811,D001145
DB00675,D001145
DB00412,D001157
DB00316,D001157
DB00907,D001157
DB00343,D001157
DB00977,D001157
DB00158,D001157
DB01011,D001157
DB00627,D001157
DB00184,D001157
DB01115,D001157
DB00206,D001157
DB01023,D001157
DB00178,D001157
DB01097,D001161
DB00814,D001161
DB00412,D001161
DB00482,D001161
DB00945,D001161
DB00564,D001161
DB00608,D001161
DB00907,D001161
DB00586,D001161
DB01050,D001161
DB00328,D001161
DB00563,D001161
DB00788,D001161
DB00184,D001161
DB00812,D001161
DB00908,D001161
DB01045,D001161
DB00795,D001161
DB00605,D001161
DB00500,D001161
DB00755,D001161
DB01241,D001161
DB00749,D001161
DB01097,D018771
DB00412,D018771
DB00533,D018771
DB00482,D018771
DB00443,D018771
DB01234,D018771
DB00586,D018771
DB00977,D018771
DB00563,D018771
DB00755,D018771
DB00917,D018771
DB01097,D001168
DB00814,D001168
DB00316,D001168
DB00945,D001168
DB00443,D001168
DB00608,D001168
DB01234,D001168
DB00586,D001168
DB00584,D001168
DB00712,D001168
DB00741,D001168
DB00328,D001168
DB01009,D001168
DB00563,D001168
DB00959,D001168
DB00788,D001168
DB00812,D001168
DB00554,D001168
DB00860,D001168
DB00635,D001168
DB01103,D001168
DB00795,D001168
DB00605,D001168
DB00755,D001168
DB00917,D001168
DB00927,D001168
DB01118,D001169
DB00321,D001169
DB00537,D001169
DB00882,D001169
DB00363,D001169
DB00694,D001169
DB00586,D001169
DB01142,D001169
DB00997,D001169
DB00584,D001169
DB00544,D001169
DB00695,D001169
DB00328,D001169
DB01026,D001169
DB00563,D001169
DB00959,D001169
DB00860,D001169
DB00635,D001169
DB00571,D001169
DB00421,D001169
DB01586,D001169
DB00313,D001169
DB00541,D001169
DB00115,D001169
DB00715,D001169
DB00361,D001172
DB00441,D001172
DB01248,D001172
DB00482,D001172
DB01076,D001172
DB00530,D001172
DB01254,D001172
DB00285,D001172
DB00915,D001172
DB00997,D001172
DB00584,D001172
DB00773,D001172
DB00472,D001172
DB00622,D001172
DB00457,D001172
DB00277,D001172
DB00656,D001172
DB00495,D001172
DB00445,D001172
DB00176,D001172
DB01229,D001172
DB00590,D001172
DB00715,D001172
DB00669,D001172
DB00549,D001201
DB00471,D001201
DB00316,D001201
DB00640,D001201
DB00945,D001201
DB00907,D001201
DB01234,D001201
DB00514,D001201
DB00668,D001201
DB00741,D001201
DB01050,D001201
DB01009,D001201
DB00563,D001201
DB00959,D001201
DB00332,D001201
DB00622,D001201
DB01115,D001201
DB01174,D001201
DB00860,D001201
DB00635,D001201
DB00571,D001201
DB00277,D001201
DB00373,D001201
DB00755,D001201
DB00342,D001201
DB00455,D001201
DB00936,D001201
DB00349,D001247
DB00555,D001247
DB00441,D001247
DB00814,D001247
DB00967,D001247
DB01076,D001247
DB01224,D001247
DB00819,D001247
DB00915,D001247
DB01118,D001247
DB00182,D001247
DB00490,D001247
DB00564,D001247
DB00477,D001247
DB00501,D001247
DB00575,D001247
DB00907,D001247
DB01394,D001247
DB00987,D001247
DB01151,D001247
DB01234,D001247
DB00514,D001247
DB00829,D001247
DB00390,D001247
DB00343,D001247
DB01075,D001247
DB00997,D001247
DB00668,D001247
DB00773,D001247
DB00544,D001247
DB00472,D001247
DB00690,D001247
DB00158,D001247
DB00502,D001247
DB00602,D001247
DB01221,D001247
DB00281,D001247
DB01043,D001247
DB00333,D001247
DB00134,D001247
DB00563,D001247
DB00683,D001247
DB00211,D001247
DB00788,D001247
DB00184,D001247
DB01174,D001247
DB00252,D001247
DB00554,D001247
DB00860,D001247
DB00635,D001247
DB01182,D001247
DB00571,D001247
DB00755,D001247
DB00313,D001247
DB00661,D001247
DB00541,D001247
DB01229,D001247
DB01211,D001247
DB00734,D001247
DB00678,D001247
DB00641,D001247
DB00334,D001249
DB01212,D001249
DB00477,D001249
DB00907,D001249
DB00829,D001249
DB01075,D001249
DB01577,D001249
DB00968,D001249
DB00683,D001249
DB01174,D001249
DB00252,D001249
DB00541,D001249
DB00361,D001259
DB01136,D001259
DB00542,D001259
DB00758,D001259
DB00441,D001259
DB01248,D001259
DB00334,D001259
DB00966,D001259
DB00203,D001259
DB00177,D001259
DB00285,D001259
DB00316,D001259
DB03128,D001259
DB01118,D001259
DB00945,D001259
DB01200,D001259
DB00921,D001259
DB00201,D001259
DB00477,D001259
DB00501,D001259
DB00537,D001259
DB00907,D001259
DB01396,D001259
DB00390,D001259
DB00343,D001259
DB00280,D001259
DB00997,D001259
DB00668,D001259
DB00199,D001259
DB00813,D001259
DB00544,D001259
DB00472,D001259
DB00695,D001259
DB01050,D001259
DB00281,D001259
DB00959,D001259
DB00264,D001259
DB00683,D001259
DB01204,D001259
DB00295,D001259
DB01183,D001259
DB00184,D001259
DB01115,D001259
DB01092,D001259
DB01035,D001259
DB01182,D001259
DB00571,D001259
DB00908,D001259
DB00421,D001259
DB00451,D001259
DB00373,D001259
DB00656,D001259
DB00661,D001259
DB01175,D001259
DB01244,D001259
DB01229,D001259
DB01211,D001259
DB00669,D001259
DB00641,D001259
DB00361,D050197
DB01136,D050197
DB00441,D050197
DB00640,D050197
DB01118,D050197
DB00201,D050197
DB00907,D050197
DB01396,D050197
DB00390,D050197
DB00343,D050197
DB00280,D050197
DB00934,D050197
DB00959,D050197
DB00264,D050197
DB00252,D050197
DB01035,D050197
DB01182,D050197
DB00571,D050197
DB00908,D050197
DB00863,D050197
DB00661,D050197
DB01244,D050197
DB00358,D050197
DB01268,D001264
DB01261,D001264
DB01076,D001264
DB00819,D001264
DB00182,D001264
DB01435,D001264
DB00945,D001264
DB00477,D001264
DB00672,D001264
DB00907,D001264
DB00987,D001264
DB01234,D001264
DB00783,D001264
DB00158,D001264
DB00741,D001264
DB00563,D001264
DB00295,D001264
DB00788,D001264
DB03783,D001264
DB00914,D001264
DB01124,D001264
DB00313,D001264
DB00115,D001264
DB00285,D001281
DB00182,D001281
DB00201,D001281
DB00564,D001281
DB00477,D001281
DB00575,D001281
DB00907,D001281
DB01151,D001281
DB00514,D001281
DB00458,D001281
DB01065,D001281
DB01577,D001281
DB00184,D001281
DB01037,D001281
DB01175,D001281
DB00734,D001281
DB01104,D001281
DB01132,D001282
DB00334,D001282
DB00316,D001282
DB00640,D001282
DB00915,D001282
DB00490,D001282
DB00122,D001282
DB01242,D001282
DB00575,D001282
DB00390,D001282
DB00472,D001282
DB00158,D001282
DB00502,D001282
DB01065,D001282
DB01043,D001282
DB00134,D001282
DB00704,D001282
DB00368,D001282
DB00571,D001282
DB00421,D001282
DB00313,D001282
DB00115,D001282
DB01175,D001282
DB00176,D001282
DB04557,D001282
DB00734,D001282
DB00877,D001282
DB01104,D001282
DB01118,D054537
DB00477,D054537
DB00907,D054537
DB00390,D054537
DB00563,D054537
DB00860,D054537
DB01035,D054537
DB04216,D054537
DB00908,D054537
DB00795,D054537
DB00361,D001284
DB01136,D001284
DB00441,D001284
DB00285,D001284
DB00321,D001284
DB00477,D001284
DB00575,D001284
DB00363,D001284
DB00907,D001284
DB01234,D001284
DB00741,D001284
DB01235,D001284
DB00683,D001284
DB01174,D001284
DB00457,D001284
DB00571,D001284
DB00811,D001284
DB00570,D001284
DB00541,D001284
DB01175,D001284
DB00734,D001284
DB00555,D001289
DB01118,D001289
DB00321,D001289
DB00945,D001289
DB01393,D001289
DB00694,D001289
DB00254,D001289
DB00668,D001289
DB01050,D001289
DB01235,D001289
DB00281,D001289
DB00333,D001289
DB00563,D001289
DB00295,D001289
DB00788,D001289
DB00661,D001289
DB01241,D001289
DB01229,D001289
DB00749,D001289
DB01095,D001321
DB00966,D001321
DB01212,D001321
DB00537,D001321
DB00987,D001321
DB00586,D001321
DB01221,D001321
DB00563,D001321
DB00959,D001321
DB01204,D001321
DB00788,D001321
DB00811,D001321
DB00749,D001321
DB00678,D001321
DB00555,D001327
DB01149,D001327
DB00334,D001327
DB01224,D001327
DB00285,D001327
DB00915,D001327
DB01118,D001327
DB00321,D001327
DB00945,D001327
DB00810,D001327
DB01200,D001327
DB00490,D001327
DB00201,D001327
DB00564,D001327
DB00608,D001327
DB00477,D001327
DB00501,D001327
DB00363,D001327
DB00907,D001327
DB01151,D001327
DB00829,D001327
DB01075,D001327
DB01184,D001327
DB00988,D001327
DB00472,D001327
DB00875,D001327
DB00623,D001327
DB00502,D001327
DB00458,D001327
DB01235,D001327
DB01577,D001327
DB00683,D001327
DB00295,D001327
DB01115,D001327
DB00252,D001327
DB01100,D001327
DB00635,D001327
DB00571,D001327
DB01623,D001327
DB00831,D001327
DB00313,D001327
DB00176,D001327
DB00715,D001327
DB00734,D001327
DB01104,D001327
DB01132,D001342
DB00334,D001342
DB01224,D001342
DB00285,D001342
DB00316,D001342
DB01118,D001342
DB00321,D001342
DB00182,D001342
DB01200,D001342
DB00564,D001342
DB00477,D001342
DB00501,D001342
DB01242,D001342
DB00575,D001342
DB00363,D001342
DB00907,D001342
DB00987,D001342
DB01151,D001342
DB00514,D001342
DB00829,D001342
DB00390,D001342
DB01142,D001342
DB00696,D001342
DB00472,D001342
DB00875,D001342
DB00623,D001342
DB00502,D001342
DB00741,D001342
DB00458,D001342
DB00328,D001342
DB01221,D001342
DB01026,D001342
DB01235,D001342
DB00281,D001342
DB00934,D001342
DB00371,D001342
DB01577,D001342
DB00968,D001342
DB00683,D001342
DB01337,D001342
DB01174,D001342
DB00252,D001342
DB01100,D001342
DB00860,D001342
DB00635,D001342
DB00396,D001342
DB00571,D001342
DB00206,D001342
DB00811,D001342
DB00624,D001342
DB01623,D001342
DB00373,D001342
DB00656,D001342
DB00726,D001342
DB00313,D001342
DB01175,D001342
DB00927,D001342
DB00358,D001342
DB00176,D001342
DB00715,D001342
DB00669,D001342
DB00734,D001342
DB01104,D001342
DB00316,D053099
DB00921,D053099
DB00564,D053099
DB00477,D053099
DB00672,D053099
DB00537,D053099
DB01050,D053099
DB00333,D053099
DB00959,D053099
DB01586,D053099
DB00555,D001416
DB01149,D001416
DB00334,D001416
DB01224,D001416
DB00285,D001416
DB00437,D001416
DB00915,D001416
DB00321,D001416
DB00182,D001416
DB00810,D001416
DB01200,D001416
DB00490,D001416
DB00201,D001416
DB00564,D001416
DB00608,D001416
DB00477,D001416
DB00537,D001416
DB01242,D001416
DB00363,D001416
DB00907,D001416
DB01151,D001416
DB01234,D001416
DB00514,D001416
DB00829,D001416
DB00343,D001416
DB01142,D001416
DB00199,D001416
DB00472,D001416
DB00875,D001416
DB00623,D001416
DB00158,D001416
DB00502,D001416
DB00741,D001416
DB00458,D001416
DB00328,D001416
DB01235,D001416
DB00281,D001416
DB00934,D001416
DB01065,D001416
DB01577,D001416
DB00959,D001416
DB00295,D001416
DB01183,D001416
DB00184,D001416
DB01092,D001416
DB00252,D001416
DB00860,D001416
DB00635,D001416
DB01035,D001416
DB01069,D001416
DB00571,D001416
DB00344,D001416
DB00863,D001416
DB00206,D001416
DB00811,D001416
DB01037,D001416
DB00470,D001416
DB01623,D001416
DB00500,D001416
DB00656,D001416
DB00831,D001416
DB00726,D001416
DB00313,D001416
DB00661,D001416
DB00495,D001416
DB01165,D001416
DB01175,D001416
DB00927,D001416
DB00358,D001416
DB00176,D001416
DB01211,D001416
DB00715,D001416
DB00734,D001416
DB01104,D001416
DB00790,D001416
DB01212,D001424
DB00997,D001424
DB00813,D001424
DB00544,D001424
DB00328,D001424
DB01221,D001424
DB01235,D001424
DB01065,D001424
DB01204,D001424
DB00184,D001424
DB01174,D001424
DB00428,D001424
DB00675,D001424
DB00541,D001424
DB00445,D001424
DB00641,D001424
DB00441,D001480
DB01132,D001480
DB01248,D001480
DB00317,D001480
DB01076,D001480
DB00316,D001480
DB00437,D001480
DB01435,D001480
DB00945,D001480
DB01327,D001480
DB00537,D001480
DB00829,D001480
DB00255,D001480
DB00997,D001480
DB00977,D001480
DB00773,D001480
DB00544,D001480
DB00328,D001480
DB00563,D001480
DB01204,D001480
DB03783,D001480
DB01174,D001480
DB00925,D001480
DB00812,D001480
DB00554,D001480
DB00860,D001480
DB00635,D001480
DB04216,D001480
DB00675,D001480
DB00570,D001480
DB00541,D001480
DB00445,D001480
DB01229,D001480
DB00334,D001649
DB00321,D001649
DB01151,D001649
DB00668,D001649
DB00502,D001649
DB00458,D001649
DB00281,D001649
DB00934,D001649
DB01183,D001649
DB01400,D001649
DB00252,D001649
DB00457,D001649
DB00206,D001649
DB00811,D001649
DB00541,D001649
DB00715,D001649
DB00734,D001649
DB00441,D001714
DB01118,D001714
DB00443,D001714
DB00201,D001714
DB00608,D001714
DB00477,D001714
DB00537,D001714
DB00907,D001714
DB00987,D001714
DB01234,D001714
DB00741,D001714
DB01221,D001714
DB00281,D001714
DB00333,D001714
DB00563,D001714
DB00959,D001714
DB00368,D001714
DB00914,D001714
DB00468,D001714
DB01045,D001714
DB00541,D001714
DB00242,D001714
DB00555,D001763
DB01118,D001763
DB00945,D001763
DB00564,D001763
DB00477,D001763
DB00255,D001763
DB00584,D001763
DB01174,D001763
DB01035,D001763
DB00755,D001763
DB00313,D001763
DB01268,D001766
DB00907,D001766
DB00694,D001766
DB00695,D001766
DB00563,D001766
DB01174,D001766
DB00252,D001766
DB00635,D001766
DB00428,D001766
DB00675,D001766
DB00734,D001766
DB00441,D001778
DB01268,D001778
DB00437,D001778
DB00276,D001778
DB00564,D001778
DB00446,D001778
DB00537,D001778
DB01394,D001778
DB00987,D001778
DB00694,D001778
DB01234,D001778
DB00997,D001778
DB00783,D001778
DB01196,D001778
DB00773,D001778
DB00544,D001778
DB00563,D001778
DB00968,D001778
DB00914,D001778
DB00795,D001778
DB00755,D001778
DB00313,D001778
DB00495,D001778
DB00445,D001778
DB01229,D001778
DB00242,D001778
DB01136,D001847
DB01149,D001847
DB00334,D001847
DB00533,D001847
DB01193,D001847
DB00316,D001847
DB03128,D001847
DB00640,D001847
DB01118,D001847
DB00321,D001847
DB00182,D001847
DB00810,D001847
DB01200,D001847
DB00887,D001847
DB00490,D001847
DB00564,D001847
DB00446,D001847
DB00477,D001847
DB00501,D001847
DB00537,D001847
DB01242,D001847
DB00575,D001847
DB00363,D001847
DB00907,D001847
DB00987,D001847
DB01151,D001847
DB01234,D001847
DB00829,D001847
DB00586,D001847
DB01396,D001847
DB00390,D001847
DB00343,D001847
DB01075,D001847
DB00280,D001847
DB01184,D001847
DB01142,D001847
DB00997,D001847
DB00584,D001847
DB00668,D001847
DB00199,D001847
DB00813,D001847
DB00544,D001847
DB00472,D001847
DB00502,D001847
DB00328,D001847
DB01221,D001847
DB01235,D001847
DB00281,D001847
DB01065,D001847
DB01043,D001847
DB00333,D001847
DB00563,D001847
DB00968,D001847
DB00959,D001847
DB00264,D001847
DB00683,D001847
DB00211,D001847
DB01204,D001847
DB00295,D001847
DB01183,D001847
DB00704,D001847
DB01400,D001847
DB00622,D001847
DB00184,D001847
DB01115,D001847
DB00368,D001847
DB01092,D001847
DB01337,D001847
DB00252,D001847
DB01100,D001847
DB00457,D001847
DB01035,D001847
DB01069,D001847
DB01182,D001847
DB00571,D001847
DB00908,D001847
DB00468,D001847
DB00863,D001847
DB00206,D001847
DB00811,D001847
DB00421,D001847
DB00428,D001847
DB00382,D001847
DB00675,D001847
DB00470,D001847
DB00373,D001847
DB00755,D001847
DB00661,D001847
DB00570,D001847
DB00917,D001847
DB01175,D001847
DB00834,D001847
DB00802,D001847
DB01244,D001847
DB00342,D001847
DB00176,D001847
DB04557,D001847
DB01229,D001847
DB01211,D001847
DB00715,D001847
DB01167,D001847
DB00669,D001847
DB00734,D001847
DB00678,D001847
DB01388,D001847
DB01248,D001855
DB00533,D001855
DB00316,D001855
DB00437,D001855
DB01118,D001855
DB00321,D001855
DB00182,D001855
DB00945,D001855
DB00564,D001855
DB01212,D001855
DB00608,D001855
DB00537,D001855
DB00907,D001855
DB01394,D001855
DB00987,D001855
DB01234,D001855
DB00829,D001855
DB00586,D001855
DB00390,D001855
DB00320,D001855
DB00997,D001855
DB00783,D001855
DB00813,D001855
DB00544,D001855
DB00472,D001855
DB00875,D001855
DB00158,D001855
DB00695,D001855
DB00502,D001855
DB00741,D001855
DB01050,D001855
DB00328,D001855
DB01221,D001855
DB01235,D001855
DB01065,D001855
DB01577,D001855
DB00563,D001855
DB00959,D001855
DB00683,D001855
DB00295,D001855
DB01183,D001855
DB00184,D001855
DB01092,D001855
DB01174,D001855
DB00252,D001855
DB01045,D001855
DB00795,D001855
DB00605,D001855
DB00277,D001855
DB00755,D001855
DB00313,D001855
DB00541,D001855
DB00358,D001855
DB00176,D001855
DB01229,D001855
DB00877,D001855
DB00945,D001919
DB01393,D001919
DB00672,D001919
DB00343,D001919
DB00959,D001919
DB00914,D001919
DB00428,D001919
DB01124,D001919
DB00313,D001919
DB00115,D001919
DB00412,D001927
DB00316,D001927
DB00819,D001927
DB00945,D001927
DB01200,D001927
DB00201,D001927
DB00477,D001927
DB00907,D001927
DB00987,D001927
DB00694,D001927
DB01234,D001927
DB00829,D001927
DB00584,D001927
DB00696,D001927
DB00502,D001927
DB00741,D001927
DB00328,D001927
DB01065,D001927
DB00333,D001927
DB00563,D001927
DB00968,D001927
DB00184,D001927
DB01092,D001927
DB00252,D001927
DB00470,D001927
DB00755,D001927
DB00313,D001927
DB01229,D001927
DB00641,D001927
DB01104,D001927
DB01132,D001928
DB00412,D001928
DB01076,D001928
DB00915,D001928
DB00182,D001928
DB01200,D001928
DB00201,D001928
DB00363,D001928
DB00907,D001928
DB01394,D001928
DB00987,D001928
DB01234,D001928
DB00829,D001928
DB00255,D001928
DB00584,D001928
DB00783,D001928
DB00328,D001928
DB01221,D001928
DB01235,D001928
DB00281,D001928
DB00227,D001928
DB01065,D001928
DB01577,D001928
DB00959,D001928
DB01183,D001928
DB00184,D001928
DB01092,D001928
DB01174,D001928
DB00396,D001928
DB01037,D001928
DB00382,D001928
DB00277,D001928
DB00313,D001928
DB00541,D001928
DB00917,D001928
DB00641,D001928
DB00945,D001929
DB00257,D001929
DB00987,D001929
DB00694,D001929
DB01234,D001929
DB00255,D001929
DB00997,D001929
DB00773,D001929
DB00328,D001929
DB00563,D001929
DB00541,D001929
DB01229,D001929
DB00361,D020520
DB00441,D020520
DB01248,D020520
DB00412,D020520
DB00523,D020520
DB00317,D020520
DB00398,D020520
DB00482,D020520
DB00619,D020520
DB01254,D020520
DB00276,D020520
DB00945,D020520
DB00201,D020520
DB00564,D020520
DB00608,D020520
DB00882,D020520
DB00987,D020520
DB01234,D020520
DB00255,D020520
DB00343,D020520
DB00997,D020520
DB00254,D020520
DB00783,D020520
DB00286,D020520
DB00773,D020520
DB00544,D020520
DB00158,D020520
DB00741,D020520
DB00328,D020520
DB00563,D020520
DB01204,D020520
DB00627,D020520
DB00184,D020520
DB00860,D020520
DB00635,D020520
DB00396,D020520
DB04216,D020520
DB00468,D020520
DB00863,D020520
DB00206,D020520
DB00140,D020520
DB00795,D020520
DB00605,D020520
DB00675,D020520
DB00624,D020520
DB00755,D020520
DB00661,D020520
DB00570,D020520
DB00541,D020520
DB00495,D020520
DB00917,D020520
DB00445,D020520
DB00927,D020520
DB01229,D020520
DB00539,D020520
DB01645,D020520
DB00640,D001930
DB00945,D001930
DB01114,D001930
DB00907,D001930
DB01151,D001930
DB00668,D001930
DB00773,D001930
DB00571,D001930
DB00277,D001930
DB00373,D001930
DB00115,D001930
DB01229,D001930
DB00441,D002545
DB00203,D002545
DB01118,D002545
DB00321,D002545
DB00564,D002545
DB00608,D002545
DB00477,D002545
DB00363,D002545
DB00907,D002545
DB01151,D002545
DB01396,D002545
DB00390,D002545
DB00343,D002545
DB00280,D002545
DB00199,D002545
DB00544,D002545
DB00458,D002545
DB00281,D002545
DB00563,D002545
DB00368,D002545
DB01035,D002545
DB01182,D002545
DB01229,D002545
DB00987,D001932
DB00694,D001932
DB01234,D001932
DB00997,D001932
DB00773,D001932
DB00741,D001932
DB00563,D001932
DB00860,D001932
DB00635,D001932
DB00541,D001932
DB00361,D001943
DB00542,D001943
DB00441,D001943
DB01132,D001943
DB01435,D001943
DB00945,D001943
DB00987,D001943
DB00255,D001943
DB00997,D001943
DB00773,D001943
DB00544,D001943
DB00563,D001943
DB01204,D001943
DB01174,D001943
DB00812,D001943
DB00635,D001943
DB00675,D001943
DB00570,D001943
DB00541,D001943
DB00917,D001943
DB00834,D001943
DB00927,D001943
DB01229,D001943
DB00877,D001943
DB00361,D001986
DB00441,D001986
DB00197,D001986
DB01248,D001986
DB00317,D001986
DB00530,D001986
DB00945,D001986
DB00586,D001986
DB01396,D001986
DB00773,D001986
DB00544,D001986
DB00563,D001986
DB00184,D001986
DB00313,D001986
DB00570,D001986
DB00445,D001986
DB01229,D001986
DB00441,D002037
DB00398,D002037
DB01268,D002037
DB00482,D002037
DB00316,D002037
DB00945,D002037
DB00255,D002037
DB00997,D002037
DB00773,D002037
DB00544,D002037
DB00158,D002037
DB00328,D002037
DB03783,D002037
DB00428,D002037
DB00675,D002037
DB00661,D002037
DB00570,D002037
DB00541,D002037
DB00539,D002037
DB00361,D002051
DB00441,D002051
DB01248,D002051
DB00482,D002051
DB00530,D002051
DB00201,D002051
DB00255,D002051
DB00997,D002051
DB00544,D002051
DB00328,D002051
DB00563,D002051
DB00184,D002051
DB00755,D002051
DB00541,D002051
DB01229,D002051
DB00877,D002051
DB00441,D002277
DB01248,D002277
DB00317,D002277
DB00437,D002277
DB00594,D002277
DB00945,D002277
DB00201,D002277
DB01327,D002277
DB00537,D002277
DB00829,D002277
DB00997,D002277
DB00563,D002277
DB01204,D002277
DB03783,D002277
DB01174,D002277
DB00860,D002277
DB00635,D002277
DB00795,D002277
DB00675,D002277
DB00570,D002277
DB00541,D002277
DB01229,D002277
DB00988,D006528
DB00997,D006528
DB00668,D006528
DB00813,D006528
DB00695,D006528
DB00211,D006528
DB00368,D006528
DB01092,D006528
DB01035,D006528
DB00571,D006528
DB00661,D006528
DB01136,D002289
DB00542,D002289
DB01118,D002289
DB00321,D002289
DB00182,D002289
DB01200,D002289
DB01212,D002289
DB00363,D002289
DB00907,D002289
DB00390,D002289
DB00997,D002289
DB00584,D002289
DB00668,D002289
DB00695,D002289
DB00458,D002289
DB01577,D002289
DB00264,D002289
DB00295,D002289
DB01115,D002289
DB00635,D002289
DB00811,D002289
DB00421,D002289
DB00428,D002289
DB00755,D002289
DB00495,D002289
DB00445,D002289
DB01177,D002289
DB00178,D002289
DB00678,D002289
DB01136,D002292
DB00796,D002292
DB00412,D002292
DB01118,D002292
DB00443,D002292
DB00608,D002292
DB01234,D002292
DB00343,D002292
DB00280,D002292
DB00997,D002292
DB00783,D002292
DB00968,D002292
DB00959,D002292
DB00264,D002292
DB00332,D002292
DB01115,D002292
DB00860,D002292
DB00571,D002292
DB04216,D002292
DB00428,D002292
DB01138,D002292
DB00661,D002292
DB00178,D002292
DB00678,D002292
DB00361,D002294
DB00758,D002294
DB01095,D002294
DB00334,D002294
DB00412,D002294
DB00533,D002294
DB01268,D002294
DB00482,D002294
DB00177,D002294
DB01076,D002294
DB00316,D002294
DB00915,D002294
DB01118,D002294
DB00321,D002294
DB00945,D002294
DB01393,D002294
DB01200,D002294
DB00201,D002294
DB01242,D002294
DB00363,D002294
DB00907,D002294
DB00586,D002294
DB00255,D002294
DB01396,D002294
DB00390,D002294
DB00343,D002294
DB00997,D002294
DB00584,D002294
DB00668,D002294
DB01196,D002294
DB00977,D002294
DB00544,D002294
DB00472,D002294
DB00158,D002294
DB00695,D002294
DB00458,D002294
DB00328,D002294
DB00602,D002294
DB01221,D002294
DB01026,D002294
DB00281,D002294
DB01065,D002294
DB01577,D002294
DB00563,D002294
DB00264,D002294
DB01110,D002294
DB00683,D002294
DB00332,D002294
DB00627,D002294
DB00622,D002294
DB00184,D002294
DB01115,D002294
DB00914,D002294
DB00457,D002294
DB00396,D002294
DB00421,D002294
DB00675,D002294
DB00624,D002294
DB00277,D002294
DB00373,D002294
DB01124,D002294
DB00656,D002294
DB00495,D002294
DB01241,D002294
DB00401,D002294
DB00342,D002294
DB04557,D002294
DB00175,D002294
DB00669,D002294
DB00734,D002294
DB01645,D002294
DB00334,D002295
DB01224,D002295
DB00316,D002295
DB03128,D002295
DB00915,D002295
DB01118,D002295
DB00321,D002295
DB00945,D002295
DB00810,D002295
DB01200,D002295
DB00490,D002295
DB00201,D002295
DB00608,D002295
DB00477,D002295
DB01242,D002295
DB00575,D002295
DB00363,D002295
DB00907,D002295
DB01151,D002295
DB00514,D002295
DB00829,D002295
DB00343,D002295
DB01075,D002295
DB01184,D002295
DB00988,D002295
DB00783,D002295
DB00813,D002295
DB00472,D002295
DB00623,D002295
DB00502,D002295
DB00741,D002295
DB01050,D002295
DB00458,D002295
DB00328,D002295
DB01221,D002295
DB01026,D002295
DB01235,D002295
DB00934,D002295
DB01065,D002295
DB01043,D002295
DB00333,D002295
DB01577,D002295
DB00683,D002295
DB00295,D002295
DB01183,D002295
DB00704,D002295
DB00788,D002295
DB00184,D002295
DB01115,D002295
DB01595,D002295
DB01054,D002295
DB00368,D002295
DB01580,D002295
DB00252,D002295
DB01100,D002295
DB00396,D002295
DB01069,D002295
DB00571,D002295
DB00344,D002295
DB04216,D002295
DB00206,D002295
DB01037,D002295
DB00605,D002295
DB00624,D002295
DB00470,D002295
DB00277,D002295
DB01623,D002295
DB00656,D002295
DB00755,D002295
DB00831,D002295
DB00661,D002295
DB00917,D002295
DB00734,D002295
DB00285,D002303
DB00321,D002303
DB00182,D002303
DB01242,D002303
DB00575,D002303
DB00363,D002303
DB00472,D002303
DB00502,D002303
DB01100,D002303
DB00457,D002303
DB00344,D002303
DB00316,D006332
DB01118,D006332
DB00997,D006332
DB00158,D006332
DB01065,D006332
DB01577,D006332
DB00959,D006332
DB00627,D006332
DB00635,D006332
DB00811,D006332
DB00140,D006332
DB00428,D006332
DB00675,D006332
DB00755,D006332
DB00115,D006332
DB00641,D006332
DB00334,D009202
DB00533,D009202
DB00482,D009202
DB00640,D009202
DB00915,D009202
DB01200,D009202
DB00490,D009202
DB00201,D009202
DB00564,D009202
DB00477,D009202
DB00501,D009202
DB00882,D009202
DB00575,D009202
DB00363,D009202
DB00907,D009202
DB00829,D009202
DB01075,D009202
DB00988,D009202
DB00472,D009202
DB00623,D009202
DB00502,D009202
DB01221,D009202
DB01235,D009202
DB00934,D009202
DB01065,D009202
DB00295,D009202
DB01183,D009202
DB00788,D009202
DB00860,D009202
DB00635,D009202
DB01032,D009202
DB00206,D009202
DB01037,D009202
DB01623,D009202
DB00831,D009202
DB00313,D009202
DB01165,D009202
DB00802,D009202
DB00734,D009202
DB01104,D009202
DB01095,D002311
DB01248,D002311
DB00412,D002311
DB00987,D002311
DB00694,D002311
DB00997,D002311
DB00783,D002311
DB00655,D002311
DB01174,D002311
DB00635,D002311
DB04216,D002311
DB00917,D002311
DB00242,D002311
DB00361,D002312
DB00915,D002312
DB01118,D002312
DB01393,D002312
DB00564,D002312
DB00501,D002312
DB00537,D002312
DB00907,D002312
DB00987,D002312
DB00694,D002312
DB01075,D002312
DB01184,D002312
DB00988,D002312
DB00997,D002312
DB00813,D002312
DB00690,D002312
DB00458,D002312
DB00328,D002312
DB01009,D002312
DB00281,D002312
DB00227,D002312
DB01065,D002312
DB00333,D002312
DB01577,D002312
DB00563,D002312
DB00264,D002312
DB00683,D002312
DB01174,D002312
DB00252,D002312
DB00396,D002312
DB00908,D002312
DB00206,D002312
DB00795,D002312
DB00373,D002312
DB00755,D002312
DB00313,D002312
DB00541,D002312
DB00115,D002312
DB01165,D002312
DB00927,D002312
DB01229,D002312
DB01211,D002312
DB01248,D066126
DB00819,D066126
DB00915,D066126
DB01118,D066126
DB00945,D066126
DB00490,D066126
DB00564,D066126
DB00987,D066126
DB00544,D066126
DB00158,D066126
DB00281,D066126
DB00934,D066126
DB01595,D066126
DB00252,D066126
DB01035,D066126
DB00571,D066126
DB00675,D066126
DB01118,D002318
DB00321,D002318
DB00564,D002318
DB00477,D002318
DB00501,D002318
DB00907,D002318
DB00987,D002318
DB00694,D002318
DB00829,D002318
DB00390,D002318
DB00544,D002318
DB00502,D002318
DB00563,D002318
DB01115,D002318
DB00252,D002318
DB00675,D002318
DB00755,D002318
DB00313,D002318
DB00661,D002318
DB00541,D002318
DB00758,D002375
DB00482,D002375
DB00203,D002375
DB01076,D002375
DB00819,D002375
DB00321,D002375
DB00182,D002375
DB00945,D002375
DB01200,D002375
DB00201,D002375
DB00446,D002375
DB00907,D002375
DB00987,D002375
DB00694,D002375
DB01234,D002375
DB00829,D002375
DB00668,D002375
DB00783,D002375
DB00472,D002375
DB00695,D002375
DB01050,D002375
DB00328,D002375
DB01577,D002375
DB00563,D002375
DB00959,D002375
DB01204,D002375
DB00622,D002375
DB00184,D002375
DB00368,D002375
DB01174,D002375
DB00396,D002375
DB00811,D002375
DB00675,D002375
DB00277,D002375
DB00755,D002375
DB00541,D002375
DB01175,D002375
DB01248,D002385
DB01118,D002385
DB00182,D002385
DB00945,D002385
DB01200,D002385
DB00907,D002385
DB01234,D002385
DB00320,D002385
DB00997,D002385
DB00584,D002385
DB00668,D002385
DB00696,D002385
DB00783,D002385
DB00977,D002385
DB00544,D002385
DB00695,D002385
DB01577,D002385
DB00563,D002385
DB00968,D002385
DB01115,D002385
DB00252,D002385
DB00396,D002385
DB01045,D002385
DB00470,D002385
DB00669,D002385
DB00758,D002386
DB00796,D002386
DB00966,D002386
DB00412,D002386
DB00533,D002386
DB00640,D002386
DB00182,D002386
DB00945,D002386
DB01212,D002386
DB00907,D002386
DB00584,D002386
DB00668,D002386
DB01196,D002386
DB00977,D002386
DB00544,D002386
DB01050,D002386
DB00328,D002386
DB01221,D002386
DB00281,D002386
DB01065,D002386
DB01577,D002386
DB00295,D002386
DB01183,D002386
DB00622,D002386
DB01115,D002386
DB00368,D002386
DB01138,D002386
DB00675,D002386
DB00624,D002386
DB00641,D002386
DB00758,D002389
DB00412,D002389
DB00945,D002389
DB00907,D002389
DB00255,D002389
DB00696,D002389
DB00472,D002389
DB00281,D002389
DB00563,D002389
DB00627,D002389
DB01115,D002389
DB04216,D002389
DB00373,D002389
DB00715,D002389
DB00641,D002389
DB00334,D002471
DB01224,D002471
DB00945,D002471
DB01200,D002471
DB00575,D002471
DB00907,D002471
DB00333,D002471
DB01577,D002471
DB00959,D002471
DB00184,D002471
DB01115,D002471
DB00635,D002471
DB00396,D002471
DB00811,D002471
DB00624,D002471
DB00175,D002471
DB00669,D002471
DB00734,D002471
DB00441,D002493
DB00482,D002493
DB00255,D002493
DB00997,D002493
DB00544,D002493
DB00563,D002493
DB00675,D002493
DB00755,D002493
DB00313,D002493
DB00541,D002493
DB00445,D002493
DB01229,D002493
DB00441,D002524
DB00533,D002524
DB00203,D002524
DB03128,D002524
DB00640,D002524
DB00182,D002524
DB00945,D002524
DB00564,D002524
DB00537,D002524
DB00363,D002524
DB00907,D002524
DB00987,D002524
DB00694,D002524
DB00829,D002524
DB00586,D002524
DB00255,D002524
DB00254,D002524
DB00668,D002524
DB00696,D002524
DB00813,D002524
DB00544,D002524
DB00712,D002524
DB00281,D002524
DB01577,D002524
DB00264,D002524
DB00295,D002524
DB00622,D002524
DB00184,D002524
DB01115,D002524
DB00457,D002524
DB01035,D002524
DB00571,D002524
DB00468,D002524
DB00863,D002524
DB00759,D002524
DB00277,D002524
DB00656,D002524
DB00755,D002524
DB00661,D002524
DB00570,D002524
DB00495,D002524
DB01177,D002524
DB00802,D002524
DB01229,D002524
DB00669,D002524
DB00555,D002526
DB00334,D002526
DB00182,D002526
DB00564,D002526
DB00477,D002526
DB00907,D002526
DB00514,D002526
DB00502,D002526
DB00458,D002526
DB00333,D002526
DB01174,D002526
DB00860,D002526
DB00635,D002526
DB00277,D002526
DB00313,D002526
DB00176,D002526
DB00734,D002526
DB00334,D002543
DB00182,D002543
DB00921,D002543
DB00122,D002543
DB00907,D002543
DB01234,D002543
DB01043,D002543
DB00333,D002543
DB00563,D002543
DB00252,D002543
DB00206,D002543
DB00313,D002543
DB00495,D002543
DB01076,D002544
DB01118,D002544
DB00564,D002544
DB00477,D002544
DB01234,D002544
DB01050,D002544
DB00788,D002544
DB01174,D002544
DB00795,D002544
DB00605,D002544
DB01586,D002544
DB00482,D002561
DB01076,D002561
DB01212,D002561
DB00987,D002561
DB00286,D002561
DB01016,D002561
DB00295,D002561
DB01183,D002561
DB00635,D002561
DB00396,D002561
DB01045,D002561
DB00605,D002561
DB01586,D002561
DB01241,D002561
DB00758,D056486
DB00197,D056486
DB00439,D056486
DB00533,D056486
DB00967,D056486
DB00482,D056486
DB01076,D056486
DB01224,D056486
DB00285,D056486
DB00316,D056486
DB01118,D056486
DB00321,D056486
DB00945,D056486
DB01393,D056486
DB00564,D056486
DB01212,D056486
DB00477,D056486
DB00672,D056486
DB00501,D056486
DB00537,D056486
DB00257,D056486
DB00363,D056486
DB01394,D056486
DB00987,D056486
DB00694,D056486
DB00514,D056486
DB00586,D056486
DB00280,D056486
DB00997,D056486
DB00584,D056486
DB00199,D056486
DB00783,D056486
DB00977,D056486
DB00712,D056486
DB01016,D056486
DB01050,D056486
DB00458,D056486
DB00328,D056486
DB01026,D056486
DB00227,D056486
DB01065,D056486
DB01043,D056486
DB01577,D056486
DB00563,D056486
DB00968,D056486
DB00959,D056486
DB01204,D056486
DB00295,D056486
DB00627,D056486
DB01059,D056486
DB01174,D056486
DB00812,D056486
DB00252,D056486
DB00554,D056486
DB00860,D056486
DB00635,D056486
DB00396,D056486
DB01182,D056486
DB00908,D056486
DB00863,D056486
DB01045,D056486
DB00795,D056486
DB00605,D056486
DB00675,D056486
DB00759,D056486
DB00656,D056486
DB01586,D056486
DB00313,D056486
DB00661,D056486
DB01165,D056486
DB01175,D056486
DB00927,D056486
DB01244,D056486
DB00358,D056486
DB00342,D056486
DB00175,D056486
DB01229,D056486
DB00178,D056486
DB01211,D056486
DB00715,D056486
DB01167,D056486
DB00734,D056486
DB00641,D056486
DB00877,D056486
DB00197,D002637
DB01132,D002637
DB00559,D002637
DB00482,D002637
DB01076,D002637
DB01224,D002637
DB01118,D002637
DB00564,D002637
DB01212,D002637
DB00477,D002637
DB00672,D002637
DB00987,D002637
DB00280,D002637
DB00584,D002637
DB00286,D002637
DB00977,D002637
DB00472,D002637
DB00690,D002637
DB01016,D002637
DB00502,D002637
DB01050,D002637
DB00328,D002637
DB00227,D002637
DB00968,D002637
DB00627,D002637
DB01115,D002637
DB01174,D002637
DB00812,D002637
DB00554,D002637
DB00635,D002637
DB01035,D002637
DB00863,D002637
DB01045,D002637
DB00656,D002637
DB00440,D002637
DB01586,D002637
DB00313,D002637
DB01165,D002637
DB01241,D002637
DB00641,D002637
DB00555,D002653
DB00334,D002653
DB01224,D002653
DB00915,D002653
DB00321,D002653
DB00182,D002653
DB00810,D002653
DB00477,D002653
DB00501,D002653
DB00363,D002653
DB00907,D002653
DB00829,D002653
DB00390,D002653
DB00286,D002653
DB00472,D002653
DB00875,D002653
DB00502,D002653
DB01235,D002653
DB00333,D002653
DB01577,D002653
DB00563,D002653
DB00968,D002653
DB00252,D002653
DB00863,D002653
DB00206,D002653
DB00795,D002653
DB00277,D002653
DB00656,D002653
DB00831,D002653
DB00313,D002653
DB00541,D002653
DB00927,D002653
DB00715,D002653
DB01097,D023341
DB00564,D023341
DB00907,D023341
DB00829,D023341
DB00544,D023341
DB00158,D023341
DB00741,D023341
DB01026,D023341
DB00563,D023341
DB00788,D023341
DB00627,D023341
DB01174,D023341
DB00252,D023341
DB00635,D023341
DB00755,D023341
DB00313,D023341
DB01136,D002761
DB00555,D002761
DB00441,D002761
DB01132,D002761
DB00334,D002761
DB00533,D002761
DB00482,D002761
DB01224,D002761
DB00819,D002761
DB00182,D002761
DB00810,D002761
DB00201,D002761
DB00564,D002761
DB00122,D002761
DB00363,D002761
DB00907,D002761
DB01394,D002761
DB00987,D002761
DB01234,D002761
DB00514,D002761
DB00829,D002761
DB00390,D002761
DB00343,D002761
DB01075,D002761
DB01142,D002761
DB00997,D002761
DB00783,D002761
DB00286,D002761
DB00813,D002761
DB00544,D002761
DB00472,D002761
DB00690,D002761
DB00158,D002761
DB00502,D002761
DB00741,D002761
DB00458,D002761
DB00328,D002761
DB01221,D002761
DB01235,D002761
DB01065,D002761
DB01043,D002761
DB00333,D002761
DB01577,D002761
DB00563,D002761
DB00968,D002761
DB00683,D002761
DB00295,D002761
DB00788,D002761
DB00627,D002761
DB00184,D002761
DB01595,D002761
DB01174,D002761
DB00252,D002761
DB00635,D002761
DB01069,D002761
DB00571,D002761
DB04216,D002761
DB00908,D002761
DB00811,D002761
DB01037,D002761
DB00421,D002761
DB00428,D002761
DB00382,D002761
DB00675,D002761
DB00470,D002761
DB00656,D002761
DB00313,D002761
DB00115,D002761
DB00927,D002761
DB00358,D002761
DB01229,D002761
DB00734,D002761
DB00678,D002761
DB00641,D002761
DB00877,D002761
DB01104,D002761
DB00197,D002769
DB00966,D002769
DB00412,D002769
DB00594,D002769
DB00987,D002769
DB00328,D002769
DB01065,D002769
DB00563,D002769
DB00968,D002769
DB00184,D002769
DB00795,D002769
DB00755,D002769
DB00641,D002769
DB00197,D002779
DB01132,D002779
DB01248,D002779
DB00533,D002779
DB00317,D002779
DB00482,D002779
DB00316,D002779
DB00945,D002779
DB01393,D002779
DB00201,D002779
DB00257,D002779
DB01151,D002779
DB01234,D002779
DB00586,D002779
DB00997,D002779
DB00544,D002779
DB00472,D002779
DB00328,D002779
DB00227,D002779
DB01065,D002779
DB00563,D002779
DB00295,D002779
DB00184,D002779
DB00554,D002779
DB04216,D002779
DB00795,D002779
DB00605,D002779
DB01586,D002779
DB00749,D002779
DB01645,D002779
DB01118,D002780
DB00564,D002780
DB00608,D002780
DB00537,D002780
DB00907,D002780
DB00390,D002780
DB00158,D002780
DB01050,D002780
DB00371,D002780
DB00563,D002780
DB00252,D002780
DB00908,D002780
DB00863,D002780
DB00811,D002780
DB00675,D002780
DB00313,D002780
DB01149,D002819
DB00334,D002819
DB01098,D002819
DB01224,D002819
DB00316,D002819
DB00819,D002819
DB00915,D002819
DB01118,D002819
DB00321,D002819
DB00945,D002819
DB00564,D002819
DB00608,D002819
DB00672,D002819
DB00501,D002819
DB00537,D002819
DB00575,D002819
DB00363,D002819
DB00907,D002819
DB00987,D002819
DB00514,D002819
DB00829,D002819
DB00390,D002819
DB01075,D002819
DB00280,D002819
DB01184,D002819
DB01142,D002819
DB00997,D002819
DB00813,D002819
DB00544,D002819
DB00623,D002819
DB00695,D002819
DB01016,D002819
DB00502,D002819
DB01050,D002819
DB00328,D002819
DB00602,D002819
DB01221,D002819
DB01235,D002819
DB00281,D002819
DB00934,D002819
DB00333,D002819
DB00134,D002819
DB00563,D002819
DB00683,D002819
DB00295,D002819
DB01183,D002819
DB01115,D002819
DB01595,D002819
DB01337,D002819
DB01174,D002819
DB00252,D002819
DB00635,D002819
DB00571,D002819
DB00468,D002819
DB01045,D002819
DB00795,D002819
DB00675,D002819
DB00277,D002819
DB00451,D002819
DB00656,D002819
DB00313,D002819
DB00541,D002819
DB00495,D002819
DB01175,D002819
DB00342,D002819
DB00176,D002819
DB01229,D002819
DB00715,D002819
DB00734,D002819
DB00936,D002819
DB01104,D002819
DB01149,D015267
DB00441,D015267
DB00814,D015267
DB00482,D015267
DB00285,D015267
DB00316,D015267
DB00819,D015267
DB00915,D015267
DB01118,D015267
DB00945,D015267
DB01200,D015267
DB00490,D015267
DB00564,D015267
DB00477,D015267
DB00501,D015267
DB00537,D015267
DB00882,D015267
DB00363,D015267
DB00907,D015267
DB00987,D015267
DB01151,D015267
DB01234,D015267
DB00514,D015267
DB00829,D015267
DB01396,D015267
DB00390,D015267
DB01075,D015267
DB00199,D015267
DB00773,D015267
DB00813,D015267
DB00544,D015267
DB00472,D015267
DB00695,D015267
DB00502,D015267
DB00458,D015267
DB00328,D015267
DB00602,D015267
DB01221,D015267
DB01026,D015267
DB01235,D015267
DB00281,D015267
DB01065,D015267
DB01043,D015267
DB00333,D015267
DB00563,D015267
DB00968,D015267
DB00959,D015267
DB00683,D015267
DB00295,D015267
DB01183,D015267
DB01595,D015267
DB01174,D015267
DB00252,D015267
DB00554,D015267
DB00571,D015267
DB00468,D015267
DB00863,D015267
DB00277,D015267
DB00373,D015267
DB00656,D015267
DB00313,D015267
DB00661,D015267
DB00541,D015267
DB00495,D015267
DB01165,D015267
DB01175,D015267
DB00927,D015267
DB00518,D015267
DB00358,D015267
DB00176,D015267
DB01229,D015267
DB01211,D015267
DB00715,D015267
DB00734,D015267
DB00678,D015267
DB01104,D015267
DB01248,D002972
DB00533,D002972
DB00482,D002972
DB00564,D002972
DB00987,D002972
DB01234,D002972
DB00997,D002972
DB00544,D002972
DB01050,D002972
DB00563,D002972
DB00812,D002972
DB00749,D002972
DB01248,D019970
DB00334,D019970
DB00945,D019970
DB00575,D019970
DB00987,D019970
DB01151,D019970
DB01075,D019970
DB00813,D019970
DB00502,D019970
DB00458,D019970
DB00328,D019970
DB01577,D019970
DB00563,D019970
DB00959,D019970
DB00295,D019970
DB01183,D019970
DB00252,D019970
DB01182,D019970
DB01045,D019970
DB00675,D019970
DB00313,D019970
DB01229,D019970
DB00715,D019970
DB00361,D003072
DB00334,D003072
DB00285,D003072
DB00915,D003072
DB01118,D003072
DB00321,D003072
DB01200,D003072
DB00477,D003072
DB00501,D003072
DB01242,D003072
DB00575,D003072
DB00363,D003072
DB01151,D003072
DB01234,D003072
DB00586,D003072
DB00343,D003072
DB01142,D003072
DB00997,D003072
DB00813,D003072
DB00544,D003072
DB00712,D003072
DB00458,D003072
DB00836,D003072
DB00934,D003072
DB00333,D003072
DB00563,D003072
DB00968,D003072
DB00959,D003072
DB00295,D003072
DB01183,D003072
DB01400,D003072
DB00622,D003072
DB00571,D003072
DB00661,D003072
DB00570,D003072
DB00541,D003072
DB01175,D003072
DB00518,D003072
DB01229,D003072
DB00715,D003072
DB01167,D003072
DB00349,D003092
DB00907,D003092
DB01396,D003092
DB00544,D003092
DB01050,D003092
DB00328,D003092
DB00184,D003092
DB01092,D003092
DB00252,D003092
DB01229,D003092
DB00877,D003092
DB00758,D003110
DB00177,D003110
DB01076,D003110
DB00973,D003110
DB01118,D003110
DB00945,D003110
DB01393,D003110
DB00564,D003110
DB00907,D003110
DB00390,D003110
DB00320,D003110
DB00343,D003110
DB00584,D003110
DB00668,D003110
DB00696,D003110
DB00783,D003110
DB00286,D003110
DB00695,D003110
DB01016,D003110
DB00227,D003110
DB00264,D003110
DB00627,D003110
DB00622,D003110
DB00184,D003110
DB01115,D003110
DB00860,D003110
DB00635,D003110
DB01035,D003110
DB00571,D003110
DB00908,D003110
DB00755,D003110
DB00661,D003110
DB00570,D003110
DB01241,D003110
DB00175,D003110
DB00641,D003110
DB00758,D003117
DB01095,D003117
DB00533,D003117
DB01076,D003117
DB00945,D003117
DB00201,D003117
DB00907,D003117
DB00343,D003117
DB00696,D003117
DB00286,D003117
DB00544,D003117
DB00264,D003117
DB00295,D003117
DB00627,D003117
DB00622,D003117
DB01115,D003117
DB01580,D003117
DB00571,D003117
DB00624,D003117
DB00373,D003117
DB00661,D003117
DB01241,D003117
DB01023,D003117
DB00401,D003117
DB00175,D003117
DB00590,D003117
DB00669,D003117
DB00641,D003117
DB00758,D015179
DB00203,D015179
DB00945,D015179
DB01200,D015179
DB00907,D015179
DB00997,D015179
DB00668,D015179
DB00696,D015179
DB01103,D015179
DB00675,D015179
DB00541,D015179
DB00445,D015179
DB00519,D003128
DB00398,D003128
DB03128,D003128
DB00182,D003128
DB00945,D003128
DB00443,D003128
DB01200,D003128
DB00201,D003128
DB00501,D003128
DB00907,D003128
DB00586,D003128
DB00390,D003128
DB00320,D003128
DB00668,D003128
DB00696,D003128
DB00773,D003128
DB00544,D003128
DB00328,D003128
DB01577,D003128
DB00622,D003128
DB00184,D003128
DB01115,D003128
DB01054,D003128
DB00860,D003128
DB00571,D003128
DB00661,D003128
DB00917,D003128
DB01175,D003128
DB01229,D003128
DB00669,D003128
DB00877,D003128
DB00542,D019955
DB00519,D019955
DB00549,D019955
DB00966,D019955
DB01118,D019955
DB00945,D019955
DB00363,D019955
DB00907,D019955
DB00514,D019955
DB00584,D019955
DB00668,D019955
DB00813,D019955
DB00281,D019955
DB00563,D019955
DB00295,D019955
DB00811,D019955
DB00661,D019955
DB00917,D019955
DB00802,D019955
DB01211,D019955
DB00678,D019955
DB00790,D019955
DB01132,D003221
DB00549,D003221
DB00203,D003221
DB00537,D003221
DB01050,D003221
DB00563,D003221
DB01115,D003221
DB01586,D003221
DB01165,D003221
DB00641,D003221
DB01076,D003231
DB00437,D003231
DB00945,D003231
DB00537,D003231
DB00907,D003231
DB01234,D003231
DB00997,D003231
DB00668,D003231
DB00783,D003231
DB00977,D003231
DB00695,D003231
DB00328,D003231
DB01221,D003231
DB01009,D003231
DB01065,D003231
DB00563,D003231
DB00959,D003231
DB01204,D003231
DB01059,D003231
DB00860,D003231
DB00635,D003231
DB04216,D003231
DB00811,D003231
DB00541,D003231
DB00917,D003231
DB00445,D003231
DB01177,D003231
DB00734,D003231
DB00945,D003244
DB00446,D003244
DB01234,D003244
DB00997,D003244
DB00903,D003244
DB00695,D003244
DB00571,D003244
DB00908,D003244
DB00468,D003244
DB01229,D003244
DB00316,D003248
DB00201,D003248
DB00564,D003248
DB00363,D003248
DB00907,D003248
DB01151,D003248
DB00390,D003248
DB00343,D003248
DB00280,D003248
DB00668,D003248
DB01115,D003248
DB00635,D003248
DB00759,D003248
DB00661,D003248
DB00441,D003251
DB00810,D003251
DB00477,D003251
DB00363,D003251
DB00907,D003251
DB00987,D003251
DB00829,D003251
DB00390,D003251
DB01075,D003251
DB00696,D003251
DB00695,D003251
DB00502,D003251
DB00934,D003251
DB00563,D003251
DB00683,D003251
DB01035,D003251
DB01623,D003251
DB00831,D003251
DB00313,D003251
DB00541,D003251
DB00734,D003251
DB00555,D003324
DB00334,D003324
DB01224,D003324
DB00819,D003324
DB00915,D003324
DB01118,D003324
DB00321,D003324
DB00810,D003324
DB01200,D003324
DB00564,D003324
DB00608,D003324
DB00477,D003324
DB00501,D003324
DB00537,D003324
DB00882,D003324
DB01242,D003324
DB00575,D003324
DB00363,D003324
DB00907,D003324
DB01151,D003324
DB01234,D003324
DB00514,D003324
DB00829,D003324
DB00586,D003324
DB01396,D003324
DB00390,D003324
DB00343,D003324
DB01075,D003324
DB01142,D003324
DB00813,D003324
DB00472,D003324
DB00695,D003324
DB00502,D003324
DB01050,D003324
DB00458,D003324
DB00328,D003324
DB01221,D003324
DB01235,D003324
DB00281,D003324
DB00836,D003324
DB00934,D003324
DB01043,D003324
DB00333,D003324
DB01577,D003324
DB00563,D003324
DB00264,D003324
DB00683,D003324
DB00295,D003324
DB00704,D003324
DB00627,D003324
DB00184,D003324
DB01115,D003324
DB01595,D003324
DB00252,D003324
DB00635,D003324
DB01035,D003324
DB01069,D003324
DB01182,D003324
DB00571,D003324
DB00908,D003324
DB00863,D003324
DB00811,D003324
DB01037,D003324
DB00605,D003324
DB00382,D003324
DB00277,D003324
DB00451,D003324
DB00656,D003324
DB00440,D003324
DB00313,D003324
DB00661,D003324
DB01165,D003324
DB01175,D003324
DB00927,D003324
DB00518,D003324
DB00358,D003324
DB01211,D003324
DB00715,D003324
DB01167,D003324
DB00734,D003324
DB01104,D003324
DB01136,D003327
DB00334,D003327
DB01224,D003327
DB00915,D003327
DB00945,D003327
DB00501,D003327
DB00575,D003327
DB00363,D003327
DB00390,D003327
DB00286,D003327
DB00544,D003327
DB00158,D003327
DB00502,D003327
DB01043,D003327
DB00563,D003327
DB00968,D003327
DB01183,D003327
DB00252,D003327
DB00635,D003327
DB00396,D003327
DB00908,D003327
DB00428,D003327
DB00656,D003327
DB00313,D003327
DB00115,D003327
DB00734,D003327
DB01104,D003327
DB01224,D023921
DB01118,D023921
DB00608,D023921
DB00672,D023921
DB00907,D023921
DB00987,D023921
DB01234,D023921
DB00586,D023921
DB00997,D023921
DB00254,D023921
DB00783,D023921
DB00544,D023921
DB00134,D023921
DB00563,D023921
DB01204,D023921
DB00252,D023921
DB00635,D023921
DB00396,D023921
DB00428,D023921
DB00605,D023921
DB00675,D023921
DB00541,D023921
DB00115,D023921
DB01229,D023921
DB00242,D023921
DB00877,D023921
DB01149,D003328
DB00334,D003328
DB01224,D003328
DB00285,D003328
DB00321,D003328
DB00921,D003328
DB00490,D003328
DB01242,D003328
DB00363,D003328
DB01151,D003328
DB00255,D003328
DB01142,D003328
DB00584,D003328
DB00472,D003328
DB00502,D003328
DB00741,D003328
DB00458,D003328
DB01221,D003328
DB00934,D003328
DB01577,D003328
DB00184,D003328
DB01115,D003328
DB00860,D003328
DB00571,D003328
DB00811,D003328
DB01037,D003328
DB00624,D003328
DB00451,D003328
DB00656,D003328
DB00831,D003328
DB01175,D003328
DB00358,D003328
DB00176,D003328
DB00715,D003328
DB00734,D003328
DB01104,D003328
DB00555,D003329
DB01149,D003329
DB00334,D003329
DB00482,D003329
DB00177,D003329
DB01076,D003329
DB01224,D003329
DB00285,D003329
DB01118,D003329
DB00321,D003329
DB00182,D003329
DB01435,D003329
DB00810,D003329
DB01200,D003329
DB00921,D003329
DB00490,D003329
DB00201,D003329
DB00564,D003329
DB00608,D003329
DB00477,D003329
DB00122,D003329
DB00501,D003329
DB00537,D003329
DB01242,D003329
DB00575,D003329
DB00363,D003329
DB00907,D003329
DB01151,D003329
DB01234,D003329
DB00829,D003329
DB00255,D003329
DB01396,D003329
DB00390,D003329
DB00343,D003329
DB01142,D003329
DB00997,D003329
DB00254,D003329
DB00783,D003329
DB00977,D003329
DB00544,D003329
DB00472,D003329
DB00875,D003329
DB00158,D003329
DB00502,D003329
DB00741,D003329
DB00458,D003329
DB01221,D003329
DB01009,D003329
DB00227,D003329
DB00934,D003329
DB00333,D003329
DB01577,D003329
DB00563,D003329
DB00968,D003329
DB00264,D003329
DB00295,D003329
DB00704,D003329
DB00184,D003329
DB01115,D003329
DB01595,D003329
DB01174,D003329
DB01100,D003329
DB00860,D003329
DB00635,D003329
DB00396,D003329
DB00571,D003329
DB00344,D003329
DB00863,D003329
DB00206,D003329
DB00811,D003329
DB00421,D003329
DB00428,D003329
DB00675,D003329
DB00624,D003329
DB00277,D003329
DB01623,D003329
DB00373,D003329
DB00656,D003329
DB00831,D003329
DB00726,D003329
DB00313,D003329
DB00661,D003329
DB00115,D003329
DB00917,D003329
DB01175,D003329
DB00358,D003329
DB00176,D003329
DB00175,D003329
DB01229,D003329
DB00715,D003329
DB00669,D003329
DB00734,D003329
DB00641,D003329
DB01104,D003329
DB00361,D003371
DB01248,D003371
DB00317,D003371
DB00443,D003371
DB00608,D003371
DB00672,D003371
DB00544,D003371
DB00563,D003371
DB00184,D003371
DB00468,D003371
DB00795,D003371
DB00313,D003371
DB00564,D019465
DB00608,D019465
DB00477,D019465
DB00861,D019465
DB00563,D019465
DB00704,D019465
DB01174,D019465
DB00252,D019465
DB00554,D019465
DB00877,D019465
DB01136,D003550
DB00555,D003550
DB00814,D003550
DB01248,D003550
DB00533,D003550
DB00317,D003550
DB00398,D003550
DB00482,D003550
DB01193,D003550
DB00316,D003550
DB00819,D003550
DB00437,D003550
DB00594,D003550
DB01118,D003550
DB00945,D003550
DB00443,D003550
DB01393,D003550
DB01200,D003550
DB00201,D003550
DB00564,D003550
DB01327,D003550
DB01212,D003550
DB01114,D003550
DB00501,D003550
DB00537,D003550
DB00363,D003550
DB00907,D003550
DB00586,D003550
DB01075,D003550
DB00254,D003550
DB00584,D003550
DB00712,D003550
DB00695,D003550
DB01050,D003550
DB00328,D003550
DB01026,D003550
DB01009,D003550
DB00281,D003550
DB00371,D003550
DB00563,D003550
DB01204,D003550
DB00704,D003550
DB00788,D003550
DB01115,D003550
DB01059,D003550
DB01580,D003550
DB03783,D003550
DB01174,D003550
DB00252,D003550
DB00554,D003550
DB00457,D003550
DB00635,D003550
DB01035,D003550
DB00571,D003550
DB00908,D003550
DB00468,D003550
DB01045,D003550
DB00795,D003550
DB00675,D003550
DB00500,D003550
DB00755,D003550
DB00440,D003550
DB00313,D003550
DB00115,D003550
DB01165,D003550
DB00358,D003550
DB00176,D003550
DB00175,D003550
DB01229,D003550
DB00178,D003550
DB01211,D003550
DB01167,D003550
DB00877,D003550
DB01095,D003556
DB00586,D003556
DB00773,D003556
DB00544,D003556
DB00227,D003556
DB00563,D003556
DB00959,D003556
DB00812,D003556
DB00252,D003556
DB00860,D003556
DB00635,D003556
DB00675,D003556
DB00175,D003556
DB00641,D003556
DB00197,D003638
DB01132,D003638
DB00334,D003638
DB00966,D003638
DB00412,D003638
DB01224,D003638
DB00945,D003638
DB01393,D003638
DB00477,D003638
DB00672,D003638
DB00363,D003638
DB01016,D003638
DB00959,D003638
DB00627,D003638
DB00914,D003638
DB00860,D003638
DB00635,D003638
DB00428,D003638
DB00831,D003638
DB00175,D003638
DB00178,D003638
DB00734,D003638
DB00790,D003638
DB00197,D003645
DB01132,D003645
DB00966,D003645
DB00412,D003645
DB00177,D003645
DB01393,D003645
DB00343,D003645
DB00584,D003645
DB01016,D003645
DB00788,D003645
DB04216,D003645
DB00428,D003645
DB00470,D003645
DB00178,D003645
DB00678,D003645
DB01104,D003645
DB00197,D016757
DB01132,D016757
DB00966,D016757
DB00412,D016757
DB01261,D016757
DB01393,D016757
DB00672,D016757
DB00363,D016757
DB00584,D016757
DB00158,D016757
DB01016,D016757
DB00184,D016757
DB01054,D016757
DB00428,D016757
DB01124,D016757
DB01645,D016757
DB01136,D003680
DB00758,D003680
DB00197,D003680
DB01132,D003680
DB00412,D003680
DB01098,D003680
DB00945,D003680
DB00343,D003680
DB00584,D003680
DB00627,D003680
DB00428,D003680
DB00542,D003693
DB00197,D003693
DB01132,D003693
DB00966,D003693
DB00412,D003693
DB00177,D003693
DB00945,D003693
DB00564,D003693
DB00584,D003693
DB00783,D003693
DB00695,D003693
DB01235,D003693
DB00264,D003693
DB00184,D003693
DB01115,D003693
DB00421,D003693
DB00428,D003693
DB00675,D003693
DB00178,D003693
DB00678,D003693
DB00877,D003693
DB00790,D003693
DB01095,D003704
DB00412,D003704
DB00321,D003704
DB00945,D003704
DB00514,D003704
DB00584,D003704
DB00458,D003704
DB00281,D003704
DB00396,D003704
DB00428,D003704
DB00605,D003704
DB00115,D003704
DB00715,D003704
DB00361,D003711
DB01097,D003711
DB00441,D003711
DB00814,D003711
DB01248,D003711
DB00966,D003711
DB00317,D003711
DB00398,D003711
DB01268,D003711
DB00482,D003711
DB01098,D003711
DB00619,D003711
DB00530,D003711
DB00819,D003711
DB00915,D003711
DB00276,D003711
DB00887,D003711
DB00490,D003711
DB00201,D003711
DB01212,D003711
DB00477,D003711
DB00501,D003711
DB00537,D003711
DB00845,D003711
DB01242,D003711
DB00363,D003711
DB00907,D003711
DB01394,D003711
DB00987,D003711
DB00694,D003711
DB01234,D003711
DB00514,D003711
DB00586,D003711
DB00255,D003711
DB00390,D003711
DB00343,D003711
DB00997,D003711
DB00254,D003711
DB00584,D003711
DB00696,D003711
DB00977,D003711
DB00773,D003711
DB00544,D003711
DB00472,D003711
DB00741,D003711
DB00328,D003711
DB00836,D003711
DB00643,D003711
DB00563,D003711
DB01204,D003711
DB00295,D003711
DB01183,D003711
DB00704,D003711
DB01400,D003711
DB00184,D003711
DB00860,D003711
DB00635,D003711
DB01035,D003711
DB04216,D003711
DB00908,D003711
DB01045,D003711
DB00795,D003711
DB00421,D003711
DB00759,D003711
DB00373,D003711
DB00755,D003711
DB01586,D003711
DB00570,D003711
DB00541,D003711
DB00495,D003711
DB00917,D003711
DB01165,D003711
DB00445,D003711
DB01177,D003711
DB01175,D003711
DB00358,D003711
DB01229,D003711
DB01211,D003711
DB00715,D003711
DB01167,D003711
DB00877,D003711
DB01104,D003711
DB00555,D003866
DB00564,D003866
DB00608,D003866
DB00501,D003866
DB00537,D003866
DB00987,D003866
DB00829,D003866
DB00343,D003866
DB01075,D003866
DB00668,D003866
DB00472,D003866
DB01050,D003866
DB00281,D003866
DB00563,D003866
DB00264,D003866
DB00683,D003866
DB00295,D003866
DB01183,D003866
DB01580,D003866
DB01337,D003866
DB00812,D003866
DB00252,D003866
DB00571,D003866
DB00811,D003866
DB00759,D003866
DB00755,D003866
DB00541,D003866
DB01175,D003866
DB01229,D003866
DB01136,D003865
DB00482,D003865
DB00177,D003865
DB00316,D003865
DB00437,D003865
DB00182,D003865
DB00201,D003865
DB00564,D003865
DB00608,D003865
DB00122,D003865
DB01242,D003865
DB00907,D003865
DB00694,D003865
DB01234,D003865
DB00997,D003865
DB00783,D003865
DB00158,D003865
DB04077,D003865
DB00502,D003865
DB00134,D003865
DB00959,D003865
DB01032,D003865
DB00396,D003865
DB00468,D003865
DB00206,D003865
DB00428,D003865
DB00624,D003865
DB00755,D003865
DB00313,D003865
DB00541,D003865
DB00495,D003865
DB00555,D003872
DB00334,D003872
DB01076,D003872
DB00182,D003872
DB00945,D003872
DB00564,D003872
DB01242,D003872
DB00907,D003872
DB01394,D003872
DB01234,D003872
DB00255,D003872
DB00280,D003872
DB00668,D003872
DB00783,D003872
DB00502,D003872
DB01050,D003872
DB00328,D003872
DB01235,D003872
DB01577,D003872
DB00914,D003872
DB00252,D003872
DB00860,D003872
DB01035,D003872
DB00396,D003872
DB00468,D003872
DB01045,D003872
DB00795,D003872
DB00759,D003872
DB00470,D003872
DB00313,D003872
DB00917,D003872
DB00242,D003872
DB00829,D003873
DB00813,D003873
DB00328,D003873
DB01221,D003873
DB01011,D003873
DB00295,D003873
DB00457,D003873
DB00635,D003873
DB00656,D003873
DB01104,D003873
DB01136,D003882
DB00555,D003882
DB00334,D003882
DB00966,D003882
DB00177,D003882
DB00285,D003882
DB00640,D003882
DB00915,D003882
DB01118,D003882
DB00321,D003882
DB01200,D003882
DB00921,D003882
DB00490,D003882
DB00201,D003882
DB00564,D003882
DB00608,D003882
DB00477,D003882
DB00501,D003882
DB00537,D003882
DB01242,D003882
DB00575,D003882
DB00363,D003882
DB00907,D003882
DB01394,D003882
DB00987,D003882
DB01151,D003882
DB01234,D003882
DB00514,D003882
DB00829,D003882
DB00586,D003882
DB00255,D003882
DB00390,D003882
DB00343,D003882
DB01075,D003882
DB00280,D003882
DB01142,D003882
DB00254,D003882
DB00584,D003882
DB00668,D003882
DB00977,D003882
DB00813,D003882
DB00472,D003882
DB00623,D003882
DB00158,D003882
DB00458,D003882
DB00328,D003882
DB01221,D003882
DB01235,D003882
DB00281,D003882
DB00934,D003882
DB00643,D003882
DB01065,D003882
DB01043,D003882
DB01577,D003882
DB00563,D003882
DB00264,D003882
DB00683,D003882
DB00211,D003882
DB00295,D003882
DB01183,D003882
DB00704,D003882
DB00788,D003882
DB01400,D003882
DB00627,D003882
DB00622,D003882
DB00184,D003882
DB01115,D003882
DB01059,D003882
DB01174,D003882
DB00925,D003882
DB00812,D003882
DB00252,D003882
DB00457,D003882
DB00860,D003882
DB01035,D003882
DB00396,D003882
DB01182,D003882
DB00571,D003882
DB00468,D003882
DB00863,D003882
DB00795,D003882
DB00675,D003882
DB00373,D003882
DB00656,D003882
DB00313,D003882
DB00661,D003882
DB00115,D003882
DB00495,D003882
DB01165,D003882
DB01175,D003882
DB01023,D003882
DB00401,D003882
DB00802,D003882
DB01244,D003882
DB00518,D003882
DB00358,D003882
DB00637,D003882
DB01229,D003882
DB01211,D003882
DB00590,D003882
DB00715,D003882
DB00669,D003882
DB00734,D003882
DB00678,D003882
DB01104,D003882
DB01388,D003882
DB00790,D003882
DB00555,D002658
DB00758,D002658
DB00197,D002658
DB00814,D002658
DB01248,D002658
DB00334,D002658
DB00533,D002658
DB00398,D002658
DB00482,D002658
DB01076,D002658
DB00316,D002658
DB00437,D002658
DB01118,D002658
DB01435,D002658
DB00945,D002658
DB00443,D002658
DB00564,D002658
DB00446,D002658
DB00672,D002658
DB00501,D002658
DB00537,D002658
DB00363,D002658
DB00987,D002658
DB00694,D002658
DB00829,D002658
DB00586,D002658
DB00861,D002658
DB01075,D002658
DB00988,D002658
DB00254,D002658
DB00584,D002658
DB00668,D002658
DB00199,D002658
DB00286,D002658
DB00773,D002658
DB00695,D002658
DB01016,D002658
DB00741,D002658
DB00328,D002658
DB01026,D002658
DB00281,D002658
DB01577,D002658
DB00563,D002658
DB00968,D002658
DB00959,D002658
DB00264,D002658
DB00295,D002658
DB01115,D002658
DB01059,D002658
DB01174,D002658
DB00812,D002658
DB00252,D002658
DB00554,D002658
DB00635,D002658
DB01032,D002658
DB01035,D002658
DB00396,D002658
DB00571,D002658
DB00908,D002658
DB00863,D002658
DB00811,D002658
DB01045,D002658
DB00795,D002658
DB00605,D002658
DB00759,D002658
DB00373,D002658
DB00656,D002658
DB00440,D002658
DB00313,D002658
DB00570,D002658
DB00115,D002658
DB01165,D002658
DB00927,D002658
DB01229,D002658
DB01211,D002658
DB00669,D002658
DB00641,D002658
DB00936,D002658
DB01076,D018500
DB00443,D018500
DB00810,D018500
DB00564,D018500
DB00477,D018500
DB00537,D018500
DB00363,D018500
DB00987,D018500
DB00829,D018500
DB00586,D018500
DB01075,D018500
DB00254,D018500
DB00668,D018500
DB00695,D018500
DB00502,D018500
DB01026,D018500
DB00281,D018500
DB00227,D018500
DB00371,D018500
DB01577,D018500
DB00563,D018500
DB00683,D018500
DB01115,D018500
DB01595,D018500
DB00252,D018500
DB00863,D018500
DB00656,D018500
DB00831,D018500
DB00313,D018500
DB00661,D018500
DB00541,D018500
DB01165,D018500
DB00176,D018500
DB00175,D018500
DB00715,D018500
DB00734,D018500
DB00678,D018500
DB00641,D018500
DB01104,D018500
DB00334,D003920
DB00915,D003920
DB01118,D003920
DB00321,D003920
DB00182,D003920
DB00810,D003920
DB01200,D003920
DB00490,D003920
DB00201,D003920
DB00564,D003920
DB01212,D003920
DB01114,D003920
DB00477,D003920
DB00501,D003920
DB01242,D003920
DB00575,D003920
DB00363,D003920
DB00907,D003920
DB01151,D003920
DB00514,D003920
DB00829,D003920
DB00343,D003920
DB01075,D003920
DB00988,D003920
DB00472,D003920
DB00875,D003920
DB00623,D003920
DB00502,D003920
DB00328,D003920
DB01235,D003920
DB01065,D003920
DB01043,D003920
DB00333,D003920
DB01577,D003920
DB00683,D003920
DB00295,D003920
DB01183,D003920
DB00704,D003920
DB00184,D003920
DB01115,D003920
DB00368,D003920
DB01174,D003920
DB00252,D003920
DB01100,D003920
DB00396,D003920
DB01069,D003920
DB00571,D003920
DB04216,D003920
DB00206,D003920
DB01037,D003920
DB00382,D003920
DB00675,D003920
DB00624,D003920
DB00277,D003920
DB00656,D003920
DB00831,D003920
DB00661,D003920
DB00917,D003920
DB01175,D003920
DB00715,D003920
DB00734,D003920
DB00740,D003920
DB01095,D003921
DB00203,D003921
DB00321,D003921
DB00945,D003921
DB00501,D003921
DB01234,D003921
DB00586,D003921
DB01184,D003921
DB00199,D003921
DB00977,D003921
DB00712,D003921
DB00328,D003921
DB00563,D003921
DB00627,D003921
DB01059,D003921
DB00571,D003921
DB00863,D003921
DB00795,D003921
DB01175,D003921
DB00927,D003921
DB00176,D003921
DB01211,D003921
DB00715,D003921
DB01167,D003921
DB00758,D003924
DB00441,D003924
DB01248,D003924
DB01076,D003924
DB01118,D003924
DB00321,D003924
DB00182,D003924
DB00945,D003924
DB00887,D003924
DB00564,D003924
DB00608,D003924
DB00501,D003924
DB00537,D003924
DB00882,D003924
DB00363,D003924
DB00907,D003924
DB01394,D003924
DB00586,D003924
DB00390,D003924
DB00988,D003924
DB00997,D003924
DB00668,D003924
DB00544,D003924
DB00695,D003924
DB00502,D003924
DB00741,D003924
DB01009,D003924
DB00968,D003924
DB00959,D003924
DB00264,D003924
DB00683,D003924
DB00295,D003924
DB00332,D003924
DB01115,D003924
DB00252,D003924
DB00860,D003924
DB00635,D003924
DB01035,D003924
DB00571,D003924
DB00468,D003924
DB00605,D003924
DB00277,D003924
DB00373,D003924
DB00755,D003924
DB00661,D003924
DB00115,D003924
DB00495,D003924
DB00917,D003924
DB01229,D003924
DB00242,D003924
DB00715,D003924
DB00669,D003924
DB00678,D003924
DB01388,D003924
DB00555,D003925
DB00334,D003925
DB01224,D003925
DB00285,D003925
DB00819,D003925
DB00321,D003925
DB00182,D003925
DB00810,D003925
DB01200,D003925
DB00490,D003925
DB00564,D003925
DB00608,D003925
DB00477,D003925
DB00501,D003925
DB01242,D003925
DB00363,D003925
DB00907,D003925
DB01234,D003925
DB00514,D003925
DB00829,D003925
DB01075,D003925
DB01184,D003925
DB01142,D003925
DB00696,D003925
DB00773,D003925
DB00813,D003925
DB00472,D003925
DB00875,D003925
DB00623,D003925
DB00502,D003925
DB01221,D003925
DB01235,D003925
DB00683,D003925
DB00211,D003925
DB00184,D003925
DB00368,D003925
DB01174,D003925
DB00252,D003925
DB01100,D003925
DB01069,D003925
DB00571,D003925
DB00468,D003925
DB00863,D003925
DB01623,D003925
DB00656,D003925
DB00831,D003925
DB00313,D003925
DB01175,D003925
DB00802,D003925
DB00176,D003925
DB00715,D003925
DB00669,D003925
DB00734,D003925
DB01104,D003925
DB00361,D003928
DB00555,D003928
DB00519,D003928
DB00441,D003928
DB01132,D003928
DB00549,D003928
DB01248,D003928
DB00334,D003928
DB00966,D003928
DB00412,D003928
DB00533,D003928
DB00482,D003928
DB00177,D003928
DB00619,D003928
DB01261,D003928
DB00530,D003928
DB00915,D003928
DB01118,D003928
DB00321,D003928
DB00945,D003928
DB00443,D003928
DB00887,D003928
DB00921,D003928
DB00490,D003928
DB00201,D003928
DB00564,D003928
DB01114,D003928
DB00477,D003928
DB00672,D003928
DB00501,D003928
DB00537,D003928
DB00882,D003928
DB01242,D003928
DB00575,D003928
DB00363,D003928
DB00907,D003928
DB00987,D003928
DB01234,D003928
DB00829,D003928
DB00586,D003928
DB00255,D003928
DB00390,D003928
DB00343,D003928
DB01075,D003928
DB00997,D003928
DB00584,D003928
DB00668,D003928
DB00783,D003928
DB01196,D003928
DB00977,D003928
DB00544,D003928
DB00472,D003928
DB00695,D003928
DB00741,D003928
DB01050,D003928
DB00458,D003928
DB00328,D003928
DB01009,D003928
DB00281,D003928
DB00836,D003928
DB01065,D003928
DB01577,D003928
DB00563,D003928
DB00264,D003928
DB00295,D003928
DB01183,D003928
DB00788,D003928
DB00627,D003928
DB00622,D003928
DB00184,D003928
DB01115,D003928
DB01054,D003928
DB01059,D003928
DB01174,D003928
DB00812,D003928
DB00252,D003928
DB00554,D003928
DB00457,D003928
DB00860,D003928
DB00635,D003928
DB01032,D003928
DB01069,D003928
DB04216,D003928
DB01045,D003928
DB00795,D003928
DB00421,D003928
DB00277,D003928
DB00656,D003928
DB00755,D003928
DB00313,D003928
DB00661,D003928
DB00541,D003928
DB00917,D003928
DB01177,D003928
DB01023,D003928
DB00401,D003928
DB04557,D003928
DB01229,D003928
DB01211,D003928
DB00749,D003928
DB00715,D003928
DB01167,D003928
DB00669,D003928
DB00734,D003928
DB00641,D003928
DB01645,D003928
DB00877,D003928
DB01388,D003928
DB00182,D003929
DB00564,D003929
DB00907,D003929
DB01234,D003929
DB00783,D003929
DB00977,D003929
DB00741,D003929
DB01204,D003929
DB00252,D003929
DB00860,D003929
DB00396,D003929
DB01045,D003929
DB00675,D003929
DB00549,D003967
DB00533,D003967
DB00482,D003967
DB00201,D003967
DB00472,D003967
DB01050,D003967
DB00328,D003967
DB00788,D003967
DB00396,D003967
DB00605,D003967
DB00834,D003967
DB00641,D003967
DB01136,D004172
DB00542,D004172
DB00796,D004172
DB00694,D004172
DB00997,D004172
DB00584,D004172
DB01065,D004172
DB00264,D004172
DB01204,D004172
DB00860,D004172
DB00428,D004172
DB00451,D004172
DB00678,D004172
DB00790,D004172
DB00321,D004195
DB01242,D004195
DB00363,D004195
DB00458,D004195
DB01100,D004195
DB00313,D004195
DB00661,D004195
DB01175,D004195
DB00176,D004195
DB00734,D004195
DB00555,D006970
DB00549,D006970
DB00334,D006970
DB00471,D006970
DB00533,D006970
DB00482,D006970
DB00619,D006970
DB01076,D006970
DB00316,D006970
DB00437,D006970
DB00321,D006970
DB00443,D006970
DB00564,D006970
DB01212,D006970
DB00446,D006970
DB00501,D006970
DB00537,D006970
DB00882,D006970
DB00363,D006970
DB01151,D006970
DB01234,D006970
DB00829,D006970
DB00586,D006970
DB00861,D006970
DB00988,D006970
DB00254,D006970
DB00584,D006970
DB00286,D006970
DB01016,D006970
DB01050,D006970
DB00458,D006970
DB00328,D006970
DB01026,D006970
DB01577,D006970
DB00968,D006970
DB01204,D006970
DB00788,D006970
DB00184,D006970
DB01115,D006970
DB01059,D006970
DB00812,D006970
DB00252,D006970
DB00860,D006970
DB00635,D006970
DB01032,D006970
DB00795,D006970
DB00605,D006970
DB00313,D006970
DB00541,D006970
DB00495,D006970
DB00637,D006970
DB00178,D006970
DB00555,D007174
DB01224,D007174
DB00819,D007174
DB00640,D007174
DB00321,D007174
DB00182,D007174
DB00564,D007174
DB00446,D007174
DB00501,D007174
DB00537,D007174
DB00575,D007174
DB00363,D007174
DB00987,D007174
DB01234,D007174
DB00829,D007174
DB00668,D007174
DB00199,D007174
DB00773,D007174
DB00472,D007174
DB00158,D007174
DB00502,D007174
DB00458,D007174
DB01221,D007174
DB00281,D007174
DB00934,D007174
DB00563,D007174
DB00683,D007174
DB00295,D007174
DB01183,D007174
DB01595,D007174
DB00368,D007174
DB01174,D007174
DB00252,D007174
DB00344,D007174
DB00470,D007174
DB00313,D007174
DB00115,D007174
DB01175,D007174
DB00802,D007174
DB00176,D007174
DB00555,D004211
DB00564,D004211
DB00363,D004211
DB00829,D004211
DB01183,D004211
DB01174,D004211
DB00252,D004211
DB00860,D004211
DB00656,D004211
DB00313,D004211
DB00495,D004211
DB00349,D004213
DB00555,D004213
DB00285,D004213
DB00316,D004213
DB00640,D004213
DB00321,D004213
DB00490,D004213
DB00201,D004213
DB00564,D004213
DB00608,D004213
DB00477,D004213
DB00501,D004213
DB00537,D004213
DB00882,D004213
DB01242,D004213
DB00575,D004213
DB00363,D004213
DB00907,D004213
DB00829,D004213
DB00586,D004213
DB01184,D004213
DB00668,D004213
DB00199,D004213
DB00813,D004213
DB00502,D004213
DB00458,D004213
DB00281,D004213
DB00934,D004213
DB00643,D004213
DB01577,D004213
DB00563,D004213
DB00959,D004213
DB00683,D004213
DB00295,D004213
DB01183,D004213
DB01174,D004213
DB00925,D004213
DB00252,D004213
DB01100,D004213
DB00635,D004213
DB00468,D004213
DB00277,D004213
DB00726,D004213
DB00313,D004213
DB00541,D004213
DB01175,D004213
DB00358,D004213
DB00715,D004213
DB01104,D004213
DB00555,D004244
DB00182,D004244
DB00564,D004244
DB00575,D004244
DB00363,D004244
DB00829,D004244
DB00586,D004244
DB01221,D004244
DB01235,D004244
DB00683,D004244
DB00295,D004244
DB01183,D004244
DB01174,D004244
DB00860,D004244
DB01182,D004244
DB00624,D004244
DB00313,D004244
DB00555,D003875
DB00564,D003875
DB00829,D003875
DB00997,D003875
DB00502,D003875
DB01183,D003875
DB01174,D003875
DB00252,D003875
DB00396,D003875
DB00313,D003875
DB00740,D003875
DB00361,D004342
DB00441,D004342
DB01248,D004342
DB00443,D004342
DB00564,D004342
DB00537,D004342
DB00987,D004342
DB00694,D004342
DB01234,D004342
DB00586,D004342
DB00997,D004342
DB00584,D004342
DB00199,D004342
DB00773,D004342
DB00813,D004342
DB00544,D004342
DB00281,D004342
DB00563,D004342
DB00959,D004342
DB00704,D004342
DB00627,D004342
DB00184,D004342
DB00252,D004342
DB00795,D004342
DB00755,D004342
DB00541,D004342
DB00917,D004342
DB00445,D004342
DB00358,D004342
DB01229,D004342
DB01097,D062787
DB00537,D062787
DB00281,D062787
DB00959,D062787
DB01174,D062787
DB00252,D062787
DB00860,D062787
DB00313,D062787
DB01229,D062787
DB00242,D062787
DB01104,D062787
DB01114,D064420
DB00537,D064420
DB00987,D064420
DB00280,D064420
DB00281,D064420
DB00860,D064420
DB01045,D064420
DB00755,D064420
DB00440,D064420
DB01165,D064420
DB01248,D004401
DB00997,D004401
DB00544,D004401
DB00328,D004401
DB00554,D004401
DB00635,D004401
DB00605,D004401
DB00541,D004401
DB00917,D004401
DB00445,D004401
DB01229,D004401
DB00555,D004409
DB00758,D004409
DB00441,D004409
DB00398,D004409
DB00482,D004409
DB00619,D004409
DB00530,D004409
DB00316,D004409
DB00437,D004409
DB01118,D004409
DB00945,D004409
DB00564,D004409
DB01212,D004409
DB00446,D004409
DB00477,D004409
DB00672,D004409
DB00501,D004409
DB00537,D004409
DB00575,D004409
DB00363,D004409
DB00907,D004409
DB00987,D004409
DB01234,D004409
DB00586,D004409
DB00861,D004409
DB00343,D004409
DB01075,D004409
DB00254,D004409
DB00584,D004409
DB00712,D004409
DB01016,D004409
DB00458,D004409
DB00328,D004409
DB00227,D004409
DB00934,D004409
DB00563,D004409
DB00968,D004409
DB00264,D004409
DB00295,D004409
DB00704,D004409
DB00788,D004409
DB00627,D004409
DB00184,D004409
DB01115,D004409
DB01174,D004409
DB00812,D004409
DB00252,D004409
DB00860,D004409
DB00635,D004409
DB01035,D004409
DB00571,D004409
DB00908,D004409
DB00795,D004409
DB00605,D004409
DB00440,D004409
DB00313,D004409
DB00541,D004409
DB00495,D004409
DB01165,D004409
DB00176,D004409
DB01229,D004409
DB01211,D004409
DB00877,D004409
DB00640,D020820
DB00182,D020820
DB01234,D020820
DB00997,D020820
DB00584,D020820
DB00668,D020820
DB00328,D020820
DB00252,D020820
DB00277,D020820
DB00917,D020820
DB01229,D020820
DB00669,D020820
DB00641,D020820
DB01118,D050171
DB00564,D050171
DB00608,D050171
DB00907,D050171
DB00987,D050171
DB00280,D050171
DB00254,D050171
DB00783,D050171
DB00472,D050171
DB00333,D050171
DB00627,D050171
DB00675,D050171
DB00373,D050171
DB00115,D050171
DB00361,D004415
DB00555,D004415
DB00441,D004415
DB01248,D004415
DB00334,D004415
DB00967,D004415
DB00398,D004415
DB00819,D004415
DB00915,D004415
DB01118,D004415
DB00182,D004415
DB00945,D004415
DB00564,D004415
DB00608,D004415
DB00501,D004415
DB01242,D004415
DB00575,D004415
DB00363,D004415
DB00907,D004415
DB01394,D004415
DB01234,D004415
DB00586,D004415
DB00390,D004415
DB00280,D004415
DB00997,D004415
DB00254,D004415
DB00584,D004415
DB01196,D004415
DB00977,D004415
DB00472,D004415
DB00695,D004415
DB00502,D004415
DB01221,D004415
DB01235,D004415
DB01065,D004415
DB00563,D004415
DB00968,D004415
DB00264,D004415
DB00211,D004415
DB00295,D004415
DB00704,D004415
DB00788,D004415
DB01115,D004415
DB00812,D004415
DB00252,D004415
DB00457,D004415
DB00635,D004415
DB01035,D004415
DB00571,D004415
DB00206,D004415
DB00811,D004415
DB00624,D004415
DB00277,D004415
DB00373,D004415
DB01586,D004415
DB00541,D004415
DB00495,D004415
DB00445,D004415
DB01175,D004415
DB01023,D004415
DB01244,D004415
DB00176,D004415
DB01229,D004415
DB00590,D004415
DB00715,D004415
DB01167,D004415
DB00669,D004415
DB00734,D004415
DB01388,D004415
DB01097,D055154
DB00197,D055154
DB00334,D055154
DB00966,D055154
DB00412,D055154
DB00950,D055154
DB00316,D055154
DB01118,D055154
DB00945,D055154
DB01393,D055154
DB00201,D055154
DB00608,D055154
DB00477,D055154
DB00122,D055154
DB01234,D055154
DB00586,D055154
DB00255,D055154
DB00254,D055154
DB00584,D055154
DB00783,D055154
DB00977,D055154
DB00544,D055154
DB00875,D055154
DB01050,D055154
DB01026,D055154
DB01065,D055154
DB00134,D055154
DB00563,D055154
DB00968,D055154
DB00959,D055154
DB00627,D055154
DB00184,D055154
DB01115,D055154
DB03783,D055154
DB01174,D055154
DB00812,D055154
DB00860,D055154
DB00635,D055154
DB04216,D055154
DB01045,D055154
DB00428,D055154
DB00605,D055154
DB00675,D055154
DB00759,D055154
DB00500,D055154
DB01586,D055154
DB00313,D055154
DB00115,D055154
DB00495,D055154
DB00518,D055154
DB00358,D055154
DB00734,D055154
DB00641,D055154
DB00316,D004417
DB00921,D004417
DB00255,D004417
DB00783,D004417
DB01065,D004417
DB00563,D004417
DB01115,D004417
DB01174,D004417
DB00252,D004417
DB00396,D004417
DB00206,D004417
DB00313,D004417
DB00834,D004417
DB01118,D004421
DB00564,D004421
DB00575,D004421
DB00907,D004421
DB00390,D004421
DB01075,D004421
DB00280,D004421
DB00544,D004421
DB00472,D004421
DB00328,D004421
DB00468,D004421
DB00373,D004421
DB00313,D004421
DB00495,D004421
DB00678,D004421
DB00796,D020821
DB01118,D020821
DB00945,D020821
DB00443,D020821
DB00201,D020821
DB00564,D020821
DB00608,D020821
DB00907,D020821
DB01234,D020821
DB00584,D020821
DB00544,D020821
DB00158,D020821
DB01050,D020821
DB00328,D020821
DB01065,D020821
DB01577,D020821
DB00563,D020821
DB00184,D020821
DB01174,D020821
DB00252,D020821
DB00554,D020821
DB00624,D020821
DB00500,D020821
DB00313,D020821
DB00361,D004487
DB01136,D004487
DB00555,D004487
DB00758,D004487
DB00441,D004487
DB01248,D004487
DB00334,D004487
DB01224,D004487
DB00285,D004487
DB00316,D004487
DB00915,D004487
DB01118,D004487
DB00321,D004487
DB00182,D004487
DB00945,D004487
DB01200,D004487
DB00921,D004487
DB00490,D004487
DB00201,D004487
DB00564,D004487
DB01327,D004487
DB01212,D004487
DB00446,D004487
DB00477,D004487
DB00501,D004487
DB00537,D004487
DB01242,D004487
DB00575,D004487
DB00363,D004487
DB00907,D004487
DB00987,D004487
DB00694,D004487
DB01234,D004487
DB00586,D004487
DB00861,D004487
DB01075,D004487
DB01184,D004487
DB00997,D004487
DB00773,D004487
DB00813,D004487
DB00544,D004487
DB00712,D004487
DB00502,D004487
DB01050,D004487
DB00458,D004487
DB00328,D004487
DB00602,D004487
DB01221,D004487
DB01009,D004487
DB00934,D004487
DB00371,D004487
DB01577,D004487
DB00563,D004487
DB00968,D004487
DB00959,D004487
DB01204,D004487
DB00295,D004487
DB00788,D004487
DB00184,D004487
DB01115,D004487
DB03783,D004487
DB01174,D004487
DB00812,D004487
DB00252,D004487
DB00860,D004487
DB00635,D004487
DB01035,D004487
DB01069,D004487
DB00908,D004487
DB00468,D004487
DB00206,D004487
DB01045,D004487
DB00795,D004487
DB00605,D004487
DB00277,D004487
DB01623,D004487
DB00656,D004487
DB00755,D004487
DB00831,D004487
DB00313,D004487
DB00661,D004487
DB00570,D004487
DB00541,D004487
DB00917,D004487
DB00445,D004487
DB01177,D004487
DB01175,D004487
DB00518,D004487
DB00358,D004487
DB04557,D004487
DB01229,D004487
DB01211,D004487
DB00242,D004487
DB00734,D004487
DB00678,D004487
DB00641,D004487
DB00877,D004487
DB00542,D020964
DB00197,D020964
DB00966,D020964
DB00559,D020964
DB00412,D020964
DB01268,D020964
DB00482,D020964
DB00177,D020964
DB01076,D020964
DB00316,D020964
DB01118,D020964
DB00321,D020964
DB01393,D020964
DB01200,D020964
DB00201,D020964
DB00907,D020964
DB00694,D020964
DB01234,D020964
DB00343,D020964
DB01142,D020964
DB00997,D020964
DB00584,D020964
DB00696,D020964
DB00328,D020964
DB01221,D020964
DB01026,D020964
DB01065,D020964
DB00563,D020964
DB00968,D020964
DB00264,D020964
DB00788,D020964
DB01174,D020964
DB00252,D020964
DB04216,D020964
DB00421,D020964
DB00428,D020964
DB00624,D020964
DB00755,D020964
DB01586,D020964
DB00313,D020964
DB00661,D020964
DB01023,D020964
DB00175,D020964
DB00734,D020964
DB00678,D020964
DB00641,D020964
DB01248,D004681
DB00203,D004681
DB00945,D004681
DB01212,D004681
DB00672,D004681
DB00501,D004681
DB00584,D004681
DB00773,D004681
DB01235,D004681
DB00227,D004681
DB00627,D004681
DB00622,D004681
DB01115,D004681
DB01054,D004681
DB04216,D004681
DB00605,D004681
DB01023,D004681
DB00401,D004681
DB04557,D004681
DB01229,D004681
DB00285,D016889
DB01200,D016889
DB00477,D016889
DB00501,D016889
DB01184,D016889
DB00502,D016889
DB00458,D016889
DB00968,D016889
DB00661,D016889
DB01175,D016889
DB00734,D016889
DB00316,D004715
DB00945,D004715
DB01393,D004715
DB00501,D004715
DB00829,D004715
DB00586,D004715
DB00158,D004715
DB01050,D004715
DB00328,D004715
DB01221,D004715
DB01009,D004715
DB00554,D004715
DB00927,D004715
DB00945,D004719
DB01212,D004719
DB00907,D004719
DB01394,D004719
DB01184,D004719
DB00199,D004719
DB00544,D004719
DB00472,D004719
DB00836,D004719
DB00563,D004719
DB00361,D004775
DB00555,D004775
DB00441,D004775
DB00814,D004775
DB00533,D004775
DB00398,D004775
DB01268,D004775
DB00482,D004775
DB00530,D004775
DB00437,D004775
DB00915,D004775
DB01118,D004775
DB00276,D004775
DB00945,D004775
DB01200,D004775
DB00201,D004775
DB00608,D004775
DB01394,D004775
DB00987,D004775
DB01234,D004775
DB00586,D004775
DB00861,D004775
DB00997,D004775
DB00254,D004775
DB01196,D004775
DB00773,D004775
DB00544,D004775
DB00472,D004775
DB00712,D004775
DB01050,D004775
DB00458,D004775
DB00328,D004775
DB00602,D004775
DB01026,D004775
DB01009,D004775
DB01235,D004775
DB00227,D004775
DB01065,D004775
DB01577,D004775
DB00563,D004775
DB00295,D004775
DB01183,D004775
DB00788,D004775
DB00627,D004775
DB01115,D004775
DB01059,D004775
DB00812,D004775
DB00554,D004775
DB00860,D004775
DB00635,D004775
DB01032,D004775
DB00571,D004775
DB00908,D004775
DB00863,D004775
DB00206,D004775
DB01045,D004775
DB00795,D004775
DB00421,D004775
DB00277,D004775
DB00373,D004775
DB00313,D004775
DB00541,D004775
DB01165,D004775
DB00927,D004775
DB00358,D004775
DB00176,D004775
DB01229,D004775
DB01104,D004775
DB00334,D004802
DB01224,D004802
DB00915,D004802
DB00564,D004802
DB01242,D004802
DB00575,D004802
DB00472,D004802
DB00502,D004802
DB01183,D004802
DB00704,D004802
DB00184,D004802
DB01174,D004802
DB01100,D004802
DB00470,D004802
DB00176,D004802
DB00734,D004802
DB00317,D004831
DB00945,D004831
DB00608,D004831
DB01234,D004831
DB00829,D004831
DB00997,D004831
DB00328,D004831
DB01115,D004831
DB04216,D004831
DB00795,D004831
DB00624,D004831
DB00755,D004831
DB00313,D004831
DB01229,D004831
DB01645,D004831
DB01136,D004827
DB00197,D004827
DB01248,D004827
DB00619,D004827
DB00530,D004827
DB00477,D004827
DB01234,D004827
DB00773,D004827
DB00544,D004827
DB00328,D004827
DB00134,D004827
DB00563,D004827
DB04216,D004827
DB00675,D004827
DB00470,D004827
DB00541,D004827
DB01229,D004827
DB00641,D004827
DB00542,D004832
DB00197,D004832
DB00796,D004832
DB00966,D004832
DB00177,D004832
DB00619,D004832
DB01118,D004832
DB00672,D004832
DB00537,D004832
DB00694,D004832
DB00586,D004832
DB00997,D004832
DB00584,D004832
DB00695,D004832
DB00328,D004832
DB00643,D004832
DB00959,D004832
DB00184,D004832
DB01115,D004832
DB00368,D004832
DB01059,D004832
DB00812,D004832
DB00252,D004832
DB00554,D004832
DB00860,D004832
DB00635,D004832
DB01035,D004832
DB00206,D004832
DB01045,D004832
DB00428,D004832
DB01211,D004832
DB00678,D004832
DB00542,D004829
DB01132,D004829
DB00796,D004829
DB00966,D004829
DB00201,D004829
DB00694,D004829
DB00997,D004829
DB00584,D004829
DB01050,D004829
DB00328,D004829
DB00959,D004829
DB00627,D004829
DB00368,D004829
DB00635,D004829
DB00206,D004829
DB00795,D004829
DB00421,D004829
DB00428,D004829
DB00755,D004829
DB00678,D004829
DB00877,D004829
DB00349,D004830
DB01393,D004830
DB00201,D004830
DB00575,D004830
DB01234,D004830
DB00584,D004830
DB00264,D004830
DB01174,D004830
DB00252,D004830
DB01032,D004830
DB01045,D004830
DB00428,D004830
DB00277,D004830
DB00656,D004830
DB00313,D004830
DB00661,D004830
DB00482,D007172
DB00437,D007172
DB01394,D007172
DB00586,D007172
DB00328,D007172
DB00627,D007172
DB00635,D007172
DB01032,D007172
DB01138,D007172
DB00678,D007172
DB00412,D004890
DB00316,D004890
DB00437,D004890
DB00564,D004890
DB00907,D004890
DB01234,D004890
DB00343,D004890
DB00695,D004890
DB00328,D004890
DB00333,D004890
DB00968,D004890
DB00295,D004890
DB01183,D004890
DB01059,D004890
DB00812,D004890
DB00252,D004890
DB00860,D004890
DB00908,D004890
DB00468,D004890
DB00795,D004890
DB01165,D004890
DB00518,D004890
DB00594,D004892
DB00182,D004892
DB00201,D004892
DB00575,D004892
DB00907,D004892
DB01234,D004892
DB00472,D004892
DB01577,D004892
DB00563,D004892
DB00252,D004892
DB00635,D004892
DB00571,D004892
DB00313,D004892
DB01200,D004893
DB00501,D004893
DB00575,D004893
DB00255,D004893
DB01184,D004893
DB00655,D004893
DB00977,D004893
DB00863,D004893
DB00421,D004893
DB00675,D004893
DB00734,D004893
DB01645,D004893
DB00555,D004938
DB00758,D004938
DB00334,D004938
DB00482,D004938
DB01224,D004938
DB00285,D004938
DB00316,D004938
DB00915,D004938
DB00321,D004938
DB00182,D004938
DB01200,D004938
DB00921,D004938
DB00490,D004938
DB00201,D004938
DB00564,D004938
DB00608,D004938
DB00477,D004938
DB00501,D004938
DB00537,D004938
DB01242,D004938
DB00575,D004938
DB00363,D004938
DB00907,D004938
DB00987,D004938
DB01234,D004938
DB00514,D004938
DB00829,D004938
DB00390,D004938
DB00343,D004938
DB01075,D004938
DB01142,D004938
DB00199,D004938
DB00813,D004938
DB00472,D004938
DB00690,D004938
DB00502,D004938
DB00458,D004938
DB00328,D004938
DB01221,D004938
DB01235,D004938
DB00281,D004938
DB00934,D004938
DB01065,D004938
DB01043,D004938
DB00333,D004938
DB01577,D004938
DB00968,D004938
DB00959,D004938
DB00264,D004938
DB00683,D004938
DB00295,D004938
DB01183,D004938
DB00704,D004938
DB01595,D004938
DB01059,D004938
DB01580,D004938
DB00252,D004938
DB00457,D004938
DB00860,D004938
DB00635,D004938
DB01035,D004938
DB01069,D004938
DB00571,D004938
DB00863,D004938
DB01037,D004938
DB00605,D004938
DB00277,D004938
DB01623,D004938
DB00373,D004938
DB00656,D004938
DB00313,D004938
DB00661,D004938
DB00541,D004938
DB01165,D004938
DB01175,D004938
DB00927,D004938
DB00358,D004938
DB00176,D004938
DB01229,D004938
DB01211,D004938
DB00715,D004938
DB01167,D004938
DB00734,D004938
DB01104,D004938
DB00361,D005076
DB00317,D005076
DB00997,D005076
DB00544,D005076
DB00328,D005076
DB00563,D005076
DB00184,D005076
DB00252,D005076
DB00755,D005076
DB00570,D005076
DB00445,D005076
DB01229,D005076
DB00877,D005076
DB01136,D005119
DB00555,D005119
DB01149,D005119
DB00519,D005119
DB00758,D005119
DB00441,D005119
DB00549,D005119
DB01095,D005119
DB00334,D005119
DB00966,D005119
DB00523,D005119
DB00967,D005119
DB00482,D005119
DB00203,D005119
DB00177,D005119
DB00973,D005119
DB00285,D005119
DB00316,D005119
DB00819,D005119
DB01118,D005119
DB00321,D005119
DB00945,D005119
DB01393,D005119
DB01200,D005119
DB00490,D005119
DB00201,D005119
DB00564,D005119
DB00608,D005119
DB01114,D005119
DB00477,D005119
DB00501,D005119
DB00537,D005119
DB01242,D005119
DB00907,D005119
DB01394,D005119
DB00987,D005119
DB00694,D005119
DB01151,D005119
DB01234,D005119
DB00514,D005119
DB00829,D005119
DB00586,D005119
DB00255,D005119
DB00861,D005119
DB00320,D005119
DB00343,D005119
DB01075,D005119
DB00254,D005119
DB00584,D005119
DB00668,D005119
DB00696,D005119
DB00977,D005119
DB00813,D005119
DB00544,D005119
DB00472,D005119
DB00712,D005119
DB00158,D005119
DB00695,D005119
DB00502,D005119
DB01050,D005119
DB00328,D005119
DB00602,D005119
DB01221,D005119
DB01235,D005119
DB00281,D005119
DB00836,D005119
DB00227,D005119
DB00934,D005119
DB00643,D005119
DB01065,D005119
DB01577,D005119
DB00563,D005119
DB00968,D005119
DB00959,D005119
DB00264,D005119
DB00211,D005119
DB00295,D005119
DB00704,D005119
DB00788,D005119
DB00622,D005119
DB00184,D005119
DB01115,D005119
DB00368,D005119
DB01059,D005119
DB00812,D005119
DB00252,D005119
DB00457,D005119
DB00860,D005119
DB00635,D005119
DB01035,D005119
DB01069,D005119
DB00468,D005119
DB00863,D005119
DB00811,D005119
DB00140,D005119
DB01045,D005119
DB00795,D005119
DB00421,D005119
DB00605,D005119
DB00759,D005119
DB00277,D005119
DB00755,D005119
DB00440,D005119
DB00313,D005119
DB00661,D005119
DB00115,D005119
DB00495,D005119
DB00917,D005119
DB01165,D005119
DB01241,D005119
DB01175,D005119
DB01023,D005119
DB00401,D005119
DB00927,D005119
DB00518,D005119
DB00358,D005119
DB00176,D005119
DB00175,D005119
DB01229,D005119
DB01211,D005119
DB00590,D005119
DB00455,D005119
DB00715,D005119
DB01167,D005119
DB00669,D005119
DB00734,D005119
DB00678,D005119
DB00641,D005119
DB01104,D005119
DB01388,D005119
DB00321,D005128
DB00945,D005128
DB00564,D005128
DB01212,D005128
DB00608,D005128
DB00501,D005128
DB00907,D005128
DB00861,D005128
DB00997,D005128
DB00903,D005128
DB00695,D005128
DB00281,D005128
DB00252,D005128
DB00468,D005128
DB01045,D005128
DB00541,D005128
DB01229,D005128
DB00361,D005221
DB01200,D005221
DB00446,D005221
DB00907,D005221
DB00903,D005221
DB00695,D005221
DB00959,D005221
DB00811,D005221
DB00541,D005221
DB01229,D005221
DB01211,D005221
DB00361,D005234
DB00619,D005234
DB00945,D005234
DB01200,D005234
DB00446,D005234
DB00537,D005234
DB00907,D005234
DB00668,D005234
DB00199,D005234
DB00903,D005234
DB00695,D005234
DB01050,D005234
DB00328,D005234
DB00959,D005234
DB00788,D005234
DB01337,D005234
DB00860,D005234
DB00635,D005234
DB00571,D005234
DB00468,D005234
DB00863,D005234
DB00811,D005234
DB00277,D005234
DB00451,D005234
DB00313,D005234
DB00661,D005234
DB00541,D005234
DB01229,D005234
DB01211,D005234
DB01136,D001068
DB00555,D001068
DB00915,D001068
DB01118,D001068
DB00321,D001068
DB01435,D001068
DB00201,D001068
DB00564,D001068
DB01212,D001068
DB00608,D001068
DB00477,D001068
DB00501,D001068
DB00537,D001068
DB00575,D001068
DB00907,D001068
DB01234,D001068
DB00829,D001068
DB01396,D001068
DB00390,D001068
DB00343,D001068
DB00280,D001068
DB01184,D001068
DB00988,D001068
DB00584,D001068
DB00668,D001068
DB00813,D001068
DB00544,D001068
DB00695,D001068
DB00502,D001068
DB00741,D001068
DB00458,D001068
DB01221,D001068
DB00281,D001068
DB00934,D001068
DB00333,D001068
DB00959,D001068
DB00683,D001068
DB00332,D001068
DB01183,D001068
DB00622,D001068
DB00184,D001068
DB01115,D001068
DB00368,D001068
DB01092,D001068
DB01337,D001068
DB00252,D001068
DB01035,D001068
DB01069,D001068
DB01182,D001068
DB00571,D001068
DB00908,D001068
DB00863,D001068
DB00206,D001068
DB00421,D001068
DB00277,D001068
DB00373,D001068
DB00661,D001068
DB00917,D001068
DB00445,D001068
DB00834,D001068
DB00927,D001068
DB00802,D001068
DB00637,D001068
DB01229,D001068
DB00669,D001068
DB00734,D001068
DB00334,D005313
DB01193,D005313
DB01118,D005313
DB00321,D005313
DB00564,D005313
DB00608,D005313
DB00575,D005313
DB01151,D005313
DB00390,D005313
DB00343,D005313
DB00280,D005313
DB01142,D005313
DB00668,D005313
DB00773,D005313
DB00472,D005313
DB00458,D005313
DB00281,D005313
DB00264,D005313
DB01400,D005313
DB01115,D005313
DB01092,D005313
DB00252,D005313
DB00860,D005313
DB01035,D005313
DB01182,D005313
DB00571,D005313
DB00908,D005313
DB00206,D005313
DB00277,D005313
DB00373,D005313
DB00656,D005313
DB00661,D005313
DB01229,D005313
DB01136,D005315
DB00523,D005315
DB00915,D005315
DB00201,D005315
DB01242,D005315
DB00907,D005315
DB00255,D005315
DB00997,D005315
DB00158,D005315
DB00328,D005315
DB00227,D005315
DB00788,D005315
DB01174,D005315
DB00252,D005315
DB00396,D005315
DB00795,D005315
DB00428,D005315
DB00277,D005315
DB00755,D005315
DB00313,D005315
DB00115,D005315
DB00518,D005315
DB04557,D005315
DB00715,D005315
DB00361,D005317
DB01136,D005317
DB01149,D005317
DB00441,D005317
DB00197,D005317
DB01248,D005317
DB00966,D005317
DB00439,D005317
DB01268,D005317
DB00619,D005317
DB00530,D005317
DB01193,D005317
DB00437,D005317
DB01118,D005317
DB00321,D005317
DB00182,D005317
DB00945,D005317
DB01200,D005317
DB00201,D005317
DB00608,D005317
DB00537,D005317
DB01242,D005317
DB00363,D005317
DB00907,D005317
DB00694,D005317
DB01151,D005317
DB01234,D005317
DB00829,D005317
DB01396,D005317
DB00390,D005317
DB00343,D005317
DB00280,D005317
DB00988,D005317
DB00997,D005317
DB00584,D005317
DB00668,D005317
DB00696,D005317
DB01196,D005317
DB00286,D005317
DB00977,D005317
DB00773,D005317
DB00544,D005317
DB00472,D005317
DB00741,D005317
DB01050,D005317
DB00458,D005317
DB00328,D005317
DB00281,D005317
DB01065,D005317
DB01577,D005317
DB00959,D005317
DB00264,D005317
DB01110,D005317
DB00683,D005317
DB01204,D005317
DB00295,D005317
DB01183,D005317
DB01115,D005317
DB00368,D005317
DB01092,D005317
DB00812,D005317
DB00252,D005317
DB00860,D005317
DB00635,D005317
DB00571,D005317
DB00468,D005317
DB01045,D005317
DB00421,D005317
DB00428,D005317
DB00675,D005317
DB00624,D005317
DB00373,D005317
DB00313,D005317
DB00661,D005317
DB00541,D005317
DB00115,D005317
DB00495,D005317
DB01165,D005317
DB00445,D005317
DB01177,D005317
DB00342,D005317
DB00175,D005317
DB01229,D005317
DB01211,D005317
DB01167,D005317
DB00734,D005317
DB00678,D005317
DB01388,D005317
DB01136,D005334
DB00796,D005334
DB00966,D005334
DB00439,D005334
DB00412,D005334
DB00533,D005334
DB00317,D005334
DB01268,D005334
DB00203,D005334
DB00177,D005334
DB01076,D005334
DB01118,D005334
DB00321,D005334
DB00564,D005334
DB00608,D005334
DB00907,D005334
DB01234,D005334
DB01396,D005334
DB00390,D005334
DB00280,D005334
DB00997,D005334
DB00254,D005334
DB00584,D005334
DB00472,D005334
DB00741,D005334
DB00328,D005334
DB01065,D005334
DB01577,D005334
DB00134,D005334
DB00959,D005334
DB01011,D005334
DB01400,D005334
DB01115,D005334
DB01054,D005334
DB00368,D005334
DB01092,D005334
DB01580,D005334
DB00635,D005334
DB00571,D005334
DB04216,D005334
DB01103,D005334
DB00421,D005334
DB00428,D005334
DB00451,D005334
DB00373,D005334
DB00661,D005334
DB00541,D005334
DB00495,D005334
DB00401,D005334
DB01244,D005334
DB00175,D005334
DB00590,D005334
DB00678,D005334
DB00641,D005334
DB00877,D005334
DB01388,D005334
DB00790,D005334
DB00361,D005355
DB01136,D005355
DB00542,D005355
DB00519,D005355
DB00441,D005355
DB01132,D005355
DB01095,D005355
DB01248,D005355
DB00796,D005355
DB00966,D005355
DB00559,D005355
DB00439,D005355
DB00412,D005355
DB00533,D005355
DB01268,D005355
DB00203,D005355
DB00177,D005355
DB00619,D005355
DB01076,D005355
DB00285,D005355
DB03128,D005355
DB00640,D005355
DB00915,D005355
DB00594,D005355
DB01118,D005355
DB00321,D005355
DB00945,D005355
DB00443,D005355
DB01200,D005355
DB00887,D005355
DB00564,D005355
DB00608,D005355
DB00363,D005355
DB00907,D005355
DB00987,D005355
DB00694,D005355
DB01234,D005355
DB00586,D005355
DB00255,D005355
DB01396,D005355
DB00390,D005355
DB00343,D005355
DB01075,D005355
DB00280,D005355
DB00988,D005355
DB01142,D005355
DB00997,D005355
DB00584,D005355
DB00668,D005355
DB01196,D005355
DB00977,D005355
DB00773,D005355
DB00544,D005355
DB00695,D005355
DB00502,D005355
DB00741,D005355
DB00458,D005355
DB00328,D005355
DB01235,D005355
DB00281,D005355
DB01577,D005355
DB00563,D005355
DB00968,D005355
DB00264,D005355
DB00211,D005355
DB01204,D005355
DB00622,D005355
DB01115,D005355
DB00368,D005355
DB01092,D005355
DB01174,D005355
DB00252,D005355
DB00457,D005355
DB00635,D005355
DB01035,D005355
DB01182,D005355
DB00571,D005355
DB00908,D005355
DB00421,D005355
DB00428,D005355
DB00675,D005355
DB00624,D005355
DB00373,D005355
DB00755,D005355
DB00661,D005355
DB00570,D005355
DB00495,D005355
DB00445,D005355
DB01177,D005355
DB01023,D005355
DB00401,D005355
DB00927,D005355
DB01229,D005355
DB00178,D005355
DB00590,D005355
DB00242,D005355
DB01167,D005355
DB00678,D005355
DB00641,D005355
DB01097,D005483
DB00819,D005483
DB00945,D005483
DB00201,D005483
DB00564,D005483
DB00907,D005483
DB00255,D005483
DB00977,D005483
DB01050,D005483
DB01174,D005483
DB00252,D005483
DB00396,D005483
DB00313,D005483
DB00361,D020234
DB00441,D020234
DB01248,D020234
DB00482,D020234
DB00564,D020234
DB00446,D020234
DB00501,D020234
DB00987,D020234
DB00694,D020234
DB01234,D020234
DB00997,D020234
DB00773,D020234
DB00544,D020234
DB00158,D020234
DB00563,D020234
DB00959,D020234
DB01204,D020234
DB01174,D020234
DB00252,D020234
DB00635,D020234
DB00795,D020234
DB00755,D020234
DB00541,D020234
DB00115,D020234
DB00495,D020234
DB01229,D020234
DB01645,D020234
DB01097,D020233
DB01076,D020233
DB00819,D020233
DB01118,D020233
DB00321,D020233
DB00945,D020233
DB00201,D020233
DB00537,D020233
DB00363,D020233
DB00907,D020233
DB00987,D020233
DB01234,D020233
DB00829,D020233
DB00997,D020233
DB00783,D020233
DB00773,D020233
DB00544,D020233
DB00695,D020233
DB00328,D020233
DB00602,D020233
DB00563,D020233
DB00959,D020233
DB00264,D020233
DB00295,D020233
DB00788,D020233
DB01115,D020233
DB01059,D020233
DB00812,D020233
DB00860,D020233
DB00635,D020233
DB01032,D020233
DB00908,D020233
DB01045,D020233
DB00313,D020233
DB00541,D020233
DB00917,D020233
DB01165,D020233
DB00445,D020233
DB00734,D020233
DB01104,D020233
DB00441,D005687
DB00398,D005687
DB01268,D005687
DB00316,D005687
DB00437,D005687
DB01118,D005687
DB00321,D005687
DB00945,D005687
DB01212,D005687
DB00446,D005687
DB00608,D005687
DB00477,D005687
DB00672,D005687
DB00537,D005687
DB00257,D005687
DB00586,D005687
DB00544,D005687
DB01182,D005687
DB04216,D005687
DB00468,D005687
DB00811,D005687
DB01045,D005687
DB00795,D005687
DB00675,D005687
DB00500,D005687
DB00541,D005687
DB00758,D005756
DB00441,D005756
DB01076,D005756
DB00945,D005756
DB00537,D005756
DB00907,D005756
DB00199,D005756
DB01196,D005756
DB00773,D005756
DB00544,D005756
DB01050,D005756
DB00860,D005756
DB00468,D005756
DB00675,D005756
DB00570,D005756
DB00541,D005756
DB00115,D005756
DB00445,D005756
DB01211,D005756
DB00877,D005756
DB00758,D005759
DB01248,D005759
DB00966,D005759
DB00482,D005759
DB00316,D005759
DB00437,D005759
DB01118,D005759
DB00945,D005759
DB01200,D005759
DB00201,D005759
DB00882,D005759
DB00907,D005759
DB01394,D005759
DB00987,D005759
DB00694,D005759
DB01234,D005759
DB00255,D005759
DB00997,D005759
DB00668,D005759
DB00977,D005759
DB00544,D005759
DB00695,D005759
DB01016,D005759
DB00741,D005759
DB01050,D005759
DB00328,D005759
DB00563,D005759
DB00959,D005759
DB00295,D005759
DB00368,D005759
DB00925,D005759
DB00252,D005759
DB00860,D005759
DB00635,D005759
DB00571,D005759
DB04216,D005759
DB00468,D005759
DB00795,D005759
DB00277,D005759
DB00755,D005759
DB00313,D005759
DB00917,D005759
DB01165,D005759
DB00445,D005759
DB01177,D005759
DB00834,D005759
DB04557,D005759
DB00734,D005759
DB00641,D005759
DB00533,D005767
DB00482,D005767
DB00316,D005767
DB01118,D005767
DB00945,D005767
DB00446,D005767
DB00501,D005767
DB00907,D005767
DB01234,D005767
DB00586,D005767
DB00668,D005767
DB00712,D005767
DB00328,D005767
DB00563,D005767
DB00788,D005767
DB00812,D005767
DB00554,D005767
DB00860,D005767
DB00571,D005767
DB00863,D005767
DB00661,D005767
DB00927,D005767
DB01149,D006471
DB00197,D006471
DB01132,D006471
DB00549,D006471
DB01248,D006471
DB00398,D006471
DB00316,D006471
DB01118,D006471
DB00321,D006471
DB00945,D006471
DB01200,D006471
DB00921,D006471
DB00564,D006471
DB00363,D006471
DB00907,D006471
DB00586,D006471
DB00328,D006471
DB00134,D006471
DB00563,D006471
DB00968,D006471
DB00264,D006471
DB00295,D006471
DB00627,D006471
DB01174,D006471
DB00252,D006471
DB00860,D006471
DB00571,D006471
DB00863,D006471
DB01045,D006471
DB00795,D006471
DB00421,D006471
DB00759,D006471
DB00313,D006471
DB01165,D006471
DB01229,D006471
DB00715,D006471
DB01167,D006471
DB00537,D005909
DB00987,D005909
DB00694,D005909
DB00997,D005909
DB00773,D005909
DB00563,D005909
DB00635,D005909
DB00570,D005909
DB00541,D005909
DB01177,D005909
DB00877,D005909
DB00542,D005910
DB01149,D005910
DB00758,D005910
DB00197,D005910
DB00549,D005910
DB01248,D005910
DB00334,D005910
DB00412,D005910
DB00398,D005910
DB01098,D005910
DB00619,D005910
DB01076,D005910
DB00530,D005910
DB00316,D005910
DB01118,D005910
DB00321,D005910
DB00945,D005910
DB00201,D005910
DB00564,D005910
DB01212,D005910
DB00608,D005910
DB00672,D005910
DB00122,D005910
DB00501,D005910
DB01242,D005910
DB00257,D005910
DB00987,D005910
DB01151,D005910
DB00390,D005910
DB00343,D005910
DB00773,D005910
DB00472,D005910
DB00695,D005910
DB01016,D005910
DB01050,D005910
DB00458,D005910
DB00134,D005910
DB00968,D005910
DB00959,D005910
DB00264,D005910
DB00627,D005910
DB01115,D005910
DB01059,D005910
DB01174,D005910
DB00812,D005910
DB00252,D005910
DB00860,D005910
DB00635,D005910
DB01182,D005910
DB01103,D005910
DB00908,D005910
DB00468,D005910
DB00863,D005910
DB01045,D005910
DB00795,D005910
DB00421,D005910
DB00605,D005910
DB00451,D005910
DB00656,D005910
DB01586,D005910
DB00313,D005910
DB00570,D005910
DB00495,D005910
DB01165,D005910
DB01241,D005910
DB00927,D005910
DB00358,D005910
DB00342,D005910
DB01211,D005910
DB00715,D005910
DB00734,D005910
DB00740,D005910
DB00441,D005921
DB00197,D005921
DB01132,D005921
DB00814,D005921
DB01248,D005921
DB00317,D005921
DB00398,D005921
DB00316,D005921
DB01393,D005921
DB00122,D005921
DB00501,D005921
DB01394,D005921
DB00694,D005921
DB01234,D005921
DB00255,D005921
DB00997,D005921
DB00783,D005921
DB00977,D005921
DB00544,D005921
DB00328,D005921
DB00134,D005921
DB00563,D005921
DB01174,D005921
DB00252,D005921
DB00860,D005921
DB04216,D005921
DB00795,D005921
DB00428,D005921
DB00675,D005921
DB00755,D005921
DB01586,D005921
DB00445,D005921
DB01229,D005921
DB01645,D005921
DB00877,D005921
DB00555,D015433
DB00316,D015433
DB00594,D015433
DB01118,D015433
DB01393,D015433
DB00564,D015433
DB00537,D015433
DB00882,D015433
DB00363,D015433
DB01234,D015433
DB00829,D015433
DB00586,D015433
DB00255,D015433
DB00861,D015433
DB01142,D015433
DB00997,D015433
DB00584,D015433
DB01026,D015433
DB00227,D015433
DB00134,D015433
DB00563,D015433
DB00968,D015433
DB03783,D015433
DB01174,D015433
DB00812,D015433
DB00252,D015433
DB00860,D015433
DB00635,D015433
DB01069,D015433
DB00571,D015433
DB04216,D015433
DB00908,D015433
DB00140,D015433
DB01045,D015433
DB00795,D015433
DB00605,D015433
DB00755,D015433
DB00313,D015433
DB00661,D015433
DB00541,D015433
DB00495,D015433
DB01241,D015433
DB01645,D015433
DB00182,D005923
DB00921,D005923
DB00575,D005923
DB00907,D005923
DB00988,D005923
DB00472,D005923
DB00875,D005923
DB00741,D005923
DB00333,D005923
DB00295,D005923
DB01183,D005923
DB00704,D005923
DB00443,D018149
DB01212,D018149
DB00363,D018149
DB01234,D018149
DB00254,D018149
DB01235,D018149
DB00281,D018149
DB01577,D018149
DB00959,D018149
DB00683,D018149
DB00295,D018149
DB00184,D018149
DB00252,D018149
DB00396,D018149
DB01211,D018149
DB00441,D006029
DB00987,D006029
DB00997,D006029
DB00773,D006029
DB00563,D006029
DB00959,D006029
DB01204,D006029
DB00252,D006029
DB00860,D006029
DB00635,D006029
DB00428,D006029
DB00570,D006029
DB00541,D006029
DB00445,D006029
DB01200,D006073
DB00537,D006073
DB01234,D006073
DB00997,D006073
DB00783,D006073
DB00544,D006073
DB00264,D006073
DB00211,D006073
DB00295,D006073
DB00252,D006073
DB00624,D006073
DB00555,D006099
DB00412,D006099
DB00533,D006099
DB00482,D006099
DB00285,D006099
DB00316,D006099
DB00819,D006099
DB00640,D006099
DB00321,D006099
DB00182,D006099
DB00945,D006099
DB00887,D006099
DB00921,D006099
DB00201,D006099
DB00564,D006099
DB00575,D006099
DB01234,D006099
DB00514,D006099
DB00829,D006099
DB00586,D006099
DB01075,D006099
DB00988,D006099
DB00997,D006099
DB00668,D006099
DB00783,D006099
DB00813,D006099
DB00472,D006099
DB01016,D006099
DB01050,D006099
DB00458,D006099
DB00328,D006099
DB01221,D006099
DB01026,D006099
DB01235,D006099
DB00281,D006099
DB01065,D006099
DB01043,D006099
DB00333,D006099
DB01577,D006099
DB00264,D006099
DB00683,D006099
DB00295,D006099
DB01183,D006099
DB00704,D006099
DB01400,D006099
DB00184,D006099
DB01115,D006099
DB00368,D006099
DB01174,D006099
DB00925,D006099
DB00457,D006099
DB00860,D006099
DB01069,D006099
DB04216,D006099
DB01103,D006099
DB00863,D006099
DB00206,D006099
DB00428,D006099
DB00624,D006099
DB00759,D006099
DB00277,D006099
DB01124,D006099
DB00656,D006099
DB00755,D006099
DB00661,D006099
DB00541,D006099
DB00495,D006099
DB00917,D006099
DB00802,D006099
DB00176,D006099
DB04557,D006099
DB01229,D006099
DB00715,D006099
DB00669,D006099
DB00441,D006130
DB00197,D006130
DB00276,D006130
DB00945,D006130
DB00987,D006130
DB01234,D006130
DB00773,D006130
DB00563,D006130
DB01204,D006130
DB00635,D006130
DB00755,D006130
DB00570,D006130
DB00541,D006130
DB01229,D006130
DB01118,D006177
DB00945,D006177
DB00608,D006177
DB00907,D006177
DB00255,D006177
DB00668,D006177
DB01196,D006177
DB00695,D006177
DB00741,D006177
DB00328,D006177
DB00959,D006177
DB00860,D006177
DB00635,D006177
DB00571,D006177
DB01045,D006177
DB00675,D006177
DB00277,D006177
DB00755,D006177
DB00342,D006177
DB01167,D006177
DB01095,D006212
DB00559,D006212
DB00439,D006212
DB00412,D006212
DB01098,D006212
DB01076,D006212
DB01224,D006212
DB00973,D006212
DB01118,D006212
DB01393,D006212
DB00477,D006212
DB00694,D006212
DB01234,D006212
DB00997,D006212
DB00584,D006212
DB00227,D006212
DB00959,D006212
DB00627,D006212
DB01115,D006212
DB00860,D006212
DB00635,D006212
DB01032,D006212
DB00396,D006212
DB00428,D006212
DB00451,D006212
DB01241,D006212
DB00175,D006212
DB00590,D006212
DB00678,D006212
DB00641,D006212
DB00877,D006212
DB01136,D006258
DB00316,D006258
DB00819,D006258
DB00640,D006258
DB00945,D006258
DB00443,D006258
DB00201,D006258
DB01234,D006258
DB00668,D006258
DB00696,D006258
DB01016,D006258
DB00328,D006258
DB00264,D006258
DB00295,D006258
DB01183,D006258
DB00184,D006258
DB01115,D006258
DB00368,D006258
DB00571,D006258
DB00795,D006258
DB00277,D006258
DB00373,D006258
DB01023,D006258
DB01244,D006258
DB00669,D006258
DB00641,D006258
DB00542,D006261
DB00197,D006261
DB01132,D006261
DB01248,D006261
DB00334,D006261
DB00966,D006261
DB00412,D006261
DB00203,D006261
DB01261,D006261
DB01076,D006261
DB00945,D006261
DB00443,D006261
DB01393,D006261
DB00501,D006261
DB00575,D006261
DB00363,D006261
DB01234,D006261
DB01075,D006261
DB00254,D006261
DB00584,D006261
DB00668,D006261
DB00783,D006261
DB00655,D006261
DB01016,D006261
DB01221,D006261
DB00333,D006261
DB00959,D006261
DB00264,D006261
DB01400,D006261
DB00627,D006261
DB00252,D006261
DB00860,D006261
DB00635,D006261
DB00571,D006261
DB04216,D006261
DB01045,D006261
DB00428,D006261
DB00277,D006261
DB01124,D006261
DB01586,D006261
DB00313,D006261
DB01165,D006261
DB01229,D006261
DB00734,D006261
DB00877,D006261
DB01104,D006261
DB00285,D006311
DB00321,D006311
DB00490,D006311
DB01242,D006311
DB00363,D006311
DB00668,D006311
DB00472,D006311
DB00252,D006311
DB01175,D006311
DB00715,D006311
DB00542,D034381
DB00197,D034381
DB01132,D034381
DB00334,D034381
DB00412,D034381
DB00203,D034381
DB00437,D034381
DB01393,D034381
DB01234,D034381
DB00655,D034381
DB00704,D034381
DB04216,D034381
DB00428,D034381
DB00313,D034381
DB00734,D034381
DB00678,D034381
DB00441,D006312
DB00796,D006312
DB00439,D006312
DB00177,D006312
DB00594,D006312
DB00907,D006312
DB00586,D006312
DB00390,D006312
DB00343,D006312
DB00584,D006312
DB00668,D006312
DB00695,D006312
DB04077,D006312
DB01050,D006312
DB00328,D006312
DB00959,D006312
DB00264,D006312
DB01183,D006312
DB00788,D006312
DB01115,D006312
DB00554,D006312
DB00635,D006312
DB01069,D006312
DB00571,D006312
DB00863,D006312
DB00421,D006312
DB00605,D006312
DB00440,D006312
DB00661,D006312
DB00541,D006312
DB00178,D006312
DB00678,D006312
DB00877,D006312
DB00555,D006319
DB00334,D006319
DB01224,D006319
DB00285,D006319
DB00915,D006319
DB00321,D006319
DB00182,D006319
DB01200,D006319
DB00921,D006319
DB00201,D006319
DB00564,D006319
DB01114,D006319
DB00477,D006319
DB00501,D006319
DB01242,D006319
DB00575,D006319
DB00363,D006319
DB00907,D006319
DB01394,D006319
DB01234,D006319
DB00829,D006319
DB01075,D006319
DB00988,D006319
DB00783,D006319
DB00813,D006319
DB00472,D006319
DB00875,D006319
DB00623,D006319
DB00158,D006319
DB00502,D006319
DB00458,D006319
DB01221,D006319
DB01235,D006319
DB00281,D006319
DB01043,D006319
DB00333,D006319
DB01577,D006319
DB00295,D006319
DB01183,D006319
DB00704,D006319
DB00184,D006319
DB01115,D006319
DB01595,D006319
DB01092,D006319
DB01174,D006319
DB00925,D006319
DB00252,D006319
DB01100,D006319
DB00457,D006319
DB01069,D006319
DB00571,D006319
DB00468,D006319
DB00863,D006319
DB00206,D006319
DB00382,D006319
DB00675,D006319
DB00624,D006319
DB00470,D006319
DB00277,D006319
DB01623,D006319
DB00726,D006319
DB00313,D006319
DB00661,D006319
DB01175,D006319
DB00176,D006319
DB00715,D006319
DB00734,D006319
DB00740,D006319
DB01104,D006319
DB00197,D006323
DB01132,D006323
DB01095,D006323
DB00334,D006323
DB00439,D006323
DB00412,D006323
DB01098,D006323
DB01076,D006323
DB00973,D006323
DB00437,D006323
DB01393,D006323
DB00363,D006323
DB00694,D006323
DB00997,D006323
DB00875,D006323
DB00328,D006323
DB00227,D006323
DB01065,D006323
DB00627,D006323
DB01115,D006323
DB04216,D006323
DB01045,D006323
DB00428,D006323
DB00675,D006323
DB01241,D006323
DB00175,D006323
DB00734,D006323
DB00641,D006323
DB00877,D006323
DB00197,D006327
DB01132,D006327
DB00412,D006327
DB00316,D006327
DB00819,D006327
DB00437,D006327
DB00945,D006327
DB00201,D006327
DB00564,D006327
DB00907,D006327
DB00987,D006327
DB01234,D006327
DB00255,D006327
DB00584,D006327
DB00783,D006327
DB00977,D006327
DB00741,D006327
DB00328,D006327
DB00563,D006327
DB00959,D006327
DB00622,D006327
DB00184,D006327
DB01115,D006327
DB01174,D006327
DB00812,D006327
DB00206,D006327
DB00795,D006327
DB00675,D006327
DB00451,D006327
DB00755,D006327
DB01167,D006327
DB00641,D006327
DB01645,D006327
DB00877,D006327
DB00334,D006330
DB00285,D006330
DB01200,D006330
DB00477,D006330
DB00501,D006330
DB00882,D006330
DB00575,D006330
DB00363,D006330
DB00907,D006330
DB00987,D006330
DB00255,D006330
DB01184,D006330
DB00783,D006330
DB00472,D006330
DB00623,D006330
DB00502,D006330
DB00333,D006330
DB00968,D006330
DB00959,D006330
DB01100,D006330
DB00396,D006330
DB00863,D006330
DB00206,D006330
DB00661,D006330
DB00834,D006330
DB00927,D006330
DB00734,D006330
DB00950,D006331
DB00945,D006331
DB01114,D006331
DB00987,D006331
DB01234,D006331
DB01075,D006331
DB00668,D006331
DB00281,D006331
DB01577,D006331
DB00959,D006331
DB01069,D006331
DB00863,D006331
DB00927,D006331
DB00637,D006331
DB00342,D006331
DB01229,D006331
DB00455,D006331
DB00349,D006333
DB00334,D006333
DB01224,D006333
DB00285,D006333
DB00321,D006333
DB01200,D006333
DB00490,D006333
DB00564,D006333
DB01114,D006333
DB00477,D006333
DB00501,D006333
DB00537,D006333
DB01242,D006333
DB00575,D006333
DB00363,D006333
DB00907,D006333
DB00514,D006333
DB00829,D006333
DB01075,D006333
DB01142,D006333
DB00254,D006333
DB00199,D006333
DB00472,D006333
DB00623,D006333
DB00502,D006333
DB01221,D006333
DB01235,D006333
DB00281,D006333
DB00934,D006333
DB01065,D006333
DB00333,D006333
DB00563,D006333
DB00683,D006333
DB00295,D006333
DB00788,D006333
DB01174,D006333
DB00252,D006333
DB00635,D006333
DB01069,D006333
DB00571,D006333
DB00313,D006333
DB00541,D006333
DB01175,D006333
DB00176,D006333
DB00715,D006333
DB00669,D006333
DB00734,D006333
DB00361,D006345
DB01136,D006345
DB00542,D006345
DB01097,D006345
DB00519,D006345
DB00441,D006345
DB00197,D006345
DB00334,D006345
DB00796,D006345
DB00966,D006345
DB00559,D006345
DB00412,D006345
DB00533,D006345
DB00398,D006345
DB01268,D006345
DB00482,D006345
DB00203,D006345
DB00177,D006345
DB01076,D006345
DB00285,D006345
DB01193,D006345
DB00316,D006345
DB03128,D006345
DB00640,D006345
DB00915,D006345
DB00594,D006345
DB00321,D006345
DB00182,D006345
DB00945,D006345
DB00443,D006345
DB01200,D006345
DB00887,D006345
DB00201,D006345
DB00564,D006345
DB01114,D006345
DB00477,D006345
DB00672,D006345
DB00501,D006345
DB00537,D006345
DB01242,D006345
DB00575,D006345
DB00257,D006345
DB00363,D006345
DB00907,D006345
DB01394,D006345
DB01151,D006345
DB01234,D006345
DB00829,D006345
DB00586,D006345
DB00255,D006345
DB01396,D006345
DB00390,D006345
DB00343,D006345
DB00280,D006345
DB01184,D006345
DB00988,D006345
DB01142,D006345
DB00997,D006345
DB00254,D006345
DB00584,D006345
DB00668,D006345
DB00286,D006345
DB00977,D006345
DB00813,D006345
DB00544,D006345
DB00472,D006345
DB00158,D006345
DB00695,D006345
DB01016,D006345
DB00502,D006345
DB00741,D006345
DB01050,D006345
DB00458,D006345
DB00328,D006345
DB01221,D006345
DB01026,D006345
DB01009,D006345
DB01235,D006345
DB00281,D006345
DB00227,D006345
DB01065,D006345
DB00333,D006345
DB01577,D006345
DB00563,D006345
DB00968,D006345
DB00959,D006345
DB00264,D006345
DB01011,D006345
DB00683,D006345
DB00211,D006345
DB00295,D006345
DB01183,D006345
DB00704,D006345
DB00788,D006345
DB01400,D006345
DB00627,D006345
DB00622,D006345
DB00184,D006345
DB01115,D006345
DB01054,D006345
DB00368,D006345
DB01092,D006345
DB01580,D006345
DB01337,D006345
DB03783,D006345
DB00925,D006345
DB00252,D006345
DB00457,D006345
DB00860,D006345
DB00635,D006345
DB01035,D006345
DB00396,D006345
DB00571,D006345
DB04216,D006345
DB00206,D006345
DB00811,D006345
DB01037,D006345
DB00421,D006345
DB00428,D006345
DB00605,D006345
DB00382,D006345
DB00624,D006345
DB00277,D006345
DB01623,D006345
DB00451,D006345
DB00373,D006345
DB00313,D006345
DB00661,D006345
DB00570,D006345
DB00541,D006345
DB00917,D006345
DB00834,D006345
DB01023,D006345
DB00401,D006345
DB00802,D006345
DB01244,D006345
DB00175,D006345
DB01229,D006345
DB00178,D006345
DB01211,D006345
DB00590,D006345
DB00715,D006345
DB01167,D006345
DB00678,D006345
DB00641,D006345
DB00877,D006345
DB01388,D006345
DB00790,D006345
DB00177,D006402
DB00321,D006402
DB00887,D006402
DB00201,D006402
DB00907,D006402
DB00584,D006402
DB00977,D006402
DB01115,D006402
DB01054,D006402
DB00368,D006402
DB00860,D006402
DB00571,D006402
DB00421,D006402
DB00678,D006402
DB01136,D006417
DB01118,D006417
DB00712,D006417
DB01016,D006417
DB00563,D006417
DB00968,D006417
DB01115,D006417
DB00571,D006417
DB00421,D006417
DB00495,D006417
DB01136,D006461
DB00549,D006461
DB00559,D006461
DB00412,D006461
DB00317,D006461
DB00203,D006461
DB01076,D006461
DB00182,D006461
DB00907,D006461
DB00584,D006461
DB00813,D006461
DB00472,D006461
DB01050,D006461
DB00328,D006461
DB01221,D006461
DB01577,D006461
DB00264,D006461
DB01183,D006461
DB00788,D006461
DB00184,D006461
DB01115,D006461
DB00368,D006461
DB00914,D006461
DB00571,D006461
DB04216,D006461
DB00313,D006461
DB01229,D006461
DB00678,D006461
DB00641,D006461
DB01136,D006463
DB00542,D006463
DB00177,D006463
DB00640,D006463
DB00201,D006463
DB00343,D006463
DB00584,D006463
DB00695,D006463
DB00741,D006463
DB00328,D006463
DB00968,D006463
DB00622,D006463
DB01115,D006463
DB01054,D006463
DB00457,D006463
DB00661,D006463
DB00178,D006463
DB00678,D006463
DB01118,D006470
DB01200,D006470
DB01114,D006470
DB00860,D006470
DB00571,D006470
DB00206,D006470
DB00811,D006470
DB01045,D006470
DB00451,D006470
DB01586,D006470
DB00542,D006501
DB00796,D006501
DB00559,D006501
DB01261,D006501
DB01076,D006501
DB00316,D006501
DB00819,D006501
DB01393,D006501
DB01234,D006501
DB00977,D006501
DB00741,D006501
DB01050,D006501
DB01577,D006501
DB00622,D006501
DB00184,D006501
DB00368,D006501
DB01580,D006501
DB01174,D006501
DB00396,D006501
DB01069,D006501
DB00571,D006501
DB04216,D006501
DB00428,D006501
DB00675,D006501
DB00624,D006501
DB00277,D006501
DB00678,D006501
DB00877,D006501
DB00758,D006504
DB00945,D006504
DB00564,D006504
DB00907,D006504
DB00987,D006504
DB00343,D006504
DB01075,D006504
DB00997,D006504
DB00254,D006504
DB00773,D006504
DB00472,D006504
DB00281,D006504
DB00227,D006504
DB00968,D006504
DB00295,D006504
DB00252,D006504
DB00656,D006504
DB00570,D006504
DB00541,D006504
DB00358,D006504
DB00175,D006504
DB01229,D006504
DB00715,D006504
DB01248,D006505
DB00619,D006505
DB00945,D006505
DB00564,D006505
DB01196,D006505
DB00977,D006505
DB00959,D006505
DB01174,D006505
DB00252,D006505
DB00635,D006505
DB01069,D006505
DB00541,D006505
DB00316,D006529
DB00945,D006529
DB00608,D006529
DB00672,D006529
DB00501,D006529
DB00575,D006529
DB00907,D006529
DB01234,D006529
DB01075,D006529
DB00280,D006529
DB00584,D006529
DB01016,D006529
DB00563,D006529
DB00788,D006529
DB00627,D006529
DB00914,D006529
DB00635,D006529
DB00571,D006529
DB00428,D006529
DB01124,D006529
DB00313,D006529
DB01165,D006529
DB00796,D006556
DB00412,D006556
DB01224,D006556
DB00316,D006556
DB00819,D006556
DB00594,D006556
DB00945,D006556
DB00443,D006556
DB00887,D006556
DB00201,D006556
DB00608,D006556
DB00845,D006556
DB00907,D006556
DB01234,D006556
DB00829,D006556
DB00390,D006556
DB01075,D006556
DB00988,D006556
DB00997,D006556
DB00584,D006556
DB00668,D006556
DB00199,D006556
DB00903,D006556
DB00773,D006556
DB00695,D006556
DB00502,D006556
DB00741,D006556
DB01050,D006556
DB00328,D006556
DB01221,D006556
DB01235,D006556
DB00281,D006556
DB00563,D006556
DB00959,D006556
DB00295,D006556
DB01115,D006556
DB00368,D006556
DB01580,D006556
DB00860,D006556
DB00571,D006556
DB00908,D006556
DB00468,D006556
DB00421,D006556
DB00428,D006556
DB00277,D006556
DB00373,D006556
DB00313,D006556
DB00570,D006556
DB00541,D006556
DB00834,D006556
DB00342,D006556
DB00715,D006556
DB01167,D006556
DB00734,D006556
DB00877,D006556
DB00361,D006606
DB00441,D006606
DB00285,D006606
DB00915,D006606
DB00594,D006606
DB01118,D006606
DB00321,D006606
DB00490,D006606
DB00564,D006606
DB00672,D006606
DB00575,D006606
DB00363,D006606
DB01394,D006606
DB00254,D006606
DB00584,D006606
DB00903,D006606
DB00773,D006606
DB00544,D006606
DB00472,D006606
DB00623,D006606
DB00695,D006606
DB04077,D006606
DB00502,D006606
DB00741,D006606
DB01050,D006606
DB00458,D006606
DB00328,D006606
DB00968,D006606
DB00571,D006606
DB00421,D006606
DB00277,D006606
DB00656,D006606
DB00313,D006606
DB00570,D006606
DB00541,D006606
DB01175,D006606
DB00176,D006606
DB00715,D006606
DB01167,D006606
DB00734,D006606
DB01104,D006606
DB01136,D006689
DB00441,D006689
DB01248,D006689
DB00334,D006689
DB00796,D006689
DB00966,D006689
DB00559,D006689
DB00482,D006689
DB00203,D006689
DB01076,D006689
DB01224,D006689
DB01193,D006689
DB00316,D006689
DB03128,D006689
DB00640,D006689
DB01118,D006689
DB00321,D006689
DB00182,D006689
DB00945,D006689
DB01200,D006689
DB00921,D006689
DB00201,D006689
DB00564,D006689
DB00446,D006689
DB00608,D006689
DB00477,D006689
DB00501,D006689
DB00537,D006689
DB01242,D006689
DB00575,D006689
DB00363,D006689
DB00907,D006689
DB00987,D006689
DB00694,D006689
DB01151,D006689
DB01234,D006689
DB00829,D006689
DB01396,D006689
DB00390,D006689
DB00320,D006689
DB00343,D006689
DB01075,D006689
DB00280,D006689
DB01184,D006689
DB00988,D006689
DB01142,D006689
DB00997,D006689
DB00584,D006689
DB00668,D006689
DB00199,D006689
DB01196,D006689
DB00903,D006689
DB00773,D006689
DB00813,D006689
DB00544,D006689
DB00472,D006689
DB00623,D006689
DB00695,D006689
DB01016,D006689
DB00502,D006689
DB00741,D006689
DB01050,D006689
DB00458,D006689
DB00328,D006689
DB01221,D006689
DB01026,D006689
DB01235,D006689
DB00281,D006689
DB01065,D006689
DB00371,D006689
DB00563,D006689
DB00968,D006689
DB00959,D006689
DB00264,D006689
DB01011,D006689
DB00683,D006689
DB00211,D006689
DB00295,D006689
DB00332,D006689
DB01183,D006689
DB00704,D006689
DB01400,D006689
DB00627,D006689
DB00622,D006689
DB00184,D006689
DB01115,D006689
DB01054,D006689
DB00368,D006689
DB01580,D006689
DB01337,D006689
DB01174,D006689
DB00925,D006689
DB00252,D006689
DB00457,D006689
DB00635,D006689
DB01035,D006689
DB01182,D006689
DB00571,D006689
DB00908,D006689
DB00468,D006689
DB00206,D006689
DB00428,D006689
DB00382,D006689
DB00470,D006689
DB00277,D006689
DB00373,D006689
DB00656,D006689
DB00755,D006689
DB00313,D006689
DB00661,D006689
DB00570,D006689
DB00541,D006689
DB00495,D006689
DB00917,D006689
DB00445,D006689
DB01175,D006689
DB01023,D006689
DB00401,D006689
DB00802,D006689
DB04557,D006689
DB01229,D006689
DB00178,D006689
DB01211,D006689
DB00590,D006689
DB01167,D006689
DB00669,D006689
DB00734,D006689
DB00678,D006689
DB00641,D006689
DB00790,D006689
DB01136,D019584
DB01095,D019584
DB00334,D019584
DB00966,D019584
DB01224,D019584
DB01118,D019584
DB00321,D019584
DB01200,D019584
DB00608,D019584
DB00477,D019584
DB01242,D019584
DB00575,D019584
DB00363,D019584
DB01151,D019584
DB00320,D019584
DB00343,D019584
DB01184,D019584
DB00988,D019584
DB01142,D019584
DB00584,D019584
DB00696,D019584
DB00813,D019584
DB00695,D019584
DB00741,D019584
DB00458,D019584
DB00328,D019584
DB01235,D019584
DB00968,D019584
DB00264,D019584
DB00211,D019584
DB00295,D019584
DB01400,D019584
DB01115,D019584
DB00368,D019584
DB01580,D019584
DB00925,D019584
DB00252,D019584
DB00457,D019584
DB01035,D019584
DB00571,D019584
DB00344,D019584
DB00908,D019584
DB00468,D019584
DB00811,D019584
DB01037,D019584
DB00373,D019584
DB00656,D019584
DB00831,D019584
DB00541,D019584
DB00115,D019584
DB00495,D019584
DB00358,D019584
DB00176,D019584
DB01229,D019584
DB00590,D019584
DB00715,D019584
DB00734,D019584
DB00678,D019584
DB01104,D019584
DB00334,D006869
DB00285,D006869
DB00316,D006869
DB01118,D006869
DB00321,D006869
DB00182,D006869
DB00945,D006869
DB00201,D006869
DB00564,D006869
DB00446,D006869
DB00477,D006869
DB01242,D006869
DB00575,D006869
DB00363,D006869
DB00907,D006869
DB01151,D006869
DB00829,D006869
DB00586,D006869
DB01142,D006869
DB00696,D006869
DB00813,D006869
DB00472,D006869
DB00502,D006869
DB00458,D006869
DB00934,D006869
DB00333,D006869
DB01577,D006869
DB00563,D006869
DB00295,D006869
DB01183,D006869
DB01400,D006869
DB00184,D006869
DB00368,D006869
DB00925,D006869
DB00457,D006869
DB00206,D006869
DB00605,D006869
DB00382,D006869
DB00470,D006869
DB00313,D006869
DB01175,D006869
DB00715,D006869
DB00349,D006930
DB01118,D006930
DB00907,D006930
DB00773,D006930
DB00458,D006930
DB01115,D006930
DB00252,D006930
DB00860,D006930
DB00811,D006930
DB00795,D006930
DB00428,D006930
DB00451,D006930
DB01586,D006930
DB00445,D006930
DB00927,D006930
DB00555,D022124
DB00334,D022124
DB00203,D022124
DB00819,D022124
DB03128,D022124
DB01118,D022124
DB01200,D022124
DB00564,D022124
DB00477,D022124
DB00501,D022124
DB01242,D022124
DB00575,D022124
DB00363,D022124
DB00907,D022124
DB01151,D022124
DB00390,D022124
DB00280,D022124
DB01196,D022124
DB00472,D022124
DB00623,D022124
DB00502,D022124
DB01235,D022124
DB00281,D022124
DB00333,D022124
DB00563,D022124
DB00968,D022124
DB00264,D022124
DB00184,D022124
DB01115,D022124
DB00925,D022124
DB01100,D022124
DB00571,D022124
DB00344,D022124
DB00863,D022124
DB00811,D022124
DB00421,D022124
DB00624,D022124
DB00373,D022124
DB00656,D022124
DB00661,D022124
DB00570,D022124
DB00917,D022124
DB01241,D022124
DB01175,D022124
DB00176,D022124
DB00715,D022124
DB00734,D022124
DB01104,D022124
DB01224,D006932
DB00285,D006932
DB00640,D006932
DB00321,D006932
DB00182,D006932
DB01242,D006932
DB00575,D006932
DB00363,D006932
DB00907,D006932
DB00829,D006932
DB01142,D006932
DB00472,D006932
DB00875,D006932
DB00458,D006932
DB00934,D006932
DB01577,D006932
DB01183,D006932
DB00624,D006932
DB00277,D006932
DB00313,D006932
DB01175,D006932
DB00176,D006932
DB01211,D006932
DB00715,D006932
DB00734,D006932
DB00361,D006934
DB01248,D006934
DB01224,D006934
DB00285,D006934
DB00915,D006934
DB01118,D006934
DB00321,D006934
DB00564,D006934
DB00477,D006934
DB00672,D006934
DB01242,D006934
DB00575,D006934
DB01151,D006934
DB01234,D006934
DB00586,D006934
DB00584,D006934
DB00813,D006934
DB00544,D006934
DB00472,D006934
DB00623,D006934
DB00695,D006934
DB04077,D006934
DB00502,D006934
DB00458,D006934
DB00328,D006934
DB00563,D006934
DB00968,D006934
DB00252,D006934
DB00635,D006934
DB00277,D006934
DB00831,D006934
DB00313,D006934
DB00570,D006934
DB00541,D006934
DB01175,D006934
DB00176,D006934
DB00715,D006934
DB01167,D006934
DB01104,D006934
DB00334,D006937
DB00945,D006937
DB00477,D006937
DB01242,D006937
DB00907,D006937
DB00390,D006937
DB00623,D006937
DB00328,D006937
DB01009,D006937
DB01065,D006937
DB00333,D006937
DB00252,D006937
DB00571,D006937
DB00759,D006937
DB00277,D006937
DB00373,D006937
DB00734,D006937
DB00819,D006940
DB00201,D006940
DB00907,D006940
DB00987,D006940
DB00694,D006940
DB01234,D006940
DB00829,D006940
DB00390,D006940
DB00584,D006940
DB00773,D006940
DB00695,D006940
DB01050,D006940
DB00328,D006940
DB00788,D006940
DB01174,D006940
DB00277,D006940
DB01248,D006943
DB01212,D006943
DB00537,D006943
DB00907,D006943
DB00987,D006943
DB00694,D006943
DB01234,D006943
DB00997,D006943
DB00773,D006943
DB00563,D006943
DB00959,D006943
DB00635,D006943
DB00445,D006943
DB01211,D006943
DB01167,D006943
DB00877,D006943
DB00316,D006945
DB01200,D006945
DB00882,D006945
DB00255,D006945
DB00977,D006945
DB00563,D006945
DB00396,D006945
DB00675,D006945
DB00834,D006945
DB01645,D006945
DB01136,D020138
DB00197,D020138
DB01132,D020138
DB00549,D020138
DB00814,D020138
DB00796,D020138
DB00412,D020138
DB00471,D020138
DB00317,D020138
DB00482,D020138
DB01098,D020138
DB01261,D020138
DB01076,D020138
DB00530,D020138
DB00316,D020138
DB00819,D020138
DB00437,D020138
DB00594,D020138
DB01118,D020138
DB00321,D020138
DB00945,D020138
DB01393,D020138
DB01200,D020138
DB00201,D020138
DB01212,D020138
DB00608,D020138
DB00122,D020138
DB01242,D020138
DB00907,D020138
DB01394,D020138
DB01234,D020138
DB00829,D020138
DB00586,D020138
DB00997,D020138
DB00584,D020138
DB00668,D020138
DB00199,D020138
DB00544,D020138
DB00472,D020138
DB00712,D020138
DB01050,D020138
DB00458,D020138
DB00328,D020138
DB01221,D020138
DB01009,D020138
DB01065,D020138
DB00134,D020138
DB00563,D020138
DB00788,D020138
DB00627,D020138
DB00184,D020138
DB00812,D020138
DB00554,D020138
DB00860,D020138
DB00635,D020138
DB00396,D020138
DB04216,D020138
DB00811,D020138
DB00140,D020138
DB01045,D020138
DB00795,D020138
DB00428,D020138
DB00605,D020138
DB00675,D020138
DB00470,D020138
DB00277,D020138
DB00500,D020138
DB00656,D020138
DB00755,D020138
DB01586,D020138
DB00917,D020138
DB00834,D020138
DB04557,D020138
DB01167,D020138
DB00669,D020138
DB00678,D020138
DB00641,D020138
DB01645,D020138
DB00877,D020138
DB00555,D006946
DB00334,D006946
DB01224,D006946
DB00285,D006946
DB00321,D006946
DB00810,D006946
DB01200,D006946
DB00490,D006946
DB00201,D006946
DB00477,D006946
DB00882,D006946
DB01242,D006946
DB00575,D006946
DB00907,D006946
DB01151,D006946
DB01234,D006946
DB00514,D006946
DB00829,D006946
DB00343,D006946
DB01075,D006946
DB01142,D006946
DB00783,D006946
DB00977,D006946
DB00472,D006946
DB00690,D006946
DB00502,D006946
DB00458,D006946
DB01235,D006946
DB00227,D006946
DB01065,D006946
DB00333,D006946
DB01577,D006946
DB00563,D006946
DB00683,D006946
DB00704,D006946
DB00184,D006946
DB00860,D006946
DB00635,D006946
DB01035,D006946
DB00571,D006946
DB01037,D006946
DB00675,D006946
DB00656,D006946
DB00831,D006946
DB00313,D006946
DB00495,D006946
DB01165,D006946
DB01175,D006946
DB00358,D006946
DB00176,D006946
DB01211,D006946
DB00715,D006946
DB00734,D006946
DB01104,D006946
DB01136,D006947
DB00542,D006947
DB00197,D006947
DB01132,D006947
DB00334,D006947
DB00796,D006947
DB00966,D006947
DB00412,D006947
DB00437,D006947
DB00443,D006947
DB01393,D006947
DB00201,D006947
DB00477,D006947
DB00363,D006947
DB01234,D006947
DB00783,D006947
DB00741,D006947
DB00264,D006947
DB00627,D006947
DB00184,D006947
DB01115,D006947
DB00860,D006947
DB04216,D006947
DB00428,D006947
DB00624,D006947
DB01586,D006947
DB00313,D006947
DB00590,D006947
DB00715,D006947
DB01104,D006947
DB00790,D006947
DB00542,D006948
DB00533,D006948
DB00501,D006948
DB00907,D006948
DB01394,D006948
DB00987,D006948
DB00586,D006948
DB00997,D006948
DB00584,D006948
DB00712,D006948
DB00328,D006948
DB00563,D006948
DB00788,D006948
DB00755,D006948
DB00917,D006948
DB00401,D006948
DB00678,D006948
DB00790,D006948
DB00758,D006949
DB00945,D006949
DB01242,D006949
DB00575,D006949
DB00907,D006949
DB00668,D006949
DB00683,D006949
DB01115,D006949
DB00925,D006949
DB00252,D006949
DB00457,D006949
DB00802,D006949
DB00441,D006965
DB00197,D006965
DB00412,D006965
DB00945,D006965
DB00907,D006965
DB00255,D006965
DB00320,D006965
DB00343,D006965
DB00668,D006965
DB00696,D006965
DB00544,D006965
DB00328,D006965
DB00333,D006965
DB00264,D006965
DB00622,D006965
DB00184,D006965
DB01115,D006965
DB01054,D006965
DB00368,D006965
DB00635,D006965
DB00571,D006965
DB00811,D006965
DB00675,D006965
DB00661,D006965
DB00570,D006965
DB00401,D006965
DB00178,D006965
DB00669,D006965
DB00740,D006965
DB00641,D006965
DB01388,D006965
DB00555,D006966
DB01149,D006966
DB00197,D006966
DB01132,D006966
DB00549,D006966
DB00533,D006966
DB00482,D006966
DB01098,D006966
DB01076,D006966
DB00316,D006966
DB01118,D006966
DB00321,D006966
DB00945,D006966
DB00921,D006966
DB00564,D006966
DB01212,D006966
DB00477,D006966
DB00672,D006966
DB00537,D006966
DB00363,D006966
DB00907,D006966
DB01394,D006966
DB01234,D006966
DB00586,D006966
DB00861,D006966
DB00584,D006966
DB00286,D006966
DB00544,D006966
DB01016,D006966
DB00328,D006966
DB01026,D006966
DB00227,D006966
DB01043,D006966
DB00563,D006966
DB00968,D006966
DB00788,D006966
DB00627,D006966
DB01115,D006966
DB01174,D006966
DB00812,D006966
DB00252,D006966
DB00860,D006966
DB00863,D006966
DB01045,D006966
DB00795,D006966
DB00605,D006966
DB00675,D006966
DB00759,D006966
DB01586,D006966
DB00313,D006966
DB00661,D006966
DB01165,D006966
DB00927,D006966
DB00358,D006966
DB00175,D006966
DB00178,D006966
DB00715,D006966
DB01167,D006966
DB00641,D006966
DB00608,D006967
DB00907,D006967
DB00987,D006967
DB01234,D006967
DB00544,D006967
DB00328,D006967
DB01026,D006967
DB00627,D006967
DB00373,D006967
DB01167,D006967
DB00361,D006973
DB01136,D006973
DB00542,D006973
DB00441,D006973
DB01132,D006973
DB00814,D006973
DB00796,D006973
DB00966,D006973
DB00559,D006973
DB00412,D006973
DB00533,D006973
DB00482,D006973
DB00203,D006973
DB01098,D006973
DB00177,D006973
DB01076,D006973
DB00316,D006973
DB00437,D006973
DB01435,D006973
DB00945,D006973
DB01393,D006973
DB00887,D006973
DB00201,D006973
DB01212,D006973
DB00501,D006973
DB00537,D006973
DB00907,D006973
DB01394,D006973
DB00987,D006973
DB00694,D006973
DB01234,D006973
DB00586,D006973
DB00861,D006973
DB00343,D006973
DB00997,D006973
DB00584,D006973
DB00783,D006973
DB00977,D006973
DB00773,D006973
DB00544,D006973
DB00712,D006973
DB00158,D006973
DB00695,D006973
DB01016,D006973
DB04077,D006973
DB00502,D006973
DB01050,D006973
DB00458,D006973
DB00328,D006973
DB01221,D006973
DB01009,D006973
DB00227,D006973
DB01065,D006973
DB00134,D006973
DB00563,D006973
DB00959,D006973
DB00264,D006973
DB01011,D006973
DB01204,D006973
DB00295,D006973
DB01183,D006973
DB01115,D006973
DB00368,D006973
DB03783,D006973
DB01174,D006973
DB00925,D006973
DB00812,D006973
DB00252,D006973
DB00860,D006973
DB00635,D006973
DB01032,D006973
DB00396,D006973
DB04216,D006973
DB00908,D006973
DB00206,D006973
DB01045,D006973
DB00795,D006973
DB00421,D006973
DB00428,D006973
DB01138,D006973
DB00675,D006973
DB00759,D006973
DB00277,D006973
DB00451,D006973
DB00440,D006973
DB00313,D006973
DB00661,D006973
DB00570,D006973
DB00541,D006973
DB00495,D006973
DB00917,D006973
DB01165,D006973
DB00445,D006973
DB01177,D006973
DB01175,D006973
DB01229,D006973
DB01211,D006973
DB00749,D006973
DB01167,D006973
DB00678,D006973
DB00641,D006973
DB00877,D006973
DB00790,D006973
DB01136,D006974
DB00542,D006974
DB00316,D006974
DB00437,D006974
DB00945,D006974
DB00537,D006974
DB00907,D006974
DB00694,D006974
DB00997,D006974
DB00584,D006974
DB00158,D006974
DB00695,D006974
DB01050,D006974
DB00328,D006974
DB01009,D006974
DB00227,D006974
DB01065,D006974
DB01577,D006974
DB00788,D006974
DB00627,D006974
DB03783,D006974
DB01032,D006974
DB00795,D006974
DB00428,D006974
DB00605,D006974
DB00495,D006974
DB00178,D006974
DB00678,D006974
DB00641,D006974
DB00317,D006975
DB00398,D006975
DB00316,D006975
DB01435,D006975
DB00945,D006975
DB00201,D006975
DB00255,D006975
DB00997,D006975
DB00783,D006975
DB00655,D006975
DB00544,D006975
DB00328,D006975
DB03783,D006975
DB00812,D006975
DB00860,D006975
DB00428,D006975
DB00675,D006975
DB00624,D006975
DB00541,D006975
DB00495,D006975
DB00927,D006975
DB00316,D006976
DB00437,D006976
DB01435,D006976
DB00945,D006976
DB00201,D006976
DB00320,D006976
DB00712,D006976
DB01050,D006976
DB00328,D006976
DB01009,D006976
DB00788,D006976
DB03783,D006976
DB00812,D006976
DB00635,D006976
DB01045,D006976
DB00605,D006976
DB00669,D006976
DB00316,D006977
DB01435,D006977
DB00945,D006977
DB01393,D006977
DB00201,D006977
DB00564,D006977
DB01327,D006977
DB01212,D006977
DB00537,D006977
DB00907,D006977
DB00586,D006977
DB00158,D006977
DB04077,D006977
DB01050,D006977
DB00328,D006977
DB01577,D006977
DB00959,D006977
DB00788,D006977
DB01054,D006977
DB03783,D006977
DB01174,D006977
DB00812,D006977
DB00860,D006977
DB00635,D006977
DB01032,D006977
DB01045,D006977
DB00428,D006977
DB01138,D006977
DB00759,D006977
DB00755,D006977
DB00661,D006977
DB00877,D006977
DB00796,D006980
DB00945,D006980
DB00443,D006980
DB00907,D006980
DB00328,D006980
DB00788,D006980
DB01115,D006980
DB00252,D006980
DB00396,D006980
DB00661,D006980
DB00834,D006980
DB00555,D015228
DB00412,D015228
DB00316,D015228
DB00915,D015228
DB00321,D015228
DB00182,D015228
DB00201,D015228
DB00564,D015228
DB00122,D015228
DB00882,D015228
DB00363,D015228
DB00907,D015228
DB01394,D015228
DB01234,D015228
DB00829,D015228
DB00255,D015228
DB00390,D015228
DB00988,D015228
DB00997,D015228
DB00783,D015228
DB00875,D015228
DB00502,D015228
DB01221,D015228
DB01235,D015228
DB01065,D015228
DB01043,D015228
DB01577,D015228
DB00134,D015228
DB00563,D015228
DB01011,D015228
DB00683,D015228
DB00295,D015228
DB00184,D015228
DB01174,D015228
DB00252,D015228
DB01037,D015228
DB00428,D015228
DB00382,D015228
DB00624,D015228
DB00470,D015228
DB00277,D015228
DB00451,D015228
DB00755,D015228
DB00313,D015228
DB00734,D015228
DB00398,D006984
DB00619,D006984
DB00276,D006984
DB00446,D006984
DB00987,D006984
DB00694,D006984
DB00997,D006984
DB00741,D006984
DB00563,D006984
DB01204,D006984
DB00627,D006984
DB00635,D006984
DB04216,D006984
DB00755,D006984
DB00541,D006984
DB01177,D006984
DB01229,D006984
DB01645,D006984
DB00437,D017379
DB00987,D017379
DB00997,D017379
DB00563,D017379
DB01204,D017379
DB00635,D017379
DB00277,D017379
DB00541,D017379
DB01229,D017379
DB00242,D017379
DB00549,D006987
DB00533,D006987
DB01118,D006987
DB00945,D006987
DB00564,D006987
DB00446,D006987
DB00537,D006987
DB00363,D006987
DB00907,D006987
DB00987,D006987
DB00997,D006987
DB00668,D006987
DB00199,D006987
DB00328,D006987
DB01069,D006987
DB01045,D006987
DB00795,D006987
DB00277,D006987
DB00755,D006987
DB00917,D006987
DB01244,D006987
DB00361,D006996
DB01097,D006996
DB00758,D006996
DB00441,D006996
DB01248,D006996
DB00317,D006996
DB01224,D006996
DB00316,D006996
DB00564,D006996
DB01212,D006996
DB00446,D006996
DB00501,D006996
DB00537,D006996
DB00363,D006996
DB01394,D006996
DB00987,D006996
DB00694,D006996
DB01151,D006996
DB01234,D006996
DB01075,D006996
DB00997,D006996
DB00254,D006996
DB01196,D006996
DB00773,D006996
DB00544,D006996
DB00502,D006996
DB00458,D006996
DB00328,D006996
DB01065,D006996
DB00563,D006996
DB01204,D006996
DB00812,D006996
DB00252,D006996
DB00860,D006996
DB00635,D006996
DB00908,D006996
DB00811,D006996
DB00795,D006996
DB00428,D006996
DB00675,D006996
DB00313,D006996
DB00570,D006996
DB00541,D006996
DB00495,D006996
DB00445,D006996
DB01177,D006996
DB01229,D006996
DB00877,D006996
DB01118,D007003
DB00321,D007003
DB00608,D007003
DB00477,D007003
DB01242,D007003
DB00363,D007003
DB00199,D007003
DB00472,D007003
DB00502,D007003
DB00458,D007003
DB01026,D007003
DB00571,D007003
DB00675,D007003
DB00759,D007003
DB01175,D007003
DB00455,D007003
DB01104,D007003
DB01097,D007008
DB00197,D007008
DB00412,D007008
DB00619,D007008
DB00316,D007008
DB01118,D007008
DB00122,D007008
DB01394,D007008
DB00586,D007008
DB00255,D007008
DB00343,D007008
DB01142,D007008
DB00997,D007008
DB00584,D007008
DB00544,D007008
DB00695,D007008
DB00227,D007008
DB01065,D007008
DB00134,D007008
DB00563,D007008
DB00968,D007008
DB01174,D007008
DB00571,D007008
DB04216,D007008
DB00811,D007008
DB00421,D007008
DB00428,D007008
DB00675,D007008
DB01586,D007008
DB00661,D007008
DB00445,D007008
DB00678,D007008
DB00641,D007008
DB00877,D007008
DB00790,D007008
DB01393,D018476
DB00477,D018476
DB00544,D018476
DB00563,D018476
DB01183,D018476
DB00396,D018476
DB01045,D018476
DB00605,D018476
DB01586,D018476
DB00178,D018476
DB01132,D007010
DB00412,D007010
DB00533,D007010
DB00177,D007010
DB00619,D007010
DB01076,D007010
DB00640,D007010
DB00201,D007010
DB01234,D007010
DB00997,D007010
DB00584,D007010
DB00783,D007010
DB00328,D007010
DB01065,D007010
DB00134,D007010
DB01174,D007010
DB00396,D007010
DB04216,D007010
DB00795,D007010
DB00675,D007010
DB00755,D007010
DB01586,D007010
DB00570,D007010
DB00115,D007010
DB00917,D007010
DB00678,D007010
DB01645,D007010
DB00877,D007010
DB00790,D007010
DB01149,D017674
DB00412,D017674
DB00533,D017674
DB00482,D017674
DB00619,D017674
DB00316,D017674
DB01118,D017674
DB00182,D017674
DB01212,D017674
DB00477,D017674
DB00672,D017674
DB00501,D017674
DB00363,D017674
DB01394,D017674
DB00987,D017674
DB00694,D017674
DB01234,D017674
DB00586,D017674
DB00343,D017674
DB00280,D017674
DB00997,D017674
DB00254,D017674
DB00584,D017674
DB00783,D017674
DB01196,D017674
DB00773,D017674
DB00544,D017674
DB00158,D017674
DB00695,D017674
DB00502,D017674
DB00328,D017674
DB01026,D017674
DB00643,D017674
DB01065,D017674
DB00134,D017674
DB00563,D017674
DB01204,D017674
DB00788,D017674
DB00622,D017674
DB00184,D017674
DB01115,D017674
DB01174,D017674
DB00252,D017674
DB00554,D017674
DB00635,D017674
DB00571,D017674
DB04216,D017674
DB01045,D017674
DB00428,D017674
DB00605,D017674
DB00675,D017674
DB00759,D017674
DB00451,D017674
DB00755,D017674
DB00440,D017674
DB01586,D017674
DB00313,D017674
DB00541,D017674
DB00115,D017674
DB00495,D017674
DB00917,D017674
DB01177,D017674
DB00176,D017674
DB01167,D017674
DB00641,D017674
DB00361,D007022
DB00441,D007022
DB00197,D007022
DB00439,D007022
DB00398,D007022
DB00316,D007022
DB01200,D007022
DB00201,D007022
DB00564,D007022
DB00122,D007022
DB01234,D007022
DB00829,D007022
DB00255,D007022
DB00997,D007022
DB00977,D007022
DB00544,D007022
DB00328,D007022
DB00227,D007022
DB00563,D007022
DB00368,D007022
DB01174,D007022
DB00812,D007022
DB00252,D007022
DB00860,D007022
DB00635,D007022
DB00571,D007022
DB04216,D007022
DB00421,D007022
DB00428,D007022
DB00675,D007022
DB00624,D007022
DB00570,D007022
DB00495,D007022
DB01241,D007022
DB00445,D007022
DB00927,D007022
DB01229,D007022
DB00749,D007022
DB00539,D007022
DB00641,D007022
DB00197,D007024
DB01132,D007024
DB00412,D007024
DB00398,D007024
DB00316,D007024
DB01393,D007024
DB00201,D007024
DB00882,D007024
DB00829,D007024
DB00255,D007024
DB00997,D007024
DB00783,D007024
DB00977,D007024
DB00544,D007024
DB01065,D007024
DB00368,D007024
DB01174,D007024
DB00252,D007024
DB00860,D007024
DB04216,D007024
DB01103,D007024
DB00675,D007024
DB00115,D007024
DB01229,D007024
DB00334,D007035
DB01268,D007035
DB00177,D007035
DB00619,D007035
DB01224,D007035
DB00316,D007035
DB00915,D007035
DB01118,D007035
DB00321,D007035
DB00201,D007035
DB00564,D007035
DB01212,D007035
DB00608,D007035
DB00477,D007035
DB00537,D007035
DB01242,D007035
DB00363,D007035
DB00907,D007035
DB00694,D007035
DB01151,D007035
DB00390,D007035
DB00343,D007035
DB01075,D007035
DB00280,D007035
DB01184,D007035
DB00988,D007035
DB01142,D007035
DB00997,D007035
DB00668,D007035
DB00199,D007035
DB00813,D007035
DB00472,D007035
DB01016,D007035
DB00502,D007035
DB00741,D007035
DB00458,D007035
DB01026,D007035
DB00281,D007035
DB00934,D007035
DB00333,D007035
DB00264,D007035
DB01204,D007035
DB01400,D007035
DB00184,D007035
DB01115,D007035
DB00252,D007035
DB01100,D007035
DB01035,D007035
DB01182,D007035
DB00571,D007035
DB00908,D007035
DB00468,D007035
DB00373,D007035
DB00656,D007035
DB01165,D007035
DB00445,D007035
DB01177,D007035
DB01175,D007035
DB01244,D007035
DB00637,D007035
DB00342,D007035
DB00176,D007035
DB01211,D007035
DB00455,D007035
DB00715,D007035
DB01167,D007035
DB00734,D007035
DB00641,D007035
DB00361,D007037
DB00441,D007037
DB01248,D007037
DB00316,D007037
DB01118,D007037
DB00945,D007037
DB00907,D007037
DB00987,D007037
DB01234,D007037
DB00783,D007037
DB00773,D007037
DB00741,D007037
DB00328,D007037
DB01577,D007037
DB00563,D007037
DB00184,D007037
DB00795,D007037
DB00373,D007037
DB00755,D007037
DB01229,D007037
DB01211,D007037
DB00361,D000860
DB00441,D000860
DB00197,D000860
DB01248,D000860
DB00412,D000860
DB00523,D000860
DB00317,D000860
DB00530,D000860
DB00201,D000860
DB00537,D000860
DB00257,D000860
DB01234,D000860
DB00997,D000860
DB00773,D000860
DB00544,D000860
DB00328,D000860
DB01065,D000860
DB00333,D000860
DB00563,D000860
DB00295,D000860
DB00184,D000860
DB01174,D000860
DB00554,D000860
DB04216,D000860
DB00605,D000860
DB00675,D000860
DB00277,D000860
DB00541,D000860
DB00495,D000860
DB00445,D000860
DB00927,D000860
DB01229,D000860
DB00242,D000860
DB01645,D000860
DB00608,D007177
DB00544,D007177
DB01054,D007177
DB00860,D007177
DB00635,D007177
DB01035,D007177
DB01103,D007177
DB01045,D007177
DB00313,D007177
DB01104,D007177
DB00482,D007232
DB01118,D007232
DB00945,D007232
DB00564,D007232
DB00608,D007232
DB00477,D007232
DB00907,D007232
DB00586,D007232
DB00783,D007232
DB00158,D007232
DB01050,D007232
DB00328,D007232
DB01065,D007232
DB00563,D007232
DB00968,D007232
DB00959,D007232
DB00264,D007232
DB00812,D007232
DB00860,D007232
DB00635,D007232
DB01035,D007232
DB01103,D007232
DB00908,D007232
DB00863,D007232
DB01045,D007232
DB00795,D007232
DB00313,D007232
DB00541,D007232
DB00115,D007232
DB00555,D007235
DB01268,D007235
DB00201,D007235
DB00564,D007235
DB00537,D007235
DB01050,D007235
DB01174,D007235
DB00252,D007235
DB00860,D007235
DB00908,D007235
DB00795,D007235
DB01211,D007235
DB00564,D020244
DB00987,D020244
DB01234,D020244
DB00255,D020244
DB00997,D020244
DB00254,D020244
DB00773,D020244
DB00227,D020244
DB00563,D020244
DB00959,D020244
DB01204,D020244
DB00541,D020244
DB00445,D020244
DB01177,D020244
DB00441,D007239
DB00437,D007239
DB00987,D007239
DB00694,D007239
DB00997,D007239
DB00773,D007239
DB00281,D007239
DB00371,D007239
DB00563,D007239
DB00959,D007239
DB01204,D007239
DB00252,D007239
DB00860,D007239
DB00635,D007239
DB00624,D007239
DB00541,D007239
DB00445,D007239
DB01177,D007239
DB01229,D007239
DB00608,D007247
DB00477,D007247
DB00537,D007247
DB00254,D007247
DB00458,D007247
DB00344,D007247
DB00908,D007247
DB00468,D007247
DB00624,D007247
DB00759,D007247
DB00726,D007247
DB00358,D007247
DB00637,D007247
DB00197,D007249
DB00412,D007249
DB00317,D007249
DB00482,D007249
DB00201,D007249
DB00255,D007249
DB00997,D007249
DB00783,D007249
DB00773,D007249
DB00695,D007249
DB01050,D007249
DB00227,D007249
DB01065,D007249
DB01110,D007249
DB01100,D007249
DB00396,D007249
DB04216,D007249
DB00206,D007249
DB00675,D007249
DB00624,D007249
DB00755,D007249
DB00834,D007249
DB01229,D007249
DB01211,D007249
DB01645,D007249
DB00361,D007333
DB01248,D007333
DB00559,D007333
DB00398,D007333
DB00316,D007333
DB00255,D007333
DB01075,D007333
DB00997,D007333
DB00158,D007333
DB00184,D007333
DB01100,D007333
DB00605,D007333
DB00675,D007333
DB00755,D007333
DB00570,D007333
DB00445,D007333
DB00927,D007333
DB00637,D007333
DB00342,D007333
DB01229,D007333
DB00877,D007333
DB01136,D007410
DB00555,D007410
DB00519,D007410
DB01132,D007410
DB00334,D007410
DB00412,D007410
DB00177,D007410
DB00819,D007410
DB00915,D007410
DB00321,D007410
DB00182,D007410
DB00945,D007410
DB00201,D007410
DB00564,D007410
DB00446,D007410
DB00122,D007410
DB00501,D007410
DB00882,D007410
DB01242,D007410
DB00907,D007410
DB01394,D007410
DB01234,D007410
DB00829,D007410
DB00390,D007410
DB00997,D007410
DB00254,D007410
DB00783,D007410
DB00544,D007410
DB00472,D007410
DB00623,D007410
DB00690,D007410
DB00502,D007410
DB00741,D007410
DB01050,D007410
DB01221,D007410
DB01235,D007410
DB01065,D007410
DB01043,D007410
DB00333,D007410
DB01577,D007410
DB00134,D007410
DB00563,D007410
DB00959,D007410
DB01011,D007410
DB00683,D007410
DB00295,D007410
DB00184,D007410
DB01174,D007410
DB00252,D007410
DB00635,D007410
DB00571,D007410
DB04216,D007410
DB00206,D007410
DB01037,D007410
DB00428,D007410
DB00605,D007410
DB00382,D007410
DB00675,D007410
DB00624,D007410
DB00470,D007410
DB00277,D007410
DB00451,D007410
DB00500,D007410
DB00656,D007410
DB00313,D007410
DB01175,D007410
DB00358,D007410
DB00734,D007410
DB00678,D007410
DB01645,D007410
DB00936,D007410
DB01200,D020300
DB01212,D020300
DB00446,D020300
DB00537,D020300
DB00907,D020300
DB00987,D020300
DB01234,D020300
DB00199,D020300
DB00741,D020300
DB01050,D020300
DB00328,D020300
DB00563,D020300
DB00860,D020300
DB00635,D020300
DB01045,D020300
DB00795,D020300
DB00440,D020300
DB00555,D019586
DB00564,D019586
DB00537,D019586
DB00987,D019586
DB00586,D019586
DB00199,D019586
DB01050,D019586
DB00563,D019586
DB00959,D019586
DB00788,D019586
DB00554,D019586
DB00635,D019586
DB00863,D019586
DB01045,D019586
DB00795,D019586
DB00605,D019586
DB00500,D019586
DB00440,D019586
DB00927,D019586
DB00361,D007431
DB00441,D007431
DB00317,D007431
DB00398,D007431
DB00619,D007431
DB00530,D007431
DB00945,D007431
DB00997,D007431
DB00977,D007431
DB00773,D007431
DB00554,D007431
DB01229,D007431
DB00877,D007431
DB00316,D007511
DB00608,D007511
DB00501,D007511
DB00281,D007511
DB03783,D007511
DB00635,D007511
DB00863,D007511
DB00795,D007511
DB00495,D007511
DB00927,D007511
DB00549,D002546
DB00796,D002546
DB00471,D002546
DB00203,D002546
DB01076,D002546
DB00285,D002546
DB00316,D002546
DB00819,D002546
DB00321,D002546
DB00945,D002546
DB00201,D002546
DB00564,D002546
DB00477,D002546
DB00907,D002546
DB00255,D002546
DB00320,D002546
DB01075,D002546
DB01184,D002546
DB00696,D002546
DB00813,D002546
DB01050,D002546
DB00458,D002546
DB00328,D002546
DB01065,D002546
DB01043,D002546
DB00264,D002546
DB01183,D002546
DB00788,D002546
DB00627,D002546
DB00571,D002546
DB00811,D002546
DB00140,D002546
DB00675,D002546
DB00656,D002546
DB00313,D002546
DB00570,D002546
DB00715,D002546
DB00669,D002546
DB00678,D002546
DB01104,D002546
DB01136,D007565
DB00555,D007565
DB00519,D007565
DB00334,D007565
DB00533,D007565
DB01224,D007565
DB00285,D007565
DB00915,D007565
DB01118,D007565
DB00321,D007565
DB00182,D007565
DB00810,D007565
DB01200,D007565
DB00490,D007565
DB00201,D007565
DB00564,D007565
DB00477,D007565
DB00501,D007565
DB00537,D007565
DB00882,D007565
DB01242,D007565
DB00575,D007565
DB00363,D007565
DB00907,D007565
DB00829,D007565
DB01396,D007565
DB01075,D007565
DB01184,D007565
DB00584,D007565
DB00199,D007565
DB00472,D007565
DB00875,D007565
DB00623,D007565
DB00502,D007565
DB01235,D007565
DB00227,D007565
DB00934,D007565
DB01065,D007565
DB01043,D007565
DB01577,D007565
DB00295,D007565
DB01183,D007565
DB00184,D007565
DB01595,D007565
DB01174,D007565
DB00252,D007565
DB01100,D007565
DB00571,D007565
DB00206,D007565
DB00428,D007565
DB00675,D007565
DB00470,D007565
DB01623,D007565
DB00656,D007565
DB00755,D007565
DB00831,D007565
DB00313,D007565
DB00541,D007565
DB01175,D007565
DB00734,D007565
DB00740,D007565
DB00641,D007565
DB01104,D007565
DB00441,D041781
DB01095,D041781
DB01248,D041781
DB00482,D041781
DB01394,D041781
DB00987,D041781
DB01234,D041781
DB00997,D041781
DB00773,D041781
DB00563,D041781
DB00959,D041781
DB00252,D041781
DB00860,D041781
DB00635,D041781
DB01138,D041781
DB00675,D041781
DB00755,D041781
DB00541,D041781
DB00917,D041781
DB01177,D041781
DB01229,D041781
DB01211,D041781
DB00877,D041781
DB00555,D007634
DB00316,D007634
DB01212,D007634
DB00907,D007634
DB01394,D007634
DB00586,D007634
DB00773,D007634
DB00333,D007634
DB00500,D007634
DB00313,D007634
DB00915,D007674
DB00514,D007674
DB01235,D007674
DB00959,D007674
DB01204,D007674
DB00704,D007674
DB00860,D007674
DB00635,D007674
DB00908,D007674
DB00242,D007674
DB00619,D007676
DB00321,D007676
DB00945,D007676
DB00201,D007676
DB00907,D007676
DB01234,D007676
DB00829,D007676
DB00320,D007676
DB00280,D007676
DB00254,D007676
DB00584,D007676
DB00712,D007676
DB00502,D007676
DB00227,D007676
DB00211,D007676
DB00295,D007676
DB01183,D007676
DB01115,D007676
DB00635,D007676
DB00468,D007676
DB00605,D007676
DB00755,D007676
DB00313,D007676
DB00570,D007676
DB00541,D007676
DB00175,D007676
DB01229,D007676
DB00641,D007676
DB00334,D007680
DB00321,D007680
DB01242,D007680
DB00907,D007680
DB01151,D007680
DB00829,D007680
DB00584,D007680
DB00502,D007680
DB00295,D007680
DB00252,D007680
DB01069,D007680
DB00917,D007680
DB00834,D007680
DB00734,D007680
DB00945,D007681
DB01242,D007681
DB00363,D007681
DB00829,D007681
DB01221,D007681
DB00281,D007681
DB00563,D007681
DB00295,D007681
DB01183,D007681
DB01595,D007681
DB00313,D007681
DB00541,D007681
DB01175,D007681
DB00834,D007681
DB01149,D007683
DB00334,D007683
DB00285,D007683
DB00915,D007683
DB01200,D007683
DB00477,D007683
DB00575,D007683
DB00363,D007683
DB00907,D007683
DB00829,D007683
DB01075,D007683
DB01184,D007683
DB00668,D007683
DB00813,D007683
DB00623,D007683
DB00502,D007683
DB01221,D007683
DB01235,D007683
DB01577,D007683
DB00563,D007683
DB00968,D007683
DB00683,D007683
DB00295,D007683
DB01183,D007683
DB00788,D007683
DB00627,D007683
DB01337,D007683
DB00925,D007683
DB00457,D007683
DB00571,D007683
DB00206,D007683
DB01037,D007683
DB00277,D007683
DB01623,D007683
DB00656,D007683
DB00831,D007683
DB00313,D007683
DB01175,D007683
DB00802,D007683
DB00176,D007683
DB00715,D007683
DB00734,D007683
DB00564,D007859
DB00575,D007859
DB00907,D007859
DB00813,D007859
DB00472,D007859
DB01235,D007859
DB00281,D007859
DB01043,D007859
DB00563,D007859
DB00295,D007859
DB01183,D007859
DB01337,D007859
DB00252,D007859
DB01104,D007859
DB01118,D053609
DB00608,D053609
DB00537,D053609
DB00907,D053609
DB01394,D053609
DB01234,D053609
DB00741,D053609
DB00959,D053609
DB00184,D053609
DB01337,D053609
DB00860,D053609
DB00635,D053609
DB04216,D053609
DB01045,D053609
DB00624,D053609
DB00759,D053609
DB00541,D053609
DB00115,D053609
DB00495,D053609
DB00834,D053609
DB00361,D007938
DB00441,D007938
DB01095,D007938
DB01248,D007938
DB00334,D007938
DB00439,D007938
DB00412,D007938
DB00203,D007938
DB01098,D007938
DB01076,D007938
DB00973,D007938
DB01118,D007938
DB00443,D007938
DB01393,D007938
DB00887,D007938
DB00201,D007938
DB00446,D007938
DB00608,D007938
DB01114,D007938
DB00477,D007938
DB00537,D007938
DB01394,D007938
DB01234,D007938
DB00829,D007938
DB00586,D007938
DB00343,D007938
DB00668,D007938
DB00544,D007938
DB00623,D007938
DB00158,D007938
DB00741,D007938
DB01050,D007938
DB00458,D007938
DB01026,D007938
DB00281,D007938
DB00227,D007938
DB01043,D007938
DB00563,D007938
DB00968,D007938
DB00959,D007938
DB01400,D007938
DB00627,D007938
DB01337,D007938
DB01174,D007938
DB00252,D007938
DB00860,D007938
DB00635,D007938
DB01035,D007938
DB00571,D007938
DB01103,D007938
DB00811,D007938
DB01045,D007938
DB00605,D007938
DB00382,D007938
DB00656,D007938
DB00313,D007938
DB00570,D007938
DB00495,D007938
DB00917,D007938
DB01165,D007938
DB01241,D007938
DB01175,D007938
DB00175,D007938
DB01229,D007938
DB00641,D007938
DB00877,D007938
DB00973,D015451
DB00887,D015451
DB00608,D015451
DB00514,D015451
DB00997,D015451
DB01204,D015451
DB00675,D015451
DB00313,D015451
DB00175,D015451
DB00749,D015451
DB01098,D007945
DB01224,D007945
DB01193,D007945
DB00608,D007945
DB00907,D007945
DB01234,D007945
DB00199,D007945
DB00959,D007945
DB01400,D007945
DB00252,D007945
DB00860,D007945
DB00635,D007945
DB01035,D007945
DB01182,D007945
DB00811,D007945
DB00661,D007945
DB01165,D007945
DB00175,D007945
DB00641,D007945
DB01104,D007945
DB00537,D015464
DB00363,D015464
DB00987,D015464
DB01234,D015464
DB00773,D015464
DB01204,D015464
DB00860,D015464
DB00755,D015464
DB00313,D015464
DB00495,D015464
DB01177,D015464
DB01136,D015470
DB01095,D015470
DB01248,D015470
DB00796,D015470
DB00203,D015470
DB00177,D015470
DB01224,D015470
DB00316,D015470
DB00640,D015470
DB01118,D015470
DB00182,D015470
DB00276,D015470
DB00201,D015470
DB01212,D015470
DB00608,D015470
DB00477,D015470
DB00363,D015470
DB00907,D015470
DB00694,D015470
DB01234,D015470
DB00829,D015470
DB00586,D015470
DB01396,D015470
DB00390,D015470
DB00343,D015470
DB00997,D015470
DB00584,D015470
DB00668,D015470
DB00813,D015470
DB00544,D015470
DB00458,D015470
DB01221,D015470
DB01009,D015470
DB01065,D015470
DB01577,D015470
DB00563,D015470
DB00959,D015470
DB00264,D015470
DB01204,D015470
DB00184,D015470
DB00368,D015470
DB00812,D015470
DB00252,D015470
DB00457,D015470
DB00860,D015470
DB00635,D015470
DB00571,D015470
DB04216,D015470
DB00206,D015470
DB00421,D015470
DB00277,D015470
DB00755,D015470
DB00661,D015470
DB00541,D015470
DB00495,D015470
DB01165,D015470
DB00445,D015470
DB01177,D015470
DB01229,D015470
DB00178,D015470
DB00734,D015470
DB00361,D015473
DB01136,D015473
DB00519,D015473
DB00758,D015473
DB00441,D015473
DB01132,D015473
DB01095,D015473
DB00966,D015473
DB00559,D015473
DB00412,D015473
DB00533,D015473
DB00482,D015473
DB00203,D015473
DB01098,D015473
DB00177,D015473
DB01076,D015473
DB00316,D015473
DB01118,D015473
DB00182,D015473
DB00945,D015473
DB00443,D015473
DB01393,D015473
DB01200,D015473
DB00921,D015473
DB00201,D015473
DB00564,D015473
DB00882,D015473
DB00575,D015473
DB00907,D015473
DB01234,D015473
DB00586,D015473
DB00255,D015473
DB00320,D015473
DB00343,D015473
DB00280,D015473
DB00997,D015473
DB00584,D015473
DB00668,D015473
DB00696,D015473
DB00199,D015473
DB00783,D015473
DB00286,D015473
DB00773,D015473
DB00544,D015473
DB01050,D015473
DB00458,D015473
DB00281,D015473
DB01065,D015473
DB00333,D015473
DB01577,D015473
DB00959,D015473
DB00264,D015473
DB00295,D015473
DB01183,D015473
DB00788,D015473
DB00627,D015473
DB00184,D015473
DB01115,D015473
DB00368,D015473
DB01580,D015473
DB00925,D015473
DB00554,D015473
DB00860,D015473
DB00635,D015473
DB01035,D015473
DB00571,D015473
DB04216,D015473
DB00206,D015473
DB00421,D015473
DB01138,D015473
DB00675,D015473
DB00373,D015473
DB00755,D015473
DB00661,D015473
DB00570,D015473
DB00541,D015473
DB00115,D015473
DB00445,D015473
DB01175,D015473
DB00401,D015473
DB00175,D015473
DB01229,D015473
DB00178,D015473
DB00669,D015473
DB00678,D015473
DB00641,D015473
DB01645,D015473
DB00877,D015473
DB01388,D015473
DB00790,D015473
DB01136,D007964
DB01118,D007964
DB00321,D007964
DB00182,D007964
DB00564,D007964
DB00363,D007964
DB00907,D007964
DB00694,D007964
DB01151,D007964
DB00988,D007964
DB00997,D007964
DB00668,D007964
DB00544,D007964
DB00712,D007964
DB00502,D007964
DB00458,D007964
DB00968,D007964
DB00959,D007964
DB00264,D007964
DB00252,D007964
DB00860,D007964
DB00635,D007964
DB01035,D007964
DB00863,D007964
DB00795,D007964
DB00624,D007964
DB00759,D007964
DB00755,D007964
DB00495,D007964
DB01177,D007964
DB00669,D007964
DB00349,D056784
DB00555,D056784
DB01149,D056784
DB00441,D056784
DB00334,D056784
DB01224,D056784
DB00285,D056784
DB00316,D056784
DB00915,D056784
DB01118,D056784
DB00321,D056784
DB00443,D056784
DB00810,D056784
DB01200,D056784
DB00490,D056784
DB00564,D056784
DB00477,D056784
DB00501,D056784
DB00537,D056784
DB01242,D056784
DB00575,D056784
DB00363,D056784
DB01151,D056784
DB01234,D056784
DB00514,D056784
DB00829,D056784
DB00586,D056784
DB01142,D056784
DB00199,D056784
DB00813,D056784
DB00472,D056784
DB00502,D056784
DB00458,D056784
DB01221,D056784
DB01235,D056784
DB00281,D056784
DB00934,D056784
DB01043,D056784
DB00333,D056784
DB00683,D056784
DB00295,D056784
DB01183,D056784
DB00184,D056784
DB01115,D056784
DB00925,D056784
DB00252,D056784
DB00457,D056784
DB01035,D056784
DB01069,D056784
DB01182,D056784
DB00571,D056784
DB00206,D056784
DB00382,D056784
DB00451,D056784
DB00656,D056784
DB00440,D056784
DB00313,D056784
DB00661,D056784
DB00115,D056784
DB01175,D056784
DB00927,D056784
DB00802,D056784
DB00358,D056784
DB00176,D056784
DB00175,D056784
DB00715,D056784
DB01104,D056784
DB00334,D007970
DB00182,D007970
DB01393,D007970
DB00363,D007970
DB01394,D007970
DB00586,D007970
DB04077,D007970
DB00502,D007970
DB00227,D007970
DB00333,D007970
DB01577,D007970
DB00635,D007970
DB01069,D007970
DB00277,D007970
DB00641,D007970
DB01149,D017880
DB00197,D017880
DB01076,D017880
DB01118,D017880
DB01393,D017880
DB00921,D017880
DB00564,D017880
DB01234,D017880
DB00997,D017880
DB00472,D017880
DB00281,D017880
DB00227,D017880
DB00252,D017880
DB00860,D017880
DB00635,D017880
DB01035,D017880
DB00396,D017880
DB00755,D017880
DB01241,D017880
DB00175,D017880
DB01211,D017880
DB00641,D017880
DB00921,D008064
DB00575,D008064
DB01151,D008064
DB00333,D008064
DB00295,D008064
DB01183,D008064
DB00704,D008064
DB00470,D008064
DB00656,D008064
DB00495,D008064
DB00734,D008064
DB00361,D008103
DB00519,D008103
DB00758,D008103
DB00441,D008103
DB00549,D008103
DB01095,D008103
DB00814,D008103
DB01248,D008103
DB00334,D008103
DB00967,D008103
DB00203,D008103
DB00619,D008103
DB01076,D008103
DB00285,D008103
DB00316,D008103
DB00819,D008103
DB01118,D008103
DB00945,D008103
DB01200,D008103
DB00921,D008103
DB00490,D008103
DB00201,D008103
DB00564,D008103
DB01212,D008103
DB00608,D008103
DB01114,D008103
DB00672,D008103
DB00501,D008103
DB00537,D008103
DB00882,D008103
DB01242,D008103
DB00575,D008103
DB00363,D008103
DB00907,D008103
DB01394,D008103
DB00987,D008103
DB01151,D008103
DB01234,D008103
DB00829,D008103
DB00586,D008103
DB00255,D008103
DB00861,D008103
DB00390,D008103
DB00320,D008103
DB00343,D008103
DB01075,D008103
DB01184,D008103
DB00997,D008103
DB00254,D008103
DB00584,D008103
DB00668,D008103
DB00696,D008103
DB00199,D008103
DB01196,D008103
DB00977,D008103
DB00773,D008103
DB00813,D008103
DB00544,D008103
DB00472,D008103
DB00623,D008103
DB00695,D008103
DB01050,D008103
DB00458,D008103
DB00328,D008103
DB01221,D008103
DB01026,D008103
DB01235,D008103
DB00281,D008103
DB00371,D008103
DB00333,D008103
DB01577,D008103
DB00563,D008103
DB00968,D008103
DB00959,D008103
DB00683,D008103
DB01204,D008103
DB00295,D008103
DB01183,D008103
DB00704,D008103
DB00788,D008103
DB01400,D008103
DB00627,D008103
DB00622,D008103
DB00184,D008103
DB01115,D008103
DB01059,D008103
DB00252,D008103
DB00457,D008103
DB00860,D008103
DB00635,D008103
DB01032,D008103
DB01035,D008103
DB00908,D008103
DB00206,D008103
DB00795,D008103
DB00428,D008103
DB00605,D008103
DB00675,D008103
DB00759,D008103
DB00470,D008103
DB00277,D008103
DB00451,D008103
DB00373,D008103
DB00755,D008103
DB00313,D008103
DB00661,D008103
DB00570,D008103
DB00541,D008103
DB00495,D008103
DB00917,D008103
DB01165,D008103
DB00445,D008103
DB01177,D008103
DB01175,D008103
DB00802,D008103
DB00518,D008103
DB00358,D008103
DB00176,D008103
DB01229,D008103
DB01211,D008103
DB00242,D008103
DB00715,D008103
DB01167,D008103
DB00669,D008103
DB00734,D008103
DB00678,D008103
DB01104,D008103
DB01136,D008105
DB00758,D008105
DB00441,D008105
DB00197,D008105
DB01132,D008105
DB00549,D008105
DB01095,D008105
DB01248,D008105
DB00966,D008105
DB00439,D008105
DB01268,D008105
DB00482,D008105
DB00203,D008105
DB01098,D008105
DB00619,D008105
DB01261,D008105
DB01076,D008105
DB00316,D008105
DB00640,D008105
DB01118,D008105
DB00321,D008105
DB01435,D008105
DB00945,D008105
DB00443,D008105
DB01393,D008105
DB00921,D008105
DB00201,D008105
DB00446,D008105
DB00608,D008105
DB01114,D008105
DB00477,D008105
DB00122,D008105
DB00501,D008105
DB00363,D008105
DB00907,D008105
DB01394,D008105
DB00987,D008105
DB00694,D008105
DB01234,D008105
DB00586,D008105
DB00320,D008105
DB00343,D008105
DB01075,D008105
DB00988,D008105
DB00997,D008105
DB00584,D008105
DB00668,D008105
DB00783,D008105
DB00903,D008105
DB00773,D008105
DB00813,D008105
DB00544,D008105
DB00472,D008105
DB00695,D008105
DB01016,D008105
DB04077,D008105
DB00502,D008105
DB01050,D008105
DB00458,D008105
DB00328,D008105
DB01221,D008105
DB01235,D008105
DB00281,D008105
DB00227,D008105
DB01065,D008105
DB01043,D008105
DB00333,D008105
DB01577,D008105
DB00134,D008105
DB00563,D008105
DB00968,D008105
DB00211,D008105
DB01204,D008105
DB00295,D008105
DB01183,D008105
DB00627,D008105
DB00184,D008105
DB01115,D008105
DB00368,D008105
DB01059,D008105
DB01092,D008105
DB01337,D008105
DB03783,D008105
DB01174,D008105
DB00925,D008105
DB00812,D008105
DB00252,D008105
DB00635,D008105
DB01032,D008105
DB01035,D008105
DB00571,D008105
DB04216,D008105
DB00468,D008105
DB00863,D008105
DB00811,D008105
DB01045,D008105
DB00795,D008105
DB00428,D008105
DB00382,D008105
DB00675,D008105
DB00759,D008105
DB00451,D008105
DB00755,D008105
DB00831,D008105
DB01586,D008105
DB00313,D008105
DB00661,D008105
DB00541,D008105
DB00495,D008105
DB00917,D008105
DB01177,D008105
DB00518,D008105
DB04557,D008105
DB01229,D008105
DB00178,D008105
DB00242,D008105
DB01167,D008105
DB00734,D008105
DB00740,D008105
DB00678,D008105
DB00641,D008105
DB01645,D008105
DB00877,D008105
DB01388,D008105
DB00921,D008106
DB00201,D008106
DB00477,D008106
DB00907,D008106
DB00829,D008106
DB00502,D008106
DB00333,D008106
DB00295,D008106
DB01183,D008106
DB01174,D008106
DB00313,D008106
DB00715,D008106
DB00197,D008107
DB01095,D008107
DB00317,D008107
DB00398,D008107
DB00482,D008107
DB01254,D008107
DB00594,D008107
DB00997,D008107
DB00783,D008107
DB00184,D008107
DB01115,D008107
DB00368,D008107
DB00571,D008107
DB04216,D008107
DB00675,D008107
DB00755,D008107
DB00445,D008107
DB00877,D008107
DB00361,D017093
DB00758,D017093
DB01248,D017093
DB00317,D017093
DB00398,D017093
DB01268,D017093
DB00482,D017093
DB00619,D017093
DB00564,D017093
DB00446,D017093
DB00257,D017093
DB00987,D017093
DB00255,D017093
DB00997,D017093
DB00544,D017093
DB00741,D017093
DB00328,D017093
DB00602,D017093
DB01065,D017093
DB00563,D017093
DB00184,D017093
DB04216,D017093
DB00795,D017093
DB00675,D017093
DB00624,D017093
DB00277,D017093
DB00755,D017093
DB00313,D017093
DB00570,D017093
DB00541,D017093
DB01175,D017093
DB00927,D017093
DB01229,D017093
DB00749,D017093
DB00641,D017093
DB00877,D017093
DB00361,D017114
DB00441,D017114
DB00814,D017114
DB01248,D017114
DB00523,D017114
DB00317,D017114
DB00398,D017114
DB01268,D017114
DB00482,D017114
DB00619,D017114
DB01076,D017114
DB00530,D017114
DB00182,D017114
DB00477,D017114
DB01242,D017114
DB01394,D017114
DB00987,D017114
DB00694,D017114
DB00255,D017114
DB00390,D017114
DB00997,D017114
DB00584,D017114
DB00783,D017114
DB00286,D017114
DB00773,D017114
DB00544,D017114
DB00158,D017114
DB00458,D017114
DB01235,D017114
DB01065,D017114
DB00959,D017114
DB01204,D017114
DB00627,D017114
DB00184,D017114
DB01174,D017114
DB00554,D017114
DB04216,D017114
DB00140,D017114
DB00428,D017114
DB00675,D017114
DB00624,D017114
DB00755,D017114
DB01586,D017114
DB00313,D017114
DB00115,D017114
DB01177,D017114
DB01175,D017114
DB01229,D017114
DB01645,D017114
DB00877,D017114
DB00542,D008113
DB00441,D008113
DB01248,D008113
DB00412,D008113
DB00398,D008113
DB00203,D008113
DB00530,D008113
DB01254,D008113
DB00437,D008113
DB00945,D008113
DB00201,D008113
DB00987,D008113
DB01234,D008113
DB00255,D008113
DB00997,D008113
DB00783,D008113
DB00773,D008113
DB00544,D008113
DB00472,D008113
DB00158,D008113
DB01050,D008113
DB00328,D008113
DB00563,D008113
DB01204,D008113
DB00184,D008113
DB01174,D008113
DB00252,D008113
DB04216,D008113
DB00206,D008113
DB00605,D008113
DB00675,D008113
DB00277,D008113
DB00755,D008113
DB00570,D008113
DB00541,D008113
DB01229,D008113
DB00641,D008113
DB01645,D008113
DB00877,D008113
DB00542,D008114
DB00197,D008114
DB00398,D008114
DB00783,D008114
DB00544,D008114
DB00563,D008114
DB00184,D008114
DB00675,D008114
DB00740,D008114
DB00641,D008114
DB00877,D008114
DB00316,D008133
DB01234,D008133
DB00586,D008133
DB00997,D008133
DB00584,D008133
DB04077,D008133
DB00959,D008133
DB00788,D008133
DB00554,D008133
DB00795,D008133
DB00428,D008133
DB00313,D008133
DB00678,D008133
DB01097,D017116
DB00533,D017116
DB00482,D017116
DB00285,D017116
DB00316,D017116
DB00437,D017116
DB00182,D017116
DB01393,D017116
DB00201,D017116
DB00564,D017116
DB01212,D017116
DB00501,D017116
DB00537,D017116
DB01242,D017116
DB00363,D017116
DB00907,D017116
DB00987,D017116
DB00829,D017116
DB00586,D017116
DB00861,D017116
DB00696,D017116
DB00712,D017116
DB00158,D017116
DB00695,D017116
DB01016,D017116
DB01050,D017116
DB00328,D017116
DB01009,D017116
DB00959,D017116
DB00788,D017116
DB01115,D017116
DB01059,D017116
DB03783,D017116
DB01174,D017116
DB00812,D017116
DB00252,D017116
DB00554,D017116
DB00860,D017116
DB00635,D017116
DB01069,D017116
DB00571,D017116
DB00468,D017116
DB00863,D017116
DB01045,D017116
DB00795,D017116
DB00428,D017116
DB01138,D017116
DB00605,D017116
DB00624,D017116
DB00759,D017116
DB00500,D017116
DB00755,D017116
DB00313,D017116
DB00661,D017116
DB01165,D017116
DB00927,D017116
DB01211,D017116
DB00455,D017116
DB00641,D017116
DB00542,D008171
DB00177,D008171
DB00608,D008171
DB00997,D008171
DB00584,D008171
DB00741,D008171
DB01050,D008171
DB01054,D008171
DB00428,D008171
DB00678,D008171
DB00542,D017563
DB01076,D017563
DB01118,D017563
DB00887,D017563
DB00672,D017563
DB00694,D017563
DB00586,D017563
DB00997,D017563
DB00695,D017563
DB01050,D017563
DB00328,D017563
DB01221,D017563
DB00959,D017563
DB00788,D017563
DB01059,D017563
DB00812,D017563
DB00252,D017563
DB00554,D017563
DB00860,D017563
DB00635,D017563
DB01032,D017563
DB01035,D017563
DB00571,D017563
DB00908,D017563
DB00811,D017563
DB01045,D017563
DB00795,D017563
DB00605,D017563
DB00675,D017563
DB01124,D017563
DB00500,D017563
DB00541,D017563
DB00917,D017563
DB00678,D017563
DB00641,D017563
DB00877,D017563
DB00555,D055370
DB01248,D055370
DB00412,D055370
DB00640,D055370
DB00182,D055370
DB00564,D055370
DB00907,D055370
DB00987,D055370
DB01151,D055370
DB01234,D055370
DB00829,D055370
DB00390,D055370
DB00988,D055370
DB00997,D055370
DB00783,D055370
DB01050,D055370
DB00458,D055370
DB01221,D055370
DB00281,D055370
DB01065,D055370
DB01043,D055370
DB01577,D055370
DB00563,D055370
DB00184,D055370
DB00368,D055370
DB01059,D055370
DB01092,D055370
DB01337,D055370
DB01174,D055370
DB00252,D055370
DB00457,D055370
DB01032,D055370
DB00396,D055370
DB04216,D055370
DB01037,D055370
DB00428,D055370
DB00382,D055370
DB00470,D055370
DB00313,D055370
DB00541,D055370
DB00358,D055370
DB01229,D055370
DB00740,D055370
DB00523,D008175
DB00564,D008175
DB00907,D008175
DB00987,D008175
DB00586,D008175
DB00255,D008175
DB00783,D008175
DB00184,D008175
DB00252,D008175
DB00755,D008175
DB01645,D008175
DB00361,D008178
DB00555,D008178
DB00441,D008178
DB01248,D008178
DB00334,D008178
DB00482,D008178
DB00640,D008178
DB01118,D008178
DB00321,D008178
DB00182,D008178
DB01200,D008178
DB00564,D008178
DB00446,D008178
DB00608,D008178
DB00477,D008178
DB00501,D008178
DB00537,D008178
DB00363,D008178
DB00907,D008178
DB01394,D008178
DB00987,D008178
DB00694,D008178
DB01234,D008178
DB00514,D008178
DB00829,D008178
DB00586,D008178
DB00343,D008178
DB00988,D008178
DB00997,D008178
DB00254,D008178
DB00668,D008178
DB00783,D008178
DB00773,D008178
DB00544,D008178
DB00623,D008178
DB00158,D008178
DB00502,D008178
DB01221,D008178
DB01009,D008178
DB01235,D008178
DB00281,D008178
DB00836,D008178
DB01065,D008178
DB01577,D008178
DB00563,D008178
DB00959,D008178
DB00295,D008178
DB01183,D008178
DB00704,D008178
DB00184,D008178
DB01115,D008178
DB01174,D008178
DB00812,D008178
DB00252,D008178
DB00635,D008178
DB00396,D008178
DB01045,D008178
DB00428,D008178
DB00624,D008178
DB00277,D008178
DB00313,D008178
DB00661,D008178
DB00541,D008178
DB00115,D008178
DB00495,D008178
DB00445,D008178
DB00927,D008178
DB00358,D008178
DB01229,D008178
DB00715,D008178
DB01167,D008178
DB00734,D008178
DB01097,D008180
DB00316,D008180
DB00321,D008180
DB00201,D008180
DB00564,D008180
DB00608,D008180
DB00907,D008180
DB01394,D008180
DB00158,D008180
DB00502,D008180
DB00281,D008180
DB00563,D008180
DB00295,D008180
DB00184,D008180
DB01174,D008180
DB00252,D008180
DB00428,D008180
DB00470,D008180
DB00755,D008180
DB00440,D008180
DB00313,D008180
DB04557,D008180
DB00361,D008206
DB00555,D008206
DB00412,D008206
DB00285,D008206
DB00321,D008206
DB00810,D008206
DB00564,D008206
DB01242,D008206
DB01151,D008206
DB01234,D008206
DB00586,D008206
DB00997,D008206
DB01221,D008206
DB01026,D008206
DB00281,D008206
DB00934,D008206
DB00959,D008206
DB00295,D008206
DB00635,D008206
DB00421,D008206
DB00428,D008206
DB00624,D008206
DB00759,D008206
DB00541,D008206
DB01229,D008206
DB00334,D008223
DB01224,D008223
DB00285,D008223
DB00316,D008223
DB00915,D008223
DB00182,D008223
DB01200,D008223
DB00564,D008223
DB00477,D008223
DB00363,D008223
DB00907,D008223
DB00829,D008223
DB01075,D008223
DB01184,D008223
DB00875,D008223
DB00623,D008223
DB00502,D008223
DB01235,D008223
DB00934,D008223
DB01174,D008223
DB00252,D008223
DB01100,D008223
DB01069,D008223
DB00571,D008223
DB01623,D008223
DB00831,D008223
DB00726,D008223
DB00176,D008223
DB00715,D008223
DB00734,D008223
DB00334,D016393
DB00819,D016393
DB00915,D016393
DB01118,D016393
DB00446,D016393
DB01234,D016393
DB00320,D016393
DB01142,D016393
DB00813,D016393
DB00544,D016393
DB00472,D016393
DB00695,D016393
DB01235,D016393
DB00281,D016393
DB00563,D016393
DB00683,D016393
DB01115,D016393
DB00252,D016393
DB00635,D016393
DB01037,D016393
DB00421,D016393
DB00759,D016393
DB00115,D016393
DB00495,D016393
DB01175,D016393
DB01118,D016403
DB01393,D016403
DB00608,D016403
DB00501,D016403
DB00907,D016403
DB01394,D016403
DB00280,D016403
DB00997,D016403
DB00959,D016403
DB01337,D016403
DB00252,D016403
DB00860,D016403
DB00635,D016403
DB01035,D016403
DB00468,D016403
DB00541,D016403
DB01229,D016403
DB01211,D016403
DB00361,D008228
DB00758,D008228
DB00441,D008228
DB01248,D008228
DB00334,D008228
DB00317,D008228
DB01224,D008228
DB00437,D008228
DB00564,D008228
DB01212,D008228
DB00501,D008228
DB00537,D008228
DB00363,D008228
DB00907,D008228
DB00987,D008228
DB00694,D008228
DB01234,D008228
DB01075,D008228
DB00997,D008228
DB00254,D008228
DB00668,D008228
DB01196,D008228
DB00773,D008228
DB00544,D008228
DB00158,D008228
DB00741,D008228
DB00563,D008228
DB00959,D008228
DB01204,D008228
DB00788,D008228
DB01174,D008228
DB00812,D008228
DB00252,D008228
DB00860,D008228
DB00635,D008228
DB00468,D008228
DB00863,D008228
DB00811,D008228
DB00795,D008228
DB00675,D008228
DB00755,D008228
DB00313,D008228
DB00570,D008228
DB00541,D008228
DB00495,D008228
DB00445,D008228
DB01177,D008228
DB01229,D008228
DB00242,D008228
DB00734,D008228
DB00641,D008228
DB00482,D008288
DB00810,D008288
DB00564,D008288
DB00987,D008288
DB00390,D008288
DB00472,D008288
DB01221,D008288
DB00281,D008288
DB01065,D008288
DB01043,D008288
DB00563,D008288
DB00295,D008288
DB01183,D008288
DB00184,D008288
DB01595,D008288
DB01174,D008288
DB00252,D008288
DB00313,D008288
DB00802,D008288
DB00358,D008288
DB00637,D008288
DB01132,D015674
DB00334,D015674
DB00966,D015674
DB00412,D015674
DB01224,D015674
DB01393,D015674
DB00201,D015674
DB00363,D015674
DB00255,D015674
DB00584,D015674
DB00472,D015674
DB00741,D015674
DB00788,D015674
DB00184,D015674
DB00860,D015674
DB00635,D015674
DB04216,D015674
DB00428,D015674
DB00656,D015674
DB00313,D015674
DB00176,D015674
DB00734,D015674
DB01104,D015674
DB00334,D008325
DB01224,D008325
DB00285,D008325
DB00490,D008325
DB00477,D008325
DB01242,D008325
DB00575,D008325
DB00363,D008325
DB00907,D008325
DB01234,D008325
DB00472,D008325
DB01577,D008325
DB00860,D008325
DB00635,D008325
DB01037,D008325
DB00656,D008325
DB01175,D008325
DB00176,D008325
DB00715,D008325
DB00669,D008325
DB00734,D008325
DB01104,D008325
DB00819,D047508
DB00443,D047508
DB00201,D047508
DB01234,D047508
DB00586,D047508
DB00343,D047508
DB00668,D047508
DB00264,D047508
DB00627,D047508
DB00368,D047508
DB00860,D047508
DB00635,D047508
DB00373,D047508
DB00178,D047508
DB00501,D008545
DB00255,D008545
DB00997,D008545
DB00472,D008545
DB00184,D008545
DB04216,D008545
DB01045,D008545
DB00428,D008545
DB00734,D008545
DB01645,D008545
DB00877,D008545
DB00316,D008569
DB00945,D008569
DB01394,D008569
DB01234,D008569
DB00586,D008569
DB00861,D008569
DB00343,D008569
DB01075,D008569
DB00988,D008569
DB00584,D008569
DB01050,D008569
DB00328,D008569
DB00227,D008569
DB00333,D008569
DB00295,D008569
DB00788,D008569
DB00368,D008569
DB01059,D008569
DB00812,D008569
DB00863,D008569
DB01045,D008569
DB00277,D008569
DB00755,D008569
DB00715,D008569
DB01118,D008581
DB00321,D008581
DB00564,D008581
DB00907,D008581
DB00829,D008581
DB00343,D008581
DB01142,D008581
DB00281,D008581
DB00959,D008581
DB01337,D008581
DB00252,D008581
DB00541,D008581
DB01118,D008582
DB00446,D008582
DB00477,D008582
DB01394,D008582
DB00987,D008582
DB00254,D008582
DB00696,D008582
DB00563,D008582
DB00468,D008582
DB00541,D008582
DB01118,D001523
DB00446,D001523
DB00672,D001523
DB00501,D001523
DB00537,D001523
DB00882,D001523
DB00907,D001523
DB01394,D001523
DB00987,D001523
DB00390,D001523
DB00544,D001523
DB00158,D001523
DB01577,D001523
DB00563,D001523
DB00368,D001523
DB00468,D001523
DB00811,D001523
DB00675,D001523
DB00541,D001523
DB01229,D001523
DB00814,D008654
DB00533,D008654
DB00482,D008654
DB00316,D008654
DB00945,D008654
DB00586,D008654
DB00861,D008654
DB00254,D008654
DB01050,D008654
DB00328,D008654
DB01009,D008654
DB00788,D008654
DB00184,D008654
DB00812,D008654
DB00554,D008654
DB00605,D008654
DB00500,D008654
DB00749,D008654
DB01327,D024821
DB01212,D024821
DB00446,D024821
DB00537,D024821
DB00907,D024821
DB00586,D024821
DB01050,D024821
DB01026,D024821
DB00563,D024821
DB01045,D024821
DB01165,D024821
DB01167,D024821
DB00201,D008708
DB01234,D008708
DB00584,D008708
DB00783,D008708
DB01065,D008708
DB01577,D008708
DB00860,D008708
DB00635,D008708
DB00571,D008708
DB00755,D008708
DB00342,D008708
DB00734,D008708
DB00678,D008708
DB01645,D008708
DB00361,D048629
DB00441,D048629
DB01248,D048629
DB00317,D048629
DB00398,D048629
DB00882,D048629
DB00987,D048629
DB00255,D048629
DB00997,D048629
DB00783,D048629
DB01196,D048629
DB00544,D048629
DB00563,D048629
DB01204,D048629
DB00704,D048629
DB00396,D048629
DB04216,D048629
DB00755,D048629
DB00570,D048629
DB00541,D048629
DB00495,D048629
DB00445,D048629
DB00834,D048629
DB01229,D048629
DB01645,D048629
DB00361,D008881
DB00441,D008881
DB00549,D008881
DB01095,D008881
DB00814,D008881
DB00334,D008881
DB00471,D008881
DB00533,D008881
DB00482,D008881
DB00203,D008881
DB01098,D008881
DB01076,D008881
DB00973,D008881
DB00316,D008881
DB03128,D008881
DB00640,D008881
DB00594,D008881
DB01118,D008881
DB00321,D008881
DB00182,D008881
DB00945,D008881
DB00443,D008881
DB01393,D008881
DB01200,D008881
DB00887,D008881
DB00921,D008881
DB00201,D008881
DB00564,D008881
DB00446,D008881
DB00608,D008881
DB01114,D008881
DB00477,D008881
DB00501,D008881
DB00537,D008881
DB01242,D008881
DB00575,D008881
DB00363,D008881
DB00907,D008881
DB01394,D008881
DB00987,D008881
DB01151,D008881
DB01234,D008881
DB00514,D008881
DB00829,D008881
DB00586,D008881
DB00255,D008881
DB00390,D008881
DB00343,D008881
DB01075,D008881
DB00280,D008881
DB01184,D008881
DB01142,D008881
DB00997,D008881
DB00668,D008881
DB00783,D008881
DB00286,D008881
DB00977,D008881
DB00813,D008881
DB00544,D008881
DB00472,D008881
DB00712,D008881
DB00695,D008881
DB01016,D008881
DB00502,D008881
DB01050,D008881
DB00458,D008881
DB00328,D008881
DB01221,D008881
DB01026,D008881
DB01009,D008881
DB01235,D008881
DB00281,D008881
DB00227,D008881
DB01043,D008881
DB00333,D008881
DB00563,D008881
DB00959,D008881
DB00683,D008881
DB00295,D008881
DB01183,D008881
DB00704,D008881
DB00788,D008881
DB01400,D008881
DB00627,D008881
DB00184,D008881
DB00368,D008881
DB01337,D008881
DB01174,D008881
DB00925,D008881
DB00812,D008881
DB00252,D008881
DB00554,D008881
DB00457,D008881
DB00635,D008881
DB00396,D008881
DB00571,D008881
DB00468,D008881
DB00811,D008881
DB00428,D008881
DB00605,D008881
DB00382,D008881
DB00675,D008881
DB00624,D008881
DB00759,D008881
DB00470,D008881
DB00373,D008881
DB00500,D008881
DB00656,D008881
DB00755,D008881
DB00313,D008881
DB00661,D008881
DB00570,D008881
DB00541,D008881
DB00115,D008881
DB00495,D008881
DB00917,D008881
DB00445,D008881
DB00927,D008881
DB00802,D008881
DB00637,D008881
DB00176,D008881
DB00175,D008881
DB01229,D008881
DB01211,D008881
DB00590,D008881
DB00749,D008881
DB00715,D008881
DB01167,D008881
DB00669,D008881
DB00740,D008881
DB00641,D008881
DB00814,D015877
DB00533,D015877
DB00482,D015877
DB00316,D015877
DB00819,D015877
DB00915,D015877
DB00321,D015877
DB00945,D015877
DB00921,D015877
DB00575,D015877
DB01234,D015877
DB00514,D015877
DB00829,D015877
DB00586,D015877
DB00861,D015877
DB00668,D015877
DB00813,D015877
DB00712,D015877
DB01050,D015877
DB00328,D015877
DB01221,D015877
DB01009,D015877
DB00281,D015877
DB00333,D015877
DB00959,D015877
DB00683,D015877
DB00295,D015877
DB01183,D015877
DB00788,D015877
DB01400,D015877
DB01337,D015877
DB00252,D015877
DB00554,D015877
DB00759,D015877
DB00313,D015877
DB00917,D015877
DB00802,D015877
DB00361,D028361
DB00441,D028361
DB00197,D028361
DB01248,D028361
DB00482,D028361
DB00945,D028361
DB00907,D028361
DB00997,D028361
DB00584,D028361
DB00977,D028361
DB00773,D028361
DB00544,D028361
DB01050,D028361
DB00227,D028361
DB00184,D028361
DB01174,D028361
DB04216,D028361
DB00428,D028361
DB00605,D028361
DB00675,D028361
DB00755,D028361
DB00541,D028361
DB00917,D028361
DB00549,D020422
DB01248,D020422
DB00334,D020422
DB00412,D020422
DB00316,D020422
DB01118,D020422
DB00564,D020422
DB01212,D020422
DB00122,D020422
DB00501,D020422
DB00363,D020422
DB00907,D020422
DB01394,D020422
DB00987,D020422
DB00328,D020422
DB01009,D020422
DB01065,D020422
DB00968,D020422
DB00554,D020422
DB00635,D020422
DB04216,D020422
DB00811,D020422
DB01045,D020422
DB00795,D020422
DB00605,D020422
DB00675,D020422
DB01586,D020422
DB00313,D020422
DB00917,D020422
DB00734,D020422
DB00641,D020422
DB00361,D019964
DB01097,D019964
DB00555,D019964
DB01224,D019964
DB00316,D019964
DB00819,D019964
DB00437,D019964
DB00564,D019964
DB00446,D019964
DB00608,D019964
DB00477,D019964
DB00501,D019964
DB01394,D019964
DB00773,D019964
DB00544,D019964
DB00371,D019964
DB00563,D019964
DB00959,D019964
DB00812,D019964
DB00554,D019964
DB00635,D019964
DB00571,D019964
DB00468,D019964
DB00605,D019964
DB00675,D019964
DB00755,D019964
DB00313,D019964
DB00115,D019964
DB00495,D019964
DB00242,D019964
DB00819,D019957
DB01118,D019957
DB00945,D019957
DB00608,D019957
DB00907,D019957
DB00987,D019957
DB01234,D019957
DB00254,D019957
DB00696,D019957
DB00773,D019957
DB01026,D019957
DB00563,D019957
DB00252,D019957
DB00860,D019957
DB00811,D019957
DB00675,D019957
DB00759,D019957
DB00755,D019957
DB01177,D019957
DB00819,D009069
DB03128,D009069
DB00321,D009069
DB00945,D009069
DB00477,D009069
DB00363,D009069
DB01394,D009069
DB00987,D009069
DB00997,D009069
DB00254,D009069
DB00584,D009069
DB00668,D009069
DB00813,D009069
DB00695,D009069
DB00741,D009069
DB00602,D009069
DB01026,D009069
DB00281,D009069
DB00371,D009069
DB00333,D009069
DB00563,D009069
DB00959,D009069
DB00295,D009069
DB01400,D009069
DB00184,D009069
DB01115,D009069
DB00368,D009069
DB01092,D009069
DB01337,D009069
DB01174,D009069
DB00252,D009069
DB00860,D009069
DB00635,D009069
DB00863,D009069
DB00206,D009069
DB00811,D009069
DB00421,D009069
DB00541,D009069
DB00334,D052016
DB01224,D052016
DB00915,D052016
DB00321,D052016
DB00182,D052016
DB00477,D052016
DB00501,D052016
DB00537,D052016
DB01242,D052016
DB00363,D052016
DB00907,D052016
DB01234,D052016
DB00514,D052016
DB00829,D052016
DB00390,D052016
DB00343,D052016
DB01075,D052016
DB00472,D052016
DB00875,D052016
DB00623,D052016
DB00502,D052016
DB00458,D052016
DB01026,D052016
DB01235,D052016
DB01577,D052016
DB00968,D052016
DB00295,D052016
DB01183,D052016
DB01580,D052016
DB01100,D052016
DB01069,D052016
DB00571,D052016
DB00908,D052016
DB00755,D052016
DB00831,D052016
DB00358,D052016
DB01229,D052016
DB01211,D052016
DB00715,D052016
DB00734,D052016
DB00443,D009101
DB00987,D009101
DB00997,D009101
DB00741,D009101
DB01235,D009101
DB00563,D009101
DB00959,D009101
DB01204,D009101
DB00860,D009101
DB00541,D009101
DB00349,D009102
DB00182,D009102
DB00945,D009102
DB00446,D009102
DB00608,D009102
DB00477,D009102
DB00537,D009102
DB00363,D009102
DB00907,D009102
DB00987,D009102
DB00829,D009102
DB00997,D009102
DB00813,D009102
DB00741,D009102
DB00281,D009102
DB00563,D009102
DB00295,D009102
DB01183,D009102
DB00184,D009102
DB01337,D009102
DB00252,D009102
DB01069,D009102
DB00908,D009102
DB00795,D009102
DB00755,D009102
DB00313,D009102
DB00570,D009102
DB00541,D009102
DB01211,D009102
DB00641,D009102
DB00361,D009103
DB00441,D009103
DB01248,D009103
DB00285,D009103
DB00819,D009103
DB00915,D009103
DB01118,D009103
DB00321,D009103
DB00490,D009103
DB00564,D009103
DB00537,D009103
DB00575,D009103
DB00907,D009103
DB00987,D009103
DB00694,D009103
DB01234,D009103
DB00280,D009103
DB00997,D009103
DB00254,D009103
DB00584,D009103
DB00668,D009103
DB00696,D009103
DB00773,D009103
DB00544,D009103
DB00472,D009103
DB00695,D009103
DB01221,D009103
DB00281,D009103
DB00227,D009103
DB01577,D009103
DB00563,D009103
DB00959,D009103
DB00264,D009103
DB00211,D009103
DB01183,D009103
DB00788,D009103
DB00627,D009103
DB01115,D009103
DB01595,D009103
DB00252,D009103
DB00635,D009103
DB00571,D009103
DB01045,D009103
DB00795,D009103
DB00605,D009103
DB00451,D009103
DB00755,D009103
DB00313,D009103
DB00570,D009103
DB00541,D009103
DB00495,D009103
DB00445,D009103
DB01175,D009103
DB00358,D009103
DB00175,D009103
DB01229,D009103
DB00715,D009103
DB01167,D009103
DB00669,D009103
DB00734,D009103
DB00641,D009103
DB01104,D009103
DB01132,D009120
DB01224,D009120
DB00915,D009120
DB00182,D009120
DB00945,D009120
DB00810,D009120
DB01200,D009120
DB00201,D009120
DB00363,D009120
DB01151,D009120
DB00829,D009120
DB01184,D009120
DB00988,D009120
DB00783,D009120
DB01026,D009120
DB01235,D009120
DB01065,D009120
DB01577,D009120
DB00968,D009120
DB00788,D009120
DB01032,D009120
DB00571,D009120
DB01037,D009120
DB00624,D009120
DB00637,D009120
DB01229,D009120
DB00877,D009120
DB00555,D009122
DB00334,D009122
DB00285,D009122
DB00915,D009122
DB01118,D009122
DB00810,D009122
DB00490,D009122
DB00564,D009122
DB00477,D009122
DB00501,D009122
DB00987,D009122
DB00829,D009122
DB00343,D009122
DB01075,D009122
DB00997,D009122
DB00472,D009122
DB00875,D009122
DB00623,D009122
DB00712,D009122
DB00502,D009122
DB01235,D009122
DB01065,D009122
DB01577,D009122
DB00563,D009122
DB00968,D009122
DB00184,D009122
DB01115,D009122
DB00252,D009122
DB00206,D009122
DB00811,D009122
DB00382,D009122
DB00656,D009122
DB00831,D009122
DB00313,D009122
DB00661,D009122
DB00541,D009122
DB00927,D009122
DB00715,D009122
DB00734,D009122
DB01104,D009122
DB00482,D009123
DB00945,D009123
DB00501,D009123
DB00586,D009123
DB01050,D009123
DB00328,D009123
DB01009,D009123
DB00788,D009123
DB00812,D009123
DB00554,D009123
DB00863,D009123
DB00421,D009123
DB00927,D009123
DB01211,D009123
DB00201,D009127
DB00343,D009127
DB00584,D009127
DB00563,D009127
DB00959,D009127
DB01115,D009127
DB00252,D009127
DB00860,D009127
DB00635,D009127
DB00571,D009127
DB00206,D009127
DB00441,D009128
DB01248,D009128
DB01118,D009128
DB00945,D009128
DB00564,D009128
DB00363,D009128
DB01234,D009128
DB01050,D009128
DB00328,D009128
DB00563,D009128
DB00860,D009128
DB01035,D009128
DB00755,D009128
DB00313,D009128
DB04557,D009128
DB01167,D009128
DB00182,D018908
DB01200,D018908
DB00363,D018908
DB00987,D018908
DB00694,D018908
DB00997,D018908
DB00544,D018908
DB00328,D018908
DB00563,D018908
DB00968,D018908
DB00812,D018908
DB00860,D018908
DB01035,D018908
DB00795,D018908
DB00313,D018908
DB00361,D009133
DB01097,D009133
DB00441,D009133
DB01248,D009133
DB00619,D009133
DB01076,D009133
DB00915,D009133
DB01118,D009133
DB00321,D009133
DB00443,D009133
DB01393,D009133
DB00564,D009133
DB00446,D009133
DB00608,D009133
DB00477,D009133
DB00501,D009133
DB00537,D009133
DB01242,D009133
DB01394,D009133
DB00987,D009133
DB00694,D009133
DB01151,D009133
DB01234,D009133
DB00829,D009133
DB01075,D009133
DB00280,D009133
DB00997,D009133
DB00584,D009133
DB00696,D009133
DB00773,D009133
DB00544,D009133
DB00158,D009133
DB00328,D009133
DB01221,D009133
DB01235,D009133
DB00281,D009133
DB00227,D009133
DB01065,D009133
DB00333,D009133
DB00563,D009133
DB00959,D009133
DB00295,D009133
DB00788,D009133
DB00627,D009133
DB00184,D009133
DB01337,D009133
DB01174,D009133
DB00252,D009133
DB00554,D009133
DB00860,D009133
DB00635,D009133
DB01035,D009133
DB00396,D009133
DB01182,D009133
DB00140,D009133
DB00795,D009133
DB00428,D009133
DB00605,D009133
DB00755,D009133
DB00570,D009133
DB00541,D009133
DB00115,D009133
DB00495,D009133
DB01165,D009133
DB00175,D009133
DB01229,D009133
DB00242,D009133
DB01167,D009133
DB00641,D009133
DB00921,D009135
DB01327,D009135
DB00446,D009135
DB00537,D009135
DB00907,D009135
DB00987,D009135
DB01234,D009135
DB00997,D009135
DB01065,D009135
DB00563,D009135
DB01204,D009135
DB00295,D009135
DB00570,D009135
DB00915,D009140
DB00321,D009140
DB00182,D009140
DB01200,D009140
DB00490,D009140
DB00564,D009140
DB00477,D009140
DB01242,D009140
DB00575,D009140
DB00363,D009140
DB00907,D009140
DB01151,D009140
DB01396,D009140
DB00390,D009140
DB00343,D009140
DB00472,D009140
DB00502,D009140
DB00458,D009140
DB01235,D009140
DB00281,D009140
DB00683,D009140
DB00295,D009140
DB00622,D009140
DB00368,D009140
DB01174,D009140
DB00925,D009140
DB00252,D009140
DB01100,D009140
DB00470,D009140
DB00656,D009140
DB00313,D009140
DB00661,D009140
DB00637,D009140
DB00715,D009140
DB00734,D009140
DB00549,D009157
DB00334,D009157
DB01098,D009157
DB00945,D009157
DB00199,D009157
DB00712,D009157
DB00627,D009157
DB01069,D009157
DB00795,D009157
DB01175,D009157
DB01242,D009190
DB00668,D009190
DB00472,D009190
DB00458,D009190
DB01115,D009190
DB00925,D009190
DB00457,D009190
DB00206,D009190
DB01037,D009190
DB00313,D009190
DB00361,D009203
DB01248,D009203
DB01118,D009203
DB00276,D009203
DB01327,D009203
DB00501,D009203
DB00537,D009203
DB01234,D009203
DB00829,D009203
DB00997,D009203
DB00254,D009203
DB00199,D009203
DB00741,D009203
DB00281,D009203
DB00959,D009203
DB01110,D009203
DB00683,D009203
DB00812,D009203
DB00252,D009203
DB00445,D009203
DB01076,D017202
DB01118,D017202
DB00564,D017202
DB00477,D017202
DB00537,D017202
DB00907,D017202
DB00343,D017202
DB00254,D017202
DB01009,D017202
DB00563,D017202
DB00908,D017202
DB00468,D017202
DB01200,D015428
DB00201,D015428
DB00882,D015428
DB00255,D015428
DB01184,D015428
DB00783,D015428
DB00655,D015428
DB00675,D015428
DB00313,D015428
DB00539,D015428
DB00734,D015428
DB01248,D009205
DB01118,D009205
DB01200,D009205
DB00882,D009205
DB00363,D009205
DB00987,D009205
DB01234,D009205
DB00997,D009205
DB01050,D009205
DB00328,D009205
DB00563,D009205
DB00968,D009205
DB00959,D009205
DB00860,D009205
DB00635,D009205
DB01035,D009205
DB01103,D009205
DB00795,D009205
DB00759,D009205
DB00755,D009205
DB00313,D009205
DB01167,D009205
DB00555,D009207
DB00441,D009207
DB01248,D009207
DB00412,D009207
DB00317,D009207
DB00203,D009207
DB00285,D009207
DB01118,D009207
DB01212,D009207
DB00446,D009207
DB00537,D009207
DB00907,D009207
DB00987,D009207
DB00694,D009207
DB01151,D009207
DB01234,D009207
DB00861,D009207
DB00254,D009207
DB00199,D009207
DB00472,D009207
DB00328,D009207
DB00563,D009207
DB00959,D009207
DB00332,D009207
DB00627,D009207
DB03783,D009207
DB00554,D009207
DB00860,D009207
DB00635,D009207
DB00795,D009207
DB00277,D009207
DB01586,D009207
DB00570,D009207
DB01165,D009207
DB01229,D009207
DB01211,D009207
DB00877,D009207
DB00966,D009212
DB00321,D009212
DB00564,D009212
DB00608,D009212
DB00501,D009212
DB00575,D009212
DB00907,D009212
DB00514,D009212
DB00829,D009212
DB01075,D009212
DB00997,D009212
DB00584,D009212
DB01221,D009212
DB01043,D009212
DB00333,D009212
DB01577,D009212
DB00134,D009212
DB01204,D009212
DB00295,D009212
DB00184,D009212
DB01174,D009212
DB00252,D009212
DB00571,D009212
DB04216,D009212
DB00468,D009212
DB00470,D009212
DB00313,D009212
DB00541,D009212
DB04557,D009212
DB00361,D009220
DB01097,D009220
DB01095,D009220
DB01248,D009220
DB01118,D009220
DB00608,D009220
DB01394,D009220
DB00987,D009220
DB01142,D009220
DB00254,D009220
DB00227,D009220
DB00563,D009220
DB00959,D009220
DB00252,D009220
DB00635,D009220
DB00795,D009220
DB00541,D009220
DB00115,D009220
DB00358,D009220
DB00175,D009220
DB01229,D009220
DB00641,D009220
DB00877,D009220
DB00334,D009325
DB00594,D009325
DB00945,D009325
DB00201,D009325
DB00564,D009325
DB00501,D009325
DB01394,D009325
DB01234,D009325
DB00997,D009325
DB00695,D009325
DB01016,D009325
DB00741,D009325
DB00328,D009325
DB01221,D009325
DB01009,D009325
DB00563,D009325
DB00264,D009325
DB01115,D009325
DB01174,D009325
DB00252,D009325
DB01100,D009325
DB00860,D009325
DB00428,D009325
DB00759,D009325
DB00313,D009325
DB00661,D009325
DB00927,D009325
DB01136,D009336
DB00471,D009336
DB00203,D009336
DB00316,D009336
DB01118,D009336
DB00945,D009336
DB00672,D009336
DB00501,D009336
DB00537,D009336
DB01242,D009336
DB00575,D009336
DB00907,D009336
DB00829,D009336
DB00320,D009336
DB00343,D009336
DB00997,D009336
DB00584,D009336
DB00668,D009336
DB00813,D009336
DB00544,D009336
DB01221,D009336
DB01026,D009336
DB00281,D009336
DB00333,D009336
DB00959,D009336
DB00683,D009336
DB01183,D009336
DB01400,D009336
DB00184,D009336
DB01115,D009336
DB00368,D009336
DB01337,D009336
DB00860,D009336
DB00635,D009336
DB01069,D009336
DB00571,D009336
DB01586,D009336
DB00313,D009336
DB00802,D009336
DB01211,D009336
DB00877,D009336
DB00197,D009357
DB00482,D009357
DB00316,D009357
DB00182,D009357
DB00945,D009357
DB01393,D009357
DB00201,D009357
DB00255,D009357
DB00783,D009357
DB00977,D009357
DB00472,D009357
DB01065,D009357
DB01174,D009357
DB04216,D009357
DB01103,D009357
DB00605,D009357
DB00675,D009357
DB00539,D009357
DB00316,D009361
DB00182,D009361
DB00945,D009361
DB00443,D009361
DB00921,D009361
DB00564,D009361
DB00477,D009361
DB00907,D009361
DB00255,D009361
DB00563,D009361
DB00396,D009361
DB00759,D009361
DB00470,D009361
DB00313,D009361
DB01118,D009362
DB00182,D009362
DB00945,D009362
DB00443,D009362
DB00921,D009362
DB00490,D009362
DB00201,D009362
DB00564,D009362
DB00608,D009362
DB00477,D009362
DB01242,D009362
DB00575,D009362
DB00363,D009362
DB00907,D009362
DB00987,D009362
DB01234,D009362
DB00829,D009362
DB00586,D009362
DB00255,D009362
DB00584,D009362
DB00668,D009362
DB00783,D009362
DB00977,D009362
DB00472,D009362
DB00623,D009362
DB00158,D009362
DB00502,D009362
DB00741,D009362
DB00458,D009362
DB00281,D009362
DB00333,D009362
DB01577,D009362
DB00563,D009362
DB00968,D009362
DB00295,D009362
DB00704,D009362
DB00184,D009362
DB00368,D009362
DB01174,D009362
DB00925,D009362
DB00252,D009362
DB00635,D009362
DB04216,D009362
DB00206,D009362
DB00624,D009362
DB00470,D009362
DB00277,D009362
DB00755,D009362
DB00313,D009362
DB00495,D009362
DB01175,D009362
DB00715,D009362
DB01645,D009362
DB00334,D009369
DB00203,D009369
DB01224,D009369
DB00182,D009369
DB00477,D009369
DB00907,D009369
DB00668,D009369
DB00457,D009369
DB00656,D009369
DB01175,D009369
DB00715,D009369
DB00734,D009369
DB01104,D009369
DB00361,D009374
DB00441,D009374
DB01248,D009374
DB00523,D009374
DB00317,D009374
DB01268,D009374
DB00482,D009374
DB00203,D009374
DB00619,D009374
DB01234,D009374
DB00255,D009374
DB00997,D009374
DB00783,D009374
DB01196,D009374
DB00655,D009374
DB00977,D009374
DB00773,D009374
DB00544,D009374
DB00712,D009374
DB00741,D009374
DB01050,D009374
DB01026,D009374
DB01065,D009374
DB00563,D009374
DB01204,D009374
DB00860,D009374
DB00635,D009374
DB04216,D009374
DB00675,D009374
DB00624,D009374
DB00570,D009374
DB00541,D009374
DB00445,D009374
DB01229,D009374
DB00590,D009374
DB01645,D009374
DB00349,D009389
DB01136,D009389
DB00542,D009389
DB00519,D009389
DB00197,D009389
DB01132,D009389
DB01095,D009389
DB00814,D009389
DB00796,D009389
DB00966,D009389
DB00559,D009389
DB00482,D009389
DB01098,D009389
DB00177,D009389
DB00619,D009389
DB01076,D009389
DB00973,D009389
DB00316,D009389
DB00437,D009389
DB00945,D009389
DB00201,D009389
DB01327,D009389
DB00537,D009389
DB00575,D009389
DB00363,D009389
DB00907,D009389
DB00987,D009389
DB00694,D009389
DB01234,D009389
DB00586,D009389
DB00343,D009389
DB00997,D009389
DB00254,D009389
DB00584,D009389
DB00903,D009389
DB00158,D009389
DB00695,D009389
DB01016,D009389
DB01050,D009389
DB00328,D009389
DB00602,D009389
DB01009,D009389
DB00227,D009389
DB01065,D009389
DB00563,D009389
DB00959,D009389
DB00264,D009389
DB00211,D009389
DB00788,D009389
DB00627,D009389
DB00184,D009389
DB01115,D009389
DB00368,D009389
DB01059,D009389
DB01174,D009389
DB00812,D009389
DB00252,D009389
DB00554,D009389
DB00860,D009389
DB00635,D009389
DB01032,D009389
DB01035,D009389
DB00571,D009389
DB04216,D009389
DB01045,D009389
DB00795,D009389
DB00421,D009389
DB00428,D009389
DB00500,D009389
DB00656,D009389
DB00755,D009389
DB00313,D009389
DB00661,D009389
DB00570,D009389
DB00445,D009389
DB00175,D009389
DB00178,D009389
DB00749,D009389
DB00678,D009389
DB00641,D009389
DB00877,D009389
DB00790,D009389
DB01136,D009393
DB00555,D009393
DB00197,D009393
DB00334,D009393
DB00950,D009393
DB00533,D009393
DB00967,D009393
DB00482,D009393
DB01076,D009393
DB00316,D009393
DB01118,D009393
DB00321,D009393
DB00945,D009393
DB00443,D009393
DB00564,D009393
DB00608,D009393
DB01114,D009393
DB00477,D009393
DB00501,D009393
DB00537,D009393
DB01234,D009393
DB00829,D009393
DB00586,D009393
DB01075,D009393
DB01142,D009393
DB00997,D009393
DB00254,D009393
DB00584,D009393
DB00668,D009393
DB00783,D009393
DB00286,D009393
DB00977,D009393
DB00773,D009393
DB00813,D009393
DB01016,D009393
DB00602,D009393
DB01221,D009393
DB01065,D009393
DB01043,D009393
DB00371,D009393
DB00563,D009393
DB00959,D009393
DB00264,D009393
DB01110,D009393
DB00211,D009393
DB00295,D009393
DB01183,D009393
DB00704,D009393
DB00627,D009393
DB00184,D009393
DB00252,D009393
DB00860,D009393
DB01045,D009393
DB00795,D009393
DB00605,D009393
DB00759,D009393
DB00373,D009393
DB00755,D009393
DB01586,D009393
DB00313,D009393
DB00661,D009393
DB00917,D009393
DB00518,D009393
DB00358,D009393
DB00342,D009393
DB01229,D009393
DB00715,D009393
DB00641,D009393
DB00334,D009395
DB00523,D009395
DB00819,D009395
DB01118,D009395
DB00443,D009395
DB01212,D009395
DB00537,D009395
DB00987,D009395
DB01234,D009395
DB00254,D009395
DB00328,D009395
DB00252,D009395
DB00860,D009395
DB00635,D009395
DB00759,D009395
DB00755,D009395
DB00313,D009395
DB01177,D009395
DB00715,D009395
DB00197,D009400
DB00443,D009400
DB01394,D009400
DB00158,D009400
DB00563,D009400
DB00812,D009400
DB00860,D009400
DB00795,D009400
DB00759,D009400
DB00755,D009400
DB00358,D009400
DB00877,D009400
DB00334,D009404
DB01224,D009404
DB00285,D009404
DB00316,D009404
DB00819,D009404
DB00321,D009404
DB00182,D009404
DB00810,D009404
DB00564,D009404
DB00477,D009404
DB00501,D009404
DB01242,D009404
DB00575,D009404
DB00363,D009404
DB00907,D009404
DB00829,D009404
DB01075,D009404
DB00988,D009404
DB00668,D009404
DB00813,D009404
DB00623,D009404
DB00502,D009404
DB00458,D009404
DB01221,D009404
DB00934,D009404
DB01043,D009404
DB00333,D009404
DB01577,D009404
DB00959,D009404
DB00683,D009404
DB00295,D009404
DB00252,D009404
DB00457,D009404
DB00571,D009404
DB00863,D009404
DB00277,D009404
DB00656,D009404
DB00831,D009404
DB00313,D009404
DB00358,D009404
DB01211,D009404
DB00715,D009404
DB00734,D009404
DB00915,D009410
DB00321,D009410
DB00921,D009410
DB00201,D009410
DB00477,D009410
DB00907,D009410
DB00829,D009410
DB00390,D009410
DB01075,D009410
DB00502,D009410
DB01235,D009410
DB00333,D009410
DB01577,D009410
DB00683,D009410
DB00295,D009410
DB01183,D009410
DB01174,D009410
DB00252,D009410
DB00313,D009410
DB00495,D009410
DB00715,D009410
DB00555,D009422
DB00334,D009422
DB01224,D009422
DB00285,D009422
DB00915,D009422
DB00321,D009422
DB00182,D009422
DB00810,D009422
DB01200,D009422
DB00201,D009422
DB00564,D009422
DB00608,D009422
DB00477,D009422
DB00501,D009422
DB00537,D009422
DB00882,D009422
DB00363,D009422
DB00907,D009422
DB01151,D009422
DB01234,D009422
DB00514,D009422
DB00829,D009422
DB00343,D009422
DB01075,D009422
DB00199,D009422
DB00472,D009422
DB00875,D009422
DB00623,D009422
DB00502,D009422
DB01050,D009422
DB00458,D009422
DB00328,D009422
DB01221,D009422
DB01235,D009422
DB00281,D009422
DB01043,D009422
DB00333,D009422
DB01577,D009422
DB00968,D009422
DB00959,D009422
DB00264,D009422
DB00683,D009422
DB00295,D009422
DB01183,D009422
DB00704,D009422
DB00184,D009422
DB01595,D009422
DB00368,D009422
DB01580,D009422
DB00252,D009422
DB00860,D009422
DB00635,D009422
DB01035,D009422
DB01069,D009422
DB01182,D009422
DB00571,D009422
DB01103,D009422
DB00811,D009422
DB01037,D009422
DB00605,D009422
DB00470,D009422
DB00373,D009422
DB00831,D009422
DB00313,D009422
DB01165,D009422
DB01175,D009422
DB00358,D009422
DB01211,D009422
DB00734,D009422
DB00641,D009422
DB00334,D009421
DB01224,D009421
DB00915,D009421
DB01118,D009421
DB00321,D009421
DB00182,D009421
DB00810,D009421
DB01200,D009421
DB00490,D009421
DB00564,D009421
DB00608,D009421
DB00477,D009421
DB01242,D009421
DB00363,D009421
DB00907,D009421
DB00829,D009421
DB01142,D009421
DB00977,D009421
DB00813,D009421
DB00544,D009421
DB00875,D009421
DB00623,D009421
DB00502,D009421
DB01221,D009421
DB01235,D009421
DB00281,D009421
DB00371,D009421
DB00333,D009421
DB01577,D009421
DB00683,D009421
DB00184,D009421
DB01595,D009421
DB01100,D009421
DB00860,D009421
DB00571,D009421
DB00908,D009421
DB00468,D009421
DB00811,D009421
DB01623,D009421
DB00831,D009421
DB00313,D009421
DB01175,D009421
DB00176,D009421
DB00734,D009421
DB01104,D009421
DB00441,D009436
DB01132,D009436
DB00549,D009436
DB00412,D009436
DB00316,D009436
DB00321,D009436
DB00182,D009436
DB00945,D009436
DB00443,D009436
DB01200,D009436
DB01114,D009436
DB00363,D009436
DB00907,D009436
DB00987,D009436
DB01234,D009436
DB00390,D009436
DB00280,D009436
DB00997,D009436
DB00668,D009436
DB00813,D009436
DB00544,D009436
DB00695,D009436
DB01016,D009436
DB00458,D009436
DB00328,D009436
DB01221,D009436
DB00281,D009436
DB00333,D009436
DB01577,D009436
DB00563,D009436
DB00959,D009436
DB00264,D009436
DB00295,D009436
DB01183,D009436
DB00788,D009436
DB00184,D009436
DB01115,D009436
DB01182,D009436
DB00571,D009436
DB04216,D009436
DB00470,D009436
DB00373,D009436
DB00755,D009436
DB00661,D009436
DB00641,D009436
DB01104,D009436
DB00361,D009437
DB00758,D009437
DB01248,D009437
DB00334,D009437
DB00443,D009437
DB01212,D009437
DB00477,D009437
DB00363,D009437
DB01234,D009437
DB00829,D009437
DB00255,D009437
DB00997,D009437
DB00668,D009437
DB01196,D009437
DB00977,D009437
DB00773,D009437
DB00472,D009437
DB00602,D009437
DB00563,D009437
DB01115,D009437
DB00860,D009437
DB00635,D009437
DB00675,D009437
DB00755,D009437
DB01229,D009437
DB00715,D009437
DB00734,D009437
DB00197,D019954
DB01132,D019954
DB00317,D019954
DB00177,D019954
DB00619,D019954
DB01076,D019954
DB00530,D019954
DB01118,D019954
DB01200,D019954
DB01234,D019954
DB00584,D019954
DB00959,D019954
DB00635,D019954
DB00795,D019954
DB00570,D019954
DB01229,D019954
DB00678,D019954
DB00641,D019954
DB00533,D019636
DB00619,D019636
DB00316,D019636
DB00182,D019636
DB00945,D019636
DB00608,D019636
DB00537,D019636
DB00907,D019636
DB00695,D019636
DB00328,D019636
DB00281,D019636
DB00371,D019636
DB00563,D019636
DB00184,D019636
DB00252,D019636
DB00554,D019636
DB00860,D019636
DB00635,D019636
DB00908,D019636
DB00675,D019636
DB00470,D019636
DB01165,D019636
DB00178,D019636
DB01167,D019636
DB00316,D009459
DB00945,D009459
DB00537,D009459
DB00907,D009459
DB00586,D009459
DB00584,D009459
DB00959,D009459
DB01115,D009459
DB00908,D009459
DB00863,D009459
DB01211,D009459
DB01212,D009461
DB00537,D009461
DB00280,D009461
DB00783,D009461
DB00741,D009461
DB00328,D009461
DB00788,D009461
DB01059,D009461
DB00759,D009461
DB01165,D009461
DB01136,D009468
DB00819,D009468
DB00182,D009468
DB00443,D009468
DB00907,D009468
DB01394,D009468
DB00987,D009468
DB01234,D009468
DB00586,D009468
DB00695,D009468
DB01050,D009468
DB00281,D009468
DB00563,D009468
DB00959,D009468
DB01337,D009468
DB01174,D009468
DB00421,D009468
DB00470,D009468
DB00541,D009468
DB01200,D020258
DB00575,D020258
DB00907,D020258
DB00987,D020258
DB00997,D020258
DB00544,D020258
DB00472,D020258
DB00328,D020258
DB00968,D020258
DB00264,D020258
DB01115,D020258
DB01580,D020258
DB00457,D020258
DB00571,D020258
DB00795,D020258
DB00373,D020258
DB00570,D020258
DB00541,D020258
DB01241,D020258
DB01175,D020258
DB00641,D020258
DB00987,D009503
DB01234,D009503
DB00741,D009503
DB00563,D009503
DB01204,D009503
DB00788,D009503
DB01174,D009503
DB00860,D009503
DB00795,D009503
DB00755,D009503
DB00541,D009503
DB01177,D009503
DB01229,D009503
DB00669,D009503
DB00564,D053206
DB00672,D053206
DB01242,D053206
DB00829,D053206
DB00252,D053206
DB00635,D053206
DB01032,D053206
DB01035,D053206
DB00795,D053206
DB00755,D053206
DB00313,D053206
DB00495,D053206
DB00575,D065626
DB00907,D065626
DB00668,D065626
DB00696,D065626
DB01221,D065626
DB00281,D065626
DB00333,D065626
DB01115,D065626
DB01174,D065626
DB00635,D065626
DB00877,D065626
DB00814,D009759
DB03128,D009759
DB00810,D009759
DB01212,D009759
DB00608,D009759
DB00477,D009759
DB01242,D009759
DB00575,D009759
DB00363,D009759
DB00907,D009759
DB01394,D009759
DB01396,D009759
DB00997,D009759
DB00696,D009759
DB00813,D009759
DB00328,D009759
DB00563,D009759
DB00968,D009759
DB00683,D009759
DB00295,D009759
DB00184,D009759
DB01115,D009759
DB01337,D009759
DB01174,D009759
DB00925,D009759
DB00252,D009759
DB00571,D009759
DB00863,D009759
DB00206,D009759
DB00428,D009759
DB00675,D009759
DB00656,D009759
DB00313,D009759
DB00570,D009759
DB00541,D009759
DB01175,D009759
DB01229,D009759
DB00715,D009759
DB00482,D009765
DB03128,D009765
DB00945,D009765
DB00443,D009765
DB00907,D009765
DB01234,D009765
DB00829,D009765
DB00280,D009765
DB00668,D009765
DB01050,D009765
DB01235,D009765
DB00333,D009765
DB00683,D009765
DB00295,D009765
DB00184,D009765
DB01115,D009765
DB00368,D009765
DB00277,D009765
DB00373,D009765
DB00755,D009765
DB00441,D009771
DB01118,D009771
DB00321,D009771
DB00182,D009771
DB00945,D009771
DB01234,D009771
DB00514,D009771
DB00695,D009771
DB00502,D009771
DB00333,D009771
DB00755,D009771
DB00334,D007752
DB00316,D007752
DB00819,D007752
DB01118,D007752
DB00321,D007752
DB00921,D007752
DB00446,D007752
DB01114,D007752
DB00477,D007752
DB00501,D007752
DB00537,D007752
DB00575,D007752
DB00363,D007752
DB00907,D007752
DB01394,D007752
DB00829,D007752
DB00668,D007752
DB00813,D007752
DB00875,D007752
DB00741,D007752
DB01221,D007752
DB00281,D007752
DB00934,D007752
DB00333,D007752
DB00563,D007752
DB00968,D007752
DB00959,D007752
DB00264,D007752
DB00683,D007752
DB00295,D007752
DB01183,D007752
DB00622,D007752
DB00184,D007752
DB00368,D007752
DB01174,D007752
DB00860,D007752
DB01035,D007752
DB01069,D007752
DB00571,D007752
DB00908,D007752
DB00382,D007752
DB00656,D007752
DB00313,D007752
DB00541,D007752
DB01165,D007752
DB01175,D007752
DB00802,D007752
DB00973,D009798
DB00316,D009798
DB00945,D009798
DB00443,D009798
DB01212,D009798
DB01114,D009798
DB00254,D009798
DB00199,D009798
DB00563,D009798
DB01045,D009798
DB00759,D009798
DB01165,D009798
DB00175,D009798
DB01211,D009798
DB00334,D015835
DB01224,D015835
DB00285,D015835
DB00201,D015835
DB00363,D015835
DB00514,D015835
DB00472,D015835
DB01235,D015835
DB00571,D015835
DB01175,D015835
DB00715,D015835
DB01104,D015835
DB00564,D000857
DB00608,D000857
DB00477,D000857
DB00907,D000857
DB00668,D000857
DB00623,D000857
DB00333,D000857
DB01577,D000857
DB00959,D000857
DB00627,D000857
DB00184,D000857
DB00368,D000857
DB01092,D000857
DB00468,D000857
DB00811,D000857
DB00675,D000857
DB00740,D000857
DB01136,D009845
DB00542,D009845
DB00555,D009845
DB01149,D009845
DB00441,D009845
DB00439,D009845
DB01098,D009845
DB01076,D009845
DB00973,D009845
DB00316,D009845
DB01118,D009845
DB00321,D009845
DB00182,D009845
DB00945,D009845
DB01393,D009845
DB00921,D009845
DB00907,D009845
DB01394,D009845
DB00987,D009845
DB00586,D009845
DB00390,D009845
DB00343,D009845
DB01075,D009845
DB00668,D009845
DB00199,D009845
DB00695,D009845
DB04077,D009845
DB00502,D009845
DB00741,D009845
DB00227,D009845
DB00333,D009845
DB01577,D009845
DB00959,D009845
DB00264,D009845
DB01204,D009845
DB00295,D009845
DB00368,D009845
DB01059,D009845
DB00252,D009845
DB00860,D009845
DB00468,D009845
DB00470,D009845
DB00277,D009845
DB00313,D009845
DB00661,D009845
DB01241,D009845
DB01175,D009845
DB01211,D009845
DB00715,D009845
DB01167,D009845
DB00734,D009845
DB00641,D009845
DB00877,D009845
DB00987,D009846
DB00997,D009846
DB00773,D009846
DB00741,D009846
DB00563,D009846
DB01204,D009846
DB00755,D009846
DB00313,D009846
DB00570,D009846
DB00541,D009846
DB01248,D009886
DB00201,D009886
DB00997,D009886
DB00773,D009886
DB00544,D009886
DB00227,D009886
DB00563,D009886
DB00428,D009886
DB00917,D009886
DB00445,D009886
DB01229,D009886
DB00555,D009293
DB00334,D009293
DB01224,D009293
DB00285,D009293
DB00321,D009293
DB00182,D009293
DB00810,D009293
DB01200,D009293
DB00201,D009293
DB00564,D009293
DB00477,D009293
DB00575,D009293
DB00363,D009293
DB00907,D009293
DB00987,D009293
DB00829,D009293
DB00472,D009293
DB00875,D009293
DB00623,D009293
DB00158,D009293
DB00502,D009293
DB00458,D009293
DB01221,D009293
DB01577,D009293
DB00134,D009293
DB01174,D009293
DB01100,D009293
DB01069,D009293
DB00571,D009293
DB00206,D009293
DB01623,D009293
DB00656,D009293
DB00831,D009293
DB00313,D009293
DB00734,D009293
DB01104,D009293
DB00334,D009896
DB01224,D009896
DB00321,D009896
DB00564,D009896
DB00477,D009896
DB00363,D009896
DB00829,D009896
DB00623,D009896
DB00502,D009896
DB00811,D009896
DB00831,D009896
DB00734,D009896
DB00349,D009901
DB00555,D009901
DB00441,D009901
DB01095,D009901
DB00334,D009901
DB00950,D009901
DB00533,D009901
DB00482,D009901
DB00203,D009901
DB01098,D009901
DB01076,D009901
DB01224,D009901
DB00285,D009901
DB00316,D009901
DB00819,D009901
DB03128,D009901
DB00640,D009901
DB00915,D009901
DB00594,D009901
DB01118,D009901
DB00321,D009901
DB00182,D009901
DB00945,D009901
DB00810,D009901
DB01200,D009901
DB00921,D009901
DB00490,D009901
DB00201,D009901
DB00564,D009901
DB01327,D009901
DB01212,D009901
DB00608,D009901
DB01114,D009901
DB00477,D009901
DB00501,D009901
DB00537,D009901
DB00882,D009901
DB01242,D009901
DB00575,D009901
DB00363,D009901
DB00907,D009901
DB01394,D009901
DB00987,D009901
DB00694,D009901
DB01151,D009901
DB01234,D009901
DB00514,D009901
DB00829,D009901
DB00586,D009901
DB01396,D009901
DB00390,D009901
DB00343,D009901
DB01075,D009901
DB00280,D009901
DB00988,D009901
DB01142,D009901
DB00254,D009901
DB00584,D009901
DB00668,D009901
DB00696,D009901
DB00199,D009901
DB00783,D009901
DB00903,D009901
DB00773,D009901
DB00813,D009901
DB00544,D009901
DB00472,D009901
DB00875,D009901
DB00623,D009901
DB00690,D009901
DB00158,D009901
DB01016,D009901
DB00502,D009901
DB00741,D009901
DB01050,D009901
DB00458,D009901
DB00328,D009901
DB00602,D009901
DB01221,D009901
DB01026,D009901
DB01009,D009901
DB01235,D009901
DB00281,D009901
DB00836,D009901
DB00934,D009901
DB01065,D009901
DB01043,D009901
DB00371,D009901
DB01577,D009901
DB00134,D009901
DB00563,D009901
DB00968,D009901
DB00959,D009901
DB01011,D009901
DB01110,D009901
DB00683,D009901
DB00295,D009901
DB01183,D009901
DB00704,D009901
DB01400,D009901
DB00184,D009901
DB01115,D009901
DB01595,D009901
DB01054,D009901
DB00368,D009901
DB01059,D009901
DB01092,D009901
DB01337,D009901
DB00914,D009901
DB01174,D009901
DB00812,D009901
DB00252,D009901
DB01100,D009901
DB00457,D009901
DB00635,D009901
DB00396,D009901
DB01069,D009901
DB00571,D009901
DB00468,D009901
DB00863,D009901
DB00206,D009901
DB00795,D009901
DB01037,D009901
DB00421,D009901
DB00605,D009901
DB00382,D009901
DB00675,D009901
DB00470,D009901
DB00277,D009901
DB00451,D009901
DB00656,D009901
DB00831,D009901
DB00726,D009901
DB00313,D009901
DB00661,D009901
DB00570,D009901
DB00541,D009901
DB00495,D009901
DB00917,D009901
DB01165,D009901
DB01175,D009901
DB00834,D009901
DB01023,D009901
DB00927,D009901
DB00802,D009901
DB00518,D009901
DB00358,D009901
DB00176,D009901
DB01229,D009901
DB01211,D009901
DB00715,D009901
DB00734,D009901
DB00740,D009901
DB00936,D009901
DB01104,D009901
DB00907,D019226
DB00987,D019226
DB00343,D019226
DB00584,D019226
DB00813,D019226
DB00472,D019226
DB00281,D019226
DB00563,D019226
DB00264,D019226
DB00541,D019226
DB01229,D019226
DB01149,D010003
DB00334,D010003
DB01224,D010003
DB00321,D010003
DB01200,D010003
DB00501,D010003
DB01242,D010003
DB00575,D010003
DB00907,D010003
DB00987,D010003
DB00829,D010003
DB00783,D010003
DB00544,D010003
DB00458,D010003
DB00328,D010003
DB00281,D010003
DB00333,D010003
DB00264,D010003
DB01183,D010003
DB00925,D010003
DB00571,D010003
DB00811,D010003
DB00624,D010003
DB00656,D010003
DB00831,D010003
DB00917,D010003
DB01241,D010003
DB00590,D010003
DB00715,D010003
DB00734,D010003
DB01104,D010003
DB01224,D010019
DB01118,D010019
DB00672,D010019
DB00907,D010019
DB00987,D010019
DB00586,D010019
DB00988,D010019
DB00668,D010019
DB00741,D010019
DB01577,D010019
DB00959,D010019
DB00295,D010019
DB01115,D010019
DB00368,D010019
DB00925,D010019
DB01045,D010019
DB00661,D010019
DB00358,D010019
DB00441,D010024
DB00564,D010024
DB00608,D010024
DB00363,D010024
DB00907,D010024
DB00694,D010024
DB01234,D010024
DB00343,D010024
DB00280,D010024
DB00988,D010024
DB00668,D010024
DB00544,D010024
DB00695,D010024
DB01016,D010024
DB00458,D010024
DB00281,D010024
DB00333,D010024
DB01577,D010024
DB00264,D010024
DB00368,D010024
DB01035,D010024
DB00571,D010024
DB00661,D010024
DB00501,D010051
DB01151,D010051
DB01234,D010051
DB01075,D010051
DB00988,D010051
DB00472,D010051
DB00741,D010051
DB01050,D010051
DB01065,D010051
DB01183,D010051
DB00704,D010051
DB00368,D010051
DB00860,D010051
DB01045,D010051
DB00814,D010146
DB00334,D010146
DB00285,D010146
DB00321,D010146
DB00477,D010146
DB00575,D010146
DB00363,D010146
DB00907,D010146
DB00502,D010146
DB00458,D010146
DB00602,D010146
DB00563,D010146
DB00184,D010146
DB01100,D010146
DB00382,D010146
DB00313,D010146
DB01175,D010146
DB00734,D010146
DB01118,D010149
DB00276,D010149
DB00564,D010149
DB00694,D010149
DB01396,D010149
DB00390,D010149
DB00343,D010149
DB00968,D010149
DB01182,D010149
DB00571,D010149
DB00661,D010149
DB01177,D010149
DB00802,D010149
DB01393,D010190
DB00227,D010190
DB00563,D010190
DB00264,D010190
DB00627,D010190
DB01115,D010190
DB00812,D010190
DB00571,D010190
DB00313,D010190
DB01229,D010190
DB00678,D010190
DB01118,D010195
DB00564,D010195
DB00907,D010195
DB00987,D010195
DB01396,D010195
DB00390,D010195
DB00343,D010195
DB00280,D010195
DB00184,D010195
DB01115,D010195
DB00571,D010195
DB00908,D010195
DB00373,D010195
DB00661,D010195
DB00549,D010198
DB00973,D010198
DB00316,D010198
DB00945,D010198
DB00907,D010198
DB01075,D010198
DB00635,D010198
DB00440,D010198
DB01165,D010198
DB00342,D010198
DB00175,D010198
DB01211,D010198
DB01248,D016584
DB00317,D016584
DB00398,D016584
DB01118,D016584
DB00443,D016584
DB00564,D016584
DB00608,D016584
DB00537,D016584
DB01394,D016584
DB00987,D016584
DB01234,D016584
DB00586,D016584
DB00343,D016584
DB00997,D016584
DB00254,D016584
DB00783,D016584
DB00773,D016584
DB00544,D016584
DB00472,D016584
DB00158,D016584
DB00741,D016584
DB00328,D016584
DB01577,D016584
DB00563,D016584
DB01204,D016584
DB00627,D016584
DB00554,D016584
DB00635,D016584
DB01032,D016584
DB00140,D016584
DB00373,D016584
DB00755,D016584
DB00313,D016584
DB00541,D016584
DB00495,D016584
DB00927,D016584
DB01229,D016584
DB00197,D010211
DB01248,D010211
DB00317,D010211
DB00201,D010211
DB00997,D010211
DB00563,D010211
DB00184,D010211
DB00755,D010211
DB00541,D010211
DB00495,D010211
DB01229,D010211
DB00877,D010211
DB01136,D010243
DB01149,D010243
DB01224,D010243
DB00819,D010243
DB00915,D010243
DB01118,D010243
DB00321,D010243
DB00182,D010243
DB00945,D010243
DB01200,D010243
DB00921,D010243
DB00201,D010243
DB00564,D010243
DB00608,D010243
DB00537,D010243
DB01242,D010243
DB00575,D010243
DB00363,D010243
DB00907,D010243
DB01151,D010243
DB01234,D010243
DB00514,D010243
DB01142,D010243
DB00472,D010243
DB00623,D010243
DB00690,D010243
DB00328,D010243
DB01235,D010243
DB00227,D010243
DB01065,D010243
DB01043,D010243
DB00371,D010243
DB00333,D010243
DB00563,D010243
DB00968,D010243
DB00959,D010243
DB00264,D010243
DB00683,D010243
DB00295,D010243
DB00184,D010243
DB01115,D010243
DB01595,D010243
DB01174,D010243
DB00252,D010243
DB00571,D010243
DB00206,D010243
DB00675,D010243
DB00277,D010243
DB00373,D010243
DB00656,D010243
DB00313,D010243
DB01165,D010243
DB01175,D010243
DB00358,D010243
DB00176,D010243
DB01229,D010243
DB01211,D010243
DB00455,D010243
DB00734,D010243
DB00641,D010243
DB00334,D010259
DB01224,D010259
DB00321,D010259
DB00477,D010259
DB00537,D010259
DB00829,D010259
DB01075,D010259
DB00934,D010259
DB00264,D010259
DB00344,D010259
DB00715,D010259
DB00734,D010259
DB03128,D010264
DB00477,D010264
DB00907,D010264
DB01234,D010264
DB00829,D010264
DB00343,D010264
DB01075,D010264
DB00696,D010264
DB00813,D010264
DB00544,D010264
DB01221,D010264
DB00281,D010264
DB00333,D010264
DB00295,D010264
DB01183,D010264
DB00788,D010264
DB01400,D010264
DB00184,D010264
DB01115,D010264
DB00368,D010264
DB00277,D010264
DB01248,D010291
DB00334,D010291
DB00321,D010291
DB00564,D010291
DB00501,D010291
DB01242,D010291
DB00363,D010291
DB00907,D010291
DB00514,D010291
DB00829,D010291
DB01075,D010291
DB00199,D010291
DB01221,D010291
DB01235,D010291
DB00281,D010291
DB00934,D010291
DB00333,D010291
DB01577,D010291
DB00563,D010291
DB00295,D010291
DB01595,D010291
DB01174,D010291
DB00252,D010291
DB01623,D010291
DB00313,D010291
DB01175,D010291
DB00361,D010292
DB00443,D010292
DB00575,D010292
DB00987,D010292
DB01234,D010292
DB00829,D010292
DB00997,D010292
DB00158,D010292
DB00281,D010292
DB00333,D010292
DB00134,D010292
DB00563,D010292
DB00959,D010292
DB00295,D010292
DB00860,D010292
DB00313,D010292
DB00661,D010292
DB00115,D010292
DB00495,D010292
DB01229,D010292
DB01167,D010292
DB00412,D010300
DB00471,D010300
DB01076,D010300
DB00813,D010300
DB00328,D010300
DB00959,D010300
DB01183,D010300
DB00396,D010300
DB00675,D010300
DB00277,D010300
DB00641,D010300
DB01118,D010302
DB00564,D010302
DB00537,D010302
DB00861,D010302
DB00563,D010302
DB00968,D010302
DB03783,D010302
DB00252,D010302
DB00635,D010302
DB00908,D010302
DB00795,D010302
DB00277,D010302
DB00541,D010302
DB00945,D020734
DB01327,D020734
DB01212,D020734
DB00537,D020734
DB01234,D020734
DB00199,D020734
DB00959,D020734
DB00295,D020734
DB01032,D020734
DB01045,D020734
DB00759,D020734
DB01165,D020734
DB00555,D010437
DB00334,D010437
DB00316,D010437
DB03128,D010437
DB00594,D010437
DB00321,D010437
DB00182,D010437
DB00564,D010437
DB01212,D010437
DB00608,D010437
DB00477,D010437
DB00122,D010437
DB00501,D010437
DB00537,D010437
DB01242,D010437
DB00575,D010437
DB00907,D010437
DB00829,D010437
DB00988,D010437
DB00286,D010437
DB00903,D010437
DB00472,D010437
DB00502,D010437
DB00328,D010437
DB01221,D010437
DB00281,D010437
DB00934,D010437
DB00643,D010437
DB01577,D010437
DB00563,D010437
DB00683,D010437
DB00295,D010437
DB00368,D010437
DB01174,D010437
DB00252,D010437
DB00396,D010437
DB00795,D010437
DB00624,D010437
DB00277,D010437
DB00831,D010437
DB00313,D010437
DB00661,D010437
DB01165,D010437
DB01175,D010437
DB00518,D010437
DB01211,D010437
DB00349,D010490
DB01136,D010490
DB00542,D010490
DB01097,D010490
DB00555,D010490
DB00519,D010490
DB00758,D010490
DB01095,D010490
DB00814,D010490
DB01248,D010490
DB00439,D010490
DB00412,D010490
DB00471,D010490
DB00533,D010490
DB00317,D010490
DB00398,D010490
DB00482,D010490
DB01261,D010490
DB01076,D010490
DB00530,D010490
DB01224,D010490
DB00285,D010490
DB00316,D010490
DB00819,D010490
DB00437,D010490
DB01118,D010490
DB00887,D010490
DB00564,D010490
DB01327,D010490
DB01212,D010490
DB00537,D010490
DB00363,D010490
DB00586,D010490
DB00861,D010490
DB00343,D010490
DB00997,D010490
DB00254,D010490
DB00584,D010490
DB00199,D010490
DB00773,D010490
DB00472,D010490
DB00712,D010490
DB00695,D010490
DB01050,D010490
DB00328,D010490
DB00602,D010490
DB01009,D010490
DB00836,D010490
DB00227,D010490
DB00563,D010490
DB00788,D010490
DB01115,D010490
DB01059,D010490
DB01174,D010490
DB00252,D010490
DB00554,D010490
DB00860,D010490
DB00635,D010490
DB00571,D010490
DB00468,D010490
DB00863,D010490
DB00811,D010490
DB01045,D010490
DB00795,D010490
DB00421,D010490
DB00605,D010490
DB00675,D010490
DB00500,D010490
DB00440,D010490
DB00313,D010490
DB00661,D010490
DB00495,D010490
DB01165,D010490
DB01175,D010490
DB00927,D010490
DB00518,D010490
DB00358,D010490
DB00176,D010490
DB00175,D010490
DB01229,D010490
DB00178,D010490
DB01211,D010490
DB00749,D010490
DB00242,D010490
DB00715,D010490
DB01167,D010490
DB00678,D010490
DB00641,D010490
DB01104,D010490
DB00533,D010493
DB00203,D010493
DB00316,D010493
DB00640,D010493
DB00945,D010493
DB01200,D010493
DB00201,D010493
DB01234,D010493
DB00586,D010493
DB01184,D010493
DB00544,D010493
DB00502,D010493
DB00328,D010493
DB01009,D010493
DB00788,D010493
DB03783,D010493
DB00554,D010493
DB00495,D010493
DB00927,D010493
DB00197,D010523
DB01248,D010523
DB00398,D010523
DB00482,D010523
DB00619,D010523
DB00945,D010523
DB00201,D010523
DB00501,D010523
DB00997,D010523
DB00544,D010523
DB00158,D010523
DB00695,D010523
DB00328,D010523
DB00563,D010523
DB00184,D010523
DB00368,D010523
DB04216,D010523
DB00795,D010523
DB00755,D010523
DB00495,D010523
DB00445,D010523
DB00927,D010523
DB01229,D010523
DB00814,D016491
DB00471,D016491
DB00533,D016491
DB01118,D016491
DB00945,D016491
DB01114,D016491
DB00501,D016491
DB00575,D016491
DB00907,D016491
DB01234,D016491
DB00586,D016491
DB00668,D016491
DB00502,D016491
DB01050,D016491
DB00328,D016491
DB01065,D016491
DB00788,D016491
DB00184,D016491
DB01115,D016491
DB03783,D016491
DB00812,D016491
DB00554,D016491
DB00860,D016491
DB00571,D016491
DB00863,D016491
DB00206,D016491
DB00795,D016491
DB00917,D016491
DB00927,D016491
DB00734,D016491
DB00361,D010538
DB00441,D010538
DB01248,D010538
DB00796,D010538
DB00398,D010538
DB00437,D010538
DB00276,D010538
DB00987,D010538
DB00694,D010538
DB01234,D010538
DB00861,D010538
DB00997,D010538
DB00773,D010538
DB00544,D010538
DB00563,D010538
DB00968,D010538
DB01204,D010538
DB00252,D010538
DB00635,D010538
DB00755,D010538
DB00541,D010538
DB00445,D010538
DB01229,D010538
DB00334,D010554
DB01224,D010554
DB00285,D010554
DB00564,D010554
DB00829,D010554
DB00472,D010554
DB00623,D010554
DB00458,D010554
DB00934,D010554
DB00264,D010554
DB00457,D010554
DB00656,D010554
DB00313,D010554
DB00495,D010554
DB01175,D010554
DB00176,D010554
DB00734,D010554
DB01104,D010554
DB00334,D010612
DB00477,D010612
DB00363,D010612
DB01151,D010612
DB00472,D010612
DB00623,D010612
DB00277,D010612
DB00831,D010612
DB00313,D010612
DB00734,D010612
DB00758,D010673
DB00559,D010673
DB00203,D010673
DB00182,D010673
DB00945,D010673
DB00201,D010673
DB00907,D010673
DB01234,D010673
DB00668,D010673
DB01577,D010673
DB00622,D010673
DB00184,D010673
DB00368,D010673
DB00252,D010673
DB00661,D010673
DB00349,D010689
DB00555,D010689
DB00334,D010689
DB00471,D010689
DB00203,D010689
DB01224,D010689
DB00285,D010689
DB00316,D010689
DB00915,D010689
DB01118,D010689
DB00321,D010689
DB00182,D010689
DB00945,D010689
DB00810,D010689
DB01200,D010689
DB00921,D010689
DB00201,D010689
DB00564,D010689
DB01212,D010689
DB01114,D010689
DB00477,D010689
DB00501,D010689
DB01242,D010689
DB00575,D010689
DB00363,D010689
DB00907,D010689
DB01151,D010689
DB01234,D010689
DB00514,D010689
DB00829,D010689
DB00255,D010689
DB00390,D010689
DB00343,D010689
DB01075,D010689
DB01184,D010689
DB00988,D010689
DB01142,D010689
DB00584,D010689
DB00696,D010689
DB00977,D010689
DB00813,D010689
DB00472,D010689
DB00623,D010689
DB00690,D010689
DB00502,D010689
DB00741,D010689
DB00458,D010689
DB01221,D010689
DB01235,D010689
DB01065,D010689
DB01043,D010689
DB00371,D010689
DB00333,D010689
DB01577,D010689
DB00968,D010689
DB00959,D010689
DB00264,D010689
DB01011,D010689
DB00683,D010689
DB00295,D010689
DB01183,D010689
DB00704,D010689
DB00788,D010689
DB00184,D010689
DB01115,D010689
DB01595,D010689
DB01054,D010689
DB00368,D010689
DB01174,D010689
DB00252,D010689
DB00860,D010689
DB00635,D010689
DB00396,D010689
DB01069,D010689
DB00571,D010689
DB00344,D010689
DB01103,D010689
DB00863,D010689
DB01045,D010689
DB00421,D010689
DB00624,D010689
DB00470,D010689
DB00277,D010689
DB00656,D010689
DB00831,D010689
DB00313,D010689
DB00661,D010689
DB00495,D010689
DB01175,D010689
DB00834,D010689
DB00176,D010689
DB00715,D010689
DB00734,D010689
DB00678,D010689
DB00641,D010689
DB01104,D010689
DB00758,D020795
DB00334,D020795
DB00966,D020795
DB00950,D020795
DB01118,D020795
DB00321,D020795
DB01200,D020795
DB00201,D020795
DB00564,D020795
DB00608,D020795
DB00477,D020795
DB00537,D020795
DB00575,D020795
DB00363,D020795
DB00907,D020795
DB01151,D020795
DB00829,D020795
DB00280,D020795
DB00254,D020795
DB00584,D020795
DB00668,D020795
DB00472,D020795
DB00695,D020795
DB00502,D020795
DB01235,D020795
DB00281,D020795
DB00371,D020795
DB00333,D020795
DB00968,D020795
DB00264,D020795
DB00211,D020795
DB00627,D020795
DB01115,D020795
DB00457,D020795
DB00571,D020795
DB00908,D020795
DB00468,D020795
DB00863,D020795
DB00811,D020795
DB00675,D020795
DB00373,D020795
DB00656,D020795
DB00755,D020795
DB00313,D020795
DB00661,D020795
DB01175,D020795
DB00342,D020795
DB00178,D020795
DB01211,D020795
DB00455,D020795
DB00715,D020795
DB01167,D020795
DB00734,D020795
DB00678,D020795
DB01388,D020795
DB01136,D010787
DB00758,D010787
DB00334,D010787
DB00966,D010787
DB00482,D010787
DB00203,D010787
DB01076,D010787
DB00285,D010787
DB01193,D010787
DB00640,D010787
DB00437,D010787
DB01118,D010787
DB00321,D010787
DB00182,D010787
DB00945,D010787
DB01200,D010787
DB00201,D010787
DB00564,D010787
DB00501,D010787
DB01242,D010787
DB00575,D010787
DB00363,D010787
DB00907,D010787
DB01151,D010787
DB01234,D010787
DB00829,D010787
DB00390,D010787
DB00343,D010787
DB01075,D010787
DB00280,D010787
DB01184,D010787
DB00988,D010787
DB01142,D010787
DB00997,D010787
DB00584,D010787
DB00668,D010787
DB00977,D010787
DB00813,D010787
DB00472,D010787
DB00623,D010787
DB00695,D010787
DB00502,D010787
DB01050,D010787
DB00458,D010787
DB00328,D010787
DB01221,D010787
DB00281,D010787
DB01065,D010787
DB01577,D010787
DB00968,D010787
DB00959,D010787
DB00264,D010787
DB00683,D010787
DB00295,D010787
DB00332,D010787
DB01183,D010787
DB01400,D010787
DB00622,D010787
DB00184,D010787
DB01115,D010787
DB01054,D010787
DB00368,D010787
DB01092,D010787
DB01580,D010787
DB01337,D010787
DB00925,D010787
DB00252,D010787
DB00457,D010787
DB01035,D010787
DB01182,D010787
DB00571,D010787
DB00908,D010787
DB00468,D010787
DB00206,D010787
DB00470,D010787
DB00277,D010787
DB01623,D010787
DB00451,D010787
DB00373,D010787
DB00661,D010787
DB00495,D010787
DB00917,D010787
DB00445,D010787
DB01023,D010787
DB00802,D010787
DB01244,D010787
DB00358,D010787
DB01229,D010787
DB01211,D010787
DB00715,D010787
DB00734,D010787
DB00678,D010787
DB01104,D010787
DB00201,D010911
DB00477,D010911
DB00390,D010911
DB00343,D010911
DB00280,D010911
DB01035,D010911
DB01182,D010911
DB00571,D010911
DB00277,D010911
DB00661,D010911
DB00285,D010996
DB00321,D010996
DB00564,D010996
DB00477,D010996
DB00363,D010996
DB00907,D010996
DB01394,D010996
DB00694,D010996
DB01151,D010996
DB00829,D010996
DB00343,D010996
DB01075,D010996
DB00280,D010996
DB00988,D010996
DB01142,D010996
DB00997,D010996
DB00668,D010996
DB00544,D010996
DB00502,D010996
DB00458,D010996
DB00281,D010996
DB00333,D010996
DB00368,D010996
DB01092,D010996
DB00860,D010996
DB01069,D010996
DB00571,D010996
DB00795,D010996
DB00277,D010996
DB01023,D010996
DB00734,D010996
DB00441,D011014
DB00640,D011014
DB01118,D011014
DB00321,D011014
DB00201,D011014
DB00564,D011014
DB00477,D011014
DB00575,D011014
DB00363,D011014
DB00907,D011014
DB01396,D011014
DB00390,D011014
DB00343,D011014
DB00280,D011014
DB00668,D011014
DB00544,D011014
DB00472,D011014
DB00695,D011014
DB00458,D011014
DB00281,D011014
DB01577,D011014
DB00959,D011014
DB00264,D011014
DB00332,D011014
DB01115,D011014
DB01337,D011014
DB01035,D011014
DB01182,D011014
DB00571,D011014
DB00908,D011014
DB00470,D011014
DB00277,D011014
DB00661,D011014
DB01177,D011014
DB01229,D011014
DB00819,D011041
DB00564,D011041
DB00537,D011041
DB00907,D011041
DB00997,D011041
DB00584,D011041
DB00977,D011041
DB00544,D011041
DB00281,D011041
DB00563,D011041
DB00211,D011041
DB00812,D011041
DB00759,D011041
DB00495,D011041
DB01229,D011041
DB01211,D011041
DB01076,D010488
DB01393,D010488
DB00477,D010488
DB01151,D010488
DB00255,D010488
DB00773,D010488
DB00472,D010488
DB00227,D010488
DB01065,D010488
DB03783,D010488
DB04216,D010488
DB00445,D010488
DB00641,D010488
DB01645,D010488
DB00945,D017285
DB01234,D017285
DB00255,D017285
DB00997,D017285
DB00773,D017285
DB01115,D017285
DB00570,D017285
DB00541,D017285
DB01229,D017285
DB00539,D017285
DB00361,D011115
DB00758,D011115
DB00441,D011115
DB01248,D011115
DB00317,D011115
DB00285,D011115
DB01118,D011115
DB00321,D011115
DB00945,D011115
DB00564,D011115
DB01212,D011115
DB00446,D011115
DB00501,D011115
DB00537,D011115
DB00907,D011115
DB01394,D011115
DB00987,D011115
DB00694,D011115
DB01234,D011115
DB00586,D011115
DB01396,D011115
DB01142,D011115
DB00997,D011115
DB00668,D011115
DB01196,D011115
DB00773,D011115
DB00544,D011115
DB00158,D011115
DB00695,D011115
DB00502,D011115
DB01050,D011115
DB00328,D011115
DB00371,D011115
DB00563,D011115
DB00959,D011115
DB01204,D011115
DB01174,D011115
DB00812,D011115
DB00252,D011115
DB00635,D011115
DB00571,D011115
DB00908,D011115
DB00468,D011115
DB00863,D011115
DB00811,D011115
DB01045,D011115
DB00795,D011115
DB00428,D011115
DB00675,D011115
DB00313,D011115
DB00570,D011115
DB00541,D011115
DB00495,D011115
DB00917,D011115
DB00445,D011115
DB00358,D011115
DB01229,D011115
DB01211,D011115
DB00242,D011115
DB01167,D011115
DB00877,D011115
DB00361,D011141
DB00758,D011141
DB00814,D011141
DB00945,D011141
DB00477,D011141
DB00882,D011141
DB00907,D011141
DB01234,D011141
DB00586,D011141
DB00255,D011141
DB00997,D011141
DB00668,D011141
DB00977,D011141
DB00544,D011141
DB00712,D011141
DB00554,D011141
DB00635,D011141
DB00675,D011141
DB00755,D011141
DB00541,D011141
DB04557,D011141
DB01229,D011141
DB00734,D011141
DB01248,D017119
DB01118,D017119
DB00537,D017119
DB00907,D017119
DB00829,D017119
DB01196,D017119
DB00977,D017119
DB00544,D017119
DB00741,D017119
DB01110,D017119
DB00683,D017119
DB01241,D017119
DB00445,D017119
DB00758,D054038
DB00441,D054038
DB00533,D054038
DB00482,D054038
DB01076,D054038
DB00316,D054038
DB00321,D054038
DB00945,D054038
DB01393,D054038
DB00564,D054038
DB01212,D054038
DB00907,D054038
DB00694,D054038
DB01234,D054038
DB00829,D054038
DB00586,D054038
DB00320,D054038
DB00997,D054038
DB00668,D054038
DB01196,D054038
DB00286,D054038
DB00977,D054038
DB00544,D054038
DB01050,D054038
DB00563,D054038
DB00184,D054038
DB01115,D054038
DB00812,D054038
DB00635,D054038
DB01035,D054038
DB00396,D054038
DB00428,D054038
DB00675,D054038
DB00624,D054038
DB00373,D054038
DB00755,D054038
DB00570,D054038
DB00541,D054038
DB00115,D054038
DB00917,D054038
DB00445,D054038
DB01177,D054038
DB00401,D054038
DB04557,D054038
DB01229,D054038
DB00678,D054038
DB00641,D054038
DB00877,D054038
DB00790,D054038
DB00197,D011183
DB00412,D011183
DB00317,D011183
DB00619,D011183
DB00997,D011183
DB00328,D011183
DB01174,D011183
DB00795,D011183
DB00755,D011183
DB00541,D011183
DB00201,D020250
DB00564,D020250
DB00575,D020250
DB00363,D020250
DB00907,D020250
DB01151,D020250
DB00472,D020250
DB00502,D020250
DB01235,D020250
DB00860,D020250
DB00313,D020250
DB01165,D020250
DB01175,D020250
DB00176,D020250
DB00734,D020250
DB01104,D020250
DB00361,D011230
DB00321,D011230
DB00945,D011230
DB00537,D011230
DB01242,D011230
DB01234,D011230
DB01142,D011230
DB00997,D011230
DB00668,D011230
DB00199,D011230
DB00695,D011230
DB01050,D011230
DB00458,D011230
DB00281,D011230
DB00788,D011230
DB00252,D011230
DB00635,D011230
DB00571,D011230
DB00344,D011230
DB00468,D011230
DB00863,D011230
DB00811,D011230
DB00313,D011230
DB00661,D011230
DB00541,D011230
DB00358,D011230
DB04557,D011230
DB01229,D011230
DB00669,D011230
DB00936,D011230
DB00334,D054198
DB00810,D054198
DB00477,D054198
DB00907,D054198
DB00829,D054198
DB01075,D054198
DB01184,D054198
DB00472,D054198
DB00502,D054198
DB01235,D054198
DB01174,D054198
DB00734,D054198
DB00555,D054218
DB00814,D054218
DB00334,D054218
DB00482,D054218
DB00285,D054218
DB00819,D054218
DB00640,D054218
DB00915,D054218
DB01118,D054218
DB00321,D054218
DB00810,D054218
DB01200,D054218
DB00490,D054218
DB00201,D054218
DB00564,D054218
DB00477,D054218
DB00501,D054218
DB00537,D054218
DB01242,D054218
DB00575,D054218
DB00363,D054218
DB00907,D054218
DB00987,D054218
DB00694,D054218
DB01151,D054218
DB00514,D054218
DB00829,D054218
DB01396,D054218
DB01075,D054218
DB00988,D054218
DB00997,D054218
DB00254,D054218
DB00668,D054218
DB00199,D054218
DB00903,D054218
DB00813,D054218
DB00472,D054218
DB00623,D054218
DB00502,D054218
DB00458,D054218
DB00328,D054218
DB00602,D054218
DB01221,D054218
DB01026,D054218
DB01235,D054218
DB00934,D054218
DB00333,D054218
DB01577,D054218
DB00563,D054218
DB00968,D054218
DB00959,D054218
DB00264,D054218
DB00683,D054218
DB01204,D054218
DB00332,D054218
DB01183,D054218
DB00704,D054218
DB01400,D054218
DB00184,D054218
DB01580,D054218
DB00925,D054218
DB00252,D054218
DB01100,D054218
DB00554,D054218
DB00457,D054218
DB00635,D054218
DB01035,D054218
DB00571,D054218
DB00344,D054218
DB00206,D054218
DB01037,D054218
DB00382,D054218
DB00675,D054218
DB00277,D054218
DB01623,D054218
DB00373,D054218
DB00656,D054218
DB00831,D054218
DB00313,D054218
DB00661,D054218
DB00541,D054218
DB01165,D054218
DB01175,D054218
DB00342,D054218
DB00176,D054218
DB00715,D054218
DB01167,D054218
DB00734,D054218
DB01104,D054218
DB00945,D011248
DB00501,D011248
DB00907,D011248
DB00586,D011248
DB01184,D011248
DB00668,D011248
DB01050,D011248
DB00328,D011248
DB01221,D011248
DB00812,D011248
DB00860,D011248
DB00206,D011248
DB01045,D011248
DB00795,D011248
DB00661,D011248
DB00927,D011248
DB01211,D011248
DB00877,D011248
DB00564,D047928
DB00575,D047928
DB00363,D047928
DB00907,D047928
DB00829,D047928
DB00586,D047928
DB00668,D047928
DB00199,D047928
DB00813,D047928
DB01221,D047928
DB00836,D047928
DB00563,D047928
DB00683,D047928
DB00295,D047928
DB01183,D047928
DB00457,D047928
DB00313,D047928
DB00661,D047928
DB01175,D047928
DB00834,D047928
DB00802,D047928
DB00715,D047928
DB00542,D011297
DB00441,D011297
DB01212,D011297
DB00997,D011297
DB00584,D011297
DB00158,D011297
DB00695,D011297
DB00328,D011297
DB00368,D011297
DB01045,D011297
DB00428,D011297
DB00541,D011297
DB00178,D011297
DB00678,D011297
DB00334,D049188
DB00285,D049188
DB00819,D049188
DB00945,D049188
DB01200,D049188
DB00564,D049188
DB00477,D049188
DB00537,D049188
DB00882,D049188
DB00575,D049188
DB00363,D049188
DB00907,D049188
DB00987,D049188
DB01234,D049188
DB01396,D049188
DB01142,D049188
DB00584,D049188
DB00199,D049188
DB00695,D049188
DB00458,D049188
DB00934,D049188
DB00563,D049188
DB00968,D049188
DB00959,D049188
DB00295,D049188
DB01595,D049188
DB00925,D049188
DB00252,D049188
DB00457,D049188
DB00860,D049188
DB00277,D049188
DB01623,D049188
DB00373,D049188
DB00541,D049188
DB00590,D049188
DB00715,D049188
DB00734,D049188
DB01104,D049188
DB00334,D011317
DB00533,D011317
DB00945,D011317
DB00201,D011317
DB00672,D011317
DB00575,D011317
DB00363,D011317
DB00829,D011317
DB00586,D011317
DB00255,D011317
DB01142,D011317
DB00997,D011317
DB00783,D011317
DB00813,D011317
DB00472,D011317
DB00502,D011317
DB01050,D011317
DB00458,D011317
DB01235,D011317
DB00968,D011317
DB00295,D011317
DB00332,D011317
DB01183,D011317
DB01115,D011317
DB01174,D011317
DB00457,D011317
DB00635,D011317
DB00661,D011317
DB00541,D011317
DB00445,D011317
DB00590,D011317
DB00734,D011317
DB00758,D011471
DB00549,D011471
DB00814,D011471
DB00950,D011471
DB00471,D011471
DB00967,D011471
DB00482,D011471
DB00316,D011471
DB00819,D011471
DB00437,D011471
DB00594,D011471
DB00945,D011471
DB00201,D011471
DB00564,D011471
DB01327,D011471
DB01212,D011471
DB01114,D011471
DB00501,D011471
DB00537,D011471
DB00987,D011471
DB01234,D011471
DB00586,D011471
DB00343,D011471
DB01075,D011471
DB00997,D011471
DB00668,D011471
DB00773,D011471
DB00472,D011471
DB00712,D011471
DB00695,D011471
DB00741,D011471
DB01050,D011471
DB00328,D011471
DB01026,D011471
DB01009,D011471
DB00281,D011471
DB00227,D011471
DB00371,D011471
DB00959,D011471
DB00788,D011471
DB01115,D011471
DB01059,D011471
DB03783,D011471
DB00554,D011471
DB00635,D011471
DB01035,D011471
DB00908,D011471
DB00863,D011471
DB01045,D011471
DB00795,D011471
DB00500,D011471
DB00115,D011471
DB01165,D011471
DB00358,D011471
DB00637,D011471
DB00342,D011471
DB00178,D011471
DB00455,D011471
DB00715,D011471
DB01167,D011471
DB00678,D011471
DB00936,D011471
DB01248,D011507
DB00482,D011507
DB00255,D011507
DB00997,D011507
DB00783,D011507
DB00977,D011507
DB00544,D011507
DB00563,D011507
DB00605,D011507
DB00675,D011507
DB01229,D011507
DB01645,D011507
DB00361,D011537
DB00758,D011537
DB00334,D011537
DB00796,D011537
DB00966,D011537
DB01261,D011537
DB01076,D011537
DB00316,D011537
DB00321,D011537
DB00945,D011537
DB00564,D011537
DB00446,D011537
DB00537,D011537
DB00907,D011537
DB00694,D011537
DB01234,D011537
DB00829,D011537
DB00255,D011537
DB00320,D011537
DB00668,D011537
DB00696,D011537
DB00741,D011537
DB01235,D011537
DB00563,D011537
DB00264,D011537
DB00683,D011537
DB00184,D011537
DB01115,D011537
DB01054,D011537
DB03783,D011537
DB00571,D011537
DB00421,D011537
DB00428,D011537
DB00675,D011537
DB01124,D011537
DB00570,D011537
DB00495,D011537
DB00178,D011537
DB00790,D011537
DB01097,D011559
DB00441,D011559
DB00549,D011559
DB00533,D011559
DB00619,D011559
DB01118,D011559
DB00182,D011559
DB00501,D011559
DB00537,D011559
DB00907,D011559
DB00987,D011559
DB00584,D011559
DB00199,D011559
DB00773,D011559
DB00472,D011559
DB00712,D011559
DB00695,D011559
DB01577,D011559
DB00563,D011559
DB00959,D011559
DB00788,D011559
DB00184,D011559
DB01115,D011559
DB00812,D011559
DB00860,D011559
DB00635,D011559
DB01035,D011559
DB00908,D011559
DB00468,D011559
DB00811,D011559
DB01045,D011559
DB00428,D011559
DB00675,D011559
DB00759,D011559
DB00755,D011559
DB00440,D011559
DB00917,D011559
DB01165,D011559
DB00178,D011559
DB00749,D011559
DB00715,D011559
DB01136,D011565
DB00334,D011565
DB00950,D011565
DB01193,D011565
DB00640,D011565
DB00915,D011565
DB01118,D011565
DB00201,D011565
DB00608,D011565
DB01114,D011565
DB00477,D011565
DB00501,D011565
DB00907,D011565
DB00987,D011565
DB01151,D011565
DB01396,D011565
DB00390,D011565
DB00343,D011565
DB00280,D011565
DB01184,D011565
DB00997,D011565
DB00668,D011565
DB00696,D011565
DB00783,D011565
DB00977,D011565
DB00544,D011565
DB00502,D011565
DB00458,D011565
DB01221,D011565
DB00281,D011565
DB01577,D011565
DB00959,D011565
DB00264,D011565
DB01115,D011565
DB00368,D011565
DB01092,D011565
DB01580,D011565
DB01337,D011565
DB00925,D011565
DB00252,D011565
DB00457,D011565
DB01035,D011565
DB01182,D011565
DB00571,D011565
DB00344,D011565
DB00908,D011565
DB00468,D011565
DB00755,D011565
DB00661,D011565
DB00834,D011565
DB01244,D011565
DB00637,D011565
DB00342,D011565
DB01211,D011565
DB01167,D011565
DB00669,D011565
DB01388,D011565
DB00519,D011595
DB01118,D011595
DB00945,D011595
DB00564,D011595
DB00501,D011595
DB00575,D011595
DB01234,D011595
DB00696,D011595
DB00544,D011595
DB00472,D011595
DB00695,D011595
DB00328,D011595
DB01221,D011595
DB00281,D011595
DB00371,D011595
DB00563,D011595
DB01011,D011595
DB00683,D011595
DB00295,D011595
DB01115,D011595
DB00252,D011595
DB00811,D011595
DB00358,D011595
DB00637,D011595
DB01229,D011595
DB01167,D011595
DB01149,D011596
DB00441,D011596
DB00533,D011596
DB00482,D011596
DB00915,D011596
DB01118,D011596
DB00321,D011596
DB00945,D011596
DB01200,D011596
DB00564,D011596
DB00608,D011596
DB00537,D011596
DB00882,D011596
DB01242,D011596
DB00575,D011596
DB00363,D011596
DB00907,D011596
DB01394,D011596
DB00987,D011596
DB00514,D011596
DB00829,D011596
DB00390,D011596
DB00280,D011596
DB00668,D011596
DB00977,D011596
DB00544,D011596
DB00472,D011596
DB00623,D011596
DB01050,D011596
DB00458,D011596
DB01221,D011596
DB01235,D011596
DB00281,D011596
DB00934,D011596
DB01065,D011596
DB01577,D011596
DB00563,D011596
DB00959,D011596
DB00295,D011596
DB00332,D011596
DB00627,D011596
DB00252,D011596
DB00635,D011596
DB00908,D011596
DB00468,D011596
DB00605,D011596
DB00675,D011596
DB00656,D011596
DB00313,D011596
DB00541,D011596
DB00115,D011596
DB00495,D011596
DB01175,D011596
DB00358,D011596
DB01229,D011596
DB00749,D011596
DB00715,D011596
DB00361,D011605
DB00758,D011605
DB00441,D011605
DB00814,D011605
DB01248,D011605
DB00334,D011605
DB00967,D011605
DB01268,D011605
DB00619,D011605
DB00316,D011605
DB00819,D011605
DB01118,D011605
DB00182,D011605
DB00945,D011605
DB01200,D011605
DB00921,D011605
DB00564,D011605
DB01212,D011605
DB00608,D011605
DB01114,D011605
DB00477,D011605
DB00672,D011605
DB00501,D011605
DB00537,D011605
DB01242,D011605
DB00575,D011605
DB00363,D011605
DB00907,D011605
DB01394,D011605
DB00987,D011605
DB01234,D011605
DB00514,D011605
DB00829,D011605
DB00586,D011605
DB00255,D011605
DB00390,D011605
DB01075,D011605
DB01184,D011605
DB01142,D011605
DB00997,D011605
DB00254,D011605
DB00584,D011605
DB00668,D011605
DB00696,D011605
DB00199,D011605
DB01196,D011605
DB00977,D011605
DB00773,D011605
DB00813,D011605
DB00544,D011605
DB00623,D011605
DB00695,D011605
DB00502,D011605
DB00741,D011605
DB00328,D011605
DB00602,D011605
DB01221,D011605
DB01235,D011605
DB00281,D011605
DB00643,D011605
DB00371,D011605
DB00333,D011605
DB01577,D011605
DB00563,D011605
DB00968,D011605
DB00959,D011605
DB00683,D011605
DB01204,D011605
DB00295,D011605
DB01183,D011605
DB00704,D011605
DB00788,D011605
DB00627,D011605
DB00184,D011605
DB00914,D011605
DB00252,D011605
DB00860,D011605
DB00635,D011605
DB01035,D011605
DB00468,D011605
DB00811,D011605
DB01045,D011605
DB00428,D011605
DB00605,D011605
DB00675,D011605
DB00759,D011605
DB00470,D011605
DB00277,D011605
DB00451,D011605
DB00755,D011605
DB00313,D011605
DB00661,D011605
DB00570,D011605
DB00541,D011605
DB00495,D011605
DB00917,D011605
DB01165,D011605
DB00445,D011605
DB01177,D011605
DB01175,D011605
DB00518,D011605
DB00358,D011605
DB01229,D011605
DB01211,D011605
DB00242,D011605
DB00715,D011605
DB01167,D011605
DB00669,D011605
DB00734,D011605
DB00334,D011618
DB00967,D011618
DB00285,D011618
DB00321,D011618
DB00477,D011618
DB01242,D011618
DB00575,D011618
DB00907,D011618
DB01075,D011618
DB00280,D011618
DB01142,D011618
DB00696,D011618
DB00472,D011618
DB00623,D011618
DB00502,D011618
DB00458,D011618
DB00934,D011618
DB01577,D011618
DB00968,D011618
DB00295,D011618
DB00704,D011618
DB00788,D011618
DB00344,D011618
DB00656,D011618
DB00755,D011618
DB00495,D011618
DB01175,D011618
DB00176,D011618
DB00715,D011618
DB00669,D011618
DB00441,D029424
DB00814,D029424
DB00533,D029424
DB00317,D029424
DB00398,D029424
DB00482,D029424
DB00530,D029424
DB00945,D029424
DB00997,D029424
DB00773,D029424
DB00544,D029424
DB00158,D029424
DB01050,D029424
DB00328,D029424
DB00563,D029424
DB01204,D029424
DB04216,D029424
DB00140,D029424
DB00605,D029424
DB00570,D029424
DB00541,D029424
DB00495,D029424
DB00917,D029424
DB00927,D029424
DB01229,D029424
DB00749,D029424
DB00641,D029424
DB00197,D011654
DB01095,D011654
DB00334,D011654
DB00203,D011654
DB01098,D011654
DB01076,D011654
DB00973,D011654
DB00945,D011654
DB01393,D011654
DB00694,D011654
DB01234,D011654
DB00829,D011654
DB00255,D011654
DB00997,D011654
DB00783,D011654
DB00227,D011654
DB00627,D011654
DB00184,D011654
DB00860,D011654
DB00635,D011654
DB00140,D011654
DB00428,D011654
DB00675,D011654
DB00755,D011654
DB01241,D011654
DB00175,D011654
DB00641,D011654
DB00877,D011654
DB00549,D011655
DB00471,D011655
DB00316,D011655
DB00564,D011655
DB00907,D011655
DB00959,D011655
DB00252,D011655
DB00860,D011655
DB00635,D011655
DB00908,D011655
DB01136,D011658
DB00519,D011658
DB00197,D011658
DB00549,D011658
DB00814,D011658
DB00966,D011658
DB00412,D011658
DB00533,D011658
DB00640,D011658
DB00594,D011658
DB00907,D011658
DB01234,D011658
DB00514,D011658
DB00343,D011658
DB00668,D011658
DB00695,D011658
DB01016,D011658
DB00328,D011658
DB00295,D011658
DB00184,D011658
DB00571,D011658
DB04216,D011658
DB00863,D011658
DB00428,D011658
DB00624,D011658
DB00277,D011658
DB00661,D011658
DB00917,D011658
DB00678,D011658
DB00641,D011658
DB00877,D011658
DB01136,D011693
DB00542,D011693
DB00559,D011693
DB00412,D011693
DB00533,D011693
DB00203,D011693
DB01098,D011693
DB01076,D011693
DB00437,D011693
DB00907,D011693
DB00343,D011693
DB00783,D011693
DB00264,D011693
DB00295,D011693
DB00332,D011693
DB00627,D011693
DB00184,D011693
DB00368,D011693
DB00571,D011693
DB04216,D011693
DB00428,D011693
DB00661,D011693
DB00178,D011693
DB00678,D011693
DB00641,D011693
DB01645,D011693
DB00197,D011695
DB01132,D011695
DB00334,D011695
DB00796,D011695
DB00966,D011695
DB00412,D011695
DB00950,D011695
DB00533,D011695
DB00482,D011695
DB01224,D011695
DB00437,D011695
DB00321,D011695
DB00564,D011695
DB00477,D011695
DB00363,D011695
DB00987,D011695
DB01234,D011695
DB00255,D011695
DB00783,D011695
DB00977,D011695
DB00472,D011695
DB00875,D011695
DB00741,D011695
DB00227,D011695
DB00959,D011695
DB00184,D011695
DB01174,D011695
DB00860,D011695
DB00635,D011695
DB04216,D011695
DB00428,D011695
DB00675,D011695
DB00624,D011695
DB00755,D011695
DB00313,D011695
DB00715,D011695
DB00734,D011695
DB01645,D011695
DB00877,D011695
DB01136,D011704
DB00542,D011704
DB00519,D011704
DB01248,D011704
DB00334,D011704
DB00796,D011704
DB00966,D011704
DB00439,D011704
DB00533,D011704
DB00317,D011704
DB00398,D011704
DB01268,D011704
DB00203,D011704
DB01261,D011704
DB01076,D011704
DB01254,D011704
DB00819,D011704
DB00915,D011704
DB01118,D011704
DB00182,D011704
DB00945,D011704
DB00443,D011704
DB01393,D011704
DB00201,D011704
DB01212,D011704
DB00608,D011704
DB00122,D011704
DB00501,D011704
DB00537,D011704
DB00363,D011704
DB00907,D011704
DB01394,D011704
DB00694,D011704
DB01234,D011704
DB00586,D011704
DB00255,D011704
DB00390,D011704
DB00997,D011704
DB00783,D011704
DB00773,D011704
DB00472,D011704
DB00695,D011704
DB00741,D011704
DB00328,D011704
DB01043,D011704
DB01577,D011704
DB00134,D011704
DB00563,D011704
DB00959,D011704
DB00683,D011704
DB00211,D011704
DB00295,D011704
DB01183,D011704
DB00704,D011704
DB01115,D011704
DB01054,D011704
DB00252,D011704
DB00860,D011704
DB01069,D011704
DB04216,D011704
DB01045,D011704
DB00795,D011704
DB00421,D011704
DB00428,D011704
DB00675,D011704
DB00624,D011704
DB00373,D011704
DB01586,D011704
DB00313,D011704
DB00495,D011704
DB00834,D011704
DB00877,D011704
DB01104,D011704
DB00790,D011704
DB00361,D011782
DB00758,D011782
DB00441,D011782
DB01118,D011782
DB00586,D011782
DB00997,D011782
DB00712,D011782
DB01050,D011782
DB01009,D011782
DB00959,D011782
DB00788,D011782
DB00635,D011782
DB01032,D011782
DB00500,D011782
DB00877,D011782
DB01393,D011928
DB00564,D011928
DB00987,D011928
DB00741,D011928
DB00563,D011928
DB00959,D011928
DB01204,D011928
DB00925,D011928
DB00252,D011928
DB00277,D011928
DB00242,D011928
DB00877,D011928
DB00398,D012008
DB00619,D012008
DB01254,D012008
DB00437,D012008
DB00987,D012008
DB01234,D012008
DB00328,D012008
DB00860,D012008
DB00755,D012008
DB00541,D012008
DB00197,D012010
DB01248,D012010
DB00523,D012010
DB00398,D012010
DB00437,D012010
DB00276,D012010
DB01393,D012010
DB00446,D012010
DB00608,D012010
DB00987,D012010
DB00694,D012010
DB01234,D012010
DB00997,D012010
DB00773,D012010
DB00328,D012010
DB00563,D012010
DB01204,D012010
DB00627,D012010
DB00812,D012010
DB00860,D012010
DB00635,D012010
DB00755,D012010
DB00313,D012010
DB00541,D012010
DB01177,D012010
DB01229,D012010
DB00242,D012010
DB00987,D012019
DB00694,D012019
DB01234,D012019
DB00773,D012019
DB00563,D012019
DB01204,D012019
DB00860,D012019
DB00635,D012019
DB00755,D012019
DB00541,D012019
DB00445,D012019
DB01177,D012019
DB01167,D012019
DB01645,D012019
DB00201,D012021
DB00694,D012021
DB00255,D012021
DB00997,D012021
DB00783,D012021
DB00328,D012021
DB04216,D012021
DB00675,D012021
DB00624,D012021
DB00313,D012021
DB00441,D051437
DB01095,D051437
DB00203,D051437
DB01254,D051437
DB00316,D051437
DB00819,D051437
DB01118,D051437
DB00321,D051437
DB00182,D051437
DB00945,D051437
DB00921,D051437
DB01212,D051437
DB00501,D051437
DB00537,D051437
DB00845,D051437
DB00882,D051437
DB00363,D051437
DB00907,D051437
DB01394,D051437
DB00987,D051437
DB01234,D051437
DB00586,D051437
DB00861,D051437
DB00390,D051437
DB00343,D051437
DB00997,D051437
DB00254,D051437
DB00584,D051437
DB00903,D051437
DB00712,D051437
DB00695,D051437
DB01050,D051437
DB00328,D051437
DB01221,D051437
DB00836,D051437
DB00643,D051437
DB00333,D051437
DB01577,D051437
DB00563,D051437
DB00968,D051437
DB00959,D051437
DB00295,D051437
DB01183,D051437
DB00704,D051437
DB01400,D051437
DB00184,D051437
DB01115,D051437
DB00812,D051437
DB00252,D051437
DB00468,D051437
DB00863,D051437
DB00675,D051437
DB00451,D051437
DB00373,D051437
DB00755,D051437
DB00313,D051437
DB00570,D051437
DB00541,D051437
DB00495,D051437
DB01175,D051437
DB00927,D051437
DB01229,D051437
DB01211,D051437
DB00715,D051437
DB01167,D051437
DB00678,D051437
DB01104,D051437
DB00321,D015427
DB00564,D015427
DB00477,D015427
DB00501,D015427
DB00363,D015427
DB00907,D015427
DB00829,D015427
DB01075,D015427
DB01184,D015427
DB01142,D015427
DB00544,D015427
DB00472,D015427
DB00502,D015427
DB00458,D015427
DB01221,D015427
DB01235,D015427
DB00563,D015427
DB01174,D015427
DB00252,D015427
DB00571,D015427
DB00811,D015427
DB00313,D015427
DB00321,D012120
DB00490,D012120
DB00575,D012120
DB01151,D012120
DB00712,D012120
DB00502,D012120
DB01235,D012120
DB00333,D012120
DB00295,D012120
DB01183,D012120
DB00252,D012120
DB01037,D012120
DB00382,D012120
DB00802,D012120
DB00734,D012120
DB00334,D012128
DB01224,D012128
DB00285,D012128
DB00321,D012128
DB00182,D012128
DB01200,D012128
DB00921,D012128
DB00564,D012128
DB01242,D012128
DB00363,D012128
DB00907,D012128
DB00987,D012128
DB01151,D012128
DB01234,D012128
DB00829,D012128
DB01075,D012128
DB00280,D012128
DB01184,D012128
DB00668,D012128
DB00783,D012128
DB00813,D012128
DB00472,D012128
DB00502,D012128
DB01050,D012128
DB01235,D012128
DB00836,D012128
DB01577,D012128
DB00563,D012128
DB00211,D012128
DB00295,D012128
DB00332,D012128
DB01183,D012128
DB01400,D012128
DB00622,D012128
DB01337,D012128
DB01174,D012128
DB00925,D012128
DB00252,D012128
DB00860,D012128
DB00277,D012128
DB00656,D012128
DB00541,D012128
DB00917,D012128
DB01175,D012128
DB00342,D012128
DB00590,D012128
DB00734,D012128
DB01104,D012128
DB00950,D012131
DB01224,D012131
DB00316,D012131
DB00915,D012131
DB01118,D012131
DB00321,D012131
DB00608,D012131
DB00477,D012131
DB00501,D012131
DB00537,D012131
DB00907,D012131
DB00694,D012131
DB01151,D012131
DB00829,D012131
DB00390,D012131
DB00280,D012131
DB00988,D012131
DB01142,D012131
DB00668,D012131
DB00199,D012131
DB00783,D012131
DB00813,D012131
DB00544,D012131
DB00472,D012131
DB00695,D012131
DB00502,D012131
DB00458,D012131
DB01026,D012131
DB00281,D012131
DB00934,D012131
DB00333,D012131
DB00264,D012131
DB01204,D012131
DB01115,D012131
DB01100,D012131
DB01035,D012131
DB01069,D012131
DB01182,D012131
DB00571,D012131
DB00908,D012131
DB00468,D012131
DB00656,D012131
DB00831,D012131
DB00661,D012131
DB01165,D012131
DB01175,D012131
DB00927,D012131
DB01244,D012131
DB00637,D012131
DB00342,D012131
DB01211,D012131
DB00455,D012131
DB01167,D012131
DB00734,D012131
DB01388,D012131
DB00987,D012141
DB00997,D012141
DB00773,D012141
DB00563,D012141
DB00860,D012141
DB00635,D012141
DB00541,D012141
DB00242,D012141
DB00641,D012141
DB00441,D012148
DB00987,D012148
DB01234,D012148
DB00997,D012148
DB00563,D012148
DB00959,D012148
DB00635,D012148
DB00541,D012148
DB00242,D012148
DB00877,D012148
DB00915,D012164
DB00907,D012164
DB01234,D012164
DB00829,D012164
DB00997,D012164
DB00584,D012164
DB00696,D012164
DB00458,D012164
DB00281,D012164
DB01577,D012164
DB00264,D012164
DB00184,D012164
DB01136,D012206
DB00334,D012206
DB00285,D012206
DB00915,D012206
DB00321,D012206
DB00201,D012206
DB00501,D012206
DB01242,D012206
DB00363,D012206
DB00907,D012206
DB01151,D012206
DB01234,D012206
DB00829,D012206
DB00668,D012206
DB00977,D012206
DB00472,D012206
DB00458,D012206
DB00333,D012206
DB01577,D012206
DB01183,D012206
DB00704,D012206
DB00184,D012206
DB00396,D012206
DB00571,D012206
DB00206,D012206
DB00811,D012206
DB00313,D012206
DB01175,D012206
DB00358,D012206
DB00176,D012206
DB00715,D012206
DB00669,D012206
DB00734,D012206
DB01104,D012206
DB01136,D012208
DB01118,D012208
DB00321,D012208
DB00182,D012208
DB00363,D012208
DB00907,D012208
DB01184,D012208
DB00997,D012208
DB00668,D012208
DB00199,D012208
DB00502,D012208
DB01221,D012208
DB01577,D012208
DB01110,D012208
DB00683,D012208
DB01115,D012208
DB00252,D012208
DB01100,D012208
DB00908,D012208
DB00661,D012208
DB01211,D012208
DB00734,D012208
DB00877,D012208
DB01104,D012208
DB00398,D012509
DB00501,D012509
DB01234,D012509
DB00255,D012509
DB01075,D012509
DB00997,D012509
DB00783,D012509
DB00286,D012509
DB00977,D012509
DB00158,D012509
DB00635,D012509
DB00396,D012509
DB00675,D012509
DB00755,D012509
DB01229,D012509
DB01645,D012509
DB00361,D012559
DB01149,D012559
DB00441,D012559
DB00197,D012559
DB01224,D012559
DB00316,D012559
DB01118,D012559
DB00945,D012559
DB00564,D012559
DB00537,D012559
DB00907,D012559
DB00987,D012559
DB00694,D012559
DB00997,D012559
DB01016,D012559
DB01050,D012559
DB00458,D012559
DB01026,D012559
DB00563,D012559
DB00959,D012559
DB00252,D012559
DB00860,D012559
DB00635,D012559
DB00811,D012559
DB01045,D012559
DB00795,D012559
DB00675,D012559
DB00759,D012559
DB01586,D012559
DB00313,D012559
DB00495,D012559
DB00358,D012559
DB01211,D012559
DB00715,D012559
DB01149,D012563
DB00334,D012563
DB01224,D012563
DB00321,D012563
DB00810,D012563
DB00490,D012563
DB00477,D012563
DB00363,D012563
DB00907,D012563
DB00829,D012563
DB01075,D012563
DB00472,D012563
DB00623,D012563
DB00502,D012563
DB01235,D012563
DB00281,D012563
DB00264,D012563
DB00683,D012563
DB00252,D012563
DB00571,D012563
DB01623,D012563
DB00831,D012563
DB01175,D012563
DB00176,D012563
DB00715,D012563
DB00669,D012563
DB00734,D012563
DB01104,D012563
DB00555,D012640
DB01149,D012640
DB00197,D012640
DB01132,D012640
DB00412,D012640
DB00398,D012640
DB01268,D012640
DB00482,D012640
DB00619,D012640
DB01076,D012640
DB00285,D012640
DB00316,D012640
DB01118,D012640
DB00945,D012640
DB00921,D012640
DB00201,D012640
DB00564,D012640
DB00537,D012640
DB00363,D012640
DB00907,D012640
DB01394,D012640
DB00829,D012640
DB00586,D012640
DB01075,D012640
DB00254,D012640
DB00584,D012640
DB01050,D012640
DB00458,D012640
DB01026,D012640
DB01009,D012640
DB01577,D012640
DB00563,D012640
DB00959,D012640
DB00788,D012640
DB00627,D012640
DB01174,D012640
DB00252,D012640
DB00554,D012640
DB00860,D012640
DB00863,D012640
DB01045,D012640
DB00795,D012640
DB00675,D012640
DB00451,D012640
DB00656,D012640
DB01586,D012640
DB00313,D012640
DB01165,D012640
DB01211,D012640
DB00749,D012640
DB00443,D012678
DB00907,D012678
DB00586,D012678
DB01050,D012678
DB01009,D012678
DB00281,D012678
DB00959,D012678
DB00295,D012678
DB00788,D012678
DB01059,D012678
DB00564,D018805
DB01394,D018805
DB00255,D018805
DB00695,D018805
DB00563,D018805
DB00252,D018805
DB01045,D018805
DB00675,D018805
DB00175,D018805
DB00641,D018805
DB01136,D020230
DB00334,D020230
DB00412,D020230
DB00950,D020230
DB00203,D020230
DB01193,D020230
DB00316,D020230
DB00640,D020230
DB01118,D020230
DB00321,D020230
DB00945,D020230
DB01200,D020230
DB00201,D020230
DB00564,D020230
DB00608,D020230
DB00477,D020230
DB00501,D020230
DB01242,D020230
DB00907,D020230
DB01151,D020230
DB01396,D020230
DB00390,D020230
DB00343,D020230
DB00280,D020230
DB01184,D020230
DB01142,D020230
DB00997,D020230
DB00668,D020230
DB00199,D020230
DB00783,D020230
DB00544,D020230
DB04077,D020230
DB00502,D020230
DB01221,D020230
DB01026,D020230
DB00281,D020230
DB00333,D020230
DB01577,D020230
DB00264,D020230
DB01110,D020230
DB01183,D020230
DB00368,D020230
DB01092,D020230
DB01337,D020230
DB00252,D020230
DB00457,D020230
DB00860,D020230
DB01035,D020230
DB01069,D020230
DB01182,D020230
DB00571,D020230
DB00344,D020230
DB00908,D020230
DB00656,D020230
DB00755,D020230
DB00661,D020230
DB01165,D020230
DB01244,D020230
DB00342,D020230
DB01229,D020230
DB01211,D020230
DB00455,D020230
DB00734,D020230
DB00361,D012735
DB01136,D012735
DB00542,D012735
DB00519,D012735
DB00758,D012735
DB01268,D012735
DB00203,D012735
DB01098,D012735
DB01193,D012735
DB00819,D012735
DB00640,D012735
DB01118,D012735
DB00321,D012735
DB00182,D012735
DB00945,D012735
DB00887,D012735
DB00921,D012735
DB00201,D012735
DB00575,D012735
DB00907,D012735
DB01234,D012735
DB00320,D012735
DB00343,D012735
DB00988,D012735
DB00584,D012735
DB00668,D012735
DB00696,D012735
DB01196,D012735
DB00286,D012735
DB00977,D012735
DB00773,D012735
DB00813,D012735
DB00544,D012735
DB01016,D012735
DB04077,D012735
DB00741,D012735
DB00458,D012735
DB01065,D012735
DB01577,D012735
DB00563,D012735
DB00264,D012735
DB00295,D012735
DB00332,D012735
DB00627,D012735
DB00622,D012735
DB01115,D012735
DB00368,D012735
DB01580,D012735
DB01337,D012735
DB00252,D012735
DB00571,D012735
DB00811,D012735
DB00624,D012735
DB00277,D012735
DB00661,D012735
DB00570,D012735
DB00541,D012735
DB00445,D012735
DB00401,D012735
DB00802,D012735
DB01229,D012735
DB00790,D012735
DB00482,D020018
DB01076,D020018
DB00501,D020018
DB00563,D020018
DB00959,D020018
DB00812,D020018
DB00252,D020018
DB00860,D020018
DB00635,D020018
DB00495,D020018
DB00175,D020018
DB00641,D020018
DB01136,D012769
DB00542,D012769
DB00519,D012769
DB00796,D012769
DB00966,D012769
DB00559,D012769
DB00412,D012769
DB00177,D012769
DB00363,D012769
DB00907,D012769
DB00343,D012769
DB00584,D012769
DB00977,D012769
DB00328,D012769
DB01577,D012769
DB00968,D012769
DB00264,D012769
DB01115,D012769
DB01054,D012769
DB00368,D012769
DB00457,D012769
DB04216,D012769
DB00421,D012769
DB00661,D012769
DB00495,D012769
DB01023,D012769
DB00178,D012769
DB00590,D012769
DB00678,D012769
DB00641,D012769
DB00877,D012769
DB01388,D012769
DB00790,D012769
DB00317,D012770
DB00530,D012770
DB01118,D012770
DB00907,D012770
DB00563,D012770
DB00968,D012770
DB00959,D012770
DB01204,D012770
DB00860,D012770
DB00313,D012770
DB01229,D012770
DB00877,D012770
DB00349,D012772
DB00398,D012772
DB00619,D012772
DB00316,D012772
DB00443,D012772
DB00254,D012772
DB00252,D012772
DB00428,D012772
DB00277,D012772
DB00313,D012772
DB00715,D012772
DB01097,D012798
DB00437,D012798
DB00564,D012798
DB00907,D012798
DB00255,D012798
DB00544,D012798
DB00563,D012798
DB01174,D012798
DB00252,D012798
DB00755,D012798
DB00313,D012798
DB00637,D012798
DB00542,D012804
DB01132,D012804
DB00412,D012804
DB00523,D012804
DB01393,D012804
DB00887,D012804
DB01234,D012804
DB00783,D012804
DB01016,D012804
DB00741,D012804
DB00627,D012804
DB00396,D012804
DB04216,D012804
DB00428,D012804
DB01124,D012804
DB00313,D012804
DB00877,D012804
DB01136,D012817
DB00334,D012817
DB00482,D012817
DB01193,D012817
DB00316,D012817
DB01118,D012817
DB00564,D012817
DB00608,D012817
DB00501,D012817
DB00537,D012817
DB00363,D012817
DB00829,D012817
DB00343,D012817
DB01075,D012817
DB00254,D012817
DB00584,D012817
DB00695,D012817
DB00502,D012817
DB01050,D012817
DB00328,D012817
DB00934,D012817
DB00563,D012817
DB00959,D012817
DB00788,D012817
DB00184,D012817
DB01580,D012817
DB00812,D012817
DB00252,D012817
DB00860,D012817
DB00635,D012817
DB01035,D012817
DB00571,D012817
DB00908,D012817
DB00811,D012817
DB01045,D012817
DB00795,D012817
DB00675,D012817
DB00656,D012817
DB00313,D012817
DB00495,D012817
DB01165,D012817
DB00358,D012817
DB01211,D012817
DB00715,D012817
DB00678,D012817
DB00877,D012817
DB00334,D012848
DB00915,D012848
DB00182,D012848
DB01200,D012848
DB00564,D012848
DB00477,D012848
DB00575,D012848
DB00363,D012848
DB01151,D012848
DB00255,D012848
DB00988,D012848
DB00997,D012848
DB00813,D012848
DB00544,D012848
DB00472,D012848
DB00502,D012848
DB00458,D012848
DB01221,D012848
DB01235,D012848
DB01577,D012848
DB00968,D012848
DB00295,D012848
DB01183,D012848
DB00627,D012848
DB00184,D012848
DB01115,D012848
DB00925,D012848
DB01100,D012848
DB01032,D012848
DB00571,D012848
DB00206,D012848
DB01037,D012848
DB00382,D012848
DB00277,D012848
DB00451,D012848
DB00831,D012848
DB00313,D012848
DB01175,D012848
DB00715,D012848
DB00734,D012848
DB01136,D054138
DB00542,D054138
DB00519,D054138
DB01132,D054138
DB01248,D054138
DB00796,D054138
DB00966,D054138
DB00559,D054138
DB00398,D054138
DB01268,D054138
DB00203,D054138
DB00177,D054138
DB00619,D054138
DB01118,D054138
DB00321,D054138
DB00182,D054138
DB00945,D054138
DB00564,D054138
DB01212,D054138
DB00446,D054138
DB00501,D054138
DB00907,D054138
DB00987,D054138
DB00694,D054138
DB00829,D054138
DB01396,D054138
DB00390,D054138
DB00343,D054138
DB00280,D054138
DB00988,D054138
DB00997,D054138
DB00584,D054138
DB00668,D054138
DB00783,D054138
DB00813,D054138
DB00544,D054138
DB01016,D054138
DB00502,D054138
DB01577,D054138
DB00264,D054138
DB00295,D054138
DB01115,D054138
DB01054,D054138
DB00368,D054138
DB00457,D054138
DB00860,D054138
DB01182,D054138
DB00571,D054138
DB04216,D054138
DB00421,D054138
DB00428,D054138
DB00661,D054138
DB00495,D054138
DB00445,D054138
DB01177,D054138
DB00401,D054138
DB00927,D054138
DB01244,D054138
DB01229,D054138
DB00178,D054138
DB00590,D054138
DB00678,D054138
DB00790,D054138
DB00594,D012852
DB00564,D012852
DB01234,D012852
DB00997,D012852
DB00328,D012852
DB01009,D012852
DB00563,D012852
DB01045,D012852
DB00421,D012852
DB00428,D012852
DB00917,D012852
DB01136,D012871
DB01118,D012871
DB00321,D012871
DB00564,D012871
DB00477,D012871
DB00907,D012871
DB00694,D012871
DB00390,D012871
DB00343,D012871
DB00280,D012871
DB00584,D012871
DB00668,D012871
DB00544,D012871
DB00458,D012871
DB00281,D012871
DB01577,D012871
DB00264,D012871
DB00368,D012871
DB00457,D012871
DB00635,D012871
DB01182,D012871
DB00908,D012871
DB00428,D012871
DB00637,D012871
DB00877,D012871
DB01248,D012878
DB00316,D012878
DB00945,D012878
DB00564,D012878
DB00537,D012878
DB01242,D012878
DB00907,D012878
DB00343,D012878
DB00280,D012878
DB00997,D012878
DB00584,D012878
DB00668,D012878
DB01050,D012878
DB00328,D012878
DB00602,D012878
DB01235,D012878
DB00227,D012878
DB00563,D012878
DB00968,D012878
DB00959,D012878
DB00860,D012878
DB00635,D012878
DB01035,D012878
DB01045,D012878
DB00795,D012878
DB00605,D012878
DB00570,D012878
DB01165,D012878
DB01241,D012878
DB01229,D012878
DB00641,D012878
DB00361,D007319
DB01212,D007319
DB00446,D007319
DB00537,D007319
DB01394,D007319
DB00987,D007319
DB01234,D007319
DB00997,D007319
DB00199,D007319
DB00773,D007319
DB00544,D007319
DB00328,D007319
DB01065,D007319
DB00563,D007319
DB00959,D007319
DB00368,D007319
DB00860,D007319
DB00635,D007319
DB01045,D007319
DB00795,D007319
DB00570,D007319
DB00541,D007319
DB00445,D007319
DB01177,D007319
DB01229,D007319
DB00412,D012893
DB01193,D012893
DB01118,D012893
DB00201,D012893
DB00501,D012893
DB01396,D012893
DB00390,D012893
DB00280,D012893
DB00997,D012893
DB00668,D012893
DB00199,D012893
DB00773,D012893
DB00544,D012893
DB00458,D012893
DB01221,D012893
DB00281,D012893
DB01577,D012893
DB00563,D012893
DB00264,D012893
DB00683,D012893
DB00295,D012893
DB00184,D012893
DB01092,D012893
DB01580,D012893
DB00252,D012893
DB01035,D012893
DB01182,D012893
DB00571,D012893
DB00908,D012893
DB00468,D012893
DB00656,D012893
DB00661,D012893
DB01229,D012893
DB01167,D012893
DB00814,D013009
DB01248,D013009
DB00439,D013009
DB01076,D013009
DB00819,D013009
DB00915,D013009
DB01118,D013009
DB00945,D013009
DB00443,D013009
DB01393,D013009
DB00201,D013009
DB00564,D013009
DB00608,D013009
DB00363,D013009
DB00907,D013009
DB01394,D013009
DB00987,D013009
DB01234,D013009
DB00829,D013009
DB01142,D013009
DB00997,D013009
DB00741,D013009
DB01026,D013009
DB00227,D013009
DB00563,D013009
DB00968,D013009
DB00959,D013009
DB00683,D013009
DB00211,D013009
DB00295,D013009
DB01400,D013009
DB01337,D013009
DB00914,D013009
DB00252,D013009
DB00860,D013009
DB00635,D013009
DB01035,D013009
DB00571,D013009
DB00908,D013009
DB01045,D013009
DB00605,D013009
DB00759,D013009
DB00373,D013009
DB00313,D013009
DB00661,D013009
DB00570,D013009
DB00541,D013009
DB00115,D013009
DB00495,D013009
DB01241,D013009
DB00518,D013009
DB00358,D013009
DB01229,D013009
DB01211,D013009
DB01167,D013009
DB00734,D013009
DB00641,D013009
DB00796,D013035
DB00321,D013035
DB00997,D013035
DB00563,D013035
DB01174,D013035
DB00860,D013035
DB00635,D013035
DB00541,D013035
DB01211,D013035
DB00877,D013035
DB01097,D013064
DB00619,D013064
DB00564,D013064
DB01234,D013064
DB00741,D013064
DB00563,D013064
DB01174,D013064
DB00252,D013064
DB00755,D013064
DB00313,D013064
DB04557,D013064
DB00285,D013118
DB00907,D013118
DB00783,D013118
DB00977,D013118
DB00472,D013118
DB00396,D013118
DB00675,D013118
DB00624,D013118
DB00656,D013118
DB00715,D013118
DB00533,D013119
DB00316,D013119
DB00819,D013119
DB01118,D013119
DB00945,D013119
DB00537,D013119
DB01234,D013119
DB00829,D013119
DB00320,D013119
DB00254,D013119
DB00328,D013119
DB01221,D013119
DB00683,D013119
DB00295,D013119
DB00252,D013119
DB00635,D013119
DB00759,D013119
DB00755,D013119
DB00313,D013119
DB01165,D013119
DB00518,D013119
DB00519,D013163
DB00316,D013163
DB00182,D013163
DB00328,D013163
DB01065,D013163
DB01043,D013163
DB01577,D013163
DB00563,D013163
DB00683,D013163
DB00184,D013163
DB04216,D013163
DB00206,D013163
DB00605,D013163
DB00500,D013163
DB00313,D013163
DB00834,D013163
DB00349,D013203
DB01132,D013203
DB00412,D013203
DB00285,D013203
DB00316,D013203
DB00921,D013203
DB00564,D013203
DB00608,D013203
DB00477,D013203
DB00501,D013203
DB00537,D013203
DB01242,D013203
DB00575,D013203
DB00363,D013203
DB00907,D013203
DB00987,D013203
DB00514,D013203
DB00829,D013203
DB00255,D013203
DB01075,D013203
DB00502,D013203
DB00458,D013203
DB01221,D013203
DB01577,D013203
DB00184,D013203
DB01174,D013203
DB00571,D013203
DB00908,D013203
DB00140,D013203
DB00428,D013203
DB00755,D013203
DB00313,D013203
DB00541,D013203
DB00495,D013203
DB01175,D013203
DB01224,D013226
DB00477,D013226
DB01242,D013226
DB00575,D013226
DB00363,D013226
DB00829,D013226
DB00255,D013226
DB01075,D013226
DB00472,D013226
DB00502,D013226
DB00458,D013226
DB01577,D013226
DB00184,D013226
DB00656,D013226
DB00313,D013226
DB00734,D013226
DB00334,D019956
DB00285,D019956
DB00915,D019956
DB00321,D019956
DB00182,D019956
DB00363,D019956
DB00907,D019956
DB01151,D019956
DB00502,D019956
DB00458,D019956
DB01221,D019956
DB01235,D019956
DB01577,D019956
DB00295,D019956
DB00184,D019956
DB01037,D019956
DB00470,D019956
DB00661,D019956
DB00917,D019956
DB00734,D019956
DB00201,D013262
DB01242,D013262
DB00363,D013262
DB00907,D013262
DB01075,D013262
DB00333,D013262
DB01577,D013262
DB00252,D013262
DB00755,D013262
DB00313,D013262
DB00541,D013262
DB01229,D013262
DB00734,D013262
DB00555,D013272
DB00334,D013272
DB00285,D013272
DB00915,D013272
DB00321,D013272
DB00810,D013272
DB00201,D013272
DB00564,D013272
DB00608,D013272
DB00501,D013272
DB00882,D013272
DB01242,D013272
DB00363,D013272
DB00907,D013272
DB01151,D013272
DB01234,D013272
DB00514,D013272
DB00829,D013272
DB00390,D013272
DB01075,D013272
DB00783,D013272
DB00977,D013272
DB00472,D013272
DB00502,D013272
DB00458,D013272
DB01221,D013272
DB00227,D013272
DB01577,D013272
DB00563,D013272
DB00571,D013272
DB00908,D013272
DB00811,D013272
DB00277,D013272
DB01623,D013272
DB00373,D013272
DB00313,D013272
DB01175,D013272
DB00358,D013272
DB00176,D013272
DB00715,D013272
DB00734,D013272
DB01104,D013272
DB00334,D013274
DB01224,D013274
DB00321,D013274
DB00182,D013274
DB00945,D013274
DB00921,D013274
DB00201,D013274
DB00564,D013274
DB01212,D013274
DB00608,D013274
DB00477,D013274
DB01242,D013274
DB00575,D013274
DB00363,D013274
DB00907,D013274
DB00514,D013274
DB00829,D013274
DB00696,D013274
DB00813,D013274
DB00502,D013274
DB01221,D013274
DB01235,D013274
DB00371,D013274
DB00333,D013274
DB01577,D013274
DB00295,D013274
DB00622,D013274
DB00184,D013274
DB01115,D013274
DB03783,D013274
DB00812,D013274
DB01100,D013274
DB00635,D013274
DB00470,D013274
DB00313,D013274
DB01175,D013274
DB00669,D013274
DB00334,D013276
DB01224,D013276
DB00182,D013276
DB01212,D013276
DB00514,D013276
DB00586,D013276
DB00472,D013276
DB00502,D013276
DB01577,D013276
DB00704,D013276
DB00184,D013276
DB00368,D013276
DB00734,D013276
DB00790,D013276
DB01136,D013280
DB00555,D013280
DB01149,D013280
DB00334,D013280
DB01224,D013280
DB00285,D013280
DB00915,D013280
DB00182,D013280
DB00945,D013280
DB00921,D013280
DB00490,D013280
DB00201,D013280
DB00564,D013280
DB01212,D013280
DB00575,D013280
DB00363,D013280
DB00907,D013280
DB01151,D013280
DB00829,D013280
DB00343,D013280
DB00988,D013280
DB00254,D013280
DB00668,D013280
DB00783,D013280
DB00472,D013280
DB00875,D013280
DB00623,D013280
DB00502,D013280
DB00741,D013280
DB01026,D013280
DB01235,D013280
DB00281,D013280
DB01065,D013280
DB00333,D013280
DB01577,D013280
DB00134,D013280
DB01011,D013280
DB00683,D013280
DB01183,D013280
DB00704,D013280
DB00184,D013280
DB00368,D013280
DB00457,D013280
DB00396,D013280
DB00571,D013280
DB00206,D013280
DB01037,D013280
DB00421,D013280
DB00382,D013280
DB00624,D013280
DB00277,D013280
DB00313,D013280
DB01175,D013280
DB00834,D013280
DB04557,D013280
DB00734,D013280
DB00678,D013280
DB01104,D013280
DB00334,D013313
DB00203,D013313
DB00177,D013313
DB00285,D013313
DB00915,D013313
DB00182,D013313
DB01200,D013313
DB00490,D013313
DB00501,D013313
DB01242,D013313
DB00575,D013313
DB00363,D013313
DB00907,D013313
DB01151,D013313
DB00390,D013313
DB01184,D013313
DB00472,D013313
DB00502,D013313
DB00458,D013313
DB00571,D013313
DB00428,D013313
DB00675,D013313
DB00624,D013313
DB00470,D013313
DB00373,D013313
DB00656,D013313
DB00313,D013313
DB01175,D013313
DB00176,D013313
DB00455,D013313
DB00715,D013313
DB00734,D013313
DB01104,D013313
DB00564,D020521
DB00158,D020521
DB01235,D020521
DB01065,D020521
DB00134,D020521
DB00563,D020521
DB00627,D020521
DB00252,D020521
DB00115,D020521
DB00641,D020521
DB01149,D053608
DB00285,D053608
DB00915,D053608
DB00321,D053608
DB01200,D053608
DB00490,D053608
DB00477,D053608
DB00537,D053608
DB01242,D053608
DB00514,D053608
DB00829,D053608
DB00320,D053608
DB00813,D053608
DB00472,D053608
DB00458,D053608
DB01235,D053608
DB00333,D053608
DB00683,D053608
DB00571,D053608
DB00656,D053608
DB01175,D053608
DB00176,D053608
DB00715,D053608
DB00669,D053608
DB01104,D053608
DB01118,D013342
DB00182,D013342
DB01200,D013342
DB00564,D013342
DB00608,D013342
DB01075,D013342
DB00472,D013342
DB01221,D013342
DB01235,D013342
DB00333,D013342
DB01577,D013342
DB00563,D013342
DB00968,D013342
DB00252,D013342
DB00313,D013342
DB00541,D013342
DB01175,D013342
DB01229,D013342
DB00715,D013342
DB00641,D013342
DB01248,D013345
DB00564,D013345
DB00446,D013345
DB00254,D013345
DB00281,D013345
DB00934,D013345
DB00252,D013345
DB01623,D013345
DB00313,D013345
DB00661,D013345
DB00541,D013345
DB00358,D013345
DB01136,D013375
DB00441,D013375
DB01132,D013375
DB00796,D013375
DB00412,D013375
DB00203,D013375
DB00182,D013375
DB00783,D013375
DB01065,D013375
DB00627,D013375
DB00396,D013375
DB00641,D013375
DB00361,D019966
DB00758,D019966
DB00441,D019966
DB01248,D019966
DB00334,D019966
DB00482,D019966
DB00945,D019966
DB00564,D019966
DB00477,D019966
DB00501,D019966
DB00882,D019966
DB00363,D019966
DB00907,D019966
DB01234,D019966
DB00586,D019966
DB00255,D019966
DB00320,D019966
DB00997,D019966
DB00696,D019966
DB01196,D019966
DB00977,D019966
DB00544,D019966
DB00472,D019966
DB00563,D019966
DB00959,D019966
DB00252,D019966
DB00635,D019966
DB00396,D019966
DB00811,D019966
DB01045,D019966
DB00675,D019966
DB00755,D019966
DB00539,D019966
DB00715,D019966
DB00669,D019966
DB00678,D019966
DB00482,D013575
DB00316,D013575
DB00921,D013575
DB01234,D013575
DB00514,D013575
DB00829,D013575
DB00668,D013575
DB00813,D013575
DB01221,D013575
DB00281,D013575
DB00959,D013575
DB00683,D013575
DB00295,D013575
DB01183,D013575
DB01069,D013575
DB00802,D013575
DB01136,D013610
DB00542,D013610
DB00177,D013610
DB00608,D013610
DB00997,D013610
DB00584,D013610
DB00264,D013610
DB00571,D013610
DB00421,D013610
DB00428,D013610
DB00678,D013610
DB00790,D013610
DB00361,D013614
DB00441,D013614
DB00197,D013614
DB01132,D013614
DB00412,D013614
DB00285,D013614
DB01118,D013614
DB00321,D013614
DB00564,D013614
DB00987,D013614
DB01396,D013614
DB00773,D013614
DB00544,D013614
DB01016,D013614
DB00602,D013614
DB01235,D013614
DB01065,D013614
DB00333,D013614
DB01577,D013614
DB00563,D013614
DB00959,D013614
DB01204,D013614
DB00295,D013614
DB00184,D013614
DB01174,D013614
DB00396,D013614
DB00571,D013614
DB00795,D013614
DB00624,D013614
DB00755,D013614
DB00313,D013614
DB00661,D013614
DB00570,D013614
DB00541,D013614
DB01229,D013614
DB01211,D013614
DB01167,D013614
DB00734,D013614
DB00758,D013616
DB00317,D013616
DB00182,D013616
DB00945,D013616
DB01200,D013616
DB00921,D013616
DB00564,D013616
DB00907,D013616
DB00987,D013616
DB00696,D013616
DB00544,D013616
DB00328,D013616
DB01577,D013616
DB01174,D013616
DB00755,D013616
DB00313,D013616
DB00349,D013617
DB00559,D013617
DB00182,D013617
DB01200,D013617
DB00921,D013617
DB00907,D013617
DB00987,D013617
DB01234,D013617
DB01396,D013617
DB00988,D013617
DB00783,D013617
DB00502,D013617
DB01050,D013617
DB00328,D013617
DB01065,D013617
DB01577,D013617
DB00622,D013617
DB00925,D013617
DB00252,D013617
DB00661,D013617
DB00541,D013617
DB00907,D017180
DB00544,D017180
DB01577,D017180
DB00959,D017180
DB00860,D017180
DB00635,D017180
DB00755,D017180
DB00541,D017180
DB00175,D017180
DB00641,D017180
DB00619,D013651
DB00945,D013651
DB01242,D013651
DB00363,D013651
DB00584,D013651
DB00696,D013651
DB00544,D013651
DB00472,D013651
DB00959,D013651
DB01092,D013651
DB00252,D013651
DB01229,D013651
DB00641,D013651
DB00877,D013651
DB01136,D013733
DB00758,D013733
DB00533,D013733
DB00203,D013733
DB01076,D013733
DB00316,D013733
DB00819,D013733
DB00182,D013733
DB00945,D013733
DB01200,D013733
DB00201,D013733
DB00907,D013733
DB01234,D013733
DB00586,D013733
DB00255,D013733
DB00343,D013733
DB00584,D013733
DB00286,D013733
DB00977,D013733
DB00158,D013733
DB00695,D013733
DB04077,D013733
DB00741,D013733
DB01050,D013733
DB00333,D013733
DB01577,D013733
DB00563,D013733
DB01183,D013733
DB00627,D013733
DB00184,D013733
DB01115,D013733
DB00396,D013733
DB00140,D013733
DB00675,D013733
DB00656,D013733
DB00661,D013733
DB00115,D013733
DB01175,D013733
DB00175,D013733
DB00590,D013733
DB00715,D013733
DB00669,D013733
DB00678,D013733
DB00641,D013733
DB00790,D013733
DB00334,D013736
DB01224,D013736
DB00915,D013736
DB01118,D013736
DB00321,D013736
DB00810,D013736
DB01200,D013736
DB00490,D013736
DB00477,D013736
DB00575,D013736
DB00363,D013736
DB00988,D013736
DB00502,D013736
DB00328,D013736
DB01026,D013736
DB01235,D013736
DB01065,D013736
DB01100,D013736
DB01032,D013736
DB00206,D013736
DB01037,D013736
DB01623,D013736
DB00831,D013736
DB00313,D013736
DB00661,D013736
DB00495,D013736
DB01175,D013736
DB00715,D013736
DB00734,D013736
DB01104,D013736
DB01118,D013921
DB00945,D013921
DB00882,D013921
DB00987,D013921
DB01221,D013921
DB01065,D013921
DB00795,D013921
DB00605,D013921
DB00440,D013921
DB00669,D013921
DB01224,D013923
DB00915,D013923
DB01118,D013923
DB00182,D013923
DB01200,D013923
DB00490,D013923
DB00564,D013923
DB00477,D013923
DB00363,D013923
DB01151,D013923
DB00829,D013923
DB01075,D013923
DB00813,D013923
DB00690,D013923
DB00502,D013923
DB01221,D013923
DB01026,D013923
DB01235,D013923
DB00371,D013923
DB00627,D013923
DB01115,D013923
DB01174,D013923
DB00252,D013923
DB00206,D013923
DB00313,D013923
DB00334,D013924
DB00810,D013924
DB00490,D013924
DB00477,D013924
DB00363,D013924
DB00829,D013924
DB01075,D013924
DB00623,D013924
DB00502,D013924
DB00683,D013924
DB00184,D013924
DB01069,D013924
DB01175,D013924
DB00734,D013924
DB00921,D013927
DB00201,D013927
DB00907,D013927
DB00255,D013927
DB00158,D013927
DB01026,D013927
DB00333,D013927
DB01059,D013927
DB00396,D013927
DB00755,D013927
DB00313,D013927
DB00834,D013927
DB00316,D013964
DB00819,D013964
DB00945,D013964
DB00564,D013964
DB00907,D013964
DB00544,D013964
DB00563,D013964
DB00788,D013964
DB01174,D013964
DB00421,D013964
DB00313,D013964
DB00734,D013964
DB00201,D013981
DB00907,D013981
DB00371,D013981
DB01577,D013981
DB00563,D013981
DB00968,D013981
DB00788,D013981
DB00627,D013981
DB01115,D013981
DB00635,D013981
DB00605,D013981
DB00570,D013981
DB00358,D013981
DB01136,D014012
DB00203,D014012
DB01393,D014012
DB00907,D014012
DB00696,D014012
DB00627,D014012
DB00571,D014012
DB00908,D014012
DB01241,D014012
DB00641,D014012
DB00542,D016171
DB00334,D016171
DB00966,D016171
DB00412,D016171
DB00201,D016171
DB00363,D016171
DB01065,D016171
DB00627,D016171
DB01115,D016171
DB04216,D016171
DB00313,D016171
DB00734,D016171
DB00678,D016171
DB00412,D014103
DB01393,D014103
DB00446,D014103
DB00694,D014103
DB00997,D014103
DB00328,D014103
DB01204,D014103
DB00184,D014103
DB00396,D014103
DB04216,D014103
DB00811,D014103
DB00759,D014103
DB00313,D014103
DB00495,D014103
DB01241,D014103
DB01177,D014103
DB01104,D014103
DB00549,D005879
DB00819,D005879
DB00584,D005879
DB00668,D005879
DB00563,D005879
DB00332,D005879
DB01115,D005879
DB00368,D005879
DB00635,D005879
DB00277,D005879
DB00373,D005879
DB00661,D005879
DB01211,D005879
DB00641,D005879
DB00321,D014202
DB00182,D014202
DB00945,D014202
DB00887,D014202
DB01212,D014202
DB00608,D014202
DB00907,D014202
DB00987,D014202
DB01234,D014202
DB00997,D014202
DB00254,D014202
DB00668,D014202
DB00286,D014202
DB00903,D014202
DB00773,D014202
DB00472,D014202
DB00695,D014202
DB00741,D014202
DB01065,D014202
DB00134,D014202
DB00554,D014202
DB00860,D014202
DB00635,D014202
DB00908,D014202
DB00468,D014202
DB00605,D014202
DB00313,D014202
DB00541,D014202
DB00358,D014202
DB00936,D014202
DB01118,D014456
DB00321,D014456
DB00477,D014456
DB00672,D014456
DB00537,D014456
DB00363,D014456
DB00280,D014456
DB00584,D014456
DB00783,D014456
DB00977,D014456
DB00690,D014456
DB00712,D014456
DB01050,D014456
DB00458,D014456
DB00227,D014456
DB00968,D014456
DB00959,D014456
DB01059,D014456
DB00812,D014456
DB00252,D014456
DB00554,D014456
DB01035,D014456
DB00863,D014456
DB01045,D014456
DB00795,D014456
DB00605,D014456
DB00656,D014456
DB00440,D014456
DB01586,D014456
DB00313,D014456
DB01241,D014456
DB00197,D014474
DB00549,D014474
DB00316,D014474
DB00458,D014474
DB01026,D014474
DB00968,D014474
DB00627,D014474
DB01174,D014474
DB00252,D014474
DB01045,D014474
DB00795,D014474
DB00313,D014474
DB00814,D014511
DB00182,D014511
DB00945,D014511
DB00564,D014511
DB00907,D014511
DB00255,D014511
DB00328,D014511
DB00788,D014511
DB00396,D014511
DB01645,D014511
DB00446,D001745
DB00988,D001745
DB00773,D001745
DB00134,D001745
DB01174,D001745
DB00795,D001745
DB00428,D001745
DB00624,D001745
DB00661,D001745
DB00570,D001745
DB00495,D001745
DB00321,D001749
DB00945,D001749
DB00201,D001749
DB00564,D001749
DB00608,D001749
DB00907,D001749
DB01234,D001749
DB00586,D001749
DB00584,D001749
DB00783,D001749
DB00544,D001749
DB00158,D001749
DB00281,D001749
DB01065,D001749
DB01577,D001749
DB00184,D001749
DB01115,D001749
DB00252,D001749
DB00428,D001749
DB00755,D001749
DB00313,D001749
DB00936,D001749
DB01132,D014549
DB01095,D014549
DB00334,D014549
DB00412,D014549
DB01098,D014549
DB01076,D014549
DB00973,D014549
DB00437,D014549
DB01393,D014549
DB00363,D014549
DB01234,D014549
DB00227,D014549
DB00264,D014549
DB00627,D014549
DB00860,D014549
DB04216,D014549
DB00428,D014549
DB00313,D014549
DB01241,D014549
DB00175,D014549
DB00590,D014549
DB00734,D014549
DB00641,D014549
DB00542,D016055
DB00758,D016055
DB00197,D016055
DB01095,D016055
DB00966,D016055
DB00412,D016055
DB00950,D016055
DB00533,D016055
DB01076,D016055
DB00973,D016055
DB00945,D016055
DB01393,D016055
DB00363,D016055
DB00907,D016055
DB00514,D016055
DB00584,D016055
DB00668,D016055
DB00783,D016055
DB01016,D016055
DB01577,D016055
DB00264,D016055
DB01183,D016055
DB00627,D016055
DB00622,D016055
DB00184,D016055
DB01115,D016055
DB01054,D016055
DB00252,D016055
DB00635,D016055
DB00571,D016055
DB04216,D016055
DB00428,D016055
DB00624,D016055
DB00759,D016055
DB00470,D016055
DB00495,D016055
DB00917,D016055
DB01241,D016055
DB00175,D016055
DB01229,D016055
DB00178,D016055
DB00734,D016055
DB00678,D016055
DB00641,D016055
DB00877,D016055
DB00936,D016055
DB01136,D014555
DB00542,D014555
DB01149,D014555
DB00519,D014555
DB00441,D014555
DB00197,D014555
DB00796,D014555
DB00966,D014555
DB00559,D014555
DB00439,D014555
DB00533,D014555
DB00482,D014555
DB01098,D014555
DB00177,D014555
DB00619,D014555
DB00316,D014555
DB00594,D014555
DB01118,D014555
DB01435,D014555
DB00945,D014555
DB00443,D014555
DB01393,D014555
DB00564,D014555
DB01327,D014555
DB00608,D014555
DB00501,D014555
DB00537,D014555
DB00363,D014555
DB00907,D014555
DB01394,D014555
DB01234,D014555
DB00586,D014555
DB00390,D014555
DB00320,D014555
DB00343,D014555
DB00280,D014555
DB00997,D014555
DB00584,D014555
DB00668,D014555
DB00903,D014555
DB00773,D014555
DB00813,D014555
DB00544,D014555
DB00158,D014555
DB00695,D014555
DB04077,D014555
DB00502,D014555
DB00741,D014555
DB01050,D014555
DB00328,D014555
DB00602,D014555
DB01009,D014555
DB00227,D014555
DB01577,D014555
DB00563,D014555
DB00968,D014555
DB00959,D014555
DB01204,D014555
DB00295,D014555
DB00788,D014555
DB01115,D014555
DB00368,D014555
DB01337,D014555
DB03783,D014555
DB00812,D014555
DB00252,D014555
DB00554,D014555
DB00457,D014555
DB00860,D014555
DB00635,D014555
DB01035,D014555
DB00468,D014555
DB00863,D014555
DB00811,D014555
DB01045,D014555
DB00795,D014555
DB00421,D014555
DB00428,D014555
DB01138,D014555
DB00605,D014555
DB00759,D014555
DB00277,D014555
DB00451,D014555
DB00755,D014555
DB00440,D014555
DB00313,D014555
DB00661,D014555
DB00570,D014555
DB00541,D014555
DB00115,D014555
DB01241,D014555
DB01229,D014555
DB00178,D014555
DB01211,D014555
DB00734,D014555
DB00740,D014555
DB00678,D014555
DB00641,D014555
DB01388,D014555
DB00361,D014581
DB00441,D014581
DB01248,D014581
DB00317,D014581
DB00482,D014581
DB00530,D014581
DB00945,D014581
DB00987,D014581
DB00694,D014581
DB00997,D014581
DB00773,D014581
DB00813,D014581
DB00544,D014581
DB00158,D014581
DB01221,D014581
DB00563,D014581
DB01204,D014581
DB00295,D014581
DB00788,D014581
DB00428,D014581
DB00675,D014581
DB00755,D014581
DB00445,D014581
DB01177,D014581
DB01229,D014581
DB00316,D002583
DB00437,D002583
DB01118,D002583
DB00501,D002583
DB00586,D002583
DB00997,D002583
DB00584,D002583
DB00544,D002583
DB00695,D002583
DB01050,D002583
DB00328,D002583
DB01577,D002583
DB00563,D002583
DB00959,D002583
DB00788,D002583
DB00554,D002583
DB00635,D002583
DB01069,D002583
DB01045,D002583
DB00428,D002583
DB00759,D002583
DB00541,D002583
DB00641,D002583
DB00363,D014594
DB01151,D014594
DB00695,D014594
DB00458,D014594
DB00313,D014594
DB01175,D014594
DB00176,D014594
DB00715,D014594
DB00734,D014594
DB01104,D014594
DB00321,D014652
DB00182,D014652
DB00945,D014652
DB00564,D014652
DB00477,D014652
DB00501,D014652
DB01242,D014652
DB00829,D014652
DB00623,D014652
DB00502,D014652
DB00458,D014652
DB00602,D014652
DB01221,D014652
DB01065,D014652
DB00333,D014652
DB00563,D014652
DB00295,D014652
DB01183,D014652
DB01069,D014652
DB00795,D014652
DB00313,D014652
DB00358,D014652
DB00441,D014657
DB00814,D014657
DB00285,D014657
DB00316,D014657
DB00819,D014657
DB00915,D014657
DB00945,D014657
DB01200,D014657
DB00564,D014657
DB00501,D014657
DB01242,D014657
DB00575,D014657
DB00363,D014657
DB00907,D014657
DB00514,D014657
DB00829,D014657
DB01396,D014657
DB00390,D014657
DB00695,D014657
DB00602,D014657
DB01221,D014657
DB00934,D014657
DB00563,D014657
DB00295,D014657
DB01183,D014657
DB00704,D014657
DB01115,D014657
DB01174,D014657
DB00252,D014657
DB00860,D014657
DB00635,D014657
DB04216,D014657
DB00863,D014657
DB00277,D014657
DB01623,D014657
DB00373,D014657
DB00313,D014657
DB00541,D014657
DB01229,D014657
DB00398,D018366
DB00564,D018366
DB00987,D018366
DB01234,D018366
DB00544,D018366
DB00563,D018366
DB00959,D018366
DB01115,D018366
DB00252,D018366
DB00570,D018366
DB01229,D018366
DB01136,D020301
DB00542,D020301
DB00758,D020301
DB01098,D020301
DB01076,D020301
DB00182,D020301
DB00945,D020301
DB00907,D020301
DB00829,D020301
DB00696,D020301
DB00544,D020301
DB01050,D020301
DB01577,D020301
DB00264,D020301
DB00860,D020301
DB00669,D020301
DB00640,D054556
DB01118,D054556
DB00501,D054556
DB00575,D054556
DB00907,D054556
DB00343,D054556
DB00280,D054556
DB00813,D054556
DB00281,D054556
DB01115,D054556
DB00252,D054556
DB00908,D054556
DB00373,D054556
DB00661,D054556
DB01175,D054556
DB00802,D054556
DB00734,D054556
DB00197,D020246
DB01248,D020246
DB00619,D020246
DB00437,D020246
DB00276,D020246
DB00446,D020246
DB00987,D020246
DB00694,D020246
DB01234,D020246
DB00997,D020246
DB00773,D020246
DB00741,D020246
DB00563,D020246
DB00959,D020246
DB01204,D020246
DB00812,D020246
DB00860,D020246
DB00635,D020246
DB00755,D020246
DB00661,D020246
DB00541,D020246
DB01229,D020246
DB00877,D020246
DB00987,D018754
DB00694,D018754
DB01234,D018754
DB00997,D018754
DB00773,D018754
DB00741,D018754
DB00563,D018754
DB00860,D018754
DB00635,D018754
DB00541,D018754
DB00877,D018754
DB01136,D018487
DB01076,D018487
DB00640,D018487
DB01118,D018487
DB00321,D018487
DB00945,D018487
DB00201,D018487
DB00564,D018487
DB00608,D018487
DB00477,D018487
DB00501,D018487
DB00575,D018487
DB00907,D018487
DB01151,D018487
DB00829,D018487
DB01396,D018487
DB00390,D018487
DB00343,D018487
DB00280,D018487
DB00997,D018487
DB00668,D018487
DB00199,D018487
DB00813,D018487
DB00544,D018487
DB00695,D018487
DB00458,D018487
DB00281,D018487
DB01577,D018487
DB00968,D018487
DB00264,D018487
DB00295,D018487
DB00622,D018487
DB00184,D018487
DB00252,D018487
DB01035,D018487
DB00571,D018487
DB00908,D018487
DB00468,D018487
DB00863,D018487
DB00373,D018487
DB00755,D018487
DB00661,D018487
DB00445,D018487
DB00927,D018487
DB00358,D018487
DB01229,D018487
DB01211,D018487
DB00242,D018487
DB00715,D018487
DB00734,D018487
DB01248,D014693
DB00334,D014693
DB00321,D014693
DB00945,D014693
DB00363,D014693
DB01234,D014693
DB01196,D014693
DB00977,D014693
DB00396,D014693
DB00675,D014693
DB00115,D014693
DB01175,D014693
DB00715,D014693
DB00334,D018879
DB00443,D018879
DB00537,D018879
DB01234,D018879
DB00390,D018879
DB00320,D018879
DB00472,D018879
DB00281,D018879
DB00959,D018879
DB00313,D018879
DB00541,D018879
DB00715,D018879
DB00790,D018879
DB00412,D020257
DB00317,D020257
DB01118,D020257
DB00537,D020257
DB01234,D020257
DB01026,D020257
DB00563,D020257
DB00959,D020257
DB00627,D020257
DB00860,D020257
DB01136,D014717
DB01097,D014717
DB00555,D014717
DB01149,D014717
DB00758,D014717
DB00197,D014717
DB01132,D014717
DB00549,D014717
DB01095,D014717
DB00814,D014717
DB01248,D014717
DB00334,D014717
DB00796,D014717
DB00966,D014717
DB00559,D014717
DB00439,D014717
DB00412,D014717
DB00471,D014717
DB00523,D014717
DB00533,D014717
DB00317,D014717
DB00482,D014717
DB00619,D014717
DB01076,D014717
DB00530,D014717
DB01224,D014717
DB00973,D014717
DB01254,D014717
DB00285,D014717
DB00316,D014717
DB00437,D014717
DB01118,D014717
DB00321,D014717
DB00276,D014717
DB00945,D014717
DB01393,D014717
DB01200,D014717
DB00921,D014717
DB00564,D014717
DB01212,D014717
DB00446,D014717
DB00608,D014717
DB00477,D014717
DB00672,D014717
DB00122,D014717
DB00501,D014717
DB00537,D014717
DB00257,D014717
DB00363,D014717
DB00907,D014717
DB01394,D014717
DB00987,D014717
DB00694,D014717
DB01151,D014717
DB01234,D014717
DB00514,D014717
DB00586,D014717
DB00255,D014717
DB00861,D014717
DB00390,D014717
DB00343,D014717
DB01075,D014717
DB00280,D014717
DB01142,D014717
DB00997,D014717
DB00254,D014717
DB00584,D014717
DB00199,D014717
DB00783,D014717
DB01196,D014717
DB00977,D014717
DB00773,D014717
DB00472,D014717
DB00690,D014717
DB00712,D014717
DB00158,D014717
DB00695,D014717
DB01016,D014717
DB00502,D014717
DB01050,D014717
DB00458,D014717
DB00328,D014717
DB01026,D014717
DB01009,D014717
DB00227,D014717
DB00934,D014717
DB00643,D014717
DB01065,D014717
DB01043,D014717
DB01577,D014717
DB00134,D014717
DB00563,D014717
DB00968,D014717
DB00959,D014717
DB01011,D014717
DB01110,D014717
DB00295,D014717
DB00704,D014717
DB00788,D014717
DB00627,D014717
DB00184,D014717
DB01115,D014717
DB03783,D014717
DB01174,D014717
DB00812,D014717
DB00252,D014717
DB00554,D014717
DB00457,D014717
DB00860,D014717
DB00635,D014717
DB01032,D014717
DB00396,D014717
DB01182,D014717
DB00571,D014717
DB04216,D014717
DB01103,D014717
DB00908,D014717
DB00468,D014717
DB00863,D014717
DB00206,D014717
DB00811,D014717
DB01045,D014717
DB00795,D014717
DB00421,D014717
DB00428,D014717
DB00605,D014717
DB00382,D014717
DB00675,D014717
DB00759,D014717
DB01623,D014717
DB00451,D014717
DB01124,D014717
DB00500,D014717
DB00656,D014717
DB00755,D014717
DB01586,D014717
DB00313,D014717
DB00661,D014717
DB00541,D014717
DB00115,D014717
DB00495,D014717
DB01165,D014717
DB01241,D014717
DB00445,D014717
DB01175,D014717
DB00834,D014717
DB00927,D014717
DB00518,D014717
DB00358,D014717
DB00637,D014717
DB00342,D014717
DB00176,D014717
DB00175,D014717
DB01229,D014717
DB00178,D014717
DB01211,D014717
DB00455,D014717
DB00715,D014717
DB01167,D014717
DB00734,D014717
DB00678,D014717
DB00641,D014717
DB01645,D014717
DB00936,D014717
DB01104,D014717
DB01388,D014717
DB00441,D014786
DB00921,D014786
DB00907,D014786
DB00987,D014786
DB00694,D014786
DB00997,D014786
DB00773,D014786
DB00544,D014786
DB04077,D014786
DB00741,D014786
DB00333,D014786
DB01577,D014786
DB00563,D014786
DB01204,D014786
DB00635,D014786
DB00795,D014786
DB00541,D014786
DB00115,D014786
DB01229,D014786
DB00641,D014786
DB01136,D014839
DB00542,D014839
DB00441,D014839
DB00796,D014839
DB00966,D014839
DB00439,D014839
DB00533,D014839
DB01268,D014839
DB00482,D014839
DB01098,D014839
DB00619,D014839
DB01076,D014839
DB00316,D014839
DB00819,D014839
DB00437,D014839
DB00594,D014839
DB01118,D014839
DB00321,D014839
DB00182,D014839
DB00945,D014839
DB01393,D014839
DB00887,D014839
DB00921,D014839
DB00564,D014839
DB01212,D014839
DB00608,D014839
DB00477,D014839
DB00501,D014839
DB00537,D014839
DB00363,D014839
DB00907,D014839
DB01394,D014839
DB00987,D014839
DB01234,D014839
DB00586,D014839
DB00861,D014839
DB00390,D014839
DB00343,D014839
DB01075,D014839
DB00280,D014839
DB00988,D014839
DB01142,D014839
DB00997,D014839
DB00584,D014839
DB00668,D014839
DB00903,D014839
DB00773,D014839
DB00544,D014839
DB00712,D014839
DB00158,D014839
DB00695,D014839
DB04077,D014839
DB00502,D014839
DB01050,D014839
DB00328,D014839
DB01009,D014839
DB00227,D014839
DB00333,D014839
DB00563,D014839
DB00968,D014839
DB00959,D014839
DB00264,D014839
DB01204,D014839
DB00295,D014839
DB01183,D014839
DB00788,D014839
DB00184,D014839
DB01115,D014839
DB00368,D014839
DB01059,D014839
DB03783,D014839
DB01174,D014839
DB00812,D014839
DB00252,D014839
DB00554,D014839
DB00860,D014839
DB00635,D014839
DB01032,D014839
DB01069,D014839
DB00571,D014839
DB04216,D014839
DB00908,D014839
DB00468,D014839
DB00811,D014839
DB01045,D014839
DB00428,D014839
DB01138,D014839
DB00605,D014839
DB00759,D014839
DB00470,D014839
DB00277,D014839
DB00451,D014839
DB00500,D014839
DB00755,D014839
DB00726,D014839
DB00541,D014839
DB00495,D014839
DB00917,D014839
DB01165,D014839
DB01241,D014839
DB01177,D014839
DB00401,D014839
DB00175,D014839
DB01211,D014839
DB00455,D014839
DB01167,D014839
DB00678,D014839
DB00641,D014839
DB00877,D014839
DB01104,D014839
DB01136,D015430
DB00334,D015430
DB01224,D015430
DB00285,D015430
DB00316,D015430
DB00321,D015430
DB00182,D015430
DB00945,D015430
DB00564,D015430
DB00446,D015430
DB00608,D015430
DB01242,D015430
DB00575,D015430
DB00363,D015430
DB01394,D015430
DB01234,D015430
DB00390,D015430
DB00343,D015430
DB01075,D015430
DB00988,D015430
DB01142,D015430
DB00584,D015430
DB00668,D015430
DB00458,D015430
DB00934,D015430
DB01065,D015430
DB00333,D015430
DB00563,D015430
DB01110,D015430
DB00683,D015430
DB00295,D015430
DB01183,D015430
DB01115,D015430
DB01595,D015430
DB01337,D015430
DB00914,D015430
DB00252,D015430
DB00457,D015430
DB00571,D015430
DB00468,D015430
DB00277,D015430
DB00656,D015430
DB00831,D015430
DB00661,D015430
DB00570,D015430
DB00541,D015430
DB00495,D015430
DB01175,D015430
DB00637,D015430
DB00342,D015430
DB00641,D015430
DB00361,D015431
DB01136,D015431
DB00555,D015431
DB00441,D015431
DB00197,D015431
DB00814,D015431
DB01248,D015431
DB00334,D015431
DB00439,D015431
DB00533,D015431
DB01076,D015431
DB00316,D015431
DB00915,D015431
DB01118,D015431
DB00321,D015431
DB00182,D015431
DB00945,D015431
DB01393,D015431
DB00921,D015431
DB00201,D015431
DB00564,D015431
DB00446,D015431
DB00608,D015431
DB00477,D015431
DB00501,D015431
DB00537,D015431
DB00845,D015431
DB01242,D015431
DB00575,D015431
DB00363,D015431
DB00907,D015431
DB00987,D015431
DB00694,D015431
DB01151,D015431
DB01234,D015431
DB00514,D015431
DB00829,D015431
DB00586,D015431
DB01396,D015431
DB00390,D015431
DB00343,D015431
DB01075,D015431
DB00280,D015431
DB01142,D015431
DB00997,D015431
DB00254,D015431
DB00668,D015431
DB00199,D015431
DB01196,D015431
DB00773,D015431
DB00813,D015431
DB00544,D015431
DB00472,D015431
DB00712,D015431
DB00158,D015431
DB00695,D015431
DB01016,D015431
DB00502,D015431
DB00741,D015431
DB00458,D015431
DB01026,D015431
DB01009,D015431
DB01235,D015431
DB00281,D015431
DB00836,D015431
DB00227,D015431
DB01065,D015431
DB00333,D015431
DB01577,D015431
DB00563,D015431
DB00968,D015431
DB00959,D015431
DB00264,D015431
DB00683,D015431
DB01204,D015431
DB00295,D015431
DB01183,D015431
DB00704,D015431
DB00788,D015431
DB00627,D015431
DB00184,D015431
DB01092,D015431
DB00914,D015431
DB01174,D015431
DB00252,D015431
DB00860,D015431
DB00635,D015431
DB01032,D015431
DB01035,D015431
DB00571,D015431
DB04216,D015431
DB00908,D015431
DB00206,D015431
DB01045,D015431
DB00795,D015431
DB01037,D015431
DB00421,D015431
DB00428,D015431
DB00382,D015431
DB00759,D015431
DB00470,D015431
DB00277,D015431
DB00451,D015431
DB00656,D015431
DB00755,D015431
DB00313,D015431
DB00661,D015431
DB00570,D015431
DB00541,D015431
DB00115,D015431
DB00495,D015431
DB01241,D015431
DB00445,D015431
DB00175,D015431
DB01229,D015431
DB01211,D015431
DB00749,D015431
DB01167,D015431
DB00734,D015431
DB00678,D015431
DB00641,D015431
DB01645,D015431
DB00790,D015431
DB00412,D014987
DB00316,D014987
DB00437,D014987
DB01393,D014987
DB00201,D014987
DB00122,D014987
DB00158,D014987
DB00134,D014987
DB00860,D014987
DB04216,D014987
DB00428,D014987
DB00675,D014987
DB00624,D014987
DB00313,D014987
DB00539,D014987
