,Drug,Disease
0,DB00459,D020434
1,DB01101,D020434
2,DB00091,D020434
3,DB00987,D020434
4,DB01004,D020434
5,DB00281,D020434
6,DB00563,D020434
7,DB00959,D020434
8,DB01017,D020434
9,DB00929,D020434
10,DB00698,D020434
11,DB00727,D020434
12,DB00755,D020434
13,DB00541,D020434
14,DB11590,D000170
15,DB01200,D000172
16,DB06791,D000172
17,DB01065,D000172
18,DB00350,D000172
19,DB00758,D000370
20,DB00390,D000370
21,DB00158,D000370
22,DB01611,D000370
23,DB00678,D000370
24,DB00763,D000370
25,DB00563,D000370
26,DB00350,D000370
27,DB00727,D000370
28,DB00252,D000370
29,DB00857,D000370
30,DB00495,D000370
31,DB01593,D000370
32,DB01181,D000377
33,DB14509,D000377
34,DB09241,D000377
35,DB00563,D000381
36,DB00907,D015526
37,DB00649,D015526
38,DB00495,D015526
39,DB00404,D017109
40,DB06288,D017109
41,DB00321,D017109
42,DB00381,D017109
43,DB00543,D017109
44,DB01238,D017109
45,DB00810,D017109
46,DB00490,D017109
47,DB00477,D017109
48,DB00568,D017109
49,DB00215,D017109
50,DB01068,D017109
51,DB00363,D017109
52,DB00907,D017109
53,DB00829,D017109
54,DB01075,D017109
55,DB00450,D017109
56,DB00593,D017109
57,DB01205,D017109
58,DB04841,D017109
59,DB00472,D017109
60,DB00623,D017109
61,DB00176,D017109
62,DB00502,D017109
63,DB01235,D017109
64,DB00281,D017109
65,DB14509,D017109
66,DB00186,D017109
67,DB00933,D017109
68,DB01403,D017109
69,DB01233,D017109
70,DB00264,D017109
71,DB06148,D017109
72,DB00683,D017109
73,DB00370,D017109
74,DB01203,D017109
75,DB01149,D017109
76,DB00585,D017109
77,DB00334,D017109
78,DB00842,D017109
79,DB00715,D017109
80,DB00252,D017109
81,DB05316,D017109
82,DB00433,D017109
83,DB00387,D017109
84,DB00818,D017109
85,DB00571,D017109
86,DB00409,D017109
87,DB00734,D017109
88,DB01104,D017109
89,DB01236,D017109
90,DB00669,D017109
91,DB00864,D017109
92,DB04844,D017109
93,DB00679,D017109
94,DB01623,D017109
95,DB01056,D017109
96,DB00323,D017109
97,DB00831,D017109
98,DB00508,D017109
99,DB00376,D017109
100,DB01392,D017109
101,DB00246,D017109
102,DB09225,D017109
103,DB01351,D000405
104,DB00181,D000405
105,DB01200,D000405
106,DB00477,D000405
107,DB00544,D000405
108,DB00502,D000405
109,DB00741,D000405
110,DB00186,D000405
111,DB00563,D000405
112,DB00422,D000405
113,DB00264,D000405
114,DB00184,D000405
115,DB00864,D000405
116,DB00898,D020268
117,DB01273,D020268
118,DB00475,D000430
119,DB00829,D000430
120,DB00898,D000430
121,DB00158,D000430
122,DB00502,D000430
123,DB00186,D000430
124,DB00371,D000430
125,DB00252,D000430
126,DB00571,D000430
127,DB00152,D000430
128,DB00829,D020270
129,DB00898,D020270
130,DB01174,D020270
131,DB00252,D020270
132,DB01080,D038261
133,DB00563,D020237
134,DB01068,D055964
135,DB00331,D056769
136,DB00412,D056769
137,DB03128,D000544
138,DB11081,D000544
139,DB04115,D000544
140,DB09061,D000544
141,DB01212,D000544
142,DB00482,D000544
143,DB01394,D000544
144,DB09130,D000544
145,DB09131,D000544
146,DB11672,D000544
147,DB00746,D000544
148,DB00975,D000544
149,DB00843,D000544
150,DB00470,D000544
151,DB00494,D000544
152,DB00176,D000544
153,DB00158,D000544
154,DB00674,D000544
155,DB00014,D000544
156,DB00502,D000544
157,DB04864,D000544
158,DB01050,D000544
159,DB00328,D000544
160,DB01592,D000544
161,DB00934,D000544
162,DB01065,D000544
163,DB01043,D000544
164,DB00683,D000544
165,DB00834,D000544
166,DB01017,D000544
167,DB01618,D000544
168,DB00627,D000544
169,DB00184,D000544
170,DB00435,D000544
171,DB00715,D000544
172,DB00850,D000544
173,DB00981,D000544
174,DB00960,D000544
175,DB00206,D000544
176,DB00989,D000544
177,DB00412,D000544
178,DB00747,D000544
179,DB00428,D000544
180,DB00382,D000544
181,DB00820,D000544
182,DB00679,D000544
183,DB00323,D000544
184,DB00656,D000544
185,DB11094,D000544
186,DB01593,D000544
187,DB01109,D020757
188,DB00373,D020757
189,DB00682,D020757
190,DB00330,D000550
191,DB00189,D000550
192,DB01235,D000550
193,DB00627,D000550
194,DB00468,D000550
195,DB00675,D000550
196,DB00313,D000550
197,DB00162,D000550
198,DB00404,D000647
199,DB01223,D000647
200,DB00321,D000647
201,DB00182,D000647
202,DB00714,D000647
203,DB00126,D000647
204,DB00572,D000647
205,DB00181,D000647
206,DB04115,D000647
207,DB01156,D000647
208,DB01164,D000647
209,DB00395,D000647
210,DB00185,D000647
211,DB00475,D000647
212,DB00608,D000647
213,DB00122,D000647
214,DB00575,D000647
215,DB01394,D000647
216,DB11672,D000647
217,DB00260,D000647
218,DB01234,D000647
219,DB01576,D000647
220,DB00829,D000647
221,DB00586,D000647
222,DB00804,D000647
223,DB13345,D000647
224,DB00343,D000647
225,DB01075,D000647
226,DB00843,D000647
227,DB00561,D000647
228,DB00228,D000647
229,DB00668,D000647
230,DB00783,D000647
231,DB00898,D000647
232,DB00813,D000647
233,DB01205,D000647
234,DB04841,D000647
235,DB01544,D000647
236,DB00693,D000647
237,DB00176,D000647
238,DB00674,D000647
239,DB00143,D000647
240,DB00629,D000647
241,DB00502,D000647
242,DB00458,D000647
243,DB00753,D000647
244,DB01221,D000647
245,DB01202,D000647
246,DB00186,D000647
247,DB00657,D000647
248,DB01065,D000647
249,DB01043,D000647
250,DB00454,D000647
251,DB00371,D000647
252,DB00474,D000647
253,DB00422,D000647
254,DB00683,D000647
255,DB00370,D000647
256,DB09282,D000647
257,DB00295,D000647
258,DB01183,D000647
259,DB01400,D000647
260,DB00699,D000647
261,DB00184,D000647
262,DB01115,D000647
263,DB00393,D000647
264,DB00368,D000647
265,DB01165,D000647
266,DB00334,D000647
267,DB00338,D000647
268,DB01092,D000647
269,DB00652,D000647
270,DB00312,D000647
271,DB00806,D000647
272,DB00850,D000647
273,DB00388,D000647
274,DB00252,D000647
275,DB00981,D000647
276,DB00457,D000647
277,DB00818,D000647
278,DB00571,D000647
279,DB00989,D000647
280,DB00747,D000647
281,DB01236,D000647
282,DB00202,D000647
283,DB00391,D000647
284,DB00382,D000647
285,DB00231,D000647
286,DB00624,D000647
287,DB00897,D000647
288,DB11699,D000647
289,DB00661,D000647
290,DB01392,D000647
291,DB00425,D000647
292,DB00829,D020324
293,DB00843,D020324
294,DB01205,D020324
295,DB01544,D020324
296,DB00690,D020324
297,DB01221,D020324
298,DB00186,D020324
299,DB00683,D020324
300,DB00818,D020324
301,DB00747,D020324
302,DB00382,D020324
303,DB00897,D020324
304,DB01156,D000648
305,DB01234,D000648
306,DB00829,D000648
307,DB00959,D000648
308,DB00683,D000648
309,DB00818,D000648
310,DB00571,D000648
311,DB00747,D000648
312,DB00313,D000648
313,DB00572,D020236
314,DB00181,D020236
315,DB00320,D020236
316,DB00841,D020236
317,DB00696,D020236
318,DB00898,D020236
319,DB00687,D020236
320,DB00727,D020236
321,DB01182,D020236
322,DB00897,D020236
323,DB00861,D028227
324,DB11081,D000690
325,DB00321,D000690
326,DB01076,D000690
327,DB01200,D000690
328,DB04540,D000690
329,DB09130,D000690
330,DB00470,D000690
331,DB03843,D000690
332,DB00480,D000690
333,DB01235,D000690
334,DB00227,D000690
335,DB01065,D000690
336,DB01017,D000690
337,DB00435,D000690
338,DB00540,D000690
339,DB00175,D000690
340,DB01069,D000690
341,DB00740,D000690
342,DB00641,D000690
343,DB01041,D000690
344,DB00163,D000690
345,DB00928,D000757
346,DB00158,D000757
347,DB00333,D000757
348,DB01041,D000757
349,DB01234,D059445
350,DB00470,D059445
351,DB00472,D059445
352,DB01221,D059445
353,DB00184,D059445
354,DB11094,D059445
355,DB00964,D015875
356,DB01156,D015875
357,DB00907,D015875
358,DB00332,D015875
359,DB00753,D015875
360,DB00715,D015875
361,DB00747,D015875
362,DB01104,D015875
363,DB14509,D000849
364,DB00571,D000849
365,DB00907,D020759
366,DB00188,D001037
367,DB00297,D001037
368,DB00564,D001037
369,DB00907,D001037
370,DB00987,D001037
371,DB01151,D001037
372,DB01234,D001037
373,DB00668,D001037
374,DB00472,D001037
375,DB00441,D001037
376,DB01120,D001037
377,DB00741,D001037
378,DB01181,D001037
379,DB00762,D001037
380,DB00848,D001037
381,DB14509,D001037
382,DB00961,D001037
383,DB00563,D001037
384,DB09241,D001037
385,DB00683,D001037
386,DB01113,D001037
387,DB00397,D001037
388,DB00296,D001037
389,DB00747,D001037
390,DB00708,D001037
391,DB00795,D001037
392,DB00864,D001037
393,DB00273,D001037
394,DB00541,D001037
395,DB01394,D001039
396,DB00987,D001039
397,DB00571,D001039
398,DB00864,D001039
399,DB01242,D001044
400,DB00987,D001044
401,DB00668,D001044
402,DB00281,D001044
403,DB00540,D001044
404,DB00420,D001044
405,DB00541,D001044
406,DB00563,D020240
407,DB00564,D001072
408,DB00502,D001072
409,DB00951,D001072
410,DB14509,D001072
411,DB09212,D001072
412,DB00929,D001072
413,DB00747,D001072
414,DB00391,D001072
415,DB00864,D001072
416,DB01041,D001072
417,DB00313,D001072
418,DB11148,D001100
419,DB00987,D001100
420,DB00563,D001100
421,DB00652,D001100
422,DB00860,D001100
423,DB00252,D001139
424,DB00755,D001139
425,DB00313,D001139
426,DB00162,D001139
427,DB01169,D020261
428,DB00126,D020261
429,DB11672,D020261
430,DB06782,D020261
431,DB01956,D020261
432,DB00730,D020261
433,DB00163,D020261
434,DB14533,D020261
435,DB00564,D001184
436,DB00438,D001184
437,DB01233,D001184
438,DB00819,D001259
439,DB00787,D001259
440,DB00404,D001259
441,DB00915,D001259
442,DB00357,D001259
443,DB00855,D001259
444,DB01118,D001259
445,DB00182,D001259
446,DB01076,D001259
447,DB00572,D001259
448,DB00181,D001259
449,DB13746,D001259
450,DB01558,D001259
451,DB00490,D001259
452,DB09061,D001259
453,DB00564,D001259
454,DB00493,D001259
455,DB00341,D001259
456,DB00475,D001259
457,DB00477,D001259
458,DB00501,D001259
459,DB00515,D001259
460,DB01211,D001259
461,DB00349,D001259
462,DB01068,D001259
463,DB00575,D001259
464,DB00907,D001259
465,DB01394,D001259
466,DB09130,D001259
467,DB09131,D001259
468,DB01176,D001259
469,DB00979,D001259
470,DB00531,D001259
471,DB00091,D001259
472,DB00434,D001259
473,DB00987,D001259
474,DB01151,D001259
475,DB00967,D001259
476,DB01234,D001259
477,DB01576,D001259
478,DB00514,D001259
479,DB00829,D001259
480,DB01119,D001259
481,DB00390,D001259
482,DB00343,D001259
483,DB00985,D001259
484,DB01075,D001259
485,DB00822,D001259
486,DB00997,D001259
487,DB00470,D001259
488,DB00668,D001259
489,DB00898,D001259
490,DB00773,D001259
491,DB00949,D001259
492,DB00322,D001259
493,DB01205,D001259
494,DB00544,D001259
495,DB00472,D001259
496,DB01185,D001259
497,DB00690,D001259
498,DB00158,D001259
499,DB00996,D001259
500,DB02530,D001259
501,DB00441,D001259
502,DB01016,D001259
503,DB00801,D001259
504,DB00502,D001259
505,DB01181,D001259
506,DB01598,D001259
507,DB01592,D001259
508,DB00753,D001259
509,DB00677,D001259
510,DB00951,D001259
511,DB00982,D001259
512,DB00270,D001259
513,DB01221,D001259
514,DB00555,D001259
515,DB00848,D001259
516,DB00281,D001259
517,DB14509,D001259
518,DB00186,D001259
519,DB00678,D001259
520,DB00603,D001259
521,DB00814,D001259
522,DB01043,D001259
523,DB00333,D001259
524,DB00134,D001259
525,DB00563,D001259
526,DB09241,D001259
527,DB00422,D001259
528,DB00916,D001259
529,DB00683,D001259
530,DB00211,D001259
531,DB01017,D001259
532,DB00929,D001259
533,DB00788,D001259
534,DB00184,D001259
535,DB00393,D001259
536,DB00727,D001259
537,DB00904,D001259
538,DB01229,D001259
539,DB00312,D001259
540,DB04930,D001259
541,DB01174,D001259
542,DB00252,D001259
543,DB00554,D001259
544,DB00860,D001259
545,DB00635,D001259
546,DB00794,D001259
547,DB01182,D001259
548,DB00818,D001259
549,DB00571,D001259
550,DB00852,D001259
551,DB00165,D001259
552,DB00734,D001259
553,DB00503,D001259
554,DB00747,D001259
555,DB00641,D001259
556,DB01082,D001259
557,DB00263,D001259
558,DB00864,D001259
559,DB00599,D001259
560,DB00208,D001259
561,DB00755,D001259
562,DB00897,D001259
563,DB00313,D001259
564,DB00661,D001259
565,DB00541,D001259
566,DB00163,D001259
567,DB02546,D001259
568,DB06283,D001259
569,DB00425,D001259
570,DB00909,D001259
571,DB01592,D001260
572,DB01212,D001264
573,DB00477,D001264
574,DB00907,D001264
575,DB00434,D001264
576,DB00829,D001264
577,DB01075,D001264
578,DB00968,D001264
579,DB00422,D001264
580,DB00683,D001264
581,DB01618,D001264
582,DB00334,D001264
583,DB01174,D001264
584,DB00252,D001264
585,DB00981,D001264
586,DB00794,D001264
587,DB00387,D001264
588,DB00420,D001264
589,DB04844,D001264
590,DB00679,D001264
591,DB00906,D001264
592,DB00376,D001264
593,DB00541,D001264
594,DB00564,D001308
595,DB00907,D001308
596,DB00184,D001308
597,DB04930,D001308
598,DB01085,D001308
599,DB00929,D020211
600,DB00404,D001342
601,DB00321,D001342
602,DB00335,D001342
603,DB00290,D001342
604,DB00136,D001342
605,DB01136,D001342
606,DB00477,D001342
607,DB00515,D001342
608,DB00215,D001342
609,DB00575,D001342
610,DB00363,D001342
611,DB00907,D001342
612,DB01234,D001342
613,DB00450,D001342
614,DB00898,D001342
615,DB00441,D001342
616,DB00741,D001342
617,DB01235,D001342
618,DB00916,D001342
619,DB00683,D001342
620,DB00350,D001342
621,DB00022,D001342
622,DB00738,D001342
623,DB00780,D001342
624,DB01174,D001342
625,DB00457,D001342
626,DB00571,D001342
627,DB00811,D001342
628,DB00734,D001342
629,DB00570,D001342
630,DB00541,D001342
631,DB00361,D001342
632,DB01392,D001342
633,DB00907,D020144
634,DB00822,D020144
635,DB00915,D001480
636,DB01118,D001480
637,DB06288,D001480
638,DB00321,D001480
639,DB00381,D001480
640,DB00543,D001480
641,DB00714,D001480
642,DB06216,D001480
643,DB00810,D001480
644,DB01200,D001480
645,DB00490,D001480
646,DB00201,D001480
647,DB00564,D001480
648,DB00608,D001480
649,DB00477,D001480
650,DB01239,D001480
651,DB00501,D001480
652,DB00568,D001480
653,DB00363,D001480
654,DB00907,D001480
655,DB01151,D001480
656,DB00829,D001480
657,DB01075,D001480
658,DB00822,D001480
659,DB01184,D001480
660,DB00843,D001480
661,DB00988,D001480
662,DB00450,D001480
663,DB04841,D001480
664,DB00472,D001480
665,DB00623,D001480
666,DB00176,D001480
667,DB00502,D001480
668,DB01181,D001480
669,DB00458,D001480
670,DB00224,D001480
671,DB11757,D001480
672,DB00465,D001480
673,DB00709,D001480
674,DB00555,D001480
675,DB00448,D001480
676,DB01235,D001480
677,DB14509,D001480
678,DB00408,D001480
679,DB00737,D001480
680,DB00784,D001480
681,DB00422,D001480
682,DB01233,D001480
683,DB00683,D001480
684,DB01618,D001480
685,DB00295,D001480
686,DB01149,D001480
687,DB01115,D001480
688,DB00585,D001480
689,DB00540,D001480
690,DB00334,D001480
691,DB00904,D001480
692,DB00776,D001480
693,DB00715,D001480
694,DB00850,D001480
695,DB00252,D001480
696,DB01085,D001480
697,DB01100,D001480
698,DB00635,D001480
699,DB00433,D001480
700,DB00387,D001480
701,DB00392,D001480
702,DB00818,D001480
703,DB00571,D001480
704,DB00165,D001480
705,DB00734,D001480
706,DB00503,D001480
707,DB00989,D001480
708,DB06144,D001480
709,DB01104,D001480
710,DB01236,D001480
711,DB00391,D001480
712,DB00372,D001480
713,DB00679,D001480
714,DB01623,D001480
715,DB00831,D001480
716,DB00508,D001480
717,DB00376,D001480
718,DB11699,D001480
719,DB00313,D001480
720,DB01080,D001480
721,DB00246,D001480
722,DB09225,D001480
723,DB00907,D020145
724,DB00022,D020330
725,DB00811,D020330
726,DB01118,D001766
727,DB00126,D001766
728,DB09121,D001766
729,DB00993,D001766
730,DB00207,D001766
731,DB00443,D001766
732,DB00201,D001766
733,DB00262,D001766
734,DB00608,D001766
735,DB00477,D001766
736,DB00537,D001766
737,DB00515,D001766
738,DB00242,D001766
739,DB00907,D001766
740,DB04838,D001766
741,DB00987,D001766
742,DB01234,D001766
743,DB01119,D001766
744,DB00330,D001766
745,DB00898,D001766
746,DB00441,D001766
747,DB00741,D001766
748,DB00951,D001766
749,DB01221,D001766
750,DB00281,D001766
751,DB01206,D001766
752,DB00961,D001766
753,DB00331,D001766
754,DB00333,D001766
755,DB00563,D001766
756,DB00959,D001766
757,DB00325,D001766
758,DB00368,D001766
759,DB00904,D001766
760,DB01062,D001766
761,DB01113,D001766
762,DB00914,D001766
763,DB00721,D001766
764,DB00165,D001766
765,DB00468,D001766
766,DB01045,D001766
767,DB00302,D001766
768,DB00376,D001766
769,DB00541,D001766
770,DB00162,D001766
771,DB00682,D001766
772,DB00316,D019575
773,DB06151,D019575
774,DB00290,D019575
775,DB01200,D019575
776,DB00297,D019575
777,DB00515,D019575
778,DB00091,D019575
779,DB00441,D019575
780,DB00959,D019575
781,DB01115,D019575
782,DB00325,D019575
783,DB00864,D019575
784,DB00570,D019575
785,DB00541,D019575
786,DB00309,D019575
787,DB00907,D001906
788,DB00864,D020968
789,DB00297,D020516
790,DB00987,D020516
791,DB01109,D020516
792,DB00415,D001922
793,DB00446,D001922
794,DB01234,D001922
795,DB00563,D001922
796,DB00916,D001922
797,DB01263,D001922
798,DB00635,D001922
799,DB01045,D001922
800,DB00182,D001925
801,DB00201,D001925
802,DB00564,D001925
803,DB00907,D001925
804,DB00158,D001925
805,DB01085,D001925
806,DB00864,D001925
807,DB00819,D001926
808,DB00563,D001926
809,DB00316,D001927
810,DB00718,D001927
811,DB00437,D001927
812,DB11081,D001927
813,DB01223,D001927
814,DB01118,D001927
815,DB00321,D001927
816,DB00182,D001927
817,DB00673,D001927
818,DB00126,D001927
819,DB00928,D001927
820,DB00993,D001927
821,DB00181,D001927
822,DB12783,D001927
823,DB00290,D001927
824,DB00297,D001927
825,DB01101,D001927
826,DB00564,D001927
827,DB00190,D001927
828,DB00262,D001927
829,DB01413,D001927
830,DB00493,D001927
831,DB00438,D001927
832,DB01212,D001927
833,DB01112,D001927
834,DB00608,D001927
835,DB00122,D001927
836,DB00568,D001927
837,DB00537,D001927
838,DB01068,D001927
839,DB00907,D001927
840,DB01394,D001927
841,DB00260,D001927
842,DB00091,D001927
843,DB00987,D001927
844,DB00970,D001927
845,DB01406,D001927
846,DB00746,D001927
847,DB01234,D001927
848,DB00829,D001927
849,DB00586,D001927
850,DB00390,D001927
851,DB00320,D001927
852,DB00975,D001927
853,DB00822,D001927
854,DB01248,D001927
855,DB00997,D001927
856,DB00783,D001927
857,DB00898,D001927
858,DB00609,D001927
859,DB00593,D001927
860,DB00813,D001927
861,DB01216,D001927
862,DB04841,D001927
863,DB00544,D001927
864,DB00472,D001927
865,DB00176,D001927
866,DB00158,D001927
867,DB00695,D001927
868,DB00996,D001927
869,DB01004,D001927
870,DB00502,D001927
871,DB01159,D001927
872,DB00756,D001927
873,DB00999,D001927
874,DB00741,D001927
875,DB01005,D001927
876,DB01050,D001927
877,DB01181,D001927
878,DB01598,D001927
879,DB00328,D001927
880,DB01592,D001927
881,DB00753,D001927
882,DB00951,D001927
883,DB01221,D001927
884,DB00581,D001927
885,DB01202,D001927
886,DB01235,D001927
887,DB14509,D001927
888,DB01206,D001927
889,DB00408,D001927
890,DB00358,D001927
891,DB01065,D001927
892,DB01043,D001927
893,DB00563,D001927
894,DB01028,D001927
895,DB09241,D001927
896,DB00959,D001927
897,DB00916,D001927
898,DB00683,D001927
899,DB01017,D001927
900,DB00295,D001927
901,DB01183,D001927
902,DB00994,D001927
903,DB00184,D001927
904,DB00325,D001927
905,DB01092,D001927
906,DB00776,D001927
907,DB01229,D001927
908,DB00312,D001927
909,DB01174,D001927
910,DB00252,D001927
911,DB00794,D001927
912,DB01168,D001927
913,DB00818,D001927
914,DB00550,D001927
915,DB00205,D001927
916,DB01045,D001927
917,DB00533,D001927
918,DB00360,D001927
919,DB00747,D001927
920,DB01236,D001927
921,DB00877,D001927
922,DB00359,D001927
923,DB00795,D001927
924,DB00605,D001927
925,DB00864,D001927
926,DB00277,D001927
927,DB00152,D001927
928,DB00273,D001927
929,DB00755,D001927
930,DB00376,D001927
931,DB00313,D001927
932,DB01080,D001927
933,DB00541,D001927
934,DB00162,D001927
935,DB00163,D001927
936,DB00543,D001928
937,DB01393,D001928
938,DB00672,D001928
939,DB00091,D001928
940,DB00746,D001928
941,DB00343,D001928
942,DB00959,D001928
943,DB00776,D001928
944,DB00914,D001928
945,DB00433,D001928
946,DB00428,D001928
947,DB00864,D001928
948,DB01124,D001928
949,DB00273,D001928
950,DB00313,D001928
951,DB11094,D001928
952,DB00316,D001929
953,DB00819,D001929
954,DB06151,D001929
955,DB01200,D001929
956,DB00201,D001929
957,DB09061,D001929
958,DB00262,D001929
959,DB00477,D001929
960,DB00907,D001929
961,DB11672,D001929
962,DB00987,D001929
963,DB00694,D001929
964,DB00746,D001929
965,DB01234,D001929
966,DB00829,D001929
967,DB08809,D001929
968,DB00470,D001929
969,DB00584,D001929
970,DB00696,D001929
971,DB00898,D001929
972,DB00292,D001929
973,DB00502,D001929
974,DB01109,D001929
975,DB00756,D001929
976,DB00741,D001929
977,DB00328,D001929
978,DB01206,D001929
979,DB00186,D001929
980,DB00653,D001929
981,DB01065,D001929
982,DB00333,D001929
983,DB00563,D001929
984,DB00968,D001929
985,DB00916,D001929
986,DB01017,D001929
987,DB00184,D001929
988,DB00393,D001929
989,DB00727,D001929
990,DB00325,D001929
991,DB01092,D001929
992,DB09140,D001929
993,DB00107,D001929
994,DB01229,D001929
995,DB00652,D001929
996,DB00692,D001929
997,DB00388,D001929
998,DB00252,D001929
999,DB01085,D001929
1000,DB01132,D001929
1001,DB00818,D001929
1002,DB00852,D001929
1003,DB00412,D001929
1004,DB01104,D001929
1005,DB00641,D001929
1006,DB00864,D001929
1007,DB00302,D001929
1008,DB00755,D001929
1009,DB00313,D001929
1010,DB00309,D001929
1011,DB00162,D001929
1012,DB00744,D001929
1013,DB00396,D020201
1014,DB01418,D020520
1015,DB00459,D020520
1016,DB06441,D020520
1017,DB00515,D020520
1018,DB01242,D020520
1019,DB00363,D020520
1020,DB00822,D020520
1021,DB00584,D020520
1022,DB00696,D020520
1023,DB00544,D020520
1024,DB00472,D020520
1025,DB01109,D020520
1026,DB00422,D020520
1027,DB00959,D020520
1028,DB00393,D020520
1029,DB01092,D020520
1030,DB01229,D020520
1031,DB00252,D020520
1032,DB00641,D020520
1033,DB00877,D020520
1034,DB01041,D020520
1035,DB00163,D020520
1036,DB06151,D001930
1037,DB00132,D001930
1038,DB11081,D001930
1039,DB00915,D001930
1040,DB01223,D001930
1041,DB00543,D001930
1042,DB00182,D001930
1043,DB08799,D001930
1044,DB01169,D001930
1045,DB00126,D001930
1046,DB01076,D001930
1047,DB09121,D001930
1048,DB00181,D001930
1049,DB04115,D001930
1050,DB00121,D001930
1051,DB01200,D001930
1052,DB00201,D001930
1053,DB06774,D001930
1054,DB00564,D001930
1055,DB00190,D001930
1056,DB11588,D001930
1057,DB00515,D001930
1058,DB01068,D001930
1059,DB11338,D001930
1060,DB00363,D001930
1061,DB00907,D001930
1062,DB01394,D001930
1063,DB09130,D001930
1064,DB11672,D001930
1065,DB00531,D001930
1066,DB00091,D001930
1067,DB00151,D001930
1068,DB00987,D001930
1069,DB03619,D001930
1070,DB01234,D001930
1071,DB00829,D001930
1072,DB00804,D001930
1073,DB00255,D001930
1074,DB00917,D001930
1075,DB00843,D001930
1076,DB00584,D001930
1077,DB01225,D001930
1078,DB00783,D001930
1079,DB00898,D001930
1080,DB04953,D001930
1081,DB00142,D001930
1082,DB13751,D001930
1083,DB01159,D001930
1084,DB00328,D001930
1085,DB00753,D001930
1086,DB00951,D001930
1087,DB01221,D001930
1088,DB01202,D001930
1089,DB01235,D001930
1090,DB00281,D001930
1091,DB08882,D001930
1092,DB00227,D001930
1093,DB00653,D001930
1094,DB01065,D001930
1095,DB01043,D001930
1096,DB00331,D001930
1097,DB00563,D001930
1098,DB00422,D001930
1099,DB00959,D001930
1100,DB01017,D001930
1101,DB01183,D001930
1102,DB00627,D001930
1103,DB00184,D001930
1104,DB00393,D001930
1105,DB00435,D001930
1106,DB00325,D001930
1107,DB01092,D001930
1108,DB01626,D001930
1109,DB00312,D001930
1110,DB01174,D001930
1111,DB00388,D001930
1112,DB01085,D001930
1113,DB01132,D001930
1114,DB11263,D001930
1115,DB00733,D001930
1116,DB00396,D001930
1117,DB00818,D001930
1118,DB00550,D001930
1119,DB00899,D001930
1120,DB00206,D001930
1121,DB00412,D001930
1122,DB01698,D001930
1123,DB00747,D001930
1124,DB01037,D001930
1125,DB01236,D001930
1126,DB00641,D001930
1127,DB00428,D001930
1128,DB00382,D001930
1129,DB00864,D001930
1130,DB06204,D001930
1131,DB00277,D001930
1132,DB00599,D001930
1133,DB00273,D001930
1134,DB00193,D001930
1135,DB00313,D001930
1136,DB01080,D001930
1137,DB00541,D001930
1138,DB00682,D001930
1139,DB01593,D001930
1140,DB00315,D001930
1141,DB00425,D001930
1142,DB11672,D000070642
1143,DB00659,D002545
1144,DB06151,D002545
1145,DB00640,D002545
1146,DB00513,D002545
1147,DB00182,D002545
1148,DB00126,D002545
1149,DB00181,D002545
1150,DB06774,D002545
1151,DB00262,D002545
1152,DB01212,D002545
1153,DB00515,D002545
1154,DB00758,D002545
1155,DB00907,D002545
1156,DB11672,D002545
1157,DB01119,D002545
1158,DB00975,D002545
1159,DB00822,D002545
1160,DB00584,D002545
1161,DB00668,D002545
1162,DB01196,D002545
1163,DB00898,D002545
1164,DB00292,D002545
1165,DB00949,D002545
1166,DB04841,D002545
1167,DB00544,D002545
1168,DB01109,D002545
1169,DB09526,D002545
1170,DB01050,D002545
1171,DB01181,D002545
1172,DB00808,D002545
1173,DB00328,D002545
1174,DB00753,D002545
1175,DB00982,D002545
1176,DB00270,D002545
1177,DB11757,D002545
1178,DB01221,D002545
1179,DB00281,D002545
1180,DB01065,D002545
1181,DB01017,D002545
1182,DB00691,D002545
1183,DB00295,D002545
1184,DB01183,D002545
1185,DB00622,D002545
1186,DB09220,D002545
1187,DB01115,D002545
1188,DB06712,D002545
1189,DB04743,D002545
1190,DB00393,D002545
1191,DB00435,D002545
1192,DB00727,D002545
1193,DB00368,D002545
1194,DB09140,D002545
1195,DB00388,D002545
1196,DB00981,D002545
1197,DB01085,D002545
1198,DB09369,D002545
1199,DB00818,D002545
1200,DB00533,D002545
1201,DB00412,D002545
1202,DB01236,D002545
1203,DB00641,D002545
1204,DB01138,D002545
1205,DB00864,D002545
1206,DB00675,D002545
1207,DB00966,D002545
1208,DB00624,D002545
1209,DB00599,D002545
1210,DB00273,D002545
1211,DB00302,D002545
1212,DB00309,D002545
1213,DB00163,D002545
1214,DB00682,D002545
1215,DB00993,D001932
1216,DB00262,D001932
1217,DB00515,D001932
1218,DB00257,D001932
1219,DB09130,D001932
1220,DB11672,D001932
1221,DB00987,D001932
1222,DB00694,D001932
1223,DB01234,D001932
1224,DB00255,D001932
1225,DB00997,D001932
1226,DB00773,D001932
1227,DB01181,D001932
1228,DB00328,D001932
1229,DB01206,D001932
1230,DB12130,D001932
1231,DB00563,D001932
1232,DB01229,D001932
1233,DB00806,D001932
1234,DB01168,D001932
1235,DB00444,D001932
1236,DB00541,D001932
1237,DB00309,D001932
1238,DB00297,D020526
1239,DB00907,D020526
1240,DB00668,D020526
1241,DB00492,D020526
1242,DB01275,D020526
1243,DB01115,D020526
1244,DB09073,D020295
1245,DB00907,D018437
1246,DB00987,D010244
1247,DB00668,D010244
1248,DB00544,D010244
1249,DB03793,D020165
1250,DB00182,D002340
1251,DB00696,D002340
1252,DB01109,D002340
1253,DB00627,D002340
1254,DB00412,D002340
1255,DB00006,D020212
1256,DB00877,D020212
1257,DB00907,D020215
1258,DB00898,D020215
1259,DB01118,D002341
1260,DB01200,D002341
1261,DB00851,D002341
1262,DB01406,D002341
1263,DB00997,D002341
1264,DB00696,D002341
1265,DB00783,D002341
1266,DB00396,D002341
1267,DB00302,D002341
1268,DB00758,D016893
1269,DB00668,D016893
1270,DB00445,D016893
1271,DB00435,D016893
1272,DB00635,D016893
1273,DB01217,D002349
1274,DB00537,D002349
1275,DB01406,D002349
1276,DB00829,D002349
1277,DB00822,D002349
1278,DB00264,D002349
1279,DB00571,D002349
1280,DB01041,D002349
1281,DB00682,D002349
1282,DB00316,D002375
1283,DB03128,D002375
1284,DB00770,D002375
1285,DB00915,D002375
1286,DB01118,D002375
1287,DB06288,D002375
1288,DB00321,D002375
1289,DB00381,D002375
1290,DB00613,D002375
1291,DB00543,D002375
1292,DB00714,D002375
1293,DB01238,D002375
1294,DB00126,D002375
1295,DB00572,D002375
1296,DB00181,D002375
1297,DB00810,D002375
1298,DB01200,D002375
1299,DB00490,D002375
1300,DB00201,D002375
1301,DB09061,D002375
1302,DB00190,D002375
1303,DB00521,D002375
1304,DB00403,D002375
1305,DB00475,D002375
1306,DB00608,D002375
1307,DB00477,D002375
1308,DB00568,D002375
1309,DB01242,D002375
1310,DB00575,D002375
1311,DB00363,D002375
1312,DB00907,D002375
1313,DB00318,D002375
1314,DB00531,D002375
1315,DB00091,D002375
1316,DB00434,D002375
1317,DB01151,D002375
1318,DB01191,D002375
1319,DB01576,D002375
1320,DB00514,D002375
1321,DB00829,D002375
1322,DB00343,D002375
1323,DB12789,D002375
1324,DB00917,D002375
1325,DB01075,D002375
1326,DB01184,D002375
1327,DB00988,D002375
1328,DB00470,D002375
1329,DB06262,D002375
1330,DB01240,D002375
1331,DB00783,D002375
1332,DB00949,D002375
1333,DB00574,D002375
1334,DB00813,D002375
1335,DB01205,D002375
1336,DB04841,D002375
1337,DB00472,D002375
1338,DB00623,D002375
1339,DB02530,D002375
1340,DB00502,D002375
1341,DB00741,D002375
1342,DB01050,D002375
1343,DB00458,D002375
1344,DB00328,D002375
1345,DB11757,D002375
1346,DB01221,D002375
1347,DB01026,D002375
1348,DB00007,D002375
1349,DB00848,D002375
1350,DB01235,D002375
1351,DB00854,D002375
1352,DB00408,D002375
1353,DB09238,D002375
1354,DB00934,D002375
1355,DB00657,D002375
1356,DB00939,D002375
1357,DB00603,D002375
1358,DB01065,D002375
1359,DB01043,D002375
1360,DB00454,D002375
1361,DB13520,D002375
1362,DB00333,D002375
1363,DB00723,D002375
1364,DB06800,D002375
1365,DB00247,D002375
1366,DB01233,D002375
1367,DB06148,D002375
1368,DB00683,D002375
1369,DB00805,D002375
1370,DB00370,D002375
1371,DB01618,D002375
1372,DB09282,D002375
1373,DB00295,D002375
1374,DB01183,D002375
1375,DB00704,D002375
1376,DB06711,D002375
1377,DB00788,D002375
1378,DB00184,D002375
1379,DB01115,D002375
1380,DB04743,D002375
1381,DB00393,D002375
1382,DB01595,D002375
1383,DB01054,D002375
1384,DB00325,D002375
1385,DB04821,D002375
1386,DB00368,D002375
1387,DB00540,D002375
1388,DB00334,D002375
1389,DB00776,D002375
1390,DB01580,D002375
1391,DB01062,D002375
1392,DB01113,D002375
1393,DB05829,D002375
1394,DB00652,D002375
1395,DB00850,D002375
1396,DB00252,D002375
1397,DB00981,D002375
1398,DB01085,D002375
1399,DB05316,D002375
1400,DB01100,D002375
1401,DB00960,D002375
1402,DB00670,D002375
1403,DB00413,D002375
1404,DB00721,D002375
1405,DB00433,D002375
1406,DB00396,D002375
1407,DB01069,D002375
1408,DB12278,D002375
1409,DB00571,D002375
1410,DB00550,D002375
1411,DB00344,D002375
1412,DB01367,D002375
1413,DB00409,D002375
1414,DB00206,D002375
1415,DB06155,D002375
1416,DB00734,D002375
1417,DB00268,D002375
1418,DB00747,D002375
1419,DB01037,D002375
1420,DB06144,D002375
1421,DB09072,D002375
1422,DB00605,D002375
1423,DB00391,D002375
1424,DB00864,D002375
1425,DB00624,D002375
1426,DB04844,D002375
1427,DB00277,D002375
1428,DB11590,D002375
1429,DB00679,D002375
1430,DB01623,D002375
1431,DB00323,D002375
1432,DB00656,D002375
1433,DB00755,D002375
1434,DB00831,D002375
1435,DB00376,D002375
1436,DB11699,D002375
1437,DB00661,D002375
1438,DB06694,D002375
1439,DB01392,D002375
1440,DB00246,D002375
1441,DB09225,D002375
1442,DB00321,D002385
1443,DB00182,D002385
1444,DB00572,D002385
1445,DB01242,D002385
1446,DB00575,D002385
1447,DB00363,D002385
1448,DB01576,D002385
1449,DB00472,D002385
1450,DB00502,D002385
1451,DB00579,D002385
1452,DB00422,D002385
1453,DB00247,D002385
1454,DB00981,D002385
1455,DB01100,D002385
1456,DB00457,D002385
1457,DB00344,D002385
1458,DB00640,D002389
1459,DB00802,D002389
1460,DB00915,D002389
1461,DB00855,D002389
1462,DB06288,D002389
1463,DB00714,D002389
1464,DB00207,D002389
1465,DB00181,D002389
1466,DB01200,D002389
1467,DB00490,D002389
1468,DB00201,D002389
1469,DB00564,D002389
1470,DB00190,D002389
1471,DB00482,D002389
1472,DB00477,D002389
1473,DB00501,D002389
1474,DB01068,D002389
1475,DB00575,D002389
1476,DB00363,D002389
1477,DB00907,D002389
1478,DB00434,D002389
1479,DB01219,D002389
1480,DB01576,D002389
1481,DB00829,D002389
1482,DB01075,D002389
1483,DB00822,D002389
1484,DB00843,D002389
1485,DB00988,D002389
1486,DB00292,D002389
1487,DB00574,D002389
1488,DB00472,D002389
1489,DB00623,D002389
1490,DB02530,D002389
1491,DB00502,D002389
1492,DB05381,D002389
1493,DB00557,D002389
1494,DB01221,D002389
1495,DB01202,D002389
1496,DB01235,D002389
1497,DB00186,D002389
1498,DB00408,D002389
1499,DB00934,D002389
1500,DB01065,D002389
1501,DB00454,D002389
1502,DB00422,D002389
1503,DB00295,D002389
1504,DB01183,D002389
1505,DB00788,D002389
1506,DB04743,D002389
1507,DB01165,D002389
1508,DB00334,D002389
1509,DB00338,D002389
1510,DB00850,D002389
1511,DB00780,D002389
1512,DB00397,D002389
1513,DB00960,D002389
1514,DB00592,D002389
1515,DB00860,D002389
1516,DB00635,D002389
1517,DB01032,D002389
1518,DB00433,D002389
1519,DB00206,D002389
1520,DB00734,D002389
1521,DB00533,D002389
1522,DB00747,D002389
1523,DB01037,D002389
1524,DB01104,D002389
1525,DB00391,D002389
1526,DB00864,D002389
1527,DB00679,D002389
1528,DB01623,D002389
1529,DB00193,D002389
1530,DB00831,D002389
1531,DB00376,D002389
1532,DB00313,D002389
1533,DB00181,D002422
1534,DB01068,D002422
1535,DB01221,D002422
1536,DB00281,D002422
1537,DB00683,D002422
1538,DB01618,D002422
1539,DB00925,D002422
1540,DB00531,D020226
1541,DB01045,D020226
1542,DB01212,D020806
1543,DB00907,D020863
1544,DB00915,D002493
1545,DB01223,D002493
1546,DB01118,D002493
1547,DB00714,D002493
1548,DB09274,D002493
1549,DB00993,D002493
1550,DB00181,D002493
1551,DB01393,D002493
1552,DB00297,D002493
1553,DB01101,D002493
1554,DB00564,D002493
1555,DB01161,D002493
1556,DB00501,D002493
1557,DB00827,D002493
1558,DB00537,D002493
1559,DB01211,D002493
1560,DB00907,D002493
1561,DB00979,D002493
1562,DB00531,D002493
1563,DB00987,D002493
1564,DB00851,D002493
1565,DB00694,D002493
1566,DB00900,D002493
1567,DB00985,D002493
1568,DB01075,D002493
1569,DB00822,D002493
1570,DB01184,D002493
1571,DB00988,D002493
1572,DB00997,D002493
1573,DB00625,D002493
1574,DB00898,D002493
1575,DB00927,D002493
1576,DB00813,D002493
1577,DB01073,D002493
1578,DB01205,D002493
1579,DB00690,D002493
1580,DB03843,D002493
1581,DB00400,D002493
1582,DB00756,D002493
1583,DB00327,D002493
1584,DB01181,D002493
1585,DB00458,D002493
1586,DB00328,D002493
1587,DB00951,D002493
1588,DB01009,D002493
1589,DB00848,D002493
1590,DB01002,D002493
1591,DB00281,D002493
1592,DB00227,D002493
1593,DB00737,D002493
1594,DB01065,D002493
1595,DB00454,D002493
1596,DB00961,D002493
1597,DB00333,D002493
1598,DB00563,D002493
1599,DB09241,D002493
1600,DB00264,D002493
1601,DB00916,D002493
1602,DB00379,D002493
1603,DB00683,D002493
1604,DB01017,D002493
1605,DB00648,D002493
1606,DB00238,D002493
1607,DB00435,D002493
1608,DB01165,D002493
1609,DB01229,D002493
1610,DB00487,D002493
1611,DB00652,D002493
1612,DB00312,D002493
1613,DB00806,D002493
1614,DB01174,D002493
1615,DB00252,D002493
1616,DB00981,D002493
1617,DB01168,D002493
1618,DB00396,D002493
1619,DB00818,D002493
1620,DB00908,D002493
1621,DB00206,D002493
1622,DB00296,D002493
1623,DB00649,D002493
1624,DB00795,D002493
1625,DB00373,D002493
1626,DB01056,D002493
1627,DB00273,D002493
1628,DB00755,D002493
1629,DB00897,D002493
1630,DB00347,D002493
1631,DB00792,D002493
1632,DB00427,D002493
1633,DB00313,D002493
1634,DB00541,D002493
1635,DB00361,D002493
1636,DB00163,D002493
1637,DB00909,D002493
1638,DB01263,D020314
1639,DB00635,D020314
1640,DB00262,D002494
1641,DB07565,D002494
1642,DB00608,D002494
1643,DB00091,D002494
1644,DB00196,D002494
1645,DB01026,D002494
1646,DB00635,D002494
1647,DB00262,D016543
1648,DB00987,D016543
1649,DB00773,D016543
1650,DB00741,D016543
1651,DB01206,D016543
1652,DB00563,D016543
1653,DB01204,D016543
1654,DB01024,D016543
1655,DB01168,D016543
1656,DB00755,D016543
1657,DB00541,D016543
1658,DB00819,D002524
1659,DB00915,D002524
1660,DB01118,D002524
1661,DB00181,D002524
1662,DB00490,D002524
1663,DB01101,D002524
1664,DB00564,D002524
1665,DB01068,D002524
1666,DB00987,D002524
1667,DB00822,D002524
1668,DB01248,D002524
1669,DB00544,D002524
1670,DB00158,D002524
1671,DB00996,D002524
1672,DB01437,D002524
1673,DB00951,D002524
1674,DB00281,D002524
1675,DB14509,D002524
1676,DB00934,D002524
1677,DB00454,D002524
1678,DB00961,D002524
1679,DB00916,D002524
1680,DB01595,D002524
1681,DB00487,D002524
1682,DB00780,D002524
1683,DB00252,D002524
1684,DB01035,D002524
1685,DB00571,D002524
1686,DB00864,D002524
1687,DB00675,D002524
1688,DB00152,D002524
1689,DB01118,D002526
1690,DB00321,D002526
1691,DB01101,D002526
1692,DB00564,D002526
1693,DB00477,D002526
1694,DB00501,D002526
1695,DB00907,D002526
1696,DB00987,D002526
1697,DB00694,D002526
1698,DB00829,D002526
1699,DB00390,D002526
1700,DB00898,D002526
1701,DB00544,D002526
1702,DB00502,D002526
1703,DB01181,D002526
1704,DB00951,D002526
1705,DB14509,D002526
1706,DB00563,D002526
1707,DB00916,D002526
1708,DB01115,D002526
1709,DB00698,D002526
1710,DB00497,D002526
1711,DB00850,D002526
1712,DB00252,D002526
1713,DB01168,D002526
1714,DB11132,D002526
1715,DB08329,D002526
1716,DB00675,D002526
1717,DB00755,D002526
1718,DB00313,D002526
1719,DB00661,D002526
1720,DB00541,D002526
1721,DB00163,D002526
1722,DB00682,D002526
1723,DB00959,D002528
1724,DB02546,D002528
1725,DB01200,D002539
1726,DB00696,D002539
1727,DB00422,D002539
1728,DB01113,D002539
1729,DB00388,D002539
1730,DB00397,D002539
1731,DB00819,D002543
1732,DB00770,D002543
1733,DB00321,D002543
1734,DB00182,D002543
1735,DB00278,D002543
1736,DB01076,D002543
1737,DB00181,D002543
1738,DB01200,D002543
1739,DB00201,D002543
1740,DB00482,D002543
1741,DB00446,D002543
1742,DB01166,D002543
1743,DB00215,D002543
1744,DB00758,D002543
1745,DB00907,D002543
1746,DB00531,D002543
1747,DB00091,D002543
1748,DB00987,D002543
1749,DB00694,D002543
1750,DB00746,D002543
1751,DB01234,D002543
1752,DB00829,D002543
1753,DB00997,D002543
1754,DB01225,D002543
1755,DB01364,D002543
1756,DB00668,D002543
1757,DB00783,D002543
1758,DB00898,D002543
1759,DB00574,D002543
1760,DB00472,D002543
1761,DB00695,D002543
1762,DB01109,D002543
1763,DB01050,D002543
1764,DB00328,D002543
1765,DB00982,D002543
1766,DB00007,D002543
1767,DB00589,D002543
1768,DB01206,D002543
1769,DB00653,D002543
1770,DB00563,D002543
1771,DB00959,D002543
1772,DB00916,D002543
1773,DB01204,D002543
1774,DB00622,D002543
1775,DB00184,D002543
1776,DB00727,D002543
1777,DB00368,D002543
1778,DB09140,D002543
1779,DB00022,D002543
1780,DB01174,D002543
1781,DB00946,D002543
1782,DB00191,D002543
1783,DB00397,D002543
1784,DB01168,D002543
1785,DB00396,D002543
1786,DB00550,D002543
1787,DB00852,D002543
1788,DB00811,D002543
1789,DB00867,D002543
1790,DB00864,D002543
1791,DB00675,D002543
1792,DB00277,D002543
1793,DB00752,D002543
1794,DB00755,D002543
1795,DB00541,D002543
1796,DB00682,D002543
1797,DB01234,D020202
1798,DB01118,D002544
1799,DB00182,D002544
1800,DB00217,D002544
1801,DB01200,D002544
1802,DB00201,D002544
1803,DB01166,D002544
1804,DB00515,D002544
1805,DB00907,D002544
1806,DB01234,D002544
1807,DB00320,D002544
1808,DB00822,D002544
1809,DB01248,D002544
1810,DB00997,D002544
1811,DB00470,D002544
1812,DB00584,D002544
1813,DB00668,D002544
1814,DB00696,D002544
1815,DB00783,D002544
1816,DB01628,D002544
1817,DB00544,D002544
1818,DB00695,D002544
1819,DB01296,D002544
1820,DB01170,D002544
1821,DB01109,D002544
1822,DB01181,D002544
1823,DB00563,D002544
1824,DB00968,D002544
1825,DB00422,D002544
1826,DB01017,D002544
1827,DB01115,D002544
1828,DB00393,D002544
1829,DB00325,D002544
1830,DB09140,D002544
1831,DB00388,D002544
1832,DB00397,D002544
1833,DB00252,D002544
1834,DB01085,D002544
1835,DB00396,D002544
1836,DB01045,D002544
1837,DB00669,D002544
1838,DB00864,D002544
1839,DB01041,D002544
1840,DB00208,D002544
1841,DB00302,D002544
1842,DB00682,D002544
1843,DB00181,D002547
1844,DB11136,D002547
1845,DB01219,D002547
1846,DB01234,D002547
1847,DB00653,D002547
1848,DB00867,D002547
1849,DB12965,D002547
1850,DB00273,D002547
1851,DB01080,D002547
1852,DB01212,D058565
1853,DB00563,D058565
1854,DB01200,D002558
1855,DB01200,D002559
1856,DB00572,D002561
1857,DB01200,D002561
1858,DB06774,D002561
1859,DB00575,D002561
1860,DB00907,D002561
1861,DB00091,D002561
1862,DB00333,D002561
1863,DB00959,D002561
1864,DB00184,D002561
1865,DB01115,D002561
1866,DB00393,D002561
1867,DB00435,D002561
1868,DB00334,D002561
1869,DB00022,D002561
1870,DB00806,D002561
1871,DB00175,D002561
1872,DB00635,D002561
1873,DB00396,D002561
1874,DB00881,D002561
1875,DB00811,D002561
1876,DB00734,D002561
1877,DB00669,D002561
1878,DB00864,D002561
1879,DB00624,D002561
1880,DB13944,D002561
1881,DB00208,D002561
1882,DB08814,D002561
1883,DB00682,D002561
1884,DB00126,D002607
1885,DB00541,D002607
1886,DB00787,D002819
1887,DB00915,D002819
1888,DB00321,D002819
1889,DB00543,D002819
1890,DB00182,D002819
1891,DB00972,D002819
1892,DB00181,D002819
1893,DB00810,D002819
1894,DB00477,D002819
1895,DB00501,D002819
1896,DB00363,D002819
1897,DB00907,D002819
1898,DB01176,D002819
1899,DB00434,D002819
1900,DB00829,D002819
1901,DB00390,D002819
1902,DB01084,D002819
1903,DB00426,D002819
1904,DB00927,D002819
1905,DB00472,D002819
1906,DB00996,D002819
1907,DB00502,D002819
1908,DB00557,D002819
1909,DB00555,D002819
1910,DB01202,D002819
1911,DB01235,D002819
1912,DB00333,D002819
1913,DB00563,D002819
1914,DB00968,D002819
1915,DB00422,D002819
1916,DB01233,D002819
1917,DB00916,D002819
1918,DB00370,D002819
1919,DB00745,D002819
1920,DB01618,D002819
1921,DB09389,D002819
1922,DB00334,D002819
1923,DB00904,D002819
1924,DB00715,D002819
1925,DB00850,D002819
1926,DB00252,D002819
1927,DB00981,D002819
1928,DB00387,D002819
1929,DB00818,D002819
1930,DB00863,D002819
1931,DB00206,D002819
1932,DB00795,D002819
1933,DB00391,D002819
1934,DB04844,D002819
1935,DB00277,D002819
1936,DB00679,D002819
1937,DB00752,D002819
1938,DB00656,D002819
1939,DB00831,D002819
1940,DB00376,D002819
1941,DB00313,D002819
1942,DB00541,D002819
1943,DB00813,D021081
1944,DB00677,D021081
1945,DB01183,D021081
1946,DB00818,D021081
1947,DB00519,D021081
1948,DB00361,D021081
1949,DB00550,D054221
1950,DB00907,D003027
1951,DB00696,D003027
1952,DB00328,D003027
1953,DB00883,D003027
1954,DB00727,D003027
1955,DB09140,D003027
1956,DB00669,D003027
1957,DB00273,D003027
1958,DB00661,D003027
1959,DB00682,D003027
1960,DB01118,D003117
1961,DB00564,D003117
1962,DB00608,D003117
1963,DB00537,D003117
1964,DB00907,D003117
1965,DB00746,D003117
1966,DB00390,D003117
1967,DB00330,D003117
1968,DB00158,D003117
1969,DB01050,D003117
1970,DB00371,D003117
1971,DB00703,D003117
1972,DB00563,D003117
1973,DB00350,D003117
1974,DB00022,D003117
1975,DB00252,D003117
1976,DB00908,D003117
1977,DB00863,D003117
1978,DB00811,D003117
1979,DB00675,D003117
1980,DB00679,D003117
1981,DB00906,D003117
1982,DB00302,D003117
1983,DB00313,D003117
1984,DB01080,D003117
1985,DB00316,D003128
1986,DB00819,D003128
1987,DB00414,D003128
1988,DB00787,D003128
1989,DB00404,D003128
1990,DB00915,D003128
1991,DB01118,D003128
1992,DB06288,D003128
1993,DB00321,D003128
1994,DB01351,D003128
1995,DB09274,D003128
1996,DB00572,D003128
1997,DB00181,D003128
1998,DB01558,D003128
1999,DB01156,D003128
2000,DB01101,D003128
2001,DB00564,D003128
2002,DB00608,D003128
2003,DB00672,D003128
2004,DB00501,D003128
2005,DB00537,D003128
2006,DB00515,D003128
2007,DB00215,D003128
2008,DB01068,D003128
2009,DB00575,D003128
2010,DB00363,D003128
2011,DB00907,D003128
2012,DB00318,D003128
2013,DB00091,D003128
2014,DB00987,D003128
2015,DB00633,D003128
2016,DB00514,D003128
2017,DB00647,D003128
2018,DB00829,D003128
2019,DB01119,D003128
2020,DB00390,D003128
2021,DB01075,D003128
2022,DB00280,D003128
2023,DB00822,D003128
2024,DB01184,D003128
2025,DB01142,D003128
2026,DB00997,D003128
2027,DB00450,D003128
2028,DB01364,D003128
2029,DB00402,D003128
2030,DB00330,D003128
2031,DB00898,D003128
2032,DB00573,D003128
2033,DB00813,D003128
2034,DB01205,D003128
2035,DB01544,D003128
2036,DB00544,D003128
2037,DB00623,D003128
2038,DB00176,D003128
2039,DB00695,D003128
2040,DB01437,D003128
2041,DB01016,D003128
2042,DB00502,D003128
2043,DB01050,D003128
2044,DB01181,D003128
2045,DB00224,D003128
2046,DB00328,D003128
2047,DB00951,D003128
2048,DB01221,D003128
2049,DB01235,D003128
2050,DB00281,D003128
2051,DB14509,D003128
2052,DB00186,D003128
2053,DB00653,D003128
2054,DB00934,D003128
2055,DB00933,D003128
2056,DB00333,D003128
2057,DB00703,D003128
2058,DB00134,D003128
2059,DB00563,D003128
2060,DB01403,D003128
2061,DB05246,D003128
2062,DB00916,D003128
2063,DB00683,D003128
2064,DB00295,D003128
2065,DB01183,D003128
2066,DB01149,D003128
2067,DB01115,D003128
2068,DB01595,D003128
2069,DB00727,D003128
2070,DB00325,D003128
2071,DB00334,D003128
2072,DB00842,D003128
2073,DB00776,D003128
2074,DB09140,D003128
2075,DB00595,D003128
2076,DB01229,D003128
2077,DB01337,D003128
2078,DB01113,D003128
2079,DB00715,D003128
2080,DB00738,D003128
2081,DB00652,D003128
2082,DB00312,D003128
2083,DB00780,D003128
2084,DB01174,D003128
2085,DB03255,D003128
2086,DB00388,D003128
2087,DB00252,D003128
2088,DB00981,D003128
2089,DB00635,D003128
2090,DB00818,D003128
2091,DB00571,D003128
2092,DB00165,D003128
2093,DB00468,D003128
2094,DB01045,D003128
2095,DB00734,D003128
2096,DB00503,D003128
2097,DB00936,D003128
2098,DB00747,D003128
2099,DB01104,D003128
2100,DB09072,D003128
2101,DB00139,D003128
2102,DB00795,D003128
2103,DB00864,D003128
2104,DB00675,D003128
2105,DB01162,D003128
2106,DB00342,D003128
2107,DB00277,D003128
2108,DB00599,D003128
2109,DB00679,D003128
2110,DB00193,D003128
2111,DB00302,D003128
2112,DB00752,D003128
2113,DB00656,D003128
2114,DB00897,D003128
2115,DB00376,D003128
2116,DB00313,D003128
2117,DB00541,D003128
2118,DB00495,D003128
2119,DB00425,D003128
2120,DB00126,D020918
2121,DB00295,D020918
2122,DB06736,D003221
2123,DB00316,D003221
2124,DB00819,D003221
2125,DB00787,D003221
2126,DB00518,D003221
2127,DB01001,D003221
2128,DB00915,D003221
2129,DB01118,D003221
2130,DB00714,D003221
2131,DB00181,D003221
2132,DB01558,D003221
2133,DB01200,D003221
2134,DB00490,D003221
2135,DB00611,D003221
2136,DB00564,D003221
2137,DB00262,D003221
2138,DB01413,D003221
2139,DB00438,D003221
2140,DB00482,D003221
2141,DB00475,D003221
2142,DB00477,D003221
2143,DB00501,D003221
2144,DB00537,D003221
2145,DB00215,D003221
2146,DB01211,D003221
2147,DB01068,D003221
2148,DB01147,D003221
2149,DB00363,D003221
2150,DB00907,D003221
2151,DB01176,D003221
2152,DB00979,D003221
2153,DB00091,D003221
2154,DB00987,D003221
2155,DB00746,D003221
2156,DB01151,D003221
2157,DB01234,D003221
2158,DB01191,D003221
2159,DB00514,D003221
2160,DB00829,D003221
2161,DB01396,D003221
2162,DB00390,D003221
2163,DB00985,D003221
2164,DB01075,D003221
2165,DB00822,D003221
2166,DB00199,D003221
2167,DB00898,D003221
2168,DB00773,D003221
2169,DB00927,D003221
2170,DB00574,D003221
2171,DB00813,D003221
2172,DB01195,D003221
2173,DB00322,D003221
2174,DB01205,D003221
2175,DB01544,D003221
2176,DB00544,D003221
2177,DB00472,D003221
2178,DB00176,D003221
2179,DB00695,D003221
2180,DB00441,D003221
2181,DB00502,D003221
2182,DB01181,D003221
2183,DB00458,D003221
2184,DB00328,D003221
2185,DB01247,D003221
2186,DB00753,D003221
2187,DB00951,D003221
2188,DB01221,D003221
2189,DB01026,D003221
2190,DB04398,D003221
2191,DB00848,D003221
2192,DB01235,D003221
2193,DB00281,D003221
2194,DB00589,D003221
2195,DB14509,D003221
2196,DB00186,D003221
2197,DB00678,D003221
2198,DB00737,D003221
2199,DB00358,D003221
2200,DB01065,D003221
2201,DB00814,D003221
2202,DB01043,D003221
2203,DB00961,D003221
2204,DB00331,D003221
2205,DB00333,D003221
2206,DB00703,D003221
2207,DB00563,D003221
2208,DB01403,D003221
2209,DB00968,D003221
2210,DB00422,D003221
2211,DB00959,D003221
2212,DB01233,D003221
2213,DB00916,D003221
2214,DB00683,D003221
2215,DB01017,D003221
2216,DB00745,D003221
2217,DB00295,D003221
2218,DB00218,D003221
2219,DB01183,D003221
2220,DB01149,D003221
2221,DB01595,D003221
2222,DB01165,D003221
2223,DB00338,D003221
2224,DB01173,D003221
2225,DB00497,D003221
2226,DB00595,D003221
2227,DB01229,D003221
2228,DB00715,D003221
2229,DB00487,D003221
2230,DB00652,D003221
2231,DB01186,D003221
2232,DB00780,D003221
2233,DB01174,D003221
2234,DB00191,D003221
2235,DB00397,D003221
2236,DB00252,D003221
2237,DB00981,D003221
2238,DB01085,D003221
2239,DB00319,D003221
2240,DB00554,D003221
2241,DB00761,D003221
2242,DB00230,D003221
2243,DB01087,D003221
2244,DB00721,D003221
2245,DB00387,D003221
2246,DB00818,D003221
2247,DB00571,D003221
2248,DB00165,D003221
2249,DB00468,D003221
2250,DB01129,D003221
2251,DB00863,D003221
2252,DB01367,D003221
2253,DB00734,D003221
2254,DB00503,D003221
2255,DB00747,D003221
2256,DB01104,D003221
2257,DB00864,D003221
2258,DB00231,D003221
2259,DB01041,D003221
2260,DB00277,D003221
2261,DB00679,D003221
2262,DB00373,D003221
2263,DB01056,D003221
2264,DB00752,D003221
2265,DB00656,D003221
2266,DB00897,D003221
2267,DB00376,D003221
2268,DB00313,D003221
2269,DB00661,D003221
2270,DB00541,D003221
2271,DB06283,D003221
2272,DB00495,D003221
2273,DB00714,D003244
2274,DB00964,D003244
2275,DB00181,D003244
2276,DB00575,D003244
2277,DB00531,D003244
2278,DB00987,D003244
2279,DB01151,D003244
2280,DB01075,D003244
2281,DB01248,D003244
2282,DB00898,D003244
2283,DB00813,D003244
2284,DB01205,D003244
2285,DB00502,D003244
2286,DB00458,D003244
2287,DB00328,D003244
2288,DB00951,D003244
2289,DB14509,D003244
2290,DB00563,D003244
2291,DB00422,D003244
2292,DB00959,D003244
2293,DB01017,D003244
2294,DB00295,D003244
2295,DB01183,D003244
2296,DB00334,D003244
2297,DB00338,D003244
2298,DB01173,D003244
2299,DB01229,D003244
2300,DB00715,D003244
2301,DB00312,D003244
2302,DB00252,D003244
2303,DB00981,D003244
2304,DB00433,D003244
2305,DB01182,D003244
2306,DB01045,D003244
2307,DB00391,D003244
2308,DB00864,D003244
2309,DB00675,D003244
2310,DB00302,D003244
2311,DB00897,D003244
2312,DB00313,D003244
2313,DB00195,D065306
2314,DB00575,D065306
2315,DB01234,D065306
2316,DB00997,D065306
2317,DB00898,D065306
2318,DB00515,D003389
2319,DB00907,D003389
2320,DB00987,D003389
2321,DB00563,D003389
2322,DB00929,D003389
2323,DB00165,D003389
2324,DB01041,D003389
2325,DB00541,D003389
2326,DB00819,D006259
2327,DB00572,D006259
2328,DB01234,D006259
2329,DB00312,D006259
2330,DB09130,D007562
2331,DB00313,D003616
2332,DB00682,D003616
2333,DB00415,D003638
2334,DB00626,D003638
2335,DB00446,D003638
2336,DB07565,D003638
2337,DB00515,D003638
2338,DB00746,D003638
2339,DB01234,D003638
2340,DB00647,D003638
2341,DB00997,D003638
2342,DB00452,D003638
2343,DB00695,D003638
2344,DB01172,D003638
2345,DB00772,D003638
2346,DB00603,D003638
2347,DB00916,D003638
2348,DB00994,D003638
2349,DB01229,D003638
2350,DB01421,D003638
2351,DB00571,D003638
2352,DB01839,D003638
2353,DB00908,D003638
2354,DB00468,D003638
2355,DB01082,D003638
2356,DB01041,D003638
2357,DB00181,D003655
2358,DB00563,D003655
2359,DB00819,D003693
2360,DB00787,D003693
2361,DB00518,D003693
2362,DB00404,D003693
2363,DB00915,D003693
2364,DB00513,D003693
2365,DB01118,D003693
2366,DB06288,D003693
2367,DB00321,D003693
2368,DB00913,D003693
2369,DB00335,D003693
2370,DB00572,D003693
2371,DB00207,D003693
2372,DB00181,D003693
2373,DB06698,D003693
2374,DB00810,D003693
2375,DB01558,D003693
2376,DB01200,D003693
2377,DB01156,D003693
2378,DB00564,D003693
2379,DB01413,D003693
2380,DB00567,D003693
2381,DB00475,D003693
2382,DB00608,D003693
2383,DB00477,D003693
2384,DB00501,D003693
2385,DB00537,D003693
2386,DB00215,D003693
2387,DB01211,D003693
2388,DB01242,D003693
2389,DB00575,D003693
2390,DB00363,D003693
2391,DB00907,D003693
2392,DB00318,D003693
2393,DB00924,D003693
2394,DB00091,D003693
2395,DB00434,D003693
2396,DB01151,D003693
2397,DB01234,D003693
2398,DB00633,D003693
2399,DB00514,D003693
2400,DB00829,D003693
2401,DB00586,D003693
2402,DB01396,D003693
2403,DB00390,D003693
2404,DB00343,D003693
2405,DB01075,D003693
2406,DB00822,D003693
2407,DB00843,D003693
2408,DB01142,D003693
2409,DB00450,D003693
2410,DB00898,D003693
2411,DB00927,D003693
2412,DB00813,D003693
2413,DB01195,D003693
2414,DB00196,D003693
2415,DB01205,D003693
2416,DB00472,D003693
2417,DB00695,D003693
2418,DB00674,D003693
2419,DB00502,D003693
2420,DB11181,D003693
2421,DB01050,D003693
2422,DB01181,D003693
2423,DB00458,D003693
2424,DB00328,D003693
2425,DB01029,D003693
2426,DB00753,D003693
2427,DB01167,D003693
2428,DB01221,D003693
2429,DB00555,D003693
2430,DB01202,D003693
2431,DB01235,D003693
2432,DB00281,D003693
2433,DB14509,D003693
2434,DB00836,D003693
2435,DB00186,D003693
2436,DB00653,D003693
2437,DB00934,D003693
2438,DB00358,D003693
2439,DB01043,D003693
2440,DB00454,D003693
2441,DB00333,D003693
2442,DB00703,D003693
2443,DB00563,D003693
2444,DB01233,D003693
2445,DB00264,D003693
2446,DB00683,D003693
2447,DB00929,D003693
2448,DB00295,D003693
2449,DB00704,D003693
2450,DB00238,D003693
2451,DB00627,D003693
2452,DB00184,D003693
2453,DB01115,D003693
2454,DB01595,D003693
2455,DB00325,D003693
2456,DB00585,D003693
2457,DB01165,D003693
2458,DB00334,D003693
2459,DB00338,D003693
2460,DB00904,D003693
2461,DB01062,D003693
2462,DB00497,D003693
2463,DB00715,D003693
2464,DB00487,D003693
2465,DB00022,D003693
2466,DB01438,D003693
2467,DB00780,D003693
2468,DB00252,D003693
2469,DB00981,D003693
2470,DB01085,D003693
2471,DB00635,D003693
2472,DB01035,D003693
2473,DB01069,D003693
2474,DB01182,D003693
2475,DB00818,D003693
2476,DB00571,D003693
2477,DB00908,D003693
2478,DB00863,D003693
2479,DB00811,D003693
2480,DB00734,D003693
2481,DB00989,D003693
2482,DB00747,D003693
2483,DB01037,D003693
2484,DB01104,D003693
2485,DB01236,D003693
2486,DB00605,D003693
2487,DB00382,D003693
2488,DB00277,D003693
2489,DB00599,D003693
2490,DB00679,D003693
2491,DB00193,D003693
2492,DB00752,D003693
2493,DB00656,D003693
2494,DB00897,D003693
2495,DB00440,D003693
2496,DB00313,D003693
2497,DB00661,D003693
2498,DB00425,D003693
2499,DB00915,D003704
2500,DB01222,D003704
2501,DB01136,D003704
2502,DB00438,D003704
2503,DB04540,D003704
2504,DB00501,D003704
2505,DB00575,D003704
2506,DB00363,D003704
2507,DB09130,D003704
2508,DB11672,D003704
2509,DB00746,D003704
2510,DB00390,D003704
2511,DB00843,D003704
2512,DB00544,D003704
2513,DB00158,D003704
2514,DB00502,D003704
2515,DB01592,D003704
2516,DB00951,D003704
2517,DB00848,D003704
2518,DB00408,D003704
2519,DB00603,D003704
2520,DB01043,D003704
2521,DB00563,D003704
2522,DB00968,D003704
2523,DB00218,D003704
2524,DB01183,D003704
2525,DB00393,D003704
2526,DB00435,D003704
2527,DB00540,D003704
2528,DB00334,D003704
2529,DB00252,D003704
2530,DB01085,D003704
2531,DB00635,D003704
2532,DB00794,D003704
2533,DB00396,D003704
2534,DB00908,D003704
2535,DB00734,D003704
2536,DB00989,D003704
2537,DB00747,D003704
2538,DB01104,D003704
2539,DB00428,D003704
2540,DB00679,D003704
2541,DB00656,D003704
2542,DB00313,D003704
2543,DB11094,D003704
2544,DB00806,D015161
2545,DB00993,D015140
2546,DB00674,D015140
2547,DB01043,D015140
2548,DB00435,D015140
2549,DB00860,D015140
2550,DB11094,D015140
2551,DB06151,D003711
2552,DB01118,D003711
2553,DB06756,D003711
2554,DB00608,D003711
2555,DB00672,D003711
2556,DB00242,D003711
2557,DB00907,D003711
2558,DB00987,D003711
2559,DB01234,D003711
2560,DB00586,D003711
2561,DB01093,D003711
2562,DB00997,D003711
2563,DB00783,D003711
2564,DB00544,D003711
2565,DB00756,D003711
2566,DB00848,D003711
2567,DB08882,D003711
2568,DB00134,D003711
2569,DB00563,D003711
2570,DB01204,D003711
2571,DB06174,D003711
2572,DB01229,D003711
2573,DB00252,D003711
2574,DB01085,D003711
2575,DB01263,D003711
2576,DB00635,D003711
2577,DB00721,D003711
2578,DB00396,D003711
2579,DB00205,D003711
2580,DB00296,D003711
2581,DB00877,D003711
2582,DB00428,D003711
2583,DB00605,D003711
2584,DB00864,D003711
2585,DB00675,D003711
2586,DB00152,D003711
2587,DB00685,D003711
2588,DB01080,D003711
2589,DB00541,D003711
2590,DB00309,D003711
2591,DB00943,D003711
2592,DB01217,D003882
2593,DB00993,D003882
2594,DB00531,D003882
2595,DB00586,D003882
2596,DB00773,D003882
2597,DB00544,D003882
2598,DB01095,D003882
2599,DB01611,D003882
2600,DB01005,D003882
2601,DB00227,D003882
2602,DB00563,D003882
2603,DB00959,D003882
2604,DB01017,D003882
2605,DB00338,D003882
2606,DB00812,D003882
2607,DB00252,D003882
2608,DB00175,D003882
2609,DB00860,D003882
2610,DB00635,D003882
2611,DB00641,D003882
2612,DB00675,D003882
2613,DB00321,D003929
2614,DB00514,D003929
2615,DB00584,D003929
2616,DB01095,D003929
2617,DB00996,D003929
2618,DB00458,D003929
2619,DB01029,D003929
2620,DB00281,D003929
2621,DB00722,D003929
2622,DB01017,D003929
2623,DB09140,D003929
2624,DB00715,D003929
2625,DB00806,D003929
2626,DB00230,D003929
2627,DB00396,D003929
2628,DB00412,D003929
2629,DB01082,D003929
2630,DB00428,D003929
2631,DB00605,D003929
2632,DB00641,D020833
2633,DB00459,D004172
2634,DB00993,D004172
2635,DB00564,D004172
2636,DB00608,D004172
2637,DB00501,D004172
2638,DB00537,D004172
2639,DB00215,D004172
2640,DB01190,D004172
2641,DB00987,D004172
2642,DB00829,D004172
2643,DB00343,D004172
2644,DB01075,D004172
2645,DB00668,D004172
2646,DB01544,D004172
2647,DB00472,D004172
2648,DB01611,D004172
2649,DB01050,D004172
2650,DB00951,D004172
2651,DB00555,D004172
2652,DB00281,D004172
2653,DB00653,D004172
2654,DB00961,D004172
2655,DB00563,D004172
2656,DB00264,D004172
2657,DB00683,D004172
2658,DB01017,D004172
2659,DB00929,D004172
2660,DB00295,D004172
2661,DB01183,D004172
2662,DB00698,D004172
2663,DB00727,D004172
2664,DB00776,D004172
2665,DB01580,D004172
2666,DB01229,D004172
2667,DB01337,D004172
2668,DB00022,D004172
2669,DB00812,D004172
2670,DB00252,D004172
2671,DB00571,D004172
2672,DB00811,D004172
2673,DB00503,D004172
2674,DB00864,D004172
2675,DB00759,D004172
2676,DB00679,D004172
2677,DB00755,D004172
2678,DB00897,D004172
2679,DB00541,D004172
2680,DB00162,D004172
2681,DB00918,D006970
2682,DB00404,D006970
2683,DB00321,D006970
2684,DB00714,D006970
2685,DB01238,D006970
2686,DB00335,D006970
2687,DB00972,D006970
2688,DB01558,D006970
2689,DB01200,D006970
2690,DB00490,D006970
2691,DB00248,D006970
2692,DB00564,D006970
2693,DB00341,D006970
2694,DB00475,D006970
2695,DB01114,D006970
2696,DB00477,D006970
2697,DB00310,D006970
2698,DB00356,D006970
2699,DB00501,D006970
2700,DB00537,D006970
2701,DB00215,D006970
2702,DB00283,D006970
2703,DB00349,D006970
2704,DB01242,D006970
2705,DB01068,D006970
2706,DB00575,D006970
2707,DB00363,D006970
2708,DB00907,D006970
2709,DB00260,D006970
2710,DB00091,D006970
2711,DB01191,D006970
2712,DB00514,D006970
2713,DB00829,D006970
2714,DB00985,D006970
2715,DB01075,D006970
2716,DB00561,D006970
2717,DB01142,D006970
2718,DB00450,D006970
2719,DB00494,D006970
2720,DB00199,D006970
2721,DB01205,D006970
2722,DB04841,D006970
2723,DB01544,D006970
2724,DB00472,D006970
2725,DB00623,D006970
2726,DB00176,D006970
2727,DB01018,D006970
2728,DB00502,D006970
2729,DB00557,D006970
2730,DB01181,D006970
2731,DB00951,D006970
2732,DB00982,D006970
2733,DB01221,D006970
2734,DB01202,D006970
2735,DB01235,D006970
2736,DB00281,D006970
2737,DB00589,D006970
2738,DB00186,D006970
2739,DB00934,D006970
2740,DB01065,D006970
2741,DB00454,D006970
2742,DB00333,D006970
2743,DB00703,D006970
2744,DB00563,D006970
2745,DB00422,D006970
2746,DB01233,D006970
2747,DB00916,D006970
2748,DB00683,D006970
2749,DB00745,D006970
2750,DB00295,D006970
2751,DB00788,D006970
2752,DB00334,D006970
2753,DB00338,D006970
2754,DB00776,D006970
2755,DB00497,D006970
2756,DB01192,D006970
2757,DB00213,D006970
2758,DB00715,D006970
2759,DB00652,D006970
2760,DB00312,D006970
2761,DB01186,D006970
2762,DB00780,D006970
2763,DB01174,D006970
2764,DB00252,D006970
2765,DB00981,D006970
2766,DB01324,D006970
2767,DB00413,D006970
2768,DB00635,D006970
2769,DB00230,D006970
2770,DB01069,D006970
2771,DB00571,D006970
2772,DB00852,D006970
2773,DB00734,D006970
2774,DB00503,D006970
2775,DB00268,D006970
2776,DB00747,D006970
2777,DB00669,D006970
2778,DB01041,D006970
2779,DB00599,D006970
2780,DB00679,D006970
2781,DB00697,D006970
2782,DB00273,D006970
2783,DB00193,D006970
2784,DB00752,D006970
2785,DB00313,D006970
2786,DB01080,D006970
2787,DB00541,D006970
2788,DB01392,D006970
2789,DB00425,D006970
2790,DB01076,D049310
2791,DB01394,D004314
2792,DB00252,D004314
2793,DB00734,D004314
2794,DB01041,D004370
2795,DB00787,D004401
2796,DB00770,D004401
2797,DB01076,D004401
2798,DB00995,D004401
2799,DB00443,D004401
2800,DB00810,D004401
2801,DB00297,D004401
2802,DB00564,D004401
2803,DB00438,D004401
2804,DB00477,D004401
2805,DB00537,D004401
2806,DB00363,D004401
2807,DB09130,D004401
2808,DB00987,D004401
2809,DB00829,D004401
2810,DB00586,D004401
2811,DB01075,D004401
2812,DB00822,D004401
2813,DB00668,D004401
2814,DB01195,D004401
2815,DB00176,D004401
2816,DB00695,D004401
2817,DB00502,D004401
2818,DB00762,D004401
2819,DB00270,D004401
2820,DB01026,D004401
2821,DB00367,D004401
2822,DB00281,D004401
2823,DB14509,D004401
2824,DB00678,D004401
2825,DB00227,D004401
2826,DB00454,D004401
2827,DB00961,D004401
2828,DB00371,D004401
2829,DB00933,D004401
2830,DB00331,D004401
2831,DB00563,D004401
2832,DB01233,D004401
2833,DB00916,D004401
2834,DB00683,D004401
2835,DB01017,D004401
2836,DB01115,D004401
2837,DB01595,D004401
2838,DB01165,D004401
2839,DB00715,D004401
2840,DB00252,D004401
2841,DB00175,D004401
2842,DB00433,D004401
2843,DB00165,D004401
2844,DB00863,D004401
2845,DB00734,D004401
2846,DB00296,D004401
2847,DB00747,D004401
2848,DB01104,D004401
2849,DB00641,D004401
2850,DB00864,D004401
2851,DB00679,D004401
2852,DB00208,D004401
2853,DB01056,D004401
2854,DB00273,D004401
2855,DB00656,D004401
2856,DB00831,D004401
2857,DB00376,D004401
2858,DB00313,D004401
2859,DB00661,D004401
2860,DB00541,D004401
2861,DB00819,D004408
2862,DB00381,D004408
2863,DB00993,D004408
2864,DB00207,D004408
2865,DB00343,D004408
2866,DB00975,D004408
2867,DB01248,D004408
2868,DB00584,D004408
2869,DB00813,D004408
2870,DB00281,D004408
2871,DB14509,D004408
2872,DB00678,D004408
2873,DB01115,D004408
2874,DB01229,D004408
2875,DB00550,D004408
2876,DB06217,D004408
2877,DB01593,D004408
2878,DB00770,D004409
2879,DB00915,D004409
2880,DB01118,D004409
2881,DB06288,D004409
2882,DB00321,D004409
2883,DB00543,D004409
2884,DB00182,D004409
2885,DB00714,D004409
2886,DB01238,D004409
2887,DB00995,D004409
2888,DB00181,D004409
2889,DB12783,D004409
2890,DB00810,D004409
2891,DB01200,D004409
2892,DB00835,D004409
2893,DB01156,D004409
2894,DB00490,D004409
2895,DB00248,D004409
2896,DB00201,D004409
2897,DB00564,D004409
2898,DB00190,D004409
2899,DB01212,D004409
2900,DB01112,D004409
2901,DB01114,D004409
2902,DB00477,D004409
2903,DB00501,D004409
2904,DB00215,D004409
2905,DB01407,D004409
2906,DB01242,D004409
2907,DB01068,D004409
2908,DB00575,D004409
2909,DB00363,D004409
2910,DB00907,D004409
2911,DB00148,D004409
2912,DB00091,D004409
2913,DB01151,D004409
2914,DB01576,D004409
2915,DB00514,D004409
2916,DB00829,D004409
2917,DB00343,D004409
2918,DB00917,D004409
2919,DB01075,D004409
2920,DB00975,D004409
2921,DB00988,D004409
2922,DB00450,D004409
2923,DB00494,D004409
2924,DB00593,D004409
2925,DB00949,D004409
2926,DB00574,D004409
2927,DB04841,D004409
2928,DB00472,D004409
2929,DB00623,D004409
2930,DB00996,D004409
2931,DB00143,D004409
2932,DB00502,D004409
2933,DB00328,D004409
2934,DB11757,D004409
2935,DB01202,D004409
2936,DB01235,D004409
2937,DB00589,D004409
2938,DB14509,D004409
2939,DB00653,D004409
2940,DB00657,D004409
2941,DB00603,D004409
2942,DB01065,D004409
2943,DB01043,D004409
2944,DB00454,D004409
2945,DB00331,D004409
2946,DB00333,D004409
2947,DB01403,D004409
2948,DB05246,D004409
2949,DB00422,D004409
2950,DB00247,D004409
2951,DB01233,D004409
2952,DB00683,D004409
2953,DB00370,D004409
2954,DB01618,D004409
2955,DB00295,D004409
2956,DB00486,D004409
2957,DB01183,D004409
2958,DB00704,D004409
2959,DB00184,D004409
2960,DB01115,D004409
2961,DB00393,D004409
2962,DB04821,D004409
2963,DB00368,D004409
2964,DB00334,D004409
2965,DB00904,D004409
2966,DB01173,D004409
2967,DB01113,D004409
2968,DB01626,D004409
2969,DB00715,D004409
2970,DB01186,D004409
2971,DB00850,D004409
2972,DB00780,D004409
2973,DB01174,D004409
2974,DB00252,D004409
2975,DB00981,D004409
2976,DB05316,D004409
2977,DB01100,D004409
2978,DB00413,D004409
2979,DB00794,D004409
2980,DB00433,D004409
2981,DB00387,D004409
2982,DB00392,D004409
2983,DB00396,D004409
2984,DB01069,D004409
2985,DB00818,D004409
2986,DB00571,D004409
2987,DB00409,D004409
2988,DB00206,D004409
2989,DB00740,D004409
2990,DB06155,D004409
2991,DB00734,D004409
2992,DB00268,D004409
2993,DB01698,D004409
2994,DB00747,D004409
2995,DB01037,D004409
2996,DB01082,D004409
2997,DB00391,D004409
2998,DB08329,D004409
2999,DB00382,D004409
3000,DB00864,D004409
3001,DB00675,D004409
3002,DB00624,D004409
3003,DB04844,D004409
3004,DB00277,D004409
3005,DB00372,D004409
3006,DB00679,D004409
3007,DB00323,D004409
3008,DB00273,D004409
3009,DB00656,D004409
3010,DB00897,D004409
3011,DB00831,D004409
3012,DB00376,D004409
3013,DB01273,D004409
3014,DB00661,D004409
3015,DB01392,D004409
3016,DB00915,D020820
3017,DB01118,D020820
3018,DB00182,D020820
3019,DB00714,D020820
3020,DB00572,D020820
3021,DB00181,D020820
3022,DB01200,D020820
3023,DB00490,D020820
3024,DB00564,D020820
3025,DB00477,D020820
3026,DB01239,D020820
3027,DB01068,D020820
3028,DB00363,D020820
3029,DB00260,D020820
3030,DB01151,D020820
3031,DB01576,D020820
3032,DB00829,D020820
3033,DB01075,D020820
3034,DB00898,D020820
3035,DB00593,D020820
3036,DB00292,D020820
3037,DB00813,D020820
3038,DB04841,D020820
3039,DB00690,D020820
3040,DB00996,D020820
3041,DB00502,D020820
3042,DB01181,D020820
3043,DB01592,D020820
3044,DB00951,D020820
3045,DB11757,D020820
3046,DB01221,D020820
3047,DB01026,D020820
3048,DB01235,D020820
3049,DB00589,D020820
3050,DB14509,D020820
3051,DB00657,D020820
3052,DB00371,D020820
3053,DB00331,D020820
3054,DB00370,D020820
3055,DB00627,D020820
3056,DB01115,D020820
3057,DB00776,D020820
3058,DB01186,D020820
3059,DB00850,D020820
3060,DB01174,D020820
3061,DB00252,D020820
3062,DB00413,D020820
3063,DB00230,D020820
3064,DB00433,D020820
3065,DB01367,D020820
3066,DB00206,D020820
3067,DB04844,D020820
3068,DB00599,D020820
3069,DB00679,D020820
3070,DB01607,D020820
3071,DB00313,D020820
3072,DB01080,D020820
3073,DB00459,D055154
3074,DB00443,D055154
3075,DB01222,D055154
3076,DB00537,D055154
3077,DB01234,D055154
3078,DB00390,D055154
3079,DB00320,D055154
3080,DB00472,D055154
3081,DB00709,D055154
3082,DB00281,D055154
3083,DB00959,D055154
3084,DB00334,D055154
3085,DB00715,D055154
3086,DB00790,D055154
3087,DB00376,D055154
3088,DB00313,D055154
3089,DB00541,D055154
3090,DB00246,D055154
3091,DB00509,D020920
3092,DB00502,D020920
3093,DB00328,D020920
3094,DB00960,D020920
3095,DB00734,D020920
3096,DB11094,D020920
3097,DB00819,D004421
3098,DB00802,D004421
3099,DB06288,D004421
3100,DB00321,D004421
3101,DB01351,D004421
3102,DB00543,D004421
3103,DB00182,D004421
3104,DB00714,D004421
3105,DB01238,D004421
3106,DB00181,D004421
3107,DB06698,D004421
3108,DB01019,D004421
3109,DB00810,D004421
3110,DB01558,D004421
3111,DB01200,D004421
3112,DB01156,D004421
3113,DB00490,D004421
3114,DB09061,D004421
3115,DB01101,D004421
3116,DB00564,D004421
3117,DB01413,D004421
3118,DB00341,D004421
3119,DB00608,D004421
3120,DB00477,D004421
3121,DB00501,D004421
3122,DB00604,D004421
3123,DB00215,D004421
3124,DB01242,D004421
3125,DB01068,D004421
3126,DB00363,D004421
3127,DB00907,D004421
3128,DB00318,D004421
3129,DB01176,D004421
3130,DB01234,D004421
3131,DB01576,D004421
3132,DB00514,D004421
3133,DB00829,D004421
3134,DB01075,D004421
3135,DB00822,D004421
3136,DB01184,D004421
3137,DB00843,D004421
3138,DB01142,D004421
3139,DB00450,D004421
3140,DB06262,D004421
3141,DB00494,D004421
3142,DB00696,D004421
3143,DB00773,D004421
3144,DB00813,D004421
3145,DB01205,D004421
3146,DB00472,D004421
3147,DB00623,D004421
3148,DB04842,D004421
3149,DB00176,D004421
3150,DB00529,D004421
3151,DB00996,D004421
3152,DB00674,D004421
3153,DB01018,D004421
3154,DB00502,D004421
3155,DB01221,D004421
3156,DB00709,D004421
3157,DB00555,D004421
3158,DB01235,D004421
3159,DB00589,D004421
3160,DB14509,D004421
3161,DB00186,D004421
3162,DB00408,D004421
3163,DB00454,D004421
3164,DB00933,D004421
3165,DB01403,D004421
3166,DB09241,D004421
3167,DB00422,D004421
3168,DB00247,D004421
3169,DB01233,D004421
3170,DB00916,D004421
3171,DB06148,D004421
3172,DB00683,D004421
3173,DB00211,D004421
3174,DB00370,D004421
3175,DB00184,D004421
3176,DB00368,D004421
3177,DB00334,D004421
3178,DB00904,D004421
3179,DB01173,D004421
3180,DB01626,D004421
3181,DB00715,D004421
3182,DB01186,D004421
3183,DB04930,D004421
3184,DB00850,D004421
3185,DB00780,D004421
3186,DB01174,D004421
3187,DB00397,D004421
3188,DB00252,D004421
3189,DB00981,D004421
3190,DB01100,D004421
3191,DB00413,D004421
3192,DB00433,D004421
3193,DB00387,D004421
3194,DB01069,D004421
3195,DB00818,D004421
3196,DB00571,D004421
3197,DB00165,D004421
3198,DB00468,D004421
3199,DB00863,D004421
3200,DB00734,D004421
3201,DB00989,D004421
3202,DB01104,D004421
3203,DB01236,D004421
3204,DB00202,D004421
3205,DB00391,D004421
3206,DB00669,D004421
3207,DB04844,D004421
3208,DB00372,D004421
3209,DB00599,D004421
3210,DB00679,D004421
3211,DB01623,D004421
3212,DB00656,D004421
3213,DB00831,D004421
3214,DB00376,D004421
3215,DB00313,D004421
3216,DB00246,D004421
3217,DB00502,D004422
3218,DB00387,D004422
3219,DB04844,D004422
3220,DB00810,D020821
3221,DB00490,D020821
3222,DB00477,D020821
3223,DB00215,D020821
3224,DB01068,D020821
3225,DB00363,D020821
3226,DB00829,D020821
3227,DB01075,D020821
3228,DB00843,D020821
3229,DB00450,D020821
3230,DB00623,D020821
3231,DB00502,D020821
3232,DB14509,D020821
3233,DB01233,D020821
3234,DB00683,D020821
3235,DB00184,D020821
3236,DB00334,D020821
3237,DB00981,D020821
3238,DB00433,D020821
3239,DB01069,D020821
3240,DB00818,D020821
3241,DB00734,D020821
3242,DB00989,D020821
3243,DB04844,D020821
3244,DB00376,D020821
3245,DB01080,D020821
3246,DB00246,D020821
3247,DB00422,D004454
3248,DB01165,D004454
3249,DB01200,D004652
3250,DB00787,D004660
3251,DB09121,D004660
3252,DB00355,D004660
3253,DB00987,D004660
3254,DB00711,D004660
3255,DB04173,D004660
3256,DB01004,D004660
3257,DB00400,D004660
3258,DB00677,D004660
3259,DB00848,D004660
3260,DB01065,D004660
3261,DB00563,D004660
3262,DB00738,D004660
3263,DB00981,D004660
3264,DB01069,D004660
3265,DB00205,D004660
3266,DB00359,D004660
3267,DB00864,D004660
3268,DB00152,D004660
3269,DB00440,D004660
3270,DB00787,D020803
3271,DB00445,D020803
3272,DB00529,D020803
3273,DB00787,D018792
3274,DB00987,D004677
3275,DB00794,D004677
3276,DB01041,D004677
3277,DB00515,D004678
3278,DB00907,D004678
3279,DB00997,D004678
3280,DB00471,D004678
3281,DB00563,D004679
3282,DB00907,D004673
3283,DB00959,D004673
3284,DB00295,D004673
3285,DB00182,D004681
3286,DB14083,D004681
3287,DB00136,D004681
3288,DB09061,D004681
3289,DB00564,D004681
3290,DB00907,D004681
3291,DB00531,D004681
3292,DB01234,D004681
3293,DB00783,D004681
3294,DB04573,D004681
3295,DB04854,D004681
3296,DB01195,D004681
3297,DB00741,D004681
3298,DB00959,D004681
3299,DB01017,D004681
3300,DB01204,D004681
3301,DB00435,D004681
3302,DB00252,D004681
3303,DB00860,D004681
3304,DB00396,D004681
3305,DB01045,D004681
3306,DB00864,D004681
3307,DB00675,D004681
3308,DB01065,D004685
3309,DB00448,D016603
3310,DB01065,D016603
3311,DB00635,D016603
3312,DB01413,D020802
3313,DB00828,D020802
3314,DB00916,D020802
3315,DB01017,D020802
3316,DB00252,D017036
3317,DB00787,D004831
3318,DB00182,D004831
3319,DB00714,D004831
3320,DB00572,D004831
3321,DB09061,D004831
3322,DB00564,D004831
3323,DB01068,D004831
3324,DB00575,D004831
3325,DB00363,D004831
3326,DB00829,D004831
3327,DB00586,D004831
3328,DB00996,D004831
3329,DB00327,D004831
3330,DB00951,D004831
3331,DB01221,D004831
3332,DB00555,D004831
3333,DB01202,D004831
3334,DB01235,D004831
3335,DB14509,D004831
3336,DB00683,D004831
3337,DB00295,D004831
3338,DB01183,D004831
3339,DB00776,D004831
3340,DB01174,D004831
3341,DB00252,D004831
3342,DB00981,D004831
3343,DB00860,D004831
3344,DB01182,D004831
3345,DB00624,D004831
3346,DB00313,D004831
3347,DB00909,D004831
3348,DB01061,D004828
3349,DB00564,D004828
3350,DB00493,D004828
3351,DB01068,D004828
3352,DB00363,D004828
3353,DB00829,D004828
3354,DB00593,D004828
3355,DB00949,D004828
3356,DB00555,D004828
3357,DB01202,D004828
3358,DB14509,D004828
3359,DB00563,D004828
3360,DB00776,D004828
3361,DB01174,D004828
3362,DB00252,D004828
3363,DB01085,D004828
3364,DB00794,D004828
3365,DB08329,D004828
3366,DB00906,D004828
3367,DB00273,D004828
3368,DB00347,D004828
3369,DB00313,D004828
3370,DB00661,D004828
3371,DB01080,D004828
3372,DB00909,D004828
3373,DB00819,D004827
3374,DB00640,D004827
3375,DB00802,D004827
3376,DB00321,D004827
3377,DB00182,D004827
3378,DB00415,D004827
3379,DB00572,D004827
3380,DB00993,D004827
3381,DB05541,D004827
3382,DB00564,D004827
3383,DB00446,D004827
3384,DB00501,D004827
3385,DB00537,D004827
3386,DB00515,D004827
3387,DB00215,D004827
3388,DB01068,D004827
3389,DB00575,D004827
3390,DB01147,D004827
3391,DB00363,D004827
3392,DB00987,D004827
3393,DB01234,D004827
3394,DB01576,D004827
3395,DB00829,D004827
3396,DB00985,D004827
3397,DB00470,D004827
3398,DB00467,D004827
3399,DB00668,D004827
3400,DB00199,D004827
3401,DB00593,D004827
3402,DB00773,D004827
3403,DB00949,D004827
3404,DB01205,D004827
3405,DB00472,D004827
3406,DB00176,D004827
3407,DB00158,D004827
3408,DB00996,D004827
3409,DB02530,D004827
3410,DB00400,D004827
3411,DB00502,D004827
3412,DB01181,D004827
3413,DB00458,D004827
3414,DB01221,D004827
3415,DB01026,D004827
3416,DB00555,D004827
3417,DB01202,D004827
3418,DB00281,D004827
3419,DB00934,D004827
3420,DB00532,D004827
3421,DB00610,D004827
3422,DB00763,D004827
3423,DB00474,D004827
3424,DB00563,D004827
3425,DB00948,D004827
3426,DB00683,D004827
3427,DB00295,D004827
3428,DB01183,D004827
3429,DB04743,D004827
3430,DB01595,D004827
3431,DB00368,D004827
3432,DB00776,D004827
3433,DB00487,D004827
3434,DB00312,D004827
3435,DB08883,D004827
3436,DB00850,D004827
3437,DB01174,D004827
3438,DB00692,D004827
3439,DB00252,D004827
3440,DB01085,D004827
3441,DB11642,D004827
3442,DB00230,D004827
3443,DB00794,D004827
3444,DB00818,D004827
3445,DB00344,D004827
3446,DB06201,D004827
3447,DB01236,D004827
3448,DB09118,D004827
3449,DB08329,D004827
3450,DB01041,D004827
3451,DB00273,D004827
3452,DB00347,D004827
3453,DB00313,D004827
3454,DB01080,D004827
3455,DB00909,D004827
3456,DB00564,D004832
3457,DB01068,D004832
3458,DB00829,D004832
3459,DB00997,D004832
3460,DB00593,D004832
3461,DB00502,D004832
3462,DB01109,D004832
3463,DB00555,D004832
3464,DB00007,D004832
3465,DB01202,D004832
3466,DB14509,D004832
3467,DB01183,D004832
3468,DB00776,D004832
3469,DB01174,D004832
3470,DB00252,D004832
3471,DB01085,D004832
3472,DB00794,D004832
3473,DB00396,D004832
3474,DB00420,D004832
3475,DB00740,D004832
3476,DB09072,D004832
3477,DB00347,D004832
3478,DB00313,D004832
3479,DB01080,D004832
3480,DB01080,D020936
3481,DB00564,D017029
3482,DB01068,D017029
3483,DB00363,D017029
3484,DB00829,D017029
3485,DB00996,D017029
3486,DB00555,D017029
3487,DB01202,D017029
3488,DB00563,D017029
3489,DB00776,D017029
3490,DB01174,D017029
3491,DB00252,D017029
3492,DB00794,D017029
3493,DB00906,D017029
3494,DB00273,D017029
3495,DB00656,D017029
3496,DB00313,D017029
3497,DB01080,D017029
3498,DB00909,D017029
3499,DB00564,D004829
3500,DB00363,D004829
3501,DB00829,D004829
3502,DB00555,D004829
3503,DB00186,D004829
3504,DB01183,D004829
3505,DB01174,D004829
3506,DB00252,D004829
3507,DB00860,D004829
3508,DB00230,D004829
3509,DB00818,D004829
3510,DB01154,D004829
3511,DB00656,D004829
3512,DB00313,D004829
3513,DB00495,D004829
3514,DB00949,D020195
3515,DB00313,D020195
3516,DB00564,D019305
3517,DB00349,D019305
3518,DB00273,D019305
3519,DB00313,D019305
3520,DB06774,D004833
3521,DB00564,D004833
3522,DB01068,D004833
3523,DB00555,D004833
3524,DB01202,D004833
3525,DB00603,D004833
3526,DB00563,D004833
3527,DB01174,D004833
3528,DB00252,D004833
3529,DB01085,D004833
3530,DB00794,D004833
3531,DB00864,D004833
3532,DB00273,D004833
3533,DB00313,D004833
3534,DB01080,D004833
3535,DB00316,D004830
3536,DB00787,D004830
3537,DB00640,D004830
3538,DB01223,D004830
3539,DB00321,D004830
3540,DB00572,D004830
3541,DB00835,D004830
3542,DB00297,D004830
3543,DB01156,D004830
3544,DB00490,D004830
3545,DB00201,D004830
3546,DB00564,D004830
3547,DB00578,D004830
3548,DB00438,D004830
3549,DB01161,D004830
3550,DB00608,D004830
3551,DB00477,D004830
3552,DB00501,D004830
3553,DB00537,D004830
3554,DB00215,D004830
3555,DB00349,D004830
3556,DB01242,D004830
3557,DB01068,D004830
3558,DB00575,D004830
3559,DB00363,D004830
3560,DB00907,D004830
3561,DB00979,D004830
3562,DB00746,D004830
3563,DB00829,D004830
3564,DB00586,D004830
3565,DB12789,D004830
3566,DB00822,D004830
3567,DB01184,D004830
3568,DB00228,D004830
3569,DB00467,D004830
3570,DB04880,D004830
3571,DB01364,D004830
3572,DB00668,D004830
3573,DB00303,D004830
3574,DB00199,D004830
3575,DB00898,D004830
3576,DB00593,D004830
3577,DB00292,D004830
3578,DB00813,D004830
3579,DB00529,D004830
3580,DB01320,D004830
3581,DB00996,D004830
3582,DB00502,D004830
3583,DB01109,D004830
3584,DB00327,D004830
3585,DB00458,D004830
3586,DB00555,D004830
3587,DB01202,D004830
3588,DB01002,D004830
3589,DB00281,D004830
3590,DB14509,D004830
3591,DB00934,D004830
3592,DB00643,D004830
3593,DB00358,D004830
3594,DB00454,D004830
3595,DB00474,D004830
3596,DB00563,D004830
3597,DB01403,D004830
3598,DB00422,D004830
3599,DB00959,D004830
3600,DB00916,D004830
3601,DB00683,D004830
3602,DB00295,D004830
3603,DB01183,D004830
3604,DB00540,D004830
3605,DB01173,D004830
3606,DB00776,D004830
3607,DB00715,D004830
3608,DB00487,D004830
3609,DB00652,D004830
3610,DB00780,D004830
3611,DB01174,D004830
3612,DB00925,D004830
3613,DB00397,D004830
3614,DB00252,D004830
3615,DB01085,D004830
3616,DB01100,D004830
3617,DB00733,D004830
3618,DB00635,D004830
3619,DB00794,D004830
3620,DB00721,D004830
3621,DB01131,D004830
3622,DB00818,D004830
3623,DB00114,D004830
3624,DB00468,D004830
3625,DB00296,D004830
3626,DB01104,D004830
3627,DB00202,D004830
3628,DB00864,D004830
3629,DB09085,D004830
3630,DB00277,D004830
3631,DB01154,D004830
3632,DB00599,D004830
3633,DB00273,D004830
3634,DB00302,D004830
3635,DB00726,D004830
3636,DB00313,D004830
3637,DB00541,D004830
3638,DB00909,D004830
3639,DB00564,D004948
3640,DB00537,D004948
3641,DB14509,D004948
3642,DB00186,D004948
3643,DB00334,D004948
3644,DB00747,D004948
3645,DB00714,D020329
3646,DB00181,D020329
3647,DB00564,D020329
3648,DB00898,D020329
3649,DB00996,D020329
3650,DB00794,D020329
3651,DB00571,D020329
3652,DB09072,D020329
3653,DB00277,D020329
3654,DB00656,D020329
3655,DB00313,D020329
3656,DB00909,D020329
3657,DB00829,D005099
3658,DB00186,D005099
3659,DB01392,D005099
3660,DB00819,D005131
3661,DB00513,D005131
3662,DB01718,D005131
3663,DB03619,D005131
3664,DB00586,D005131
3665,DB03085,D005131
3666,DB04398,D005131
3667,DB05018,D000795
3668,DB00907,D005151
3669,DB00787,D005155
3670,DB01075,D005155
3671,DB00929,D005155
3672,DB00698,D005155
3673,DB01229,D005155
3674,DB01113,D005155
3675,DB00433,D005155
3676,DB00165,D005155
3677,DB00541,D005155
3678,DB00361,D005155
3679,DB00281,D020220
3680,DB00860,D020220
3681,DB00564,D005156
3682,DB00518,D005158
3683,DB00297,D005158
3684,DB00091,D005158
3685,DB00987,D005158
3686,DB00822,D005158
3687,DB00281,D005158
3688,DB14509,D005158
3689,DB00563,D005158
3690,DB00834,D005158
3691,DB00929,D005158
3692,DB00338,D005158
3693,DB01229,D005158
3694,DB01113,D005158
3695,DB00850,D005158
3696,DB00252,D005158
3697,DB01041,D005158
3698,DB00541,D005158
3699,DB00361,D005158
3700,DB00802,D005207
3701,DB00572,D005207
3702,DB00565,D005207
3703,DB01219,D005207
3704,DB00829,D005207
3705,DB01093,D005207
3706,DB00843,D005207
3707,DB00483,D005207
3708,DB00753,D005207
3709,DB00281,D005207
3710,DB00653,D005207
3711,DB01043,D005207
3712,DB00683,D005207
3713,DB01226,D005207
3714,DB01337,D005207
3715,DB00252,D005207
3716,DB00981,D005207
3717,DB00818,D005207
3718,DB00899,D005207
3719,DB00728,D005207
3720,DB00202,D005207
3721,DB00605,D005207
3722,DB00871,D005207
3723,DB00599,D005207
3724,DB01199,D005207
3725,DB00661,D005207
3726,DB00668,D015673
3727,DB00252,D015673
3728,DB01418,D020428
3729,DB00297,D020428
3730,DB01225,D020428
3731,DB01109,D020428
3732,DB00498,D020428
3733,DB00296,D020428
3734,DB00682,D020428
3735,DB00482,D005356
3736,DB00924,D005356
3737,DB01221,D005356
3738,DB00281,D005356
3739,DB04896,D005356
3740,DB00704,D005356
3741,DB01174,D005356
3742,DB00960,D005356
3743,DB00230,D005356
3744,DB00193,D005356
3745,DB00162,D005356
3746,DB01017,D005600
3747,DB00443,D005621
3748,DB00515,D005621
3749,DB01592,D005621
3750,DB09282,D005621
3751,DB00334,D057180
3752,DB00734,D057180
3753,DB02546,D057180
3754,DB01182,D020235
3755,DB00564,D020234
3756,DB00446,D020234
3757,DB01248,D020234
3758,DB00848,D020234
3759,DB00281,D020234
3760,DB14509,D020234
3761,DB00934,D020234
3762,DB00358,D020234
3763,DB00961,D020234
3764,DB00916,D020234
3765,DB00252,D020234
3766,DB00679,D020234
3767,DB01623,D020234
3768,DB00273,D020234
3769,DB00897,D020234
3770,DB00313,D020234
3771,DB00661,D020234
3772,DB00541,D020234
3773,DB01118,D020233
3774,DB00543,D020233
3775,DB00182,D020233
3776,DB00207,D020233
3777,DB01200,D020233
3778,DB00564,D020233
3779,DB00608,D020233
3780,DB00604,D020233
3781,DB00215,D020233
3782,DB01075,D020233
3783,DB00822,D020233
3784,DB06262,D020233
3785,DB00472,D020233
3786,DB00677,D020233
3787,DB01221,D020233
3788,DB01235,D020233
3789,DB14509,D020233
3790,DB00653,D020233
3791,DB00331,D020233
3792,DB00333,D020233
3793,DB00563,D020233
3794,DB00968,D020233
3795,DB01233,D020233
3796,DB00916,D020233
3797,DB00370,D020233
3798,DB01229,D020233
3799,DB00715,D020233
3800,DB00252,D020233
3801,DB00413,D020233
3802,DB00641,D020233
3803,DB00864,D020233
3804,DB11699,D020233
3805,DB00313,D020233
3806,DB01080,D020233
3807,DB00541,D020233
3808,DB00163,D020233
3809,DB06283,D020233
3810,DB00419,D005776
3811,DB00682,D005776
3812,DB00819,D005862
3813,DB00993,D013700
3814,DB00584,D013700
3815,DB00696,D013700
3816,DB00959,D013700
3817,DB00860,D013700
3818,DB00635,D013700
3819,DB00541,D020435
3820,DB01200,D049912
3821,DB00515,D020275
3822,DB00242,D020275
3823,DB01394,D020275
3824,DB00531,D020275
3825,DB00091,D020275
3826,DB00987,D020275
3827,DB00441,D020275
3828,DB00175,D020275
3829,DB00641,D020275
3830,DB00316,D006212
3831,DB00787,D006212
3832,DB00404,D006212
3833,DB00915,D006212
3834,DB00513,D006212
3835,DB00321,D006212
3836,DB00543,D006212
3837,DB01060,D006212
3838,DB00182,D006212
3839,DB00714,D006212
3840,DB00126,D006212
3841,DB00572,D006212
3842,DB00181,D006212
3843,DB01200,D006212
3844,DB00835,D006212
3845,DB00921,D006212
3846,DB01156,D006212
3847,DB00490,D006212
3848,DB00201,D006212
3849,DB00564,D006212
3850,DB00190,D006212
3851,DB00438,D006212
3852,DB00482,D006212
3853,DB00475,D006212
3854,DB00608,D006212
3855,DB00477,D006212
3856,DB01239,D006212
3857,DB01340,D006212
3858,DB00501,D006212
3859,DB00537,D006212
3860,DB00215,D006212
3861,DB01211,D006212
3862,DB01242,D006212
3863,DB01068,D006212
3864,DB00575,D006212
3865,DB00758,D006212
3866,DB00363,D006212
3867,DB00907,D006212
3868,DB01176,D006212
3869,DB00924,D006212
3870,DB00979,D006212
3871,DB00091,D006212
3872,DB00434,D006212
3873,DB00987,D006212
3874,DB01219,D006212
3875,DB00250,D006212
3876,DB00746,D006212
3877,DB01234,D006212
3878,DB01191,D006212
3879,DB01576,D006212
3880,DB00514,D006212
3881,DB00829,D006212
3882,DB00390,D006212
3883,DB00343,D006212
3884,DB00985,D006212
3885,DB01075,D006212
3886,DB00975,D006212
3887,DB00822,D006212
3888,DB00561,D006212
3889,DB01142,D006212
3890,DB00470,D006212
3891,DB00450,D006212
3892,DB00494,D006212
3893,DB01364,D006212
3894,DB00199,D006212
3895,DB00898,D006212
3896,DB01077,D006212
3897,DB00927,D006212
3898,DB00574,D006212
3899,DB00813,D006212
3900,DB01195,D006212
3901,DB00472,D006212
3902,DB00690,D006212
3903,DB00176,D006212
3904,DB01320,D006212
3905,DB01004,D006212
3906,DB01437,D006212
3907,DB01018,D006212
3908,DB00502,D006212
3909,DB00956,D006212
3910,DB01181,D006212
3911,DB00458,D006212
3912,DB00328,D006212
3913,DB00753,D006212
3914,DB00951,D006212
3915,DB00883,D006212
3916,DB01167,D006212
3917,DB01221,D006212
3918,DB00555,D006212
3919,DB00448,D006212
3920,DB01235,D006212
3921,DB00281,D006212
3922,DB00589,D006212
3923,DB14509,D006212
3924,DB00186,D006212
3925,DB00934,D006212
3926,DB00737,D006212
3927,DB00358,D006212
3928,DB01065,D006212
3929,DB01043,D006212
3930,DB00454,D006212
3931,DB01365,D006212
3932,DB00333,D006212
3933,DB01403,D006212
3934,DB00968,D006212
3935,DB00422,D006212
3936,DB00959,D006212
3937,DB00247,D006212
3938,DB01233,D006212
3939,DB00264,D006212
3940,DB00916,D006212
3941,DB06148,D006212
3942,DB00683,D006212
3943,DB01171,D006212
3944,DB00745,D006212
3945,DB00680,D006212
3946,DB00295,D006212
3947,DB00486,D006212
3948,DB01183,D006212
3949,DB00704,D006212
3950,DB00238,D006212
3951,DB01595,D006212
3952,DB00325,D006212
3953,DB01059,D006212
3954,DB00540,D006212
3955,DB01165,D006212
3956,DB00334,D006212
3957,DB00338,D006212
3958,DB01173,D006212
3959,DB01580,D006212
3960,DB01062,D006212
3961,DB00497,D006212
3962,DB00595,D006212
3963,DB01229,D006212
3964,DB00715,D006212
3965,DB00652,D006212
3966,DB00806,D006212
3967,DB01186,D006212
3968,DB00850,D006212
3969,DB01579,D006212
3970,DB00780,D006212
3971,DB00191,D006212
3972,DB00397,D006212
3973,DB00252,D006212
3974,DB00981,D006212
3975,DB01085,D006212
3976,DB00960,D006212
3977,DB00319,D006212
3978,DB01324,D006212
3979,DB00457,D006212
3980,DB00860,D006212
3981,DB00635,D006212
3982,DB00794,D006212
3983,DB01035,D006212
3984,DB00721,D006212
3985,DB01069,D006212
3986,DB00818,D006212
3987,DB00571,D006212
3988,DB00863,D006212
3989,DB01367,D006212
3990,DB00409,D006212
3991,DB00734,D006212
3992,DB00268,D006212
3993,DB00747,D006212
3994,DB01037,D006212
3995,DB01104,D006212
3996,DB00605,D006212
3997,DB00391,D006212
3998,DB00864,D006212
3999,DB00231,D006212
4000,DB01041,D006212
4001,DB00277,D006212
4002,DB00679,D006212
4003,DB01623,D006212
4004,DB01607,D006212
4005,DB00373,D006212
4006,DB01056,D006212
4007,DB00273,D006212
4008,DB00193,D006212
4009,DB00752,D006212
4010,DB00656,D006212
4011,DB00897,D006212
4012,DB00376,D006212
4013,DB00792,D006212
4014,DB00313,D006212
4015,DB00661,D006212
4016,DB00541,D006212
4017,DB11094,D006212
4018,DB00582,D006212
4019,DB06283,D006212
4020,DB01593,D006212
4021,DB00246,D006212
4022,DB00425,D006212
4023,DB00909,D006212
4024,DB00316,D020773
4025,DB01118,D020773
4026,DB00833,D020773
4027,DB00328,D020773
4028,DB00447,D020773
4029,DB00776,D020773
4030,DB00819,D051270
4031,DB00321,D051270
4032,DB00584,D051270
4033,DB00696,D051270
4034,DB14509,D051270
4035,DB01233,D051270
4036,DB00435,D051270
4037,DB00727,D051270
4038,DB00368,D051270
4039,DB00669,D051271
4040,DB01109,D016489
4041,DB06151,D006311
4042,DB00479,D006311
4043,DB00321,D006311
4044,DB00207,D006311
4045,DB00297,D006311
4046,DB00564,D006311
4047,DB00493,D006311
4048,DB01212,D006311
4049,DB01112,D006311
4050,DB00608,D006311
4051,DB00501,D006311
4052,DB00515,D006311
4053,DB00907,D006311
4054,DB00531,D006311
4055,DB00091,D006311
4056,DB00746,D006311
4057,DB00861,D006311
4058,DB00997,D006311
4059,DB00695,D006311
4060,DB00951,D006311
4061,DB01172,D006311
4062,DB00281,D006311
4063,DB00994,D006311
4064,DB00955,D006311
4065,DB00435,D006311
4066,DB00540,D006311
4067,DB01229,D006311
4068,DB01421,D006311
4069,DB00252,D006311
4070,DB00339,D006311
4071,DB00468,D006311
4072,DB01045,D006311
4073,DB00296,D006311
4074,DB01082,D006311
4075,DB00541,D006311
4076,DB06151,D034381
4077,DB00459,D034381
4078,DB01143,D034381
4079,DB00479,D034381
4080,DB00321,D034381
4081,DB00182,D034381
4082,DB00415,D034381
4083,DB00207,D034381
4084,DB00887,D034381
4085,DB00297,D034381
4086,DB06774,D034381
4087,DB00389,D034381
4088,DB00262,D034381
4089,DB01212,D034381
4090,DB01112,D034381
4091,DB00608,D034381
4092,DB00515,D034381
4093,DB00907,D034381
4094,DB00531,D034381
4095,DB00987,D034381
4096,DB00746,D034381
4097,DB01234,D034381
4098,DB00900,D034381
4099,DB01093,D034381
4100,DB00997,D034381
4101,DB00668,D034381
4102,DB00773,D034381
4103,DB00472,D034381
4104,DB00452,D034381
4105,DB00695,D034381
4106,DB00956,D034381
4107,DB00741,D034381
4108,DB01611,D034381
4109,DB01181,D034381
4110,DB00951,D034381
4111,DB01172,D034381
4112,DB00465,D034381
4113,DB01206,D034381
4114,DB00358,D034381
4115,DB01065,D034381
4116,DB00134,D034381
4117,DB00994,D034381
4118,DB00955,D034381
4119,DB00435,D034381
4120,DB01421,D034381
4121,DB00319,D034381
4122,DB02925,D034381
4123,DB00554,D034381
4124,DB00860,D034381
4125,DB00635,D034381
4126,DB00750,D034381
4127,DB00908,D034381
4128,DB00468,D034381
4129,DB00936,D034381
4130,DB01082,D034381
4131,DB00605,D034381
4132,DB01041,D034381
4133,DB00313,D034381
4134,DB00541,D034381
4135,DB00479,D006312
4136,DB00188,D006312
4137,DB01200,D006312
4138,DB00493,D006312
4139,DB00446,D006312
4140,DB01211,D006312
4141,DB00907,D006312
4142,DB01406,D006312
4143,DB01219,D006312
4144,DB00746,D006312
4145,DB00695,D006312
4146,DB01172,D006312
4147,DB00709,D006312
4148,DB00959,D006312
4149,DB00350,D006312
4150,DB00955,D006312
4151,DB00238,D006312
4152,DB01229,D006312
4153,DB00022,D006312
4154,DB00550,D006312
4155,DB00811,D006312
4156,DB00649,D006312
4157,DB01082,D006312
4158,DB00864,D006312
4159,DB01607,D006312
4160,DB01080,D006312
4161,DB00541,D006312
4162,DB00361,D006312
4163,DB00682,D006312
4164,DB00943,D006312
4165,DB00290,D006314
4166,DB00515,D006314
4167,DB00746,D006314
4168,DB01082,D006314
4169,DB00570,D006314
4170,DB00479,D006316
4171,DB00515,D006316
4172,DB00746,D006316
4173,DB01172,D006316
4174,DB00358,D006316
4175,DB00994,D006316
4176,DB01421,D006316
4177,DB00264,D046089
4178,DB00514,D006317
4179,DB00755,D006317
4180,DB00479,D006319
4181,DB00415,D006319
4182,DB00928,D006319
4183,DB00207,D006319
4184,DB09096,D006319
4185,DB01200,D006319
4186,DB00446,D006319
4187,DB00537,D006319
4188,DB00515,D006319
4189,DB01211,D006319
4190,DB01190,D006319
4191,DB00907,D006319
4192,DB09130,D006319
4193,DB00091,D006319
4194,DB01406,D006319
4195,DB01219,D006319
4196,DB00746,D006319
4197,DB00668,D006319
4198,DB00199,D006319
4199,DB00452,D006319
4200,DB00695,D006319
4201,DB01109,D006319
4202,DB01611,D006319
4203,DB01050,D006319
4204,DB00328,D006319
4205,DB01172,D006319
4206,DB00709,D006319
4207,DB00959,D006319
4208,DB00916,D006319
4209,DB00788,D006319
4210,DB00994,D006319
4211,DB00955,D006319
4212,DB00238,D006319
4213,DB01229,D006319
4214,DB01337,D006319
4215,DB01113,D006319
4216,DB01421,D006319
4217,DB00008,D006319
4218,DB00022,D006319
4219,DB00860,D006319
4220,DB00635,D006319
4221,DB00571,D006319
4222,DB00550,D006319
4223,DB00468,D006319
4224,DB00863,D006319
4225,DB00811,D006319
4226,DB00649,D006319
4227,DB01082,D006319
4228,DB00864,D006319
4229,DB00277,D006319
4230,DB00313,D006319
4231,DB00661,D006319
4232,DB01080,D006319
4233,DB00541,D006319
4234,DB00361,D006319
4235,DB00943,D006319
4236,DB00907,D003639
4237,DB01219,D003639
4238,DB00709,D003639
4239,DB00358,D003639
4240,DB00333,D003639
4241,DB00959,D003639
4242,DB00788,D003639
4243,DB00238,D003639
4244,DB00008,D003639
4245,DB00811,D003639
4246,DB00649,D003639
4247,DB00864,D003639
4248,DB00541,D003639
4249,DB00479,D046088
4250,DB00008,D046088
4251,DB00022,D046088
4252,DB00635,D046088
4253,DB00811,D046088
4254,DB09130,D020260
4255,DB00370,D020260
4256,DB01418,D006408
4257,DB00758,D006408
4258,DB00907,D006408
4259,DB01206,D006408
4260,DB01168,D006408
4261,DB00541,D006408
4262,DB00682,D006408
4263,DB00907,D020199
4264,DB01045,D020199
4265,DB00682,D020199
4266,DB00397,D046648
4267,DB01200,D006423
4268,DB00189,D006423
4269,DB01109,D006423
4270,DB00669,D006423
4271,DB00273,D006423
4272,DB00564,D019569
4273,DB00883,D019569
4274,DB00181,D006429
4275,DB00188,D006429
4276,DB00987,D006429
4277,DB01119,D006429
4278,DB02530,D006429
4279,DB01120,D006429
4280,DB00502,D006429
4281,DB00563,D006429
4282,DB00422,D006429
4283,DB00959,D006429
4284,DB00295,D006429
4285,DB01183,D006429
4286,DB00727,D006429
4287,DB01113,D006429
4288,DB00780,D006429
4289,DB00252,D006429
4290,DB00864,D006429
4291,DB00302,D006429
4292,DB00541,D006429
4293,DB00316,D006501
4294,DB06151,D006501
4295,DB01118,D006501
4296,DB00321,D006501
4297,DB01200,D006501
4298,DB00921,D006501
4299,DB00564,D006501
4300,DB00389,D006501
4301,DB00363,D006501
4302,DB00907,D006501
4303,DB04839,D006501
4304,DB00586,D006501
4305,DB08995,D006501
4306,DB00822,D006501
4307,DB01248,D006501
4308,DB00330,D006501
4309,DB01205,D006501
4310,DB00499,D006501
4311,DB00014,D006501
4312,DB01159,D006501
4313,DB00328,D006501
4314,DB00951,D006501
4315,DB01167,D006501
4316,DB00581,D006501
4317,DB00709,D006501
4318,DB01202,D006501
4319,DB00722,D006501
4320,DB14509,D006501
4321,DB00653,D006501
4322,DB00703,D006501
4323,DB00134,D006501
4324,DB00563,D006501
4325,DB01028,D006501
4326,DB00968,D006501
4327,DB00264,D006501
4328,DB00916,D006501
4329,DB01017,D006501
4330,DB00295,D006501
4331,DB01149,D006501
4332,DB00994,D006501
4333,DB00627,D006501
4334,DB01165,D006501
4335,DB01229,D006501
4336,DB01421,D006501
4337,DB00715,D006501
4338,DB01174,D006501
4339,DB00946,D006501
4340,DB00252,D006501
4341,DB01132,D006501
4342,DB00860,D006501
4343,DB00571,D006501
4344,DB00550,D006501
4345,DB00863,D006501
4346,DB01045,D006501
4347,DB00503,D006501
4348,DB00398,D006501
4349,DB00421,D006501
4350,DB00795,D006501
4351,DB00759,D006501
4352,DB00152,D006501
4353,DB00599,D006501
4354,DB00679,D006501
4355,DB00273,D006501
4356,DB00197,D006501
4357,DB00313,D006501
4358,DB00549,D006501
4359,DB01593,D006501
4360,DB00425,D006501
4361,DB09130,D006527
4362,DB09131,D006527
4363,DB01592,D006527
4364,DB01235,D006527
4365,DB00252,D006527
4366,DB00165,D006527
4367,DB00734,D006527
4368,DB01593,D006527
4369,DB14487,D006527
4370,DB11672,D015417
4371,DB00787,D016697
4372,DB00321,D006685
4373,DB01142,D006685
4374,DB00696,D006685
4375,DB00982,D006685
4376,DB00247,D006685
4377,DB08804,D006685
4378,DB00540,D006685
4379,DB01229,D006685
4380,DB00936,D006685
4381,DB00202,D006685
4382,DB00541,D006685
4383,DB00361,D006685
4384,DB00182,D016142
4385,DB09061,D016142
4386,DB00470,D016142
4387,DB00898,D016142
4388,DB00563,D016142
4389,DB00929,D016142
4390,DB00252,D016142
4391,DB06756,D006712
4392,DB00964,D006732
4393,DB00297,D006732
4394,DB00987,D006732
4395,DB00668,D006732
4396,DB00696,D006732
4397,DB00813,D006732
4398,DB01002,D006732
4399,DB00281,D006732
4400,DB00247,D006732
4401,DB00296,D006732
4402,DB00640,D006816
4403,DB00915,D006816
4404,DB01238,D006816
4405,DB09130,D006816
4406,DB00148,D006816
4407,DB00470,D006816
4408,DB01592,D006816
4409,DB00422,D006816
4410,DB01017,D006816
4411,DB00540,D006816
4412,DB00334,D006816
4413,DB00981,D006816
4414,DB01104,D006816
4415,DB00877,D006816
4416,DB04844,D006816
4417,DB11699,D006816
4418,DB00907,D006832
4419,DB00819,D006849
4420,DB00513,D006849
4421,DB00201,D006849
4422,DB00262,D006849
4423,DB00446,D006849
4424,DB00997,D006849
4425,DB00158,D006849
4426,DB00695,D006849
4427,DB01109,D006849
4428,DB00982,D006849
4429,DB00333,D006849
4430,DB00916,D006849
4431,DB00497,D006849
4432,DB00794,D006849
4433,DB00755,D006849
4434,DB00313,D006849
4435,DB00162,D006849
4436,DB00450,D012001
4437,DB00734,D012001
4438,DB00953,D012001
4439,DB00669,D012001
4440,DB00316,D006930
4441,DB00819,D006930
4442,DB00640,D006930
4443,DB00802,D006930
4444,DB00969,D006930
4445,DB00770,D006930
4446,DB01616,D006930
4447,DB00321,D006930
4448,DB00182,D006930
4449,DB00126,D006930
4450,DB00972,D006930
4451,DB00181,D006930
4452,DB12783,D006930
4453,DB00188,D006930
4454,DB00887,D006930
4455,DB00297,D006930
4456,DB00921,D006930
4457,DB00611,D006930
4458,DB00201,D006930
4459,DB01164,D006930
4460,DB06774,D006930
4461,DB00564,D006930
4462,DB00482,D006930
4463,DB00403,D006930
4464,DB00515,D006930
4465,DB00575,D006930
4466,DB00318,D006930
4467,DB11672,D006930
4468,DB00531,D006930
4469,DB01234,D006930
4470,DB00633,D006930
4471,DB00514,D006930
4472,DB00829,D006930
4473,DB01119,D006930
4474,DB00586,D006930
4475,DB00917,D006930
4476,DB01075,D006930
4477,DB00988,D006930
4478,DB00997,D006930
4479,DB00470,D006930
4480,DB00668,D006930
4481,DB01240,D006930
4482,DB00783,D006930
4483,DB00898,D006930
4484,DB00593,D006930
4485,DB09086,D006930
4486,DB04953,D006930
4487,DB00813,D006930
4488,DB01205,D006930
4489,DB00472,D006930
4490,DB00176,D006930
4491,DB03843,D006930
4492,DB00996,D006930
4493,DB01016,D006930
4494,DB00889,D006930
4495,DB01170,D006930
4496,DB01159,D006930
4497,DB05381,D006930
4498,DB00327,D006930
4499,DB09526,D006930
4500,DB01050,D006930
4501,DB06196,D006930
4502,DB00458,D006930
4503,DB00328,D006930
4504,DB00753,D006930
4505,DB01221,D006930
4506,DB01026,D006930
4507,DB00465,D006930
4508,DB00920,D006930
4509,DB00555,D006930
4510,DB01106,D006930
4511,DB01235,D006930
4512,DB00854,D006930
4513,DB00281,D006930
4514,DB00722,D006930
4515,DB00653,D006930
4516,DB00179,D006930
4517,DB00657,D006930
4518,DB01065,D006930
4519,DB01043,D006930
4520,DB14123,D006930
4521,DB00454,D006930
4522,DB00333,D006930
4523,DB09241,D006930
4524,DB00247,D006930
4525,DB00264,D006930
4526,DB00916,D006930
4527,DB00379,D006930
4528,DB00683,D006930
4529,DB04896,D006930
4530,DB01017,D006930
4531,DB00929,D006930
4532,DB00295,D006930
4533,DB00844,D006930
4534,DB01183,D006930
4535,DB00704,D006930
4536,DB00994,D006930
4537,DB01400,D006930
4538,DB00184,D006930
4539,DB01115,D006930
4540,DB04743,D006930
4541,DB00393,D006930
4542,DB00435,D006930
4543,DB00727,D006930
4544,DB00325,D006930
4545,DB00368,D006930
4546,DB00904,D006930
4547,DB01173,D006930
4548,DB00776,D006930
4549,DB00497,D006930
4550,DB01192,D006930
4551,DB00107,D006930
4552,DB01229,D006930
4553,DB00715,D006930
4554,DB00487,D006930
4555,DB00312,D006930
4556,DB01174,D006930
4557,DB00925,D006930
4558,DB00692,D006930
4559,DB00388,D006930
4560,DB00960,D006930
4561,DB00457,D006930
4562,DB00860,D006930
4563,DB00230,D006930
4564,DB00433,D006930
4565,DB01069,D006930
4566,DB00818,D006930
4567,DB00863,D006930
4568,DB00899,D006930
4569,DB00206,D006930
4570,DB06155,D006930
4571,DB00953,D006930
4572,DB00533,D006930
4573,DB00412,D006930
4574,DB01698,D006930
4575,DB01236,D006930
4576,DB00649,D006930
4577,DB01082,D006930
4578,DB00428,D006930
4579,DB00708,D006930
4580,DB00391,D006930
4581,DB00669,D006930
4582,DB00624,D006930
4583,DB00759,D006930
4584,DB01041,D006930
4585,DB00277,D006930
4586,DB00599,D006930
4587,DB00697,D006930
4588,DB01124,D006930
4589,DB00273,D006930
4590,DB00193,D006930
4591,DB00656,D006930
4592,DB00755,D006930
4593,DB09069,D006930
4594,DB00661,D006930
4595,DB00541,D006930
4596,DB01392,D006930
4597,DB00943,D006930
4598,DB00495,D006930
4599,DB00399,D006930
4600,DB00909,D006930
4601,DB00316,D006941
4602,DB00201,D006941
4603,DB00255,D006941
4604,DB00917,D006941
4605,DB06196,D006941
4606,DB00328,D006941
4607,DB00295,D006941
4608,DB09256,D006941
4609,DB00514,D020158
4610,DB00145,D020158
4611,DB01063,D006948
4612,DB06151,D006948
4613,DB00404,D006948
4614,DB00915,D006948
4615,DB06288,D006948
4616,DB00321,D006948
4617,DB00182,D006948
4618,DB00714,D006948
4619,DB01238,D006948
4620,DB06216,D006948
4621,DB00572,D006948
4622,DB00181,D006948
4623,DB01558,D006948
4624,DB01200,D006948
4625,DB00921,D006948
4626,DB01156,D006948
4627,DB00201,D006948
4628,DB06774,D006948
4629,DB00564,D006948
4630,DB00403,D006948
4631,DB00475,D006948
4632,DB01114,D006948
4633,DB00477,D006948
4634,DB00501,D006948
4635,DB00215,D006948
4636,DB01242,D006948
4637,DB01068,D006948
4638,DB00575,D006948
4639,DB00363,D006948
4640,DB00907,D006948
4641,DB01394,D006948
4642,DB01176,D006948
4643,DB00434,D006948
4644,DB00618,D006948
4645,DB12161,D006948
4646,DB01234,D006948
4647,DB01576,D006948
4648,DB00829,D006948
4649,DB01075,D006948
4650,DB00843,D006948
4651,DB00988,D006948
4652,DB00470,D006948
4653,DB06262,D006948
4654,DB00467,D006948
4655,DB01364,D006948
4656,DB01240,D006948
4657,DB00783,D006948
4658,DB00898,D006948
4659,DB04953,D006948
4660,DB00574,D006948
4661,DB00813,D006948
4662,DB04841,D006948
4663,DB01544,D006948
4664,DB00472,D006948
4665,DB00623,D006948
4666,DB00176,D006948
4667,DB00158,D006948
4668,DB00674,D006948
4669,DB00502,D006948
4670,DB00458,D006948
4671,DB01592,D006948
4672,DB00951,D006948
4673,DB01221,D006948
4674,DB00555,D006948
4675,DB01202,D006948
4676,DB01235,D006948
4677,DB00281,D006948
4678,DB00589,D006948
4679,DB14509,D006948
4680,DB00408,D006948
4681,DB00657,D006948
4682,DB01043,D006948
4683,DB00333,D006948
4684,DB00723,D006948
4685,DB00422,D006948
4686,DB00247,D006948
4687,DB01233,D006948
4688,DB00379,D006948
4689,DB06148,D006948
4690,DB01017,D006948
4691,DB00745,D006948
4692,DB01618,D006948
4693,DB09282,D006948
4694,DB00295,D006948
4695,DB01183,D006948
4696,DB00704,D006948
4697,DB00184,D006948
4698,DB01115,D006948
4699,DB00393,D006948
4700,DB01595,D006948
4701,DB04821,D006948
4702,DB00334,D006948
4703,DB00904,D006948
4704,DB01173,D006948
4705,DB01092,D006948
4706,DB00497,D006948
4707,DB00107,D006948
4708,DB01626,D006948
4709,DB00715,D006948
4710,DB00312,D006948
4711,DB01186,D006948
4712,DB01620,D006948
4713,DB01174,D006948
4714,DB00925,D006948
4715,DB00692,D006948
4716,DB00397,D006948
4717,DB00252,D006948
4718,DB00981,D006948
4719,DB01085,D006948
4720,DB05316,D006948
4721,DB01100,D006948
4722,DB00413,D006948
4723,DB00457,D006948
4724,DB00433,D006948
4725,DB01069,D006948
4726,DB00571,D006948
4727,DB01839,D006948
4728,DB00165,D006948
4729,DB00468,D006948
4730,DB00863,D006948
4731,DB00409,D006948
4732,DB00206,D006948
4733,DB00740,D006948
4734,DB06155,D006948
4735,DB00734,D006948
4736,DB05271,D006948
4737,DB00747,D006948
4738,DB06144,D006948
4739,DB01104,D006948
4740,DB09118,D006948
4741,DB02772,D006948
4742,DB00391,D006948
4743,DB00382,D006948
4744,DB00675,D006948
4745,DB00624,D006948
4746,DB04844,D006948
4747,DB00277,D006948
4748,DB01623,D006948
4749,DB00752,D006948
4750,DB00376,D006948
4751,DB00347,D006948
4752,DB00726,D006948
4753,DB00792,D006948
4754,DB11699,D006948
4755,DB11915,D006948
4756,DB00313,D006948
4757,DB00661,D006948
4758,DB01392,D006948
4759,DB00246,D006948
4760,DB09225,D006948
4761,DB00404,D006966
4762,DB06288,D006966
4763,DB01238,D006966
4764,DB00993,D006966
4765,DB01200,D006966
4766,DB00248,D006966
4767,DB00477,D006966
4768,DB00501,D006966
4769,DB00515,D006966
4770,DB00575,D006966
4771,DB00363,D006966
4772,DB00907,D006966
4773,DB00091,D006966
4774,DB00987,D006966
4775,DB01406,D006966
4776,DB00255,D006966
4777,DB01184,D006966
4778,DB00783,D006966
4779,DB00927,D006966
4780,DB00574,D006966
4781,DB00472,D006966
4782,DB00623,D006966
4783,DB00502,D006966
4784,DB00598,D006966
4785,DB00589,D006966
4786,DB00333,D006966
4787,DB00968,D006966
4788,DB00959,D006966
4789,DB01233,D006966
4790,DB00834,D006966
4791,DB01618,D006966
4792,DB00334,D006966
4793,DB00850,D006966
4794,DB01100,D006966
4795,DB00396,D006966
4796,DB09097,D006966
4797,DB00863,D006966
4798,DB00206,D006966
4799,DB00734,D006966
4800,DB00391,D006966
4801,DB00679,D006966
4802,DB00661,D006966
4803,DB01392,D006966
4804,DB00246,D006966
4805,DB00201,D020343
4806,DB00564,D020343
4807,DB00907,D020343
4808,DB01234,D020343
4809,DB00841,D020343
4810,DB01364,D020343
4811,DB00598,D020343
4812,DB00252,D020343
4813,DB00852,D020343
4814,DB01418,D006987
4815,DB00181,D006987
4816,DB01086,D006987
4817,DB00188,D006987
4818,DB00297,D006987
4819,DB00564,D006987
4820,DB01161,D006987
4821,DB00515,D006987
4822,DB00758,D006987
4823,DB00907,D006987
4824,DB00531,D006987
4825,DB00987,D006987
4826,DB00343,D006987
4827,DB01075,D006987
4828,DB00822,D006987
4829,DB00997,D006987
4830,DB00773,D006987
4831,DB00472,D006987
4832,DB01109,D006987
4833,DB00367,D006987
4834,DB00281,D006987
4835,DB00227,D006987
4836,DB00653,D006987
4837,DB00358,D006987
4838,DB00703,D006987
4839,DB00968,D006987
4840,DB00916,D006987
4841,DB00295,D006987
4842,DB00238,D006987
4843,DB00727,D006987
4844,DB00338,D006987
4845,DB01229,D006987
4846,DB00715,D006987
4847,DB00738,D006987
4848,DB00692,D006987
4849,DB00252,D006987
4850,DB00175,D006987
4851,DB00721,D006987
4852,DB01041,D006987
4853,DB00656,D006987
4854,DB00570,D006987
4855,DB00541,D006987
4856,DB00162,D006987
4857,DB00165,D020437
4858,DB00541,D020437
4859,DB00819,D020514
4860,DB00594,D020514
4861,DB01118,D020514
4862,DB00443,D020514
4863,DB00515,D020514
4864,DB00907,D020514
4865,DB14500,D020514
4866,DB00421,D020514
4867,DB00384,D020514
4868,DB00915,D018476
4869,DB06288,D018476
4870,DB00182,D018476
4871,DB00714,D018476
4872,DB13746,D018476
4873,DB01200,D018476
4874,DB00564,D018476
4875,DB00190,D018476
4876,DB00477,D018476
4877,DB00215,D018476
4878,DB00575,D018476
4879,DB00363,D018476
4880,DB00318,D018476
4881,DB01151,D018476
4882,DB01576,D018476
4883,DB00255,D018476
4884,DB00822,D018476
4885,DB00843,D018476
4886,DB00988,D018476
4887,DB00997,D018476
4888,DB00470,D018476
4889,DB00813,D018476
4890,DB01099,D018476
4891,DB04841,D018476
4892,DB00544,D018476
4893,DB00472,D018476
4894,DB00502,D018476
4895,DB00458,D018476
4896,DB00677,D018476
4897,DB11757,D018476
4898,DB01221,D018476
4899,DB01235,D018476
4900,DB00589,D018476
4901,DB14509,D018476
4902,DB01065,D018476
4903,DB00763,D018476
4904,DB00968,D018476
4905,DB00295,D018476
4906,DB01183,D018476
4907,DB00627,D018476
4908,DB00184,D018476
4909,DB01115,D018476
4910,DB00325,D018476
4911,DB00585,D018476
4912,DB04821,D018476
4913,DB00334,D018476
4914,DB00776,D018476
4915,DB01626,D018476
4916,DB00715,D018476
4917,DB01186,D018476
4918,DB04930,D018476
4919,DB00925,D018476
4920,DB01100,D018476
4921,DB00413,D018476
4922,DB01032,D018476
4923,DB00571,D018476
4924,DB01367,D018476
4925,DB00206,D018476
4926,DB00734,D018476
4927,DB00747,D018476
4928,DB01037,D018476
4929,DB09072,D018476
4930,DB00391,D018476
4931,DB00382,D018476
4932,DB00864,D018476
4933,DB04844,D018476
4934,DB00277,D018476
4935,DB09536,D018476
4936,DB00752,D018476
4937,DB00831,D018476
4938,DB00376,D018476
4939,DB00313,D018476
4940,DB00162,D018476
4941,DB01392,D018476
4942,DB01200,D007018
4943,DB00907,D007018
4944,DB01234,D007018
4945,DB04573,D007018
4946,DB01109,D007018
4947,DB00741,D007018
4948,DB06710,D007018
4949,DB00295,D007018
4950,DB00396,D007018
4951,DB00624,D007018
4952,DB01001,D007024
4953,DB00346,D007024
4954,DB01118,D007024
4955,DB00321,D007024
4956,DB00714,D007024
4957,DB01238,D007024
4958,DB00335,D007024
4959,DB00928,D007024
4960,DB12783,D007024
4961,DB00217,D007024
4962,DB00188,D007024
4963,DB01200,D007024
4964,DB00297,D007024
4965,DB01156,D007024
4966,DB01136,D007024
4967,DB00608,D007024
4968,DB00477,D007024
4969,DB00310,D007024
4970,DB00515,D007024
4971,DB01242,D007024
4972,DB00575,D007024
4973,DB00363,D007024
4974,DB00318,D007024
4975,DB01151,D007024
4976,DB00320,D007024
4977,DB00343,D007024
4978,DB01184,D007024
4979,DB00988,D007024
4980,DB00590,D007024
4981,DB01142,D007024
4982,DB06262,D007024
4983,DB00584,D007024
4984,DB01364,D007024
4985,DB00696,D007024
4986,DB00813,D007024
4987,DB00687,D007024
4988,DB01095,D007024
4989,DB00176,D007024
4990,DB00695,D007024
4991,DB01170,D007024
4992,DB01018,D007024
4993,DB00999,D007024
4994,DB00741,D007024
4995,DB00458,D007024
4996,DB00328,D007024
4997,DB01247,D007024
4998,DB00883,D007024
4999,DB00598,D007024
5000,DB01235,D007024
5001,DB00722,D007024
5002,DB00678,D007024
5003,DB00358,D007024
5004,DB00968,D007024
5005,DB00422,D007024
5006,DB00264,D007024
5007,DB06148,D007024
5008,DB00211,D007024
5009,DB00350,D007024
5010,DB00295,D007024
5011,DB09205,D007024
5012,DB00220,D007024
5013,DB01400,D007024
5014,DB01115,D007024
5015,DB00727,D007024
5016,DB00368,D007024
5017,DB00540,D007024
5018,DB00334,D007024
5019,DB01580,D007024
5020,DB00107,D007024
5021,DB01229,D007024
5022,DB00715,D007024
5023,DB00022,D007024
5024,DB00312,D007024
5025,DB00780,D007024
5026,DB00925,D007024
5027,DB00692,D007024
5028,DB00388,D007024
5029,DB00397,D007024
5030,DB00252,D007024
5031,DB00981,D007024
5032,DB00457,D007024
5033,DB01035,D007024
5034,DB00571,D007024
5035,DB00344,D007024
5036,DB00881,D007024
5037,DB00908,D007024
5038,DB00468,D007024
5039,DB01367,D007024
5040,DB00234,D007024
5041,DB00811,D007024
5042,DB00734,D007024
5043,DB01037,D007024
5044,DB01104,D007024
5045,DB00706,D007024
5046,DB00966,D007024
5047,DB00231,D007024
5048,DB01162,D007024
5049,DB04844,D007024
5050,DB00679,D007024
5051,DB00373,D007024
5052,DB00752,D007024
5053,DB00656,D007024
5054,DB00831,D007024
5055,DB03904,D007024
5056,DB00541,D007024
5057,DB11094,D007024
5058,DB01392,D007024
5059,DB06283,D007024
5060,DB00495,D007024
5061,DB04839,D007027
5062,DB00445,D007027
5063,DB00623,D007027
5064,DB04173,D007027
5065,DB00428,D007027
5066,DB00181,D002534
5067,DB11588,D002534
5068,DB00907,D002534
5069,DB00292,D002534
5070,DB00295,D002534
5071,DB00388,D002534
5072,DB00252,D002534
5073,DB00425,D002534
5074,DB00907,D020925
5075,DB01234,D020925
5076,DB01396,D020925
5077,DB00472,D020925
5078,DB01092,D020925
5079,DB09140,D020925
5080,DB00915,D007177
5081,DB00357,D007177
5082,DB01118,D007177
5083,DB00321,D007177
5084,DB01238,D007177
5085,DB00207,D007177
5086,DB00564,D007177
5087,DB00477,D007177
5088,DB00672,D007177
5089,DB00515,D007177
5090,DB00215,D007177
5091,DB01242,D007177
5092,DB00575,D007177
5093,DB00531,D007177
5094,DB00618,D007177
5095,DB01151,D007177
5096,DB01234,D007177
5097,DB00586,D007177
5098,DB01248,D007177
5099,DB00584,D007177
5100,DB00609,D007177
5101,DB00813,D007177
5102,DB00544,D007177
5103,DB00472,D007177
5104,DB00623,D007177
5105,DB00176,D007177
5106,DB00695,D007177
5107,DB00502,D007177
5108,DB00999,D007177
5109,DB01181,D007177
5110,DB00458,D007177
5111,DB00328,D007177
5112,DB01167,D007177
5113,DB00848,D007177
5114,DB00722,D007177
5115,DB00186,D007177
5116,DB00563,D007177
5117,DB01403,D007177
5118,DB00968,D007177
5119,DB00776,D007177
5120,DB00715,D007177
5121,DB00780,D007177
5122,DB00252,D007177
5123,DB00413,D007177
5124,DB00635,D007177
5125,DB00433,D007177
5126,DB00615,D007177
5127,DB01104,D007177
5128,DB00864,D007177
5129,DB00277,D007177
5130,DB00679,D007177
5131,DB00831,D007177
5132,DB00376,D007177
5133,DB03904,D007177
5134,DB00313,D007177
5135,DB00570,D007177
5136,DB00541,D007177
5137,DB00309,D007177
5138,DB00361,D007177
5139,DB00182,D020244
5140,DB01136,D020244
5141,DB00783,D020244
5142,DB00441,D020244
5143,DB01159,D020244
5144,DB01109,D020244
5145,DB04398,D020244
5146,DB01065,D020244
5147,DB00834,D020244
5148,DB01017,D020244
5149,DB00929,D020244
5150,DB00627,D020244
5151,DB00540,D020244
5152,DB09140,D020244
5153,DB01132,D020244
5154,DB00396,D020244
5155,DB00412,D020244
5156,DB00641,D020244
5157,DB00549,D020244
5158,DB00744,D020244
5159,DB00907,D020762
5160,DB01238,D008607
5161,DB00564,D008607
5162,DB00898,D008607
5163,DB00563,D008607
5164,DB04930,D008607
5165,DB01174,D008607
5166,DB00252,D008607
5167,DB00734,D008607
5168,DB00313,D008607
5169,DB00182,D002532
5170,DB00898,D002532
5171,DB01115,D002532
5172,DB00393,D002532
5173,DB00641,D002532
5174,DB00302,D002532
5175,DB00907,D020765
5176,DB01109,D020765
5177,DB00132,D002537
5178,DB04540,D002537
5179,DB00564,D002538
5180,DB00544,D020766
5181,DB01109,D020766
5182,DB00603,D020766
5183,DB01113,D020766
5184,DB00820,D020766
5185,DB00675,D020766
5186,DB00182,D002542
5187,DB00907,D002542
5188,DB00367,D002542
5189,DB00184,D002542
5190,DB00957,D002542
5191,DB00252,D002542
5192,DB00682,D002542
5193,DB00598,D020299
5194,DB01418,D020300
5195,DB00182,D020300
5196,DB00278,D020300
5197,DB01200,D020300
5198,DB00921,D020300
5199,DB00564,D020300
5200,DB01166,D020300
5201,DB00758,D020300
5202,DB00907,D020300
5203,DB00531,D020300
5204,DB00987,D020300
5205,DB00822,D020300
5206,DB01225,D020300
5207,DB00696,D020300
5208,DB00898,D020300
5209,DB00544,D020300
5210,DB00317,D020300
5211,DB01109,D020300
5212,DB14539,D020300
5213,DB00328,D020300
5214,DB08813,D020300
5215,DB00652,D020300
5216,DB01174,D020300
5217,DB00946,D020300
5218,DB00397,D020300
5219,DB00794,D020300
5220,DB00015,D020300
5221,DB00503,D020300
5222,DB00932,D020300
5223,DB00755,D020300
5224,DB00792,D020300
5225,DB00313,D020300
5226,DB00309,D020300
5227,DB00163,D020300
5228,DB00682,D020300
5229,DB00682,D020198
5230,DB00316,D019586
5231,DB00819,D019586
5232,DB06151,D019586
5233,DB00518,D019586
5234,DB01118,D019586
5235,DB00381,D019586
5236,DB00537,D019586
5237,DB01234,D019586
5238,DB00829,D019586
5239,DB00320,D019586
5240,DB00292,D019586
5241,DB00328,D019586
5242,DB00982,D019586
5243,DB01221,D019586
5244,DB00007,D019586
5245,DB00186,D019586
5246,DB00683,D019586
5247,DB01017,D019586
5248,DB00295,D019586
5249,DB00727,D019586
5250,DB00325,D019586
5251,DB01165,D019586
5252,DB01113,D019586
5253,DB00652,D019586
5254,DB00312,D019586
5255,DB00252,D019586
5256,DB00635,D019586
5257,DB00533,D019586
5258,DB00202,D019586
5259,DB01015,D019586
5260,DB00864,D019586
5261,DB00759,D019586
5262,DB00599,D019586
5263,DB00755,D019586
5264,DB00313,D019586
5265,DB00162,D019586
5266,DB00513,D020767
5267,DB01242,D020767
5268,DB00758,D020767
5269,DB00363,D020767
5270,DB00907,D020767
5271,DB01628,D020767
5272,DB01109,D020767
5273,DB00959,D020767
5274,DB08901,D020767
5275,DB00635,D020767
5276,DB00675,D020767
5277,DB01041,D020767
5278,DB00302,D020767
5279,DB00541,D020767
5280,DB00682,D020767
5281,DB00993,D020386
5282,DB00564,D020386
5283,DB00252,D020386
5284,DB00770,D002546
5285,DB00612,D002546
5286,DB00758,D002546
5287,DB00907,D002546
5288,DB00937,D002546
5289,DB00255,D002546
5290,DB00975,D002546
5291,DB00696,D002546
5292,DB00472,D002546
5293,DB01109,D002546
5294,DB01005,D002546
5295,DB00598,D002546
5296,DB00281,D002546
5297,DB00563,D002546
5298,DB00627,D002546
5299,DB01115,D002546
5300,DB00393,D002546
5301,DB09140,D002546
5302,DB00715,D002546
5303,DB00953,D002546
5304,DB00412,D002546
5305,DB00641,D002546
5306,DB00864,D002546
5307,DB00599,D002546
5308,DB00208,D002546
5309,DB00373,D002546
5310,DB00682,D002546
5311,DB00909,D002546
5312,DB05099,D000083242
5313,DB00290,D000083242
5314,DB01166,D000083242
5315,DB00515,D000083242
5316,DB00758,D000083242
5317,DB06754,D000083242
5318,DB01225,D000083242
5319,DB00773,D000083242
5320,DB01109,D000083242
5321,DB01017,D000083242
5322,DB08813,D000083242
5323,DB00191,D000083242
5324,DB11094,D000083242
5325,DB01065,D020179
5326,DB00263,D007647
5327,DB00982,D017593
5328,DB00563,D020232
5329,DB00898,D020915
5330,DB00343,D015624
5331,DB00907,D007805
5332,DB00763,D007805
5333,DB00563,D007805
5334,DB00184,D007805
5335,DB01174,D007805
5336,DB00313,D007805
5337,DB00564,D007806
5338,DB00264,D007806
5339,DB00648,D007806
5340,DB00184,D007806
5341,DB01229,D007806
5342,DB00907,D014854
5343,DB00126,D020264
5344,DB00316,D007859
5345,DB06151,D007859
5346,DB00404,D007859
5347,DB11081,D007859
5348,DB00915,D007859
5349,DB00321,D007859
5350,DB00182,D007859
5351,DB00714,D007859
5352,DB01169,D007859
5353,DB00126,D007859
5354,DB00572,D007859
5355,DB00181,D007859
5356,DB13746,D007859
5357,DB00201,D007859
5358,DB08907,D007859
5359,DB00564,D007859
5360,DB00262,D007859
5361,DB00475,D007859
5362,DB04540,D007859
5363,DB00122,D007859
5364,DB00515,D007859
5365,DB00363,D007859
5366,DB00907,D007859
5367,DB01394,D007859
5368,DB09130,D007859
5369,DB11672,D007859
5370,DB00531,D007859
5371,DB00434,D007859
5372,DB01234,D007859
5373,DB01576,D007859
5374,DB00829,D007859
5375,DB00255,D007859
5376,DB00390,D007859
5377,DB06782,D007859
5378,DB00843,D007859
5379,DB00988,D007859
5380,DB00997,D007859
5381,DB00470,D007859
5382,DB00783,D007859
5383,DB00898,D007859
5384,DB00593,D007859
5385,DB01205,D007859
5386,DB00158,D007859
5387,DB00674,D007859
5388,DB00502,D007859
5389,DB05381,D007859
5390,DB04864,D007859
5391,DB01005,D007859
5392,DB00753,D007859
5393,DB01221,D007859
5394,DB00555,D007859
5395,DB01235,D007859
5396,DB14642,D007859
5397,DB00657,D007859
5398,DB01065,D007859
5399,DB01043,D007859
5400,DB00331,D007859
5401,DB00763,D007859
5402,DB00134,D007859
5403,DB00563,D007859
5404,DB09241,D007859
5405,DB01011,D007859
5406,DB00683,D007859
5407,DB00295,D007859
5408,DB08804,D007859
5409,DB00184,D007859
5410,DB00904,D007859
5411,DB00842,D007859
5412,DB09140,D007859
5413,DB00312,D007859
5414,DB01186,D007859
5415,DB04930,D007859
5416,DB01174,D007859
5417,DB00252,D007859
5418,DB00981,D007859
5419,DB01085,D007859
5420,DB00413,D007859
5421,DB00387,D007859
5422,DB00818,D007859
5423,DB00550,D007859
5424,DB00899,D007859
5425,DB00734,D007859
5426,DB00989,D007859
5427,DB00412,D007859
5428,DB00747,D007859
5429,DB01037,D007859
5430,DB01236,D007859
5431,DB00428,D007859
5432,DB00382,D007859
5433,DB00820,D007859
5434,DB01956,D007859
5435,DB00624,D007859
5436,DB01041,D007859
5437,DB00277,D007859
5438,DB00599,D007859
5439,DB00273,D007859
5440,DB00755,D007859
5441,DB00897,D007859
5442,DB00347,D007859
5443,DB00313,D007859
5444,DB01392,D007859
5445,DB01593,D007859
5446,DB00425,D007859
5447,DB00316,D053609
5448,DB00819,D053609
5449,DB00787,D053609
5450,DB01001,D053609
5451,DB00915,D053609
5452,DB00357,D053609
5453,DB00613,D053609
5454,DB01060,D053609
5455,DB00964,D053609
5456,DB01014,D053609
5457,DB01200,D053609
5458,DB09061,D053609
5459,DB00564,D053609
5460,DB00748,D053609
5461,DB01340,D053609
5462,DB00501,D053609
5463,DB01242,D053609
5464,DB00575,D053609
5465,DB00363,D053609
5466,DB00907,D053609
5467,DB01394,D053609
5468,DB01576,D053609
5469,DB00514,D053609
5470,DB00829,D053609
5471,DB01396,D053609
5472,DB00390,D053609
5473,DB00985,D053609
5474,DB00898,D053609
5475,DB00593,D053609
5476,DB00949,D053609
5477,DB00574,D053609
5478,DB00695,D053609
5479,DB00441,D053609
5480,DB05381,D053609
5481,DB01181,D053609
5482,DB00270,D053609
5483,DB01221,D053609
5484,DB01202,D053609
5485,DB00186,D053609
5486,DB00934,D053609
5487,DB00814,D053609
5488,DB00703,D053609
5489,DB00563,D053609
5490,DB00683,D053609
5491,DB00370,D053609
5492,DB00295,D053609
5493,DB01183,D053609
5494,DB00704,D053609
5495,DB01115,D053609
5496,DB00727,D053609
5497,DB00338,D053609
5498,DB00776,D053609
5499,DB00497,D053609
5500,DB01229,D053609
5501,DB00780,D053609
5502,DB01174,D053609
5503,DB00252,D053609
5504,DB00981,D053609
5505,DB01085,D053609
5506,DB00761,D053609
5507,DB00860,D053609
5508,DB00635,D053609
5509,DB00794,D053609
5510,DB00852,D053609
5511,DB00165,D053609
5512,DB00863,D053609
5513,DB00864,D053609
5514,DB00871,D053609
5515,DB01041,D053609
5516,DB00277,D053609
5517,DB00679,D053609
5518,DB01623,D053609
5519,DB01607,D053609
5520,DB00373,D053609
5521,DB09536,D053609
5522,DB00193,D053609
5523,DB00897,D053609
5524,DB00313,D053609
5525,DB00541,D053609
5526,DB00425,D053609
5527,DB00205,D004684
5528,DB00359,D004684
5529,DB00787,D056784
5530,DB00404,D056784
5531,DB00993,D056784
5532,DB00921,D056784
5533,DB01101,D056784
5534,DB00262,D056784
5535,DB00515,D056784
5536,DB00907,D056784
5537,DB00091,D056784
5538,DB00987,D056784
5539,DB00694,D056784
5540,DB00997,D056784
5541,DB00773,D056784
5542,DB00544,D056784
5543,DB00441,D056784
5544,DB00741,D056784
5545,DB00848,D056784
5546,DB01033,D056784
5547,DB00333,D056784
5548,DB00563,D056784
5549,DB01204,D056784
5550,DB00497,D056784
5551,DB01229,D056784
5552,DB00635,D056784
5553,DB01168,D056784
5554,DB00818,D056784
5555,DB00205,D056784
5556,DB00641,D056784
5557,DB00795,D056784
5558,DB00864,D056784
5559,DB09256,D056784
5560,DB01080,D056784
5561,DB00541,D056784
5562,DB00369,D007968
5563,DB00907,D007968
5564,DB00531,D007968
5565,DB00091,D007968
5566,DB00544,D007968
5567,DB01024,D007968
5568,DB00863,D007968
5569,DB00443,D007969
5570,DB01234,D007969
5571,DB00328,D007969
5572,DB00653,D007969
5573,DB00363,D020961
5574,DB00843,D020961
5575,DB01592,D020961
5576,DB01043,D020961
5577,DB00531,D020945
5578,DB01212,D020852
5579,DB00358,D016779
5580,DB00468,D016779
5581,DB00307,D054220
5582,DB00262,D054220
5583,DB09130,D054220
5584,DB00982,D054220
5585,DB00555,D054220
5586,DB01065,D054220
5587,DB00550,D054220
5588,DB00313,D054220
5589,DB01080,D054220
5590,DB00162,D054220
5591,DB00126,D020149
5592,DB00988,D020149
5593,DB00783,D020149
5594,DB02530,D020149
5595,DB01592,D020149
5596,DB04398,D020149
5597,DB01235,D020149
5598,DB00435,D020149
5599,DB00740,D020149
5600,DB00675,D020149
5601,DB01576,D000087122
5602,DB00898,D054319
5603,DB00252,D020423
5604,DB00682,D020423
5605,DB01234,D058627
5606,DB00810,D008538
5607,DB00477,D008538
5608,DB01068,D008538
5609,DB00176,D008538
5610,DB00502,D008538
5611,DB00863,D008538
5612,DB00734,D008538
5613,DB00391,D008538
5614,DB04844,D008538
5615,DB00679,D008538
5616,DB01234,D017241
5617,DB00143,D017241
5618,DB00313,D017241
5619,DB00819,D008569
5620,DB06151,D008569
5621,DB00787,D008569
5622,DB06594,D008569
5623,DB00132,D008569
5624,DB00404,D008569
5625,DB11081,D008569
5626,DB00915,D008569
5627,DB00594,D008569
5628,DB01223,D008569
5629,DB00321,D008569
5630,DB00182,D008569
5631,DB01217,D008569
5632,DB01169,D008569
5633,DB00335,D008569
5634,DB06756,D008569
5635,DB00121,D008569
5636,DB14083,D008569
5637,DB00201,D008569
5638,DB09061,D008569
5639,DB00564,D008569
5640,DB00262,D008569
5641,DB01136,D008569
5642,DB00446,D008569
5643,DB04540,D008569
5644,DB00122,D008569
5645,DB11136,D008569
5646,DB00501,D008569
5647,DB01012,D008569
5648,DB00515,D008569
5649,DB00215,D008569
5650,DB01242,D008569
5651,DB00907,D008569
5652,DB01394,D008569
5653,DB09130,D008569
5654,DB11672,D008569
5655,DB00531,D008569
5656,DB00260,D008569
5657,DB00970,D008569
5658,DB00746,D008569
5659,DB01234,D008569
5660,DB01191,D008569
5661,DB00633,D008569
5662,DB00829,D008569
5663,DB00390,D008569
5664,DB06782,D008569
5665,DB00822,D008569
5666,DB00843,D008569
5667,DB00997,D008569
5668,DB00470,D008569
5669,DB00625,D008569
5670,DB00783,D008569
5671,DB00898,D008569
5672,DB00593,D008569
5673,DB00292,D008569
5674,DB00990,D008569
5675,DB04841,D008569
5676,DB00544,D008569
5677,DB00472,D008569
5678,DB00623,D008569
5679,DB00690,D008569
5680,DB00499,D008569
5681,DB00158,D008569
5682,DB00947,D008569
5683,DB00674,D008569
5684,DB00143,D008569
5685,DB00014,D008569
5686,DB00502,D008569
5687,DB04703,D008569
5688,DB05381,D008569
5689,DB04864,D008569
5690,DB00741,D008569
5691,DB01050,D008569
5692,DB00753,D008569
5693,DB00951,D008569
5694,DB01221,D008569
5695,DB00555,D008569
5696,DB01006,D008569
5697,DB00007,D008569
5698,DB01202,D008569
5699,DB01235,D008569
5700,DB08882,D008569
5701,DB14509,D008569
5702,DB00186,D008569
5703,DB13872,D008569
5704,DB00678,D008569
5705,DB00227,D008569
5706,DB00657,D008569
5707,DB00737,D008569
5708,DB03614,D008569
5709,DB00358,D008569
5710,DB01065,D008569
5711,DB01043,D008569
5712,DB00331,D008569
5713,DB00333,D008569
5714,DB00134,D008569
5715,DB00563,D008569
5716,DB09241,D008569
5717,DB00422,D008569
5718,DB00959,D008569
5719,DB01011,D008569
5720,DB00683,D008569
5721,DB00648,D008569
5722,DB09282,D008569
5723,DB00295,D008569
5724,DB08804,D008569
5725,DB00184,D008569
5726,DB04743,D008569
5727,DB00727,D008569
5728,DB00334,D008569
5729,DB00904,D008569
5730,DB11130,D008569
5731,DB01062,D008569
5732,DB00497,D008569
5733,DB09140,D008569
5734,DB04930,D008569
5735,DB01174,D008569
5736,DB00191,D008569
5737,DB00397,D008569
5738,DB00252,D008569
5739,DB00981,D008569
5740,DB01085,D008569
5741,DB01132,D008569
5742,DB00670,D008569
5743,DB00761,D008569
5744,DB00413,D008569
5745,DB00635,D008569
5746,DB00387,D008569
5747,DB00818,D008569
5748,DB00571,D008569
5749,DB01367,D008569
5750,DB00206,D008569
5751,DB06155,D008569
5752,DB00734,D008569
5753,DB00989,D008569
5754,DB00412,D008569
5755,DB00936,D008569
5756,DB00747,D008569
5757,DB01037,D008569
5758,DB01236,D008569
5759,DB00428,D008569
5760,DB00605,D008569
5761,DB00382,D008569
5762,DB00820,D008569
5763,DB00675,D008569
5764,DB01956,D008569
5765,DB00231,D008569
5766,DB00624,D008569
5767,DB01041,D008569
5768,DB00277,D008569
5769,DB00152,D008569
5770,DB00599,D008569
5771,DB00679,D008569
5772,DB00500,D008569
5773,DB00273,D008569
5774,DB00519,D008569
5775,DB00656,D008569
5776,DB00897,D008569
5777,DB00376,D008569
5778,DB00313,D008569
5779,DB00177,D008569
5780,DB01273,D008569
5781,DB11094,D008569
5782,DB02546,D008569
5783,DB01593,D008569
5784,DB01198,D008569
5785,DB08865,D055756
5786,DB00317,D055756
5787,DB00563,D055756
5788,DB00987,D008577
5789,DB00563,D008577
5790,DB00635,D008577
5791,DB04839,D008579
5792,DB01234,D008579
5793,DB00378,D008579
5794,DB00367,D008579
5795,DB00603,D008579
5796,DB00351,D008579
5797,DB00297,D008580
5798,DB00987,D008580
5799,DB01050,D008580
5800,DB00610,D008580
5801,DB00818,D008580
5802,DB00811,D008580
5803,DB00605,D008580
5804,DB00440,D008580
5805,DB00541,D008580
5806,DB06736,D008581
5807,DB06151,D008581
5808,DB00479,D008581
5809,DB00207,D008581
5810,DB00355,D008581
5811,DB00181,D008581
5812,DB01200,D008581
5813,DB00297,D008581
5814,DB00493,D008581
5815,DB00438,D008581
5816,DB01212,D008581
5817,DB01112,D008581
5818,DB00446,D008581
5819,DB00537,D008581
5820,DB00907,D008581
5821,DB00987,D008581
5822,DB01234,D008581
5823,DB00199,D008581
5824,DB00741,D008581
5825,DB01050,D008581
5826,DB00328,D008581
5827,DB01172,D008581
5828,DB00760,D008581
5829,DB00563,D008581
5830,DB00916,D008581
5831,DB01017,D008581
5832,DB00860,D008581
5833,DB00635,D008581
5834,DB00550,D008581
5835,DB01045,D008581
5836,DB01082,D008581
5837,DB00359,D008581
5838,DB00795,D008581
5839,DB00440,D008581
5840,DB01060,D008582
5841,DB00993,D008582
5842,DB00181,D008582
5843,DB00297,D008582
5844,DB00564,D008582
5845,DB00537,D008582
5846,DB00987,D008582
5847,DB00586,D008582
5848,DB00199,D008582
5849,DB00927,D008582
5850,DB00529,D008582
5851,DB01050,D008582
5852,DB00951,D008582
5853,DB00465,D008582
5854,DB00555,D008582
5855,DB00563,D008582
5856,DB00959,D008582
5857,DB00916,D008582
5858,DB00788,D008582
5859,DB00806,D008582
5860,DB01438,D008582
5861,DB00554,D008582
5862,DB00635,D008582
5863,DB00863,D008582
5864,DB01045,D008582
5865,DB00795,D008582
5866,DB00263,D008582
5867,DB00605,D008582
5868,DB00500,D008582
5869,DB00440,D008582
5870,DB00479,D016920
5871,DB01060,D016920
5872,DB00415,D016920
5873,DB00355,D016920
5874,DB00274,D016920
5875,DB00493,D016920
5876,DB00438,D016920
5877,DB01212,D016920
5878,DB01112,D016920
5879,DB00446,D016920
5880,DB00828,D016920
5881,DB01598,D016920
5882,DB00760,D016920
5883,DB00916,D016920
5884,DB01017,D016920
5885,DB00218,D016920
5886,DB00607,D016920
5887,DB00319,D016920
5888,DB01045,D016920
5889,DB00993,D016919
5890,DB01234,D016919
5891,DB00196,D016919
5892,DB01099,D016919
5893,DB01167,D016919
5894,DB01026,D016919
5895,DB01110,D016919
5896,DB00860,D016919
5897,DB00415,D008583
5898,DB00578,D008583
5899,DB00267,D008583
5900,DB00493,D008583
5901,DB00438,D008583
5902,DB01212,D008583
5903,DB00446,D008583
5904,DB07565,D008583
5905,DB00607,D008583
5906,DB01082,D008583
5907,DB00479,D008584
5908,DB01212,D008585
5909,DB00537,D008585
5910,DB01017,D008585
5911,DB01045,D008585
5912,DB00493,D008586
5913,DB01212,D008586
5914,DB00446,D008586
5915,DB01211,D008586
5916,DB01234,D008586
5917,DB00828,D008586
5918,DB01045,D008586
5919,DB01082,D008587
5920,DB00313,D008588
5921,DB00787,D008590
5922,DB01060,D008590
5923,DB01212,D008590
5924,DB00199,D008590
5925,DB01050,D008590
5926,DB00951,D008590
5927,DB00959,D008590
5928,DB00238,D008590
5929,DB00263,D008590
5930,DB00541,D008590
5931,DB00158,D008591
5932,DB14509,D008591
5933,DB00755,D008591
5934,DB00313,D008591
5935,DB09130,D007706
5936,DB00143,D020262
5937,DB01065,D020262
5938,DB01043,D020262
5939,DB00457,D020262
5940,DB00740,D020262
5941,DB00459,D008831
5942,DB00564,D008831
5943,DB00907,D008831
5944,DB00987,D008831
5945,DB00783,D008831
5946,DB00898,D008831
5947,DB00544,D008831
5948,DB01174,D008831
5949,DB00252,D008831
5950,DB00818,D008831
5951,DB00489,D008831
5952,DB00755,D008831
5953,DB00347,D008831
5954,DB00313,D008831
5955,DB00162,D008831
5956,DB00993,D055953
5957,DB00531,D055953
5958,DB01097,D055953
5959,DB00763,D055953
5960,DB00563,D055953
5961,DB01024,D055953
5962,DB00860,D055953
5963,DB00550,D055953
5964,DB00316,D008881
5965,DB00819,D008881
5966,DB00918,D008881
5967,DB00321,D008881
5968,DB00714,D008881
5969,DB00335,D008881
5970,DB01076,D008881
5971,DB00612,D008881
5972,DB00290,D008881
5973,DB00201,D008881
5974,DB00564,D008881
5975,DB00477,D008881
5976,DB01166,D008881
5977,DB00515,D008881
5978,DB00907,D008881
5979,DB01191,D008881
5980,DB00255,D008881
5981,DB00320,D008881
5982,DB01075,D008881
5983,DB00975,D008881
5984,DB01184,D008881
5985,DB00450,D008881
5986,DB00216,D008881
5987,DB00696,D008881
5988,DB00813,D008881
5989,DB04841,D008881
5990,DB00998,D008881
5991,DB00996,D008881
5992,DB05381,D008881
5993,DB01050,D008881
5994,DB00458,D008881
5995,DB00328,D008881
5996,DB01247,D008881
5997,DB00883,D008881
5998,DB00465,D008881
5999,DB00448,D008881
6000,DB00589,D008881
6001,DB14509,D008881
6002,DB00678,D008881
6003,DB00784,D008881
6004,DB01065,D008881
6005,DB01043,D008881
6006,DB00454,D008881
6007,DB00247,D008881
6008,DB01233,D008881
6009,DB00264,D008881
6010,DB00471,D008881
6011,DB01183,D008881
6012,DB00788,D008881
6013,DB00952,D008881
6014,DB00627,D008881
6015,DB00393,D008881
6016,DB00435,D008881
6017,DB00727,D008881
6018,DB00904,D008881
6019,DB00776,D008881
6020,DB00715,D008881
6021,DB01186,D008881
6022,DB00780,D008881
6023,DB00191,D008881
6024,DB00230,D008881
6025,DB00433,D008881
6026,DB00571,D008881
6027,DB00811,D008881
6028,DB00140,D008881
6029,DB00953,D008881
6030,DB01104,D008881
6031,DB00669,D008881
6032,DB00864,D008881
6033,DB00675,D008881
6034,DB00372,D008881
6035,DB00273,D008881
6036,DB00656,D008881
6037,DB00313,D008881
6038,DB00570,D008881
6039,DB00549,D008881
6040,DB00315,D008881
6041,DB00472,D020325
6042,DB00998,D020325
6043,DB00727,D020325
6044,DB00571,D020325
6045,DB00669,D020325
6046,DB00864,D020325
6047,DB00675,D020325
6048,DB00661,D020325
6049,DB00682,D020325
6050,DB00320,D020326
6051,DB00917,D020326
6052,DB01029,D020326
6053,DB00435,D020326
6054,DB00727,D020326
6055,DB00860,D020326
6056,DB00953,D020326
6057,DB00747,D020326
6058,DB00669,D020326
6059,DB00273,D020326
6060,DB00313,D020326
6061,DB00315,D020326
6062,DB00864,D019846
6063,DB00802,D015877
6064,DB00321,D015877
6065,DB00572,D015877
6066,DB00490,D015877
6067,DB00611,D015877
6068,DB00575,D015877
6069,DB00979,D015877
6070,DB01151,D015877
6071,DB00712,D015877
6072,DB00502,D015877
6073,DB11181,D015877
6074,DB00327,D015877
6075,DB01088,D015877
6076,DB00504,D015877
6077,DB01235,D015877
6078,DB00333,D015877
6079,DB00295,D015877
6080,DB09205,D015877
6081,DB01183,D015877
6082,DB00393,D015877
6083,DB00497,D015877
6084,DB00252,D015877
6085,DB00981,D015877
6086,DB01085,D015877
6087,DB00734,D015877
6088,DB01037,D015877
6089,DB00382,D015877
6090,DB00376,D015877
6091,DB00809,D015877
6092,DB01076,D017240
6093,DB00636,D017240
6094,DB00900,D017240
6095,DB00227,D017240
6096,DB00635,D017240
6097,DB00206,D017240
6098,DB00641,D017240
6099,DB00649,D017240
6100,DB00152,D017240
6101,DB00495,D017240
6102,DB00907,D020331
6103,DB00834,D020331
6104,DB00929,D020331
6105,DB00907,D020422
6106,DB00531,D020422
6107,DB00544,D020422
6108,DB00959,D020422
6109,DB00652,D020422
6110,DB00175,D020422
6111,DB00860,D020422
6112,DB00635,D020422
6113,DB00641,D020422
6114,DB00755,D020422
6115,DB00541,D020422
6116,DB00181,D016472
6117,DB00250,D016472
6118,DB00746,D016472
6119,DB01234,D016472
6120,DB00997,D016472
6121,DB00563,D016472
6122,DB00435,D016472
6123,DB01337,D016472
6124,DB00252,D016472
6125,DB00396,D016472
6126,DB00541,D016472
6127,DB06151,D009069
6128,DB00132,D009069
6129,DB00404,D009069
6130,DB00915,D009069
6131,DB01223,D009069
6132,DB01118,D009069
6133,DB06288,D009069
6134,DB00321,D009069
6135,DB00613,D009069
6136,DB00543,D009069
6137,DB00182,D009069
6138,DB00415,D009069
6139,DB00714,D009069
6140,DB01238,D009069
6141,DB00181,D009069
6142,DB12783,D009069
6143,DB00810,D009069
6144,DB01200,D009069
6145,DB00490,D009069
6146,DB00201,D009069
6147,DB00136,D009069
6148,DB06774,D009069
6149,DB00564,D009069
6150,DB01136,D009069
6151,DB00477,D009069
6152,DB00501,D009069
6153,DB00568,D009069
6154,DB00537,D009069
6155,DB00215,D009069
6156,DB01242,D009069
6157,DB01068,D009069
6158,DB00575,D009069
6159,DB00363,D009069
6160,DB00907,D009069
6161,DB01394,D009069
6162,DB09130,D009069
6163,DB11672,D009069
6164,DB00091,D009069
6165,DB00970,D009069
6166,DB00694,D009069
6167,DB03619,D009069
6168,DB01576,D009069
6169,DB00829,D009069
6170,DB01119,D009069
6171,DB00804,D009069
6172,DB01396,D009069
6173,DB01075,D009069
6174,DB01184,D009069
6175,DB00997,D009069
6176,DB00470,D009069
6177,DB00584,D009069
6178,DB00199,D009069
6179,DB00783,D009069
6180,DB00898,D009069
6181,DB00773,D009069
6182,DB01276,D009069
6183,DB00949,D009069
6184,DB00574,D009069
6185,DB04841,D009069
6186,DB00472,D009069
6187,DB00623,D009069
6188,DB04842,D009069
6189,DB00492,D009069
6190,DB00996,D009069
6191,DB00674,D009069
6192,DB02530,D009069
6193,DB00143,D009069
6194,DB00502,D009069
6195,DB01159,D009069
6196,DB01050,D009069
6197,DB00270,D009069
6198,DB00555,D009069
6199,DB01202,D009069
6200,DB01235,D009069
6201,DB14509,D009069
6202,DB00186,D009069
6203,DB00227,D009069
6204,DB00408,D009069
6205,DB00934,D009069
6206,DB01065,D009069
6207,DB01043,D009069
6208,DB00763,D009069
6209,DB00422,D009069
6210,DB01233,D009069
6211,DB00916,D009069
6212,DB06148,D009069
6213,DB01017,D009069
6214,DB00295,D009069
6215,DB01183,D009069
6216,DB00184,D009069
6217,DB04743,D009069
6218,DB01595,D009069
6219,DB04821,D009069
6220,DB00334,D009069
6221,DB09140,D009069
6222,DB01626,D009069
6223,DB00806,D009069
6224,DB01186,D009069
6225,DB00850,D009069
6226,DB01174,D009069
6227,DB00397,D009069
6228,DB00252,D009069
6229,DB00981,D009069
6230,DB01085,D009069
6231,DB01100,D009069
6232,DB11263,D009069
6233,DB00433,D009069
6234,DB00818,D009069
6235,DB00571,D009069
6236,DB00165,D009069
6237,DB00908,D009069
6238,DB00468,D009069
6239,DB01129,D009069
6240,DB00409,D009069
6241,DB00206,D009069
6242,DB00740,D009069
6243,DB00734,D009069
6244,DB00533,D009069
6245,DB00747,D009069
6246,DB01104,D009069
6247,DB00641,D009069
6248,DB00428,D009069
6249,DB00391,D009069
6250,DB00675,D009069
6251,DB01956,D009069
6252,DB04844,D009069
6253,DB00679,D009069
6254,DB01623,D009069
6255,DB00906,D009069
6256,DB09536,D009069
6257,DB00273,D009069
6258,DB00519,D009069
6259,DB00656,D009069
6260,DB00755,D009069
6261,DB00831,D009069
6262,DB00376,D009069
6263,DB01586,D009069
6264,DB00313,D009069
6265,DB00661,D009069
6266,DB00570,D009069
6267,DB00541,D009069
6268,DB00163,D009069
6269,DB01392,D009069
6270,DB00962,D009069
6271,DB00246,D009069
6272,DB00425,D009069
6273,DB00907,D009072
6274,DB00975,D009072
6275,DB00584,D009072
6276,DB00696,D009072
6277,DB00695,D009072
6278,DB00201,D020267
6279,DB00184,D020267
6280,DB00413,D020267
6281,DB00915,D009103
6282,DB00993,D009103
6283,DB00181,D009103
6284,DB00242,D009103
6285,DB00514,D009103
6286,DB08908,D009103
6287,DB01235,D009103
6288,DB00959,D009103
6289,DB01204,D009103
6290,DB00704,D009103
6291,DB00435,D009103
6292,DB00860,D009103
6293,DB00635,D009103
6294,DB00908,D009103
6295,DB12371,D009103
6296,DB08880,D009103
6297,DB11094,D009103
6298,DB00181,D020528
6299,DB00531,D020528
6300,DB01592,D020528
6301,DB01204,D020528
6302,DB00864,D020528
6303,DB00993,D020529
6304,DB08908,D020529
6305,DB01065,D020529
6306,DB00959,D020529
6307,DB01017,D020529
6308,DB01204,D020529
6309,DB01235,D019578
6310,DB09205,D019578
6311,DB00457,D019578
6312,DB01001,D009120
6313,DB00321,D009120
6314,DB00381,D009120
6315,DB00126,D009120
6316,DB00201,D009120
6317,DB00229,D009120
6318,DB01161,D009120
6319,DB00169,D009120
6320,DB00907,D009120
6321,DB00318,D009120
6322,DB00148,D009120
6323,DB01406,D009120
6324,DB01219,D009120
6325,DB01234,D009120
6326,DB00829,D009120
6327,DB00320,D009120
6328,DB01093,D009120
6329,DB00280,D009120
6330,DB00584,D009120
6331,DB00712,D009120
6332,DB00529,D009120
6333,DB00502,D009120
6334,DB00999,D009120
6335,DB00227,D009120
6336,DB00603,D009120
6337,DB00763,D009120
6338,DB00524,D009120
6339,DB00211,D009120
6340,DB00929,D009120
6341,DB00295,D009120
6342,DB01183,D009120
6343,DB01115,D009120
6344,DB01229,D009120
6345,DB00960,D009120
6346,DB14500,D009120
6347,DB00175,D009120
6348,DB00635,D009120
6349,DB00339,D009120
6350,DB00468,D009120
6351,DB00641,D009120
6352,DB00605,D009120
6353,DB00864,D009120
6354,DB00871,D009120
6355,DB01041,D009120
6356,DB00755,D009120
6357,DB00313,D009120
6358,DB00570,D009120
6359,DB00541,D009120
6360,DB00163,D009120
6361,DB00315,D009120
6362,DB00321,D009122
6363,DB00181,D009122
6364,DB01242,D009122
6365,DB00907,D009122
6366,DB01219,D009122
6367,DB01151,D009122
6368,DB00829,D009122
6369,DB00917,D009122
6370,DB00450,D009122
6371,DB00584,D009122
6372,DB00502,D009122
6373,DB00454,D009122
6374,DB01233,D009122
6375,DB00834,D009122
6376,DB00295,D009122
6377,DB00334,D009122
6378,DB01173,D009122
6379,DB00252,D009122
6380,DB00433,D009122
6381,DB01069,D009122
6382,DB00818,D009122
6383,DB00734,D009122
6384,DB00202,D009122
6385,DB00391,D009122
6386,DB00679,D009122
6387,DB00181,D009123
6388,DB00169,D009123
6389,DB00215,D009123
6390,DB01242,D009123
6391,DB00363,D009123
6392,DB09130,D009123
6393,DB00829,D009123
6394,DB01205,D009123
6395,DB01221,D009123
6396,DB00281,D009123
6397,DB14509,D009123
6398,DB00563,D009123
6399,DB00834,D009123
6400,DB00929,D009123
6401,DB00295,D009123
6402,DB01183,D009123
6403,DB01595,D009123
6404,DB00313,D009123
6405,DB00541,D009123
6406,DB00802,D009127
6407,DB00915,D009127
6408,DB00543,D009127
6409,DB00714,D009127
6410,DB00572,D009127
6411,DB00181,D009127
6412,DB01200,D009127
6413,DB00297,D009127
6414,DB00190,D009127
6415,DB00477,D009127
6416,DB00604,D009127
6417,DB00215,D009127
6418,DB00575,D009127
6419,DB00363,D009127
6420,DB00907,D009127
6421,DB01219,D009127
6422,DB00633,D009127
6423,DB00829,D009127
6424,DB00804,D009127
6425,DB01075,D009127
6426,DB01184,D009127
6427,DB00843,D009127
6428,DB00450,D009127
6429,DB00228,D009127
6430,DB00668,D009127
6431,DB00292,D009127
6432,DB00813,D009127
6433,DB01205,D009127
6434,DB00623,D009127
6435,DB00176,D009127
6436,DB00502,D009127
6437,DB01159,D009127
6438,DB01247,D009127
6439,DB11757,D009127
6440,DB01221,D009127
6441,DB00504,D009127
6442,DB01235,D009127
6443,DB00589,D009127
6444,DB14509,D009127
6445,DB00784,D009127
6446,DB00454,D009127
6447,DB00563,D009127
6448,DB00968,D009127
6449,DB00422,D009127
6450,DB01233,D009127
6451,DB01336,D009127
6452,DB00683,D009127
6453,DB00295,D009127
6454,DB01183,D009127
6455,DB00788,D009127
6456,DB01149,D009127
6457,DB00627,D009127
6458,DB00585,D009127
6459,DB00334,D009127
6460,DB00904,D009127
6461,DB00776,D009127
6462,DB01337,D009127
6463,DB01626,D009127
6464,DB00715,D009127
6465,DB01186,D009127
6466,DB00850,D009127
6467,DB00780,D009127
6468,DB00925,D009127
6469,DB00670,D009127
6470,DB00413,D009127
6471,DB00457,D009127
6472,DB00387,D009127
6473,DB00818,D009127
6474,DB00571,D009127
6475,DB00899,D009127
6476,DB00409,D009127
6477,DB00206,D009127
6478,DB00734,D009127
6479,DB00989,D009127
6480,DB00728,D009127
6481,DB00296,D009127
6482,DB06335,D009127
6483,DB00747,D009127
6484,DB01037,D009127
6485,DB01082,D009127
6486,DB00202,D009127
6487,DB00708,D009127
6488,DB00277,D009127
6489,DB00599,D009127
6490,DB00679,D009127
6491,DB01623,D009127
6492,DB00193,D009127
6493,DB00752,D009127
6494,DB00656,D009127
6495,DB00831,D009127
6496,DB00376,D009127
6497,DB00313,D009127
6498,DB01392,D009127
6499,DB00246,D009127
6500,DB00909,D009127
6501,DB00181,D009128
6502,DB00564,D009128
6503,DB00575,D009128
6504,DB00907,D009128
6505,DB01576,D009128
6506,DB00228,D009128
6507,DB00813,D009128
6508,DB00472,D009128
6509,DB00753,D009128
6510,DB01235,D009128
6511,DB00281,D009128
6512,DB01043,D009128
6513,DB00563,D009128
6514,DB00295,D009128
6515,DB01183,D009128
6516,DB01337,D009128
6517,DB00252,D009128
6518,DB00433,D009128
6519,DB01104,D009128
6520,DB00599,D009128
6521,DB00697,D009128
6522,DB00819,D018908
6523,DB00518,D018908
6524,DB00915,D018908
6525,DB11640,D018908
6526,DB01118,D018908
6527,DB00613,D018908
6528,DB00714,D018908
6529,DB01076,D018908
6530,DB00572,D018908
6531,DB00993,D018908
6532,DB00181,D018908
6533,DB00443,D018908
6534,DB01393,D018908
6535,DB00290,D018908
6536,DB00297,D018908
6537,DB00201,D018908
6538,DB09061,D018908
6539,DB00564,D018908
6540,DB00389,D018908
6541,DB00439,D018908
6542,DB00608,D018908
6543,DB00310,D018908
6544,DB00515,D018908
6545,DB01211,D018908
6546,DB00636,D018908
6547,DB00363,D018908
6548,DB00907,D018908
6549,DB01394,D018908
6550,DB11672,D018908
6551,DB00531,D018908
6552,DB00091,D018908
6553,DB00987,D018908
6554,DB01219,D018908
6555,DB00250,D018908
6556,DB01234,D018908
6557,DB00829,D018908
6558,DB01093,D018908
6559,DB01248,D018908
6560,DB00843,D018908
6561,DB01142,D018908
6562,DB00997,D018908
6563,DB01010,D018908
6564,DB01039,D018908
6565,DB01241,D018908
6566,DB01170,D018908
6567,DB01109,D018908
6568,DB00756,D018908
6569,DB00999,D018908
6570,DB00741,D018908
6571,DB01611,D018908
6572,DB00808,D018908
6573,DB00270,D018908
6574,DB01167,D018908
6575,DB01172,D018908
6576,DB01026,D018908
6577,DB00448,D018908
6578,DB00367,D018908
6579,DB14509,D018908
6580,DB00186,D018908
6581,DB00227,D018908
6582,DB00653,D018908
6583,DB00772,D018908
6584,DB00358,D018908
6585,DB00814,D018908
6586,DB00763,D018908
6587,DB00563,D018908
6588,DB00968,D018908
6589,DB00959,D018908
6590,DB00379,D018908
6591,DB00683,D018908
6592,DB00211,D018908
6593,DB01017,D018908
6594,DB00648,D018908
6595,DB00295,D018908
6596,DB01024,D018908
6597,DB01400,D018908
6598,DB00698,D018908
6599,DB00338,D018908
6600,DB01229,D018908
6601,DB01337,D018908
6602,DB01113,D018908
6603,DB00914,D018908
6604,DB00252,D018908
6605,DB14500,D018908
6606,DB00860,D018908
6607,DB00635,D018908
6608,DB01035,D018908
6609,DB00818,D018908
6610,DB00571,D018908
6611,DB00908,D018908
6612,DB01129,D018908
6613,DB00912,D018908
6614,DB01045,D018908
6615,DB00734,D018908
6616,DB00728,D018908
6617,DB00641,D018908
6618,DB00877,D018908
6619,DB00489,D018908
6620,DB00605,D018908
6621,DB00864,D018908
6622,DB00675,D018908
6623,DB01956,D018908
6624,DB01265,D018908
6625,DB00759,D018908
6626,DB01041,D018908
6627,DB00373,D018908
6628,DB00620,D018908
6629,DB00685,D018908
6630,DB00313,D018908
6631,DB00661,D018908
6632,DB00570,D018908
6633,DB00541,D018908
6634,DB00309,D018908
6635,DB11094,D018908
6636,DB00163,D018908
6637,DB00582,D018908
6638,DB00495,D018908
6639,DB01118,D009133
6640,DB01169,D009133
6641,DB00297,D009133
6642,DB00608,D009133
6643,DB11136,D009133
6644,DB00537,D009133
6645,DB00515,D009133
6646,DB01407,D009133
6647,DB00636,D009133
6648,DB00907,D009133
6649,DB01394,D009133
6650,DB00148,D009133
6651,DB00250,D009133
6652,DB00746,D009133
6653,DB01234,D009133
6654,DB00741,D009133
6655,DB14539,D009133
6656,DB00762,D009133
6657,DB00959,D009133
6658,DB00834,D009133
6659,DB00184,D009133
6660,DB01337,D009133
6661,DB00652,D009133
6662,DB00860,D009133
6663,DB00635,D009133
6664,DB01045,D009133
6665,DB00641,D009133
6666,DB01082,D009133
6667,DB01956,D009133
6668,DB00624,D009133
6669,DB00759,D009133
6670,DB00620,D009133
6671,DB01199,D009133
6672,DB00541,D009133
6673,DB00163,D009133
6674,DB00495,D009133
6675,DB11672,D009134
6676,DB01418,D009135
6677,DB00459,D009135
6678,DB01001,D009135
6679,DB00513,D009135
6680,DB01118,D009135
6681,DB00415,D009135
6682,DB01169,D009135
6683,DB00126,D009135
6684,DB01076,D009135
6685,DB00572,D009135
6686,DB09121,D009135
6687,DB00207,D009135
6688,DB00443,D009135
6689,DB01393,D009135
6690,DB14083,D009135
6691,DB00887,D009135
6692,DB00297,D009135
6693,DB00611,D009135
6694,DB00201,D009135
6695,DB00146,D009135
6696,DB00439,D009135
6697,DB00446,D009135
6698,DB08936,D009135
6699,DB00475,D009135
6700,DB00608,D009135
6701,DB01114,D009135
6702,DB00477,D009135
6703,DB00310,D009135
6704,DB00537,D009135
6705,DB00515,D009135
6706,DB00215,D009135
6707,DB00636,D009135
6708,DB01394,D009135
6709,DB00148,D009135
6710,DB11672,D009135
6711,DB00531,D009135
6712,DB00091,D009135
6713,DB01406,D009135
6714,DB01219,D009135
6715,DB01234,D009135
6716,DB00647,D009135
6717,DB00829,D009135
6718,DB00586,D009135
6719,DB00343,D009135
6720,DB00917,D009135
6721,DB01248,D009135
6722,DB00668,D009135
6723,DB00898,D009135
6724,DB00973,D009135
6725,DB00949,D009135
6726,DB01039,D009135
6727,DB01216,D009135
6728,DB01195,D009135
6729,DB00687,D009135
6730,DB00544,D009135
6731,DB00623,D009135
6732,DB01095,D009135
6733,DB00158,D009135
6734,DB00996,D009135
6735,DB00674,D009135
6736,DB00483,D009135
6737,DB00441,D009135
6738,DB01241,D009135
6739,DB00400,D009135
6740,DB01159,D009135
6741,DB05381,D009135
6742,DB00999,D009135
6743,DB00741,D009135
6744,DB01611,D009135
6745,DB01050,D009135
6746,DB00458,D009135
6747,DB00808,D009135
6748,DB01592,D009135
6749,DB00677,D009135
6750,DB00982,D009135
6751,DB01026,D009135
6752,DB00598,D009135
6753,DB04398,D009135
6754,DB00709,D009135
6755,DB00007,D009135
6756,DB00848,D009135
6757,DB00281,D009135
6758,DB14509,D009135
6759,DB00227,D009135
6760,DB00653,D009135
6761,DB01043,D009135
6762,DB14123,D009135
6763,DB00454,D009135
6764,DB00961,D009135
6765,DB00331,D009135
6766,DB00563,D009135
6767,DB00968,D009135
6768,DB00422,D009135
6769,DB00959,D009135
6770,DB00247,D009135
6771,DB01017,D009135
6772,DB01226,D009135
6773,DB01024,D009135
6774,DB00220,D009135
6775,DB01400,D009135
6776,DB00627,D009135
6777,DB01165,D009135
6778,DB00334,D009135
6779,DB00338,D009135
6780,DB01083,D009135
6781,DB01229,D009135
6782,DB01337,D009135
6783,DB00213,D009135
6784,DB00487,D009135
6785,DB00022,D009135
6786,DB00652,D009135
6787,DB00806,D009135
6788,DB00850,D009135
6789,DB01174,D009135
6790,DB00946,D009135
6791,DB00388,D009135
6792,DB00252,D009135
6793,DB01132,D009135
6794,DB14500,D009135
6795,DB00175,D009135
6796,DB00860,D009135
6797,DB00635,D009135
6798,DB01035,D009135
6799,DB00721,D009135
6800,DB00818,D009135
6801,DB00571,D009135
6802,DB00339,D009135
6803,DB00119,D009135
6804,DB00811,D009135
6805,DB01045,D009135
6806,DB00728,D009135
6807,DB00412,D009135
6808,DB00778,D009135
6809,DB00641,D009135
6810,DB00877,D009135
6811,DB00464,D009135
6812,DB00649,D009135
6813,DB00202,D009135
6814,DB00708,D009135
6815,DB00605,D009135
6816,DB00382,D009135
6817,DB00864,D009135
6818,DB00820,D009135
6819,DB01265,D009135
6820,DB00871,D009135
6821,DB00599,D009135
6822,DB00656,D009135
6823,DB00620,D009135
6824,DB00376,D009135
6825,DB01199,D009135
6826,DB00313,D009135
6827,DB00570,D009135
6828,DB00309,D009135
6829,DB00361,D009135
6830,DB00162,D009135
6831,DB00163,D009135
6832,DB00682,D009135
6833,DB00495,D009135
6834,DB01626,D009136
6835,DB00867,D009136
6836,DB00163,D009136
6837,DB09061,D020388
6838,DB00678,D020388
6839,DB00959,D020388
6840,DB00860,D020388
6841,DB01956,D020388
6842,DB00477,D009155
6843,DB00907,D009155
6844,DB01181,D009155
6845,DB00333,D009155
6846,DB00563,D009155
6847,DB00252,D009155
6848,DB00818,D009155
6849,DB00864,D009155
6850,DB00831,D009155
6851,DB01012,D063806
6852,DB04930,D063806
6853,DB00728,D063806
6854,DB00641,D063806
6855,DB00202,D063806
6856,DB11094,D063806
6857,DB01193,D009157
6858,DB00572,D009157
6859,DB00993,D009157
6860,DB00207,D009157
6861,DB00608,D009157
6862,DB01068,D009157
6863,DB00907,D009157
6864,DB00091,D009157
6865,DB00746,D009157
6866,DB01234,D009157
6867,DB01010,D009157
6868,DB00199,D009157
6869,DB00200,D009157
6870,DB00367,D009157
6871,DB14509,D009157
6872,DB00653,D009157
6873,DB00763,D009157
6874,DB01028,D009157
6875,DB00959,D009157
6876,DB01024,D009157
6877,DB01400,D009157
6878,DB00698,D009157
6879,DB01165,D009157
6880,DB00022,D009157
6881,DB00252,D009157
6882,DB00175,D009157
6883,DB00860,D009157
6884,DB00635,D009157
6885,DB01035,D009157
6886,DB01182,D009157
6887,DB00811,D009157
6888,DB00503,D009157
6889,DB01104,D009157
6890,DB00641,D009157
6891,DB00864,D009157
6892,DB00376,D009157
6893,DB00347,D009157
6894,DB00661,D009157
6895,DB00472,D020294
6896,DB00531,D017590
6897,DB00898,D017590
6898,DB00695,D017590
6899,DB00563,D017590
6900,DB00864,D017590
6901,DB00987,D009187
6902,DB00330,D009187
6903,DB00492,D009187
6904,DB01275,D009187
6905,DB00741,D009187
6906,DB00563,D009187
6907,DB01115,D009187
6908,DB00987,D009188
6909,DB00563,D009188
6910,DB00570,D009188
6911,DB01174,D020191
6912,DB00252,D020191
6913,DB00909,D020191
6914,DB00819,D020190
6915,DB01202,D020190
6916,DB00313,D020190
6917,DB00316,D009207
6918,DB06151,D009207
6919,DB00787,D009207
6920,DB01001,D009207
6921,DB00802,D009207
6922,DB00915,D009207
6923,DB01118,D009207
6924,DB00321,D009207
6925,DB00381,D009207
6926,DB00714,D009207
6927,DB00335,D009207
6928,DB00572,D009207
6929,DB00995,D009207
6930,DB00181,D009207
6931,DB00443,D009207
6932,DB00810,D009207
6933,DB01200,D009207
6934,DB00297,D009207
6935,DB01156,D009207
6936,DB00490,D009207
6937,DB00564,D009207
6938,DB00190,D009207
6939,DB00274,D009207
6940,DB00229,D009207
6941,DB00438,D009207
6942,DB01112,D009207
6943,DB00477,D009207
6944,DB00501,D009207
6945,DB00537,D009207
6946,DB00215,D009207
6947,DB00349,D009207
6948,DB01242,D009207
6949,DB01068,D009207
6950,DB00575,D009207
6951,DB00363,D009207
6952,DB00318,D009207
6953,DB00924,D009207
6954,DB00260,D009207
6955,DB00847,D009207
6956,DB00970,D009207
6957,DB01219,D009207
6958,DB01151,D009207
6959,DB01234,D009207
6960,DB00633,D009207
6961,DB01576,D009207
6962,DB00514,D009207
6963,DB00829,D009207
6964,DB00586,D009207
6965,DB00822,D009207
6966,DB00841,D009207
6967,DB00843,D009207
6968,DB01142,D009207
6969,DB00450,D009207
6970,DB00228,D009207
6971,DB00199,D009207
6972,DB00292,D009207
6973,DB00927,D009207
6974,DB00813,D009207
6975,DB01195,D009207
6976,DB00322,D009207
6977,DB01205,D009207
6978,DB00472,D009207
6979,DB00176,D009207
6980,DB00441,D009207
6981,DB00502,D009207
6982,DB00327,D009207
6983,DB01181,D009207
6984,DB01598,D009207
6985,DB00458,D009207
6986,DB01247,D009207
6987,DB00951,D009207
6988,DB01221,D009207
6989,DB00555,D009207
6990,DB00448,D009207
6991,DB01235,D009207
6992,DB00281,D009207
6993,DB14509,D009207
6994,DB00186,D009207
6995,DB00653,D009207
6996,DB00934,D009207
6997,DB00657,D009207
6998,DB00358,D009207
6999,DB01043,D009207
7000,DB00454,D009207
7001,DB00331,D009207
7002,DB00333,D009207
7003,DB00474,D009207
7004,DB01403,D009207
7005,DB00422,D009207
7006,DB00247,D009207
7007,DB01233,D009207
7008,DB00916,D009207
7009,DB00379,D009207
7010,DB00683,D009207
7011,DB00295,D009207
7012,DB01183,D009207
7013,DB01149,D009207
7014,DB00699,D009207
7015,DB00184,D009207
7016,DB01115,D009207
7017,DB00540,D009207
7018,DB00334,D009207
7019,DB01173,D009207
7020,DB00776,D009207
7021,DB00715,D009207
7022,DB00487,D009207
7023,DB00312,D009207
7024,DB00806,D009207
7025,DB00780,D009207
7026,DB00925,D009207
7027,DB00692,D009207
7028,DB00252,D009207
7029,DB00981,D009207
7030,DB01085,D009207
7031,DB00175,D009207
7032,DB00457,D009207
7033,DB00750,D009207
7034,DB01035,D009207
7035,DB01069,D009207
7036,DB01182,D009207
7037,DB00818,D009207
7038,DB00571,D009207
7039,DB00852,D009207
7040,DB00899,D009207
7041,DB00206,D009207
7042,DB00728,D009207
7043,DB00296,D009207
7044,DB01104,D009207
7045,DB00708,D009207
7046,DB00382,D009207
7047,DB00864,D009207
7048,DB00372,D009207
7049,DB00599,D009207
7050,DB01607,D009207
7051,DB00208,D009207
7052,DB00797,D009207
7053,DB00273,D009207
7054,DB00193,D009207
7055,DB00302,D009207
7056,DB00752,D009207
7057,DB00656,D009207
7058,DB00620,D009207
7059,DB00440,D009207
7060,DB00792,D009207
7061,DB00427,D009207
7062,DB00313,D009207
7063,DB00661,D009207
7064,DB01080,D009207
7065,DB01392,D009207
7066,DB00363,D020385
7067,DB01118,D009220
7068,DB01076,D009220
7069,DB01393,D009220
7070,DB00921,D009220
7071,DB01156,D009220
7072,DB00564,D009220
7073,DB00389,D009220
7074,DB00515,D009220
7075,DB01211,D009220
7076,DB00636,D009220
7077,DB01234,D009220
7078,DB00997,D009220
7079,DB00472,D009220
7080,DB01241,D009220
7081,DB00400,D009220
7082,DB01005,D009220
7083,DB00007,D009220
7084,DB00281,D009220
7085,DB00227,D009220
7086,DB00961,D009220
7087,DB00331,D009220
7088,DB00563,D009220
7089,DB01149,D009220
7090,DB00252,D009220
7091,DB00175,D009220
7092,DB00860,D009220
7093,DB00635,D009220
7094,DB01035,D009220
7095,DB00396,D009220
7096,DB00550,D009220
7097,DB00641,D009220
7098,DB00864,D009220
7099,DB00755,D009220
7100,DB00197,D009220
7101,DB00682,D009220
7102,DB00635,D018979
7103,DB00641,D018979
7104,DB00819,D009222
7105,DB01394,D009222
7106,DB00175,D009222
7107,DB00818,D009222
7108,DB00571,D009222
7109,DB00202,D009222
7110,DB01199,D009222
7111,DB00819,D009224
7112,DB00564,D009224
7113,DB00252,D009224
7114,DB00468,D009224
7115,DB01056,D009224
7116,DB00819,D020967
7117,DB01394,D020967
7118,DB00867,D020967
7119,DB00202,D020967
7120,DB00541,D020967
7121,DB00564,D009223
7122,DB01115,D009223
7123,DB00252,D009223
7124,DB00571,D009223
7125,DB00297,D000081030
7126,DB00182,D009290
7127,DB01576,D009290
7128,DB00579,D009290
7129,DB00422,D009290
7130,DB00745,D009290
7131,DB00295,D009290
7132,DB00312,D009290
7133,DB00780,D009290
7134,DB09072,D009290
7135,DB00434,D009347
7136,DB01418,D009408
7137,DB00720,D009408
7138,DB00652,D009408
7139,DB11094,D009408
7140,DB00682,D009408
7141,DB00675,D018317
7142,DB00523,D009421
7143,DB00564,D009421
7144,DB00907,D009421
7145,DB09130,D009421
7146,DB09131,D009421
7147,DB00531,D009421
7148,DB00987,D009421
7149,DB01234,D009421
7150,DB00586,D009421
7151,DB00255,D009421
7152,DB00783,D009421
7153,DB00898,D009421
7154,DB00158,D009421
7155,DB00982,D009421
7156,DB00929,D009421
7157,DB01024,D009421
7158,DB00184,D009421
7159,DB00252,D009421
7160,DB01085,D009421
7161,DB01041,D009421
7162,DB00755,D009421
7163,DB00313,D009421
7164,DB11672,D009423
7165,DB00987,D009423
7166,DB00563,D009423
7167,DB00252,D009423
7168,DB00787,D009437
7169,DB00321,D009437
7170,DB00810,D009437
7171,DB00188,D009437
7172,DB00297,D009437
7173,DB06774,D009437
7174,DB00564,D009437
7175,DB01242,D009437
7176,DB01068,D009437
7177,DB00531,D009437
7178,DB00091,D009437
7179,DB01151,D009437
7180,DB01234,D009437
7181,DB00586,D009437
7182,DB00997,D009437
7183,DB00470,D009437
7184,DB03843,D009437
7185,DB00996,D009437
7186,DB01221,D009437
7187,DB01026,D009437
7188,DB00555,D009437
7189,DB00480,D009437
7190,DB01106,D009437
7191,DB00281,D009437
7192,DB00934,D009437
7193,DB14123,D009437
7194,DB00454,D009437
7195,DB00959,D009437
7196,DB00379,D009437
7197,DB00295,D009437
7198,DB00497,D009437
7199,DB01229,D009437
7200,DB00635,D009437
7201,DB00230,D009437
7202,DB00412,D009437
7203,DB00421,D009437
7204,DB00649,D009437
7205,DB00428,D009437
7206,DB00864,D009437
7207,DB00624,D009437
7208,DB00759,D009437
7209,DB00273,D009437
7210,DB00193,D009437
7211,DB00541,D009437
7212,DB00361,D009437
7213,DB00943,D009437
7214,DB00909,D009437
7215,DB00297,D051474
7216,DB06774,D051474
7217,DB00564,D051474
7218,DB01239,D051474
7219,DB00216,D051474
7220,DB00898,D051474
7221,DB00996,D051474
7222,DB01221,D051474
7223,DB00281,D051474
7224,DB00959,D051474
7225,DB00540,D051474
7226,DB00669,D051474
7227,DB00193,D051474
7228,DB00316,D009436
7229,DB06151,D009436
7230,DB00787,D009436
7231,DB00321,D009436
7232,DB01238,D009436
7233,DB01169,D009436
7234,DB00928,D009436
7235,DB00181,D009436
7236,DB06756,D009436
7237,DB00201,D009436
7238,DB09061,D009436
7239,DB00564,D009436
7240,DB00475,D009436
7241,DB00608,D009436
7242,DB00169,D009436
7243,DB00907,D009436
7244,DB01394,D009436
7245,DB00531,D009436
7246,DB04839,D009436
7247,DB00470,D009436
7248,DB00898,D009436
7249,DB00544,D009436
7250,DB00158,D009436
7251,DB00502,D009436
7252,DB01109,D009436
7253,DB01005,D009436
7254,DB01097,D009436
7255,DB00281,D009436
7256,DB00563,D009436
7257,DB00295,D009436
7258,DB01024,D009436
7259,DB00184,D009436
7260,DB00435,D009436
7261,DB00325,D009436
7262,DB01783,D009436
7263,DB01174,D009436
7264,DB00252,D009436
7265,DB00428,D009436
7266,DB00755,D009436
7267,DB00440,D009436
7268,DB00313,D009436
7269,DB00162,D009436
7270,DB00163,D009436
7271,DB01593,D009436
7272,DB00993,D009443
7273,DB00900,D009443
7274,DB00997,D009443
7275,DB00544,D009443
7276,DB00529,D009443
7277,DB01437,D009443
7278,DB00951,D009443
7279,DB00281,D009443
7280,DB00916,D009443
7281,DB00698,D009443
7282,DB01229,D009443
7283,DB00759,D009443
7284,DB01041,D009443
7285,DB00570,D009443
7286,DB00361,D009443
7287,DB00435,D009444
7288,DB00582,D020953
7289,DB00182,D019150
7290,DB00252,D019150
7291,DB00541,D019150
7292,DB00316,D019954
7293,DB00787,D019954
7294,DB00714,D019954
7295,DB14083,D019954
7296,DB00921,D019954
7297,DB00564,D019954
7298,DB11588,D019954
7299,DB00608,D019954
7300,DB00477,D019954
7301,DB00501,D019954
7302,DB00537,D019954
7303,DB00215,D019954
7304,DB00349,D019954
7305,DB01242,D019954
7306,DB01068,D019954
7307,DB00575,D019954
7308,DB00363,D019954
7309,DB00907,D019954
7310,DB09130,D019954
7311,DB09131,D019954
7312,DB11672,D019954
7313,DB00987,D019954
7314,DB01576,D019954
7315,DB00514,D019954
7316,DB00829,D019954
7317,DB00255,D019954
7318,DB01075,D019954
7319,DB00843,D019954
7320,DB00470,D019954
7321,DB00898,D019954
7322,DB01018,D019954
7323,DB00502,D019954
7324,DB04703,D019954
7325,DB00458,D019954
7326,DB00753,D019954
7327,DB01221,D019954
7328,DB08882,D019954
7329,DB03614,D019954
7330,DB00422,D019954
7331,DB01017,D019954
7332,DB00184,D019954
7333,DB00435,D019954
7334,DB00842,D019954
7335,DB09140,D019954
7336,DB00780,D019954
7337,DB01174,D019954
7338,DB00692,D019954
7339,DB01085,D019954
7340,DB00960,D019954
7341,DB01132,D019954
7342,DB00818,D019954
7343,DB00571,D019954
7344,DB01839,D019954
7345,DB00908,D019954
7346,DB00140,D019954
7347,DB00412,D019954
7348,DB00428,D019954
7349,DB00864,D019954
7350,DB00273,D019954
7351,DB00755,D019954
7352,DB00313,D019954
7353,DB01080,D019954
7354,DB00541,D019954
7355,DB00162,D019954
7356,DB11094,D019954
7357,DB01392,D019954
7358,DB00549,D019954
7359,DB00495,D019954
7360,DB00518,D020019
7361,DB01234,D020019
7362,DB00860,D020019
7363,DB00635,D020019
7364,DB00316,D019636
7365,DB00182,D019636
7366,DB00126,D019636
7367,DB09130,D019636
7368,DB01576,D019636
7369,DB01364,D019636
7370,DB00328,D019636
7371,DB01592,D019636
7372,DB00753,D019636
7373,DB00677,D019636
7374,DB06655,D019636
7375,DB01065,D019636
7376,DB01043,D019636
7377,DB00563,D019636
7378,DB00683,D019636
7379,DB00834,D019636
7380,DB01017,D019636
7381,DB00184,D019636
7382,DB00393,D019636
7383,DB00435,D019636
7384,DB01085,D019636
7385,DB00605,D019636
7386,DB00864,D019636
7387,DB00500,D019636
7388,DB00519,D019636
7389,DB00150,D019636
7390,DB00313,D019636
7391,DB00163,D019636
7392,DB01041,D018318
7393,DB01076,D020078
7394,DB00887,D020078
7395,DB06774,D020078
7396,DB00898,D020078
7397,DB00950,D020078
7398,DB00677,D020078
7399,DB00961,D020078
7400,DB01130,D020078
7401,DB00669,D020078
7402,DB04115,D000090862
7403,DB00188,D000090862
7404,DB11672,D000090862
7405,DB00843,D000090862
7406,DB00753,D000090862
7407,DB00428,D000090862
7408,DB00820,D000090862
7409,DB00316,D009459
7410,DB00404,D009459
7411,DB00915,D009459
7412,DB06288,D009459
7413,DB00543,D009459
7414,DB00182,D009459
7415,DB01238,D009459
7416,DB00181,D009459
7417,DB01200,D009459
7418,DB01156,D009459
7419,DB00564,D009459
7420,DB00477,D009459
7421,DB01068,D009459
7422,DB00363,D009459
7423,DB00907,D009459
7424,DB00924,D009459
7425,DB01219,D009459
7426,DB00829,D009459
7427,DB01075,D009459
7428,DB01184,D009459
7429,DB00843,D009459
7430,DB00450,D009459
7431,DB00623,D009459
7432,DB00176,D009459
7433,DB00502,D009459
7434,DB01235,D009459
7435,DB14509,D009459
7436,DB00186,D009459
7437,DB00408,D009459
7438,DB00934,D009459
7439,DB01403,D009459
7440,DB00422,D009459
7441,DB01233,D009459
7442,DB01618,D009459
7443,DB04821,D009459
7444,DB00334,D009459
7445,DB00776,D009459
7446,DB00715,D009459
7447,DB00850,D009459
7448,DB00780,D009459
7449,DB01174,D009459
7450,DB00252,D009459
7451,DB01100,D009459
7452,DB00387,D009459
7453,DB01069,D009459
7454,DB00571,D009459
7455,DB00734,D009459
7456,DB00989,D009459
7457,DB04844,D009459
7458,DB00679,D009459
7459,DB01623,D009459
7460,DB00831,D009459
7461,DB00726,D009459
7462,DB00246,D009459
7463,DB01048,D009461
7464,DB00659,D009461
7465,DB00819,D009461
7466,DB00787,D009461
7467,DB01426,D009461
7468,DB00915,D009461
7469,DB01118,D009461
7470,DB01060,D009461
7471,DB00415,D009461
7472,DB01169,D009461
7473,DB00181,D009461
7474,DB00188,D009461
7475,DB01101,D009461
7476,DB00446,D009461
7477,DB00215,D009461
7478,DB00720,D009461
7479,DB00636,D009461
7480,DB00318,D009461
7481,DB09130,D009461
7482,DB01234,D009461
7483,DB00900,D009461
7484,DB00320,D009461
7485,DB06782,D009461
7486,DB00841,D009461
7487,DB01142,D009461
7488,DB00813,D009461
7489,DB00544,D009461
7490,DB00472,D009461
7491,DB00695,D009461
7492,DB00996,D009461
7493,DB01109,D009461
7494,DB01005,D009461
7495,DB00677,D009461
7496,DB01235,D009461
7497,DB00281,D009461
7498,DB00563,D009461
7499,DB01233,D009461
7500,DB00379,D009461
7501,DB00683,D009461
7502,DB01115,D009461
7503,DB00334,D009461
7504,DB00198,D009461
7505,DB00776,D009461
7506,DB09140,D009461
7507,DB01229,D009461
7508,DB01113,D009461
7509,DB00652,D009461
7510,DB00388,D009461
7511,DB00252,D009461
7512,DB00981,D009461
7513,DB00635,D009461
7514,DB00230,D009461
7515,DB00293,D009461
7516,DB01232,D009461
7517,DB01037,D009461
7518,DB12965,D009461
7519,DB00421,D009461
7520,DB00820,D009461
7521,DB00759,D009461
7522,DB11590,D009461
7523,DB00599,D009461
7524,DB09069,D009461
7525,DB11094,D009461
7526,DB00495,D009461
7527,DB01118,D009468
7528,DB00381,D009468
7529,DB00613,D009468
7530,DB00928,D009468
7531,DB01393,D009468
7532,DB00608,D009468
7533,DB00501,D009468
7534,DB00515,D009468
7535,DB01211,D009468
7536,DB00636,D009468
7537,DB00907,D009468
7538,DB01394,D009468
7539,DB00531,D009468
7540,DB00091,D009468
7541,DB00250,D009468
7542,DB00280,D009468
7543,DB01135,D009468
7544,DB00997,D009468
7545,DB01010,D009468
7546,DB01195,D009468
7547,DB14509,D009468
7548,DB00959,D009468
7549,DB00338,D009468
7550,DB01229,D009468
7551,DB01337,D009468
7552,DB00652,D009468
7553,DB00252,D009468
7554,DB00860,D009468
7555,DB00635,D009468
7556,DB01035,D009468
7557,DB00468,D009468
7558,DB00541,D009468
7559,DB00608,D020511
7560,DB01211,D020511
7561,DB00982,D020511
7562,DB01115,D020511
7563,DB00541,D020511
7564,DB01118,D020879
7565,DB00381,D020879
7566,DB00181,D020879
7567,DB00190,D020879
7568,DB00608,D020879
7569,DB00636,D020879
7570,DB14509,D020879
7571,DB00653,D020879
7572,DB00961,D020879
7573,DB00333,D020879
7574,DB00648,D020879
7575,DB01226,D020879
7576,DB00955,D020879
7577,DB01115,D020879
7578,DB09140,D020879
7579,DB00202,D020879
7580,DB00297,D009471
7581,DB00959,D009471
7582,DB06151,D020258
7583,DB00787,D020258
7584,DB14518,D020258
7585,DB11081,D020258
7586,DB01143,D020258
7587,DB00479,D020258
7588,DB01118,D020258
7589,DB00321,D020258
7590,DB00572,D020258
7591,DB00181,D020258
7592,DB00297,D020258
7593,DB09061,D020258
7594,DB01101,D020258
7595,DB00564,D020258
7596,DB00493,D020258
7597,DB01161,D020258
7598,DB00515,D020258
7599,DB01211,D020258
7600,DB11672,D020258
7601,DB00531,D020258
7602,DB00091,D020258
7603,DB00151,D020258
7604,DB00987,D020258
7605,DB00970,D020258
7606,DB00633,D020258
7607,DB01396,D020258
7608,DB00822,D020258
7609,DB00997,D020258
7610,DB00898,D020258
7611,DB00773,D020258
7612,DB00693,D020258
7613,DB00544,D020258
7614,DB03843,D020258
7615,DB00674,D020258
7616,DB00441,D020258
7617,DB00143,D020258
7618,DB01016,D020258
7619,DB05381,D020258
7620,DB04864,D020258
7621,DB01181,D020258
7622,DB01592,D020258
7623,DB00677,D020258
7624,DB00951,D020258
7625,DB01167,D020258
7626,DB01221,D020258
7627,DB04398,D020258
7628,DB00581,D020258
7629,DB01235,D020258
7630,DB14509,D020258
7631,DB00772,D020258
7632,DB01065,D020258
7633,DB00333,D020258
7634,DB00563,D020258
7635,DB00959,D020258
7636,DB00916,D020258
7637,DB01204,D020258
7638,DB00295,D020258
7639,DB00184,D020258
7640,DB00393,D020258
7641,DB00698,D020258
7642,DB00325,D020258
7643,DB00713,D020258
7644,DB01229,D020258
7645,DB01174,D020258
7646,DB01085,D020258
7647,DB01132,D020258
7648,DB00733,D020258
7649,DB00230,D020258
7650,DB00396,D020258
7651,DB00818,D020258
7652,DB00571,D020258
7653,DB00734,D020258
7654,DB00296,D020258
7655,DB00412,D020258
7656,DB01236,D020258
7657,DB12965,D020258
7658,DB00649,D020258
7659,DB00795,D020258
7660,DB00864,D020258
7661,DB00624,D020258
7662,DB11590,D020258
7663,DB00679,D020258
7664,DB01607,D020258
7665,DB00193,D020258
7666,DB00755,D020258
7667,DB00197,D020258
7668,DB00313,D020258
7669,DB00661,D020258
7670,DB00570,D020258
7671,DB00541,D020258
7672,DB00309,D020258
7673,DB00361,D020258
7674,DB00162,D020258
7675,DB00163,D020258
7676,DB00943,D020258
7677,DB04540,D052556
7678,DB00636,D052556
7679,DB00575,D020184
7680,DB00843,D020184
7681,DB01129,D020184
7682,DB00734,D020184
7683,DB00679,D020184
7684,DB01235,D020189
7685,DB00334,D020189
7686,DB01186,D020189
7687,DB00313,D020417
7688,DB00802,D009759
7689,DB00637,D009759
7690,DB00181,D009759
7691,DB00810,D009759
7692,DB00564,D009759
7693,DB00482,D009759
7694,DB01068,D009759
7695,DB00924,D009759
7696,DB00987,D009759
7697,DB01234,D009759
7698,DB00390,D009759
7699,DB11273,D009759
7700,DB13345,D009759
7701,DB00189,D009759
7702,DB00472,D009759
7703,DB00996,D009759
7704,DB01221,D009759
7705,DB00281,D009759
7706,DB14509,D009759
7707,DB00358,D009759
7708,DB01065,D009759
7709,DB01043,D009759
7710,DB00454,D009759
7711,DB00331,D009759
7712,DB00563,D009759
7713,DB00916,D009759
7714,DB01017,D009759
7715,DB00295,D009759
7716,DB01183,D009759
7717,DB00984,D009759
7718,DB00184,D009759
7719,DB01595,D009759
7720,DB06412,D009759
7721,DB00312,D009759
7722,DB01174,D009759
7723,DB00252,D009759
7724,DB00981,D009759
7725,DB00794,D009759
7726,DB00721,D009759
7727,DB00818,D009759
7728,DB00708,D009759
7729,DB00864,D009759
7730,DB00679,D009759
7731,DB00313,D009759
7732,DB06288,D015835
7733,DB00321,D015835
7734,DB00564,D015835
7735,DB00341,D015835
7736,DB00477,D015835
7737,DB00501,D015835
7738,DB00515,D015835
7739,DB00363,D015835
7740,DB00907,D015835
7741,DB00829,D015835
7742,DB00985,D015835
7743,DB01075,D015835
7744,DB01184,D015835
7745,DB01142,D015835
7746,DB01010,D015835
7747,DB00322,D015835
7748,DB00544,D015835
7749,DB00472,D015835
7750,DB00502,D015835
7751,DB00458,D015835
7752,DB01221,D015835
7753,DB01235,D015835
7754,DB00563,D015835
7755,DB00422,D015835
7756,DB01233,D015835
7757,DB06148,D015835
7758,DB00904,D015835
7759,DB00776,D015835
7760,DB00022,D015835
7761,DB00652,D015835
7762,DB00312,D015835
7763,DB00850,D015835
7764,DB01174,D015835
7765,DB00252,D015835
7766,DB00433,D015835
7767,DB00571,D015835
7768,DB00811,D015835
7769,DB00864,D015835
7770,DB01041,D015835
7771,DB00599,D015835
7772,DB00376,D015835
7773,DB00313,D015835
7774,DB00544,D015840
7775,DB00022,D015840
7776,DB00811,D015840
7777,DB00541,D015840
7778,DB00479,D000857
7779,DB01118,D000857
7780,DB01060,D000857
7781,DB00443,D000857
7782,DB00215,D000857
7783,DB01211,D000857
7784,DB00907,D000857
7785,DB00987,D000857
7786,DB00390,D000857
7787,DB00343,D000857
7788,DB01077,D000857
7789,DB01109,D000857
7790,DB00982,D000857
7791,DB01172,D000857
7792,DB01221,D000857
7793,DB00281,D000857
7794,DB00227,D000857
7795,DB14123,D000857
7796,DB00763,D000857
7797,DB00211,D000857
7798,DB01017,D000857
7799,DB01115,D000857
7800,DB00338,D000857
7801,DB00339,D000857
7802,DB00778,D000857
7803,DB01236,D000857
7804,DB01082,D000857
7805,DB00277,D000857
7806,DB00541,D000857
7807,DB01593,D000857
7808,DB01118,D009886
7809,DB00321,D009886
7810,DB00626,D009886
7811,DB00564,D009886
7812,DB00907,D009886
7813,DB00829,D009886
7814,DB00343,D009886
7815,DB01142,D009886
7816,DB00982,D009886
7817,DB00281,D009886
7818,DB00959,D009886
7819,DB01337,D009886
7820,DB00252,D009886
7821,DB00981,D009886
7822,DB00721,D009886
7823,DB00165,D009886
7824,DB00864,D009886
7825,DB00541,D009886
7826,DB00163,D009886
7827,DB00143,D017246
7828,DB00860,D017246
7829,DB00656,D053578
7830,DB01118,D009896
7831,DB00446,D009896
7832,DB00477,D009896
7833,DB01394,D009896
7834,DB00987,D009896
7835,DB00250,D009896
7836,DB00647,D009896
7837,DB00900,D009896
7838,DB00711,D009896
7839,DB00696,D009896
7840,DB00330,D009896
7841,DB00756,D009896
7842,DB00563,D009896
7843,DB00468,D009896
7844,DB00620,D009896
7845,DB01080,D009896
7846,DB00541,D009896
7847,DB00682,D009896
7848,DB00330,D029241
7849,DB00330,D029242
7850,DB01118,D009901
7851,DB00262,D009901
7852,DB00446,D009901
7853,DB00672,D009901
7854,DB00501,D009901
7855,DB00537,D009901
7856,DB00515,D009901
7857,DB00907,D009901
7858,DB01394,D009901
7859,DB09130,D009901
7860,DB00987,D009901
7861,DB00746,D009901
7862,DB00711,D009901
7863,DB00390,D009901
7864,DB00822,D009901
7865,DB00330,D009901
7866,DB00898,D009901
7867,DB00544,D009901
7868,DB00158,D009901
7869,DB05260,D009901
7870,DB00951,D009901
7871,DB14509,D009901
7872,DB00563,D009901
7873,DB09241,D009901
7874,DB00916,D009901
7875,DB00368,D009901
7876,DB01229,D009901
7877,DB00468,D009901
7878,DB00811,D009901
7879,DB00864,D009901
7880,DB00675,D009901
7881,DB00541,D009901
7882,DB00682,D009901
7883,DB01168,D020339
7884,DB00541,D020339
7885,DB00518,D009902
7886,DB01118,D009902
7887,DB00262,D009902
7888,DB00446,D009902
7889,DB00515,D009902
7890,DB00987,D009902
7891,DB00900,D009902
7892,DB00822,D009902
7893,DB00330,D009902
7894,DB00189,D009902
7895,DB00200,D009902
7896,DB00951,D009902
7897,DB00959,D009902
7898,DB00350,D009902
7899,DB00860,D009902
7900,DB00635,D009902
7901,DB01168,D009902
7902,DB00675,D009902
7903,DB01080,D009902
7904,DB01118,D018917
7905,DB00250,D018917
7906,DB00668,D018917
7907,DB00696,D018917
7908,DB00492,D018917
7909,DB01275,D018917
7910,DB01115,D018917
7911,DB00338,D018917
7912,DB00935,D018917
7913,DB00008,D018917
7914,DB00022,D018917
7915,DB00191,D018917
7916,DB00811,D018917
7917,DB00669,D018917
7918,DB00373,D018917
7919,DB00252,D020163
7920,DB00540,D054971
7921,DB00780,D054971
7922,DB00819,D010211
7923,DB01118,D010211
7924,DB00262,D010211
7925,DB00608,D010211
7926,DB01190,D010211
7927,DB00907,D010211
7928,DB00987,D010211
7929,DB01406,D010211
7930,DB01234,D010211
7931,DB00647,D010211
7932,DB00696,D010211
7933,DB00773,D010211
7934,DB01109,D010211
7935,DB01177,D010211
7936,DB00982,D010211
7937,DB01026,D010211
7938,DB14509,D010211
7939,DB00603,D010211
7940,DB00563,D010211
7941,DB01017,D010211
7942,DB08804,D010211
7943,DB00727,D010211
7944,DB00338,D010211
7945,DB00022,D010211
7946,DB00252,D010211
7947,DB00860,D010211
7948,DB00811,D010211
7949,DB01015,D010211
7950,DB00675,D010211
7951,DB00759,D010211
7952,DB00755,D010211
7953,DB00792,D010211
7954,DB00162,D010211
7955,DB00682,D010211
7956,DB00819,D010243
7957,DB03128,D010243
7958,DB11640,D010243
7959,DB00479,D010243
7960,DB00321,D010243
7961,DB01351,D010243
7962,DB00572,D010243
7963,DB00297,D010243
7964,DB01164,D010243
7965,DB01161,D010243
7966,DB00477,D010243
7967,DB00565,D010243
7968,DB00515,D010243
7969,DB01190,D010243
7970,DB00363,D010243
7971,DB01394,D010243
7972,DB09130,D010243
7973,DB09131,D010243
7974,DB01176,D010243
7975,DB00091,D010243
7976,DB00987,D010243
7977,DB00970,D010243
7978,DB00694,D010243
7979,DB01245,D010243
7980,DB00711,D010243
7981,DB00843,D010243
7982,DB00997,D010243
7983,DB01010,D010243
7984,DB00584,D010243
7985,DB01225,D010243
7986,DB00668,D010243
7987,DB00898,D010243
7988,DB00773,D010243
7989,DB00813,D010243
7990,DB00695,D010243
7991,DB00996,D010243
7992,DB00674,D010243
7993,DB00483,D010243
7994,DB00874,D010243
7995,DB00756,D010243
7996,DB00999,D010243
7997,DB00741,D010243
7998,DB00677,D010243
7999,DB01026,D010243
8000,DB00848,D010243
8001,DB00281,D010243
8002,DB14509,D010243
8003,DB00653,D010243
8004,DB00657,D010243
8005,DB00961,D010243
8006,DB00371,D010243
8007,DB00333,D010243
8008,DB00563,D010243
8009,DB00959,D010243
8010,DB01226,D010243
8011,DB00295,D010243
8012,DB11431,D010243
8013,DB00994,D010243
8014,DB01400,D010243
8015,DB00184,D010243
8016,DB01115,D010243
8017,DB00368,D010243
8018,DB01092,D010243
8019,DB09140,D010243
8020,DB01337,D010243
8021,DB00008,D010243
8022,DB01174,D010243
8023,DB00252,D010243
8024,DB00592,D010243
8025,DB14500,D010243
8026,DB00733,D010243
8027,DB00860,D010243
8028,DB00635,D010243
8029,DB00750,D010243
8030,DB00818,D010243
8031,DB00908,D010243
8032,DB00468,D010243
8033,DB00863,D010243
8034,DB00206,D010243
8035,DB00811,D010243
8036,DB00728,D010243
8037,DB01698,D010243
8038,DB00421,D010243
8039,DB00202,D010243
8040,DB01199,D010243
8041,DB03904,D010243
8042,DB00661,D010243
8043,DB00570,D010243
8044,DB00541,D010243
8045,DB00309,D010243
8046,DB00682,D010243
8047,DB00134,D020335
8048,DB00563,D020335
8049,DB01204,D020335
8050,DB00295,D020335
8051,DB00871,D020335
8052,DB00987,D020336
8053,DB00333,D020336
8054,DB00295,D020336
8055,DB09220,D020336
8056,DB00635,D015493
8057,DB00495,D015493
8058,DB00443,D010264
8059,DB00297,D010264
8060,DB00611,D010264
8061,DB00987,D010264
8062,DB01219,D010264
8063,DB00997,D010264
8064,DB01109,D010264
8065,DB00741,D010264
8066,DB01235,D010264
8067,DB00454,D010264
8068,DB00563,D010264
8069,DB00959,D010264
8070,DB01204,D010264
8071,DB01280,D010264
8072,DB00860,D010264
8073,DB00541,D010264
8074,DB01592,D020447
8075,DB01235,D020447
8076,DB00962,D020447
8077,DB00425,D020447
8078,DB01001,D010291
8079,DB00182,D010291
8080,DB00181,D010291
8081,DB00297,D010291
8082,DB00446,D010291
8083,DB00608,D010291
8084,DB00880,D010291
8085,DB00477,D010291
8086,DB00537,D010291
8087,DB01211,D010291
8088,DB00349,D010291
8089,DB00363,D010291
8090,DB00907,D010291
8091,DB00091,D010291
8092,DB00987,D010291
8093,DB00829,D010291
8094,DB00822,D010291
8095,DB00997,D010291
8096,DB00813,D010291
8097,DB01109,D010291
8098,DB00741,D010291
8099,DB00883,D010291
8100,DB00598,D010291
8101,DB00281,D010291
8102,DB00653,D010291
8103,DB00657,D010291
8104,DB00961,D010291
8105,DB01033,D010291
8106,DB00563,D010291
8107,DB00916,D010291
8108,DB00295,D010291
8109,DB01183,D010291
8110,DB00184,D010291
8111,DB01337,D010291
8112,DB01113,D010291
8113,DB00252,D010291
8114,DB00750,D010291
8115,DB01069,D010291
8116,DB00908,D010291
8117,DB00641,D010291
8118,DB00489,D010291
8119,DB00202,D010291
8120,DB00795,D010291
8121,DB00864,D010291
8122,DB09085,D010291
8123,DB01041,D010291
8124,DB00273,D010291
8125,DB00302,D010291
8126,DB00755,D010291
8127,DB00313,D010291
8128,DB00570,D010291
8129,DB00541,D010291
8130,DB00943,D010291
8131,DB00819,D010292
8132,DB00918,D010292
8133,DB00915,D010292
8134,DB01143,D010292
8135,DB01118,D010292
8136,DB00321,D010292
8137,DB00993,D010292
8138,DB00290,D010292
8139,DB00188,D010292
8140,DB00297,D010292
8141,DB01156,D010292
8142,DB00490,D010292
8143,DB01101,D010292
8144,DB06774,D010292
8145,DB00564,D010292
8146,DB00262,D010292
8147,DB00537,D010292
8148,DB00515,D010292
8149,DB00215,D010292
8150,DB00575,D010292
8151,DB00907,D010292
8152,DB00531,D010292
8153,DB00091,D010292
8154,DB00987,D010292
8155,DB00694,D010292
8156,DB01234,D010292
8157,DB01093,D010292
8158,DB00975,D010292
8159,DB00280,D010292
8160,DB00822,D010292
8161,DB00841,D010292
8162,DB01248,D010292
8163,DB00997,D010292
8164,DB00584,D010292
8165,DB00668,D010292
8166,DB00445,D010292
8167,DB00696,D010292
8168,DB00330,D010292
8169,DB00773,D010292
8170,DB01195,D010292
8171,DB00544,D010292
8172,DB00472,D010292
8173,DB00529,D010292
8174,DB01320,D010292
8175,DB00695,D010292
8176,DB00996,D010292
8177,DB00441,D010292
8178,DB00400,D010292
8179,DB01181,D010292
8180,DB00762,D010292
8181,DB00951,D010292
8182,DB01167,D010292
8183,DB01221,D010292
8184,DB00598,D010292
8185,DB00709,D010292
8186,DB00448,D010292
8187,DB00367,D010292
8188,DB00281,D010292
8189,DB00227,D010292
8190,DB00653,D010292
8191,DB00358,D010292
8192,DB00961,D010292
8193,DB00703,D010292
8194,DB00563,D010292
8195,DB00959,D010292
8196,DB00264,D010292
8197,DB00916,D010292
8198,DB00211,D010292
8199,DB00370,D010292
8200,DB01183,D010292
8201,DB00788,D010292
8202,DB00627,D010292
8203,DB01115,D010292
8204,DB01595,D010292
8205,DB00698,D010292
8206,DB00338,D010292
8207,DB01229,D010292
8208,DB00715,D010292
8209,DB00487,D010292
8210,DB00652,D010292
8211,DB00780,D010292
8212,DB00830,D010292
8213,DB00252,D010292
8214,DB00175,D010292
8215,DB00635,D010292
8216,DB00750,D010292
8217,DB00571,D010292
8218,DB00165,D010292
8219,DB01045,D010292
8220,DB00740,D010292
8221,DB00734,D010292
8222,DB00296,D010292
8223,DB01104,D010292
8224,DB00641,D010292
8225,DB00795,D010292
8226,DB00263,D010292
8227,DB00605,D010292
8228,DB00669,D010292
8229,DB00231,D010292
8230,DB01041,D010292
8231,DB01056,D010292
8232,DB00755,D010292
8233,DB00897,D010292
8234,DB00313,D010292
8235,DB00570,D010292
8236,DB00541,D010292
8237,DB00309,D010292
8238,DB00361,D010292
8239,DB00163,D010292
8240,DB00682,D010292
8241,DB00943,D010292
8242,DB00495,D010292
8243,DB00909,D010292
8244,DB00915,D010300
8245,DB00182,D010300
8246,DB00714,D010300
8247,DB00673,D010300
8248,DB00637,D010300
8249,DB12783,D010300
8250,DB00810,D010300
8251,DB01200,D010300
8252,DB00248,D010300
8253,DB00201,D010300
8254,DB00190,D010300
8255,DB00568,D010300
8256,DB01068,D010300
8257,DB00363,D010300
8258,DB09130,D010300
8259,DB01151,D010300
8260,DB12161,D010300
8261,DB00829,D010300
8262,DB01184,D010300
8263,DB00988,D010300
8264,DB00494,D010300
8265,DB00783,D010300
8266,DB09086,D010300
8267,DB00687,D010300
8268,DB00996,D010300
8269,DB03310,D010300
8270,DB01592,D010300
8271,DB11757,D010300
8272,DB01026,D010300
8273,DB01235,D010300
8274,DB00589,D010300
8275,DB14509,D010300
8276,DB01065,D010300
8277,DB00968,D010300
8278,DB01233,D010300
8279,DB01017,D010300
8280,DB00370,D010300
8281,DB00788,D010300
8282,DB00435,D010300
8283,DB01173,D010300
8284,DB01229,D010300
8285,DB00806,D010300
8286,DB01186,D010300
8287,DB04930,D010300
8288,DB01132,D010300
8289,DB00413,D010300
8290,DB01032,D010300
8291,DB00387,D010300
8292,DB00392,D010300
8293,DB00571,D010300
8294,DB00165,D010300
8295,DB01367,D010300
8296,DB00206,D010300
8297,DB00989,D010300
8298,DB01656,D010300
8299,DB00268,D010300
8300,DB05271,D010300
8301,DB06654,D010300
8302,DB01037,D010300
8303,DB00877,D010300
8304,DB00624,D010300
8305,DB00323,D010300
8306,DB00752,D010300
8307,DB00376,D010300
8308,DB11915,D010300
8309,DB01593,D010300
8310,DB00909,D010300
8311,DB00915,D010302
8312,DB01118,D010302
8313,DB06288,D010302
8314,DB00381,D010302
8315,DB00714,D010302
8316,DB12783,D010302
8317,DB00810,D010302
8318,DB01558,D010302
8319,DB00490,D010302
8320,DB00248,D010302
8321,DB00564,D010302
8322,DB00190,D010302
8323,DB11588,D010302
8324,DB00477,D010302
8325,DB01239,D010302
8326,DB00501,D010302
8327,DB00568,D010302
8328,DB00604,D010302
8329,DB00260,D010302
8330,DB00987,D010302
8331,DB00829,D010302
8332,DB00343,D010302
8333,DB01075,D010302
8334,DB00997,D010302
8335,DB00593,D010302
8336,DB01276,D010302
8337,DB00927,D010302
8338,DB04841,D010302
8339,DB00472,D010302
8340,DB00623,D010302
8341,DB00712,D010302
8342,DB04842,D010302
8343,DB00502,D010302
8344,DB00224,D010302
8345,DB00555,D010302
8346,DB01235,D010302
8347,DB14509,D010302
8348,DB01065,D010302
8349,DB00454,D010302
8350,DB00563,D010302
8351,DB01403,D010302
8352,DB00968,D010302
8353,DB01233,D010302
8354,DB06148,D010302
8355,DB01017,D010302
8356,DB00184,D010302
8357,DB01115,D010302
8358,DB00585,D010302
8359,DB00540,D010302
8360,DB00334,D010302
8361,DB01173,D010302
8362,DB00776,D010302
8363,DB01626,D010302
8364,DB00715,D010302
8365,DB00008,D010302
8366,DB00850,D010302
8367,DB00780,D010302
8368,DB00252,D010302
8369,DB00433,D010302
8370,DB00387,D010302
8371,DB00165,D010302
8372,DB00206,D010302
8373,DB00811,D010302
8374,DB00734,D010302
8375,DB00503,D010302
8376,DB06335,D010302
8377,DB01104,D010302
8378,DB00391,D010302
8379,DB00382,D010302
8380,DB04844,D010302
8381,DB00679,D010302
8382,DB00656,D010302
8383,DB00831,D010302
8384,DB00376,D010302
8385,DB00313,D010302
8386,DB00661,D010302
8387,DB00541,D010302
8388,DB00915,D020734
8389,DB01118,D020734
8390,DB00321,D020734
8391,DB00381,D020734
8392,DB00543,D020734
8393,DB00714,D020734
8394,DB01238,D020734
8395,DB00181,D020734
8396,DB12783,D020734
8397,DB00810,D020734
8398,DB01200,D020734
8399,DB01222,D020734
8400,DB01156,D020734
8401,DB00490,D020734
8402,DB00248,D020734
8403,DB00190,D020734
8404,DB00477,D020734
8405,DB00215,D020734
8406,DB01068,D020734
8407,DB00575,D020734
8408,DB00363,D020734
8409,DB00148,D020734
8410,DB11672,D020734
8411,DB01119,D020734
8412,DB00822,D020734
8413,DB00843,D020734
8414,DB00988,D020734
8415,DB00494,D020734
8416,DB00949,D020734
8417,DB04841,D020734
8418,DB00502,D020734
8419,DB00328,D020734
8420,DB11757,D020734
8421,DB01026,D020734
8422,DB01235,D020734
8423,DB01601,D020734
8424,DB01065,D020734
8425,DB00699,D020734
8426,DB00334,D020734
8427,DB00715,D020734
8428,DB01186,D020734
8429,DB04930,D020734
8430,DB00850,D020734
8431,DB03255,D020734
8432,DB01100,D020734
8433,DB00413,D020734
8434,DB01032,D020734
8435,DB00721,D020734
8436,DB00387,D020734
8437,DB00392,D020734
8438,DB01367,D020734
8439,DB00206,D020734
8440,DB06155,D020734
8441,DB00734,D020734
8442,DB00503,D020734
8443,DB00989,D020734
8444,DB00268,D020734
8445,DB06654,D020734
8446,DB01037,D020734
8447,DB01104,D020734
8448,DB04844,D020734
8449,DB00372,D020734
8450,DB00679,D020734
8451,DB01623,D020734
8452,DB00831,D020734
8453,DB00376,D020734
8454,DB00809,D020734
8455,DB00313,D020734
8456,DB00661,D020734
8457,DB00495,D020734
8458,DB00248,D051302
8459,DB00328,D051302
8460,DB00727,D051302
8461,DB01576,D010468
8462,DB00502,D010468
8463,DB01221,D010468
8464,DB00555,D010468
8465,DB00589,D010468
8466,DB00563,D010468
8467,DB01403,D010468
8468,DB01186,D010468
8469,DB00206,D010468
8470,DB00734,D010468
8471,DB00321,D059348
8472,DB00230,D059348
8473,DB00165,D059348
8474,DB06151,D010523
8475,DB00459,D010523
8476,DB01430,D010523
8477,DB00915,D010523
8478,DB01118,D010523
8479,DB00321,D010523
8480,DB00381,D010523
8481,DB01169,D010523
8482,DB00126,D010523
8483,DB01076,D010523
8484,DB00993,D010523
8485,DB00443,D010523
8486,DB01393,D010523
8487,DB00290,D010523
8488,DB00188,D010523
8489,DB01101,D010523
8490,DB06774,D010523
8491,DB00564,D010523
8492,DB00446,D010523
8493,DB00608,D010523
8494,DB00477,D010523
8495,DB11136,D010523
8496,DB00501,D010523
8497,DB00537,D010523
8498,DB00515,D010523
8499,DB00242,D010523
8500,DB01242,D010523
8501,DB01394,D010523
8502,DB09130,D010523
8503,DB00531,D010523
8504,DB00091,D010523
8505,DB00987,D010523
8506,DB00851,D010523
8507,DB00250,D010523
8508,DB00694,D010523
8509,DB01151,D010523
8510,DB01234,D010523
8511,DB00829,D010523
8512,DB00900,D010523
8513,DB01093,D010523
8514,DB01075,D010523
8515,DB00280,D010523
8516,DB00822,D010523
8517,DB01248,D010523
8518,DB00997,D010523
8519,DB00625,D010523
8520,DB00584,D010523
8521,DB00696,D010523
8522,DB00330,D010523
8523,DB00898,D010523
8524,DB00189,D010523
8525,DB00773,D010523
8526,DB01195,D010523
8527,DB01073,D010523
8528,DB00544,D010523
8529,DB00158,D010523
8530,DB00441,D010523
8531,DB00143,D010523
8532,DB00756,D010523
8533,DB01611,D010523
8534,DB01005,D010523
8535,DB01181,D010523
8536,DB00328,D010523
8537,DB00677,D010523
8538,DB00951,D010523
8539,DB01167,D010523
8540,DB04845,D010523
8541,DB01172,D010523
8542,DB01221,D010523
8543,DB04398,D010523
8544,DB00709,D010523
8545,DB01097,D010523
8546,DB00480,D010523
8547,DB01235,D010523
8548,DB00367,D010523
8549,DB00281,D010523
8550,DB14509,D010523
8551,DB00227,D010523
8552,DB00653,D010523
8553,DB00772,D010523
8554,DB01065,D010523
8555,DB00331,D010523
8556,DB00333,D010523
8557,DB00563,D010523
8558,DB00959,D010523
8559,DB00247,D010523
8560,DB00916,D010523
8561,DB00648,D010523
8562,DB00295,D010523
8563,DB00788,D010523
8564,DB01280,D010523
8565,DB00220,D010523
8566,DB00238,D010523
8567,DB00627,D010523
8568,DB00184,D010523
8569,DB00698,D010523
8570,DB00540,D010523
8571,DB01165,D010523
8572,DB01229,D010523
8573,DB01337,D010523
8574,DB00487,D010523
8575,DB01074,D010523
8576,DB00780,D010523
8577,DB01174,D010523
8578,DB03255,D010523
8579,DB00252,D010523
8580,DB00554,D010523
8581,DB01263,D010523
8582,DB00175,D010523
8583,DB00860,D010523
8584,DB00635,D010523
8585,DB01035,D010523
8586,DB00396,D010523
8587,DB01182,D010523
8588,DB00550,D010523
8589,DB00165,D010523
8590,DB00140,D010523
8591,DB00641,D010523
8592,DB00649,D010523
8593,DB00428,D010523
8594,DB00795,D010523
8595,DB00605,D010523
8596,DB00864,D010523
8597,DB00444,D010523
8598,DB01041,D010523
8599,DB00152,D010523
8600,DB00273,D010523
8601,DB00755,D010523
8602,DB00570,D010523
8603,DB00541,D010523
8604,DB00309,D010523
8605,DB00361,D010523
8606,DB00163,D010523
8607,DB00582,D010523
8608,DB00943,D010523
8609,DB00495,D010523
8610,DB01593,D010523
8611,DB01337,D020427
8612,DB00252,D020427
8613,DB00428,D020427
8614,DB01235,D018458
8615,DB00563,D018458
8616,DB00425,D018458
8617,DB00996,D010591
8618,DB01118,D020795
8619,DB00987,D020795
8620,DB00975,D020795
8621,DB00450,D020795
8622,DB01221,D020795
8623,DB14509,D020795
8624,DB01065,D020795
8625,DB00698,D020795
8626,DB00818,D020795
8627,DB00953,D020795
8628,DB00747,D020795
8629,DB00795,D020795
8630,DB00605,D020795
8631,DB00669,D020795
8632,DB00440,D020795
8633,DB00472,D020774
8634,DB00248,D047748
8635,DB00648,D047748
8636,DB06663,D047748
8637,DB01200,D010899
8638,DB00477,D010899
8639,DB01234,D010899
8640,DB01109,D010899
8641,DB00883,D010899
8642,DB00007,D010899
8643,DB01200,D010900
8644,DB01234,D010900
8645,DB00255,D010900
8646,DB04173,D010900
8647,DB01592,D010900
8648,DB00007,D010900
8649,DB00834,D010900
8650,DB00008,D010900
8651,DB00811,D010900
8652,DB00428,D010900
8653,DB00795,D010900
8654,DB01200,D010911
8655,DB00248,D010911
8656,DB00201,D010911
8657,DB00255,D010911
8658,DB01184,D010911
8659,DB00783,D010911
8660,DB00655,D010911
8661,DB00916,D010911
8662,DB00734,D010911
8663,DB00675,D010911
8664,DB00539,D010911
8665,DB00313,D010911
8666,DB01200,D011007
8667,DB00675,D016878
8668,DB00415,D017285
8669,DB01076,D017285
8670,DB00993,D017285
8671,DB00482,D017285
8672,DB00169,D017285
8673,DB00501,D017285
8674,DB00330,D017285
8675,DB01039,D017285
8676,DB00563,D017285
8677,DB00959,D017285
8678,DB01024,D017285
8679,DB00652,D017285
8680,DB00812,D017285
8681,DB00252,D017285
8682,DB00175,D017285
8683,DB00860,D017285
8684,DB00635,D017285
8685,DB00641,D017285
8686,DB00495,D017285
8687,DB00459,D011115
8688,DB01118,D011115
8689,DB00389,D011115
8690,DB00608,D011115
8691,DB01239,D011115
8692,DB00565,D011115
8693,DB00515,D011115
8694,DB01394,D011115
8695,DB00987,D011115
8696,DB00250,D011115
8697,DB00822,D011115
8698,DB01248,D011115
8699,DB01142,D011115
8700,DB00330,D011115
8701,DB00898,D011115
8702,DB01095,D011115
8703,DB00677,D011115
8704,DB00951,D011115
8705,DB00982,D011115
8706,DB01097,D011115
8707,DB01202,D011115
8708,DB14509,D011115
8709,DB00227,D011115
8710,DB00772,D011115
8711,DB00358,D011115
8712,DB00563,D011115
8713,DB00959,D011115
8714,DB00916,D011115
8715,DB00698,D011115
8716,DB01229,D011115
8717,DB00252,D011115
8718,DB00175,D011115
8719,DB00635,D011115
8720,DB00165,D011115
8721,DB00641,D011115
8722,DB00877,D011115
8723,DB00649,D011115
8724,DB01082,D011115
8725,DB00428,D011115
8726,DB00795,D011115
8727,DB00864,D011115
8728,DB01041,D011115
8729,DB00152,D011115
8730,DB00685,D011115
8731,DB00541,D011115
8732,DB00361,D011115
8733,DB00163,D011115
8734,DB00518,D011129
8735,DB00321,D011129
8736,DB01035,D011129
8737,DB00541,D011129
8738,DB00959,D020277
8739,DB00230,D020277
8740,DB01035,D020277
8741,DB00864,D020277
8742,DB00297,D011128
8743,DB00720,D011128
8744,DB00987,D011128
8745,DB00822,D011128
8746,DB01004,D011128
8747,DB00281,D011128
8748,DB00961,D011128
8749,DB00563,D011128
8750,DB00652,D011128
8751,DB00721,D011128
8752,DB09085,D011128
8753,DB11094,D011128
8754,DB00201,D051299
8755,DB00277,D051299
8756,DB00787,D054038
8757,DB00290,D054038
8758,DB00564,D054038
8759,DB00515,D054038
8760,DB00091,D054038
8761,DB00987,D054038
8762,DB01234,D054038
8763,DB00544,D054038
8764,DB00563,D054038
8765,DB00959,D054038
8766,DB01115,D054038
8767,DB01229,D054038
8768,DB00252,D054038
8769,DB00398,D054038
8770,DB00864,D054038
8771,DB00570,D054038
8772,DB00571,D057774
8773,DB00612,D054972
8774,DB00687,D054972
8775,DB00678,D054972
8776,DB00358,D054972
8777,DB00571,D054972
8778,DB00734,D011218
8779,DB00877,D017096
8780,DB00759,D017096
8781,DB01200,D015175
8782,DB00248,D015175
8783,DB04839,D015175
8784,DB00255,D015175
8785,DB00783,D015175
8786,DB00655,D015175
8787,DB00898,D015175
8788,DB01065,D015175
8789,DB01186,D015175
8790,DB00734,D015175
8791,DB00624,D015175
8792,DB00679,D015175
8793,DB00987,D020828
8794,DB00563,D020828
8795,DB00819,D011559
8796,DB00523,D011559
8797,DB01118,D011559
8798,DB00415,D011559
8799,DB00443,D011559
8800,DB01222,D011559
8801,DB01212,D011559
8802,DB00537,D011559
8803,DB00987,D011559
8804,DB01406,D011559
8805,DB01234,D011559
8806,DB01177,D011559
8807,DB00328,D011559
8808,DB00982,D011559
8809,DB14509,D011559
8810,DB00603,D011559
8811,DB01357,D011559
8812,DB01017,D011559
8813,DB00648,D011559
8814,DB00698,D011559
8815,DB00727,D011559
8816,DB00334,D011559
8817,DB00715,D011559
8818,DB00487,D011559
8819,DB00252,D011559
8820,DB00860,D011559
8821,DB00635,D011559
8822,DB00759,D011559
8823,DB00273,D011559
8824,DB00755,D011559
8825,DB00313,D011559
8826,DB00162,D011559
8827,DB11094,D011559
8828,DB00582,D011559
8829,DB00682,D011559
8830,DB00316,D011595
8831,DB00819,D011595
8832,DB00787,D011595
8833,DB00321,D011595
8834,DB00182,D011595
8835,DB00714,D011595
8836,DB01238,D011595
8837,DB00810,D011595
8838,DB00297,D011595
8839,DB01156,D011595
8840,DB00611,D011595
8841,DB00564,D011595
8842,DB00477,D011595
8843,DB00501,D011595
8844,DB01211,D011595
8845,DB01242,D011595
8846,DB01068,D011595
8847,DB00575,D011595
8848,DB00363,D011595
8849,DB00907,D011595
8850,DB00979,D011595
8851,DB00633,D011595
8852,DB00829,D011595
8853,DB01075,D011595
8854,DB00988,D011595
8855,DB00450,D011595
8856,DB00625,D011595
8857,DB00668,D011595
8858,DB01240,D011595
8859,DB00292,D011595
8860,DB00813,D011595
8861,DB01205,D011595
8862,DB01544,D011595
8863,DB00623,D011595
8864,DB00947,D011595
8865,DB00502,D011595
8866,DB00458,D011595
8867,DB00753,D011595
8868,DB01221,D011595
8869,DB14509,D011595
8870,DB00186,D011595
8871,DB00934,D011595
8872,DB00358,D011595
8873,DB01043,D011595
8874,DB01365,D011595
8875,DB00333,D011595
8876,DB01403,D011595
8877,DB09241,D011595
8878,DB00422,D011595
8879,DB00959,D011595
8880,DB00916,D011595
8881,DB00379,D011595
8882,DB00683,D011595
8883,DB00370,D011595
8884,DB00745,D011595
8885,DB00295,D011595
8886,DB00184,D011595
8887,DB00325,D011595
8888,DB00334,D011595
8889,DB00904,D011595
8890,DB00935,D011595
8891,DB00715,D011595
8892,DB00487,D011595
8893,DB00850,D011595
8894,DB00397,D011595
8895,DB00252,D011595
8896,DB00981,D011595
8897,DB01132,D011595
8898,DB00413,D011595
8899,DB00457,D011595
8900,DB00387,D011595
8901,DB00818,D011595
8902,DB00571,D011595
8903,DB00863,D011595
8904,DB00734,D011595
8905,DB00747,D011595
8906,DB01236,D011595
8907,DB00359,D011595
8908,DB01581,D011595
8909,DB06147,D011595
8910,DB00231,D011595
8911,DB00277,D011595
8912,DB00679,D011595
8913,DB00273,D011595
8914,DB00656,D011595
8915,DB00897,D011595
8916,DB00831,D011595
8917,DB00376,D011595
8918,DB00792,D011595
8919,DB00313,D011595
8920,DB00246,D011595
8921,DB00915,D011596
8922,DB00321,D011596
8923,DB00921,D011596
8924,DB00201,D011596
8925,DB00477,D011596
8926,DB00907,D011596
8927,DB00829,D011596
8928,DB00390,D011596
8929,DB01075,D011596
8930,DB00898,D011596
8931,DB01205,D011596
8932,DB00502,D011596
8933,DB00982,D011596
8934,DB01235,D011596
8935,DB13872,D011596
8936,DB00333,D011596
8937,DB00422,D011596
8938,DB00683,D011596
8939,DB01017,D011596
8940,DB00370,D011596
8941,DB00295,D011596
8942,DB01183,D011596
8943,DB00715,D011596
8944,DB00850,D011596
8945,DB01174,D011596
8946,DB00252,D011596
8947,DB00981,D011596
8948,DB00409,D011596
8949,DB00747,D011596
8950,DB00313,D011596
8951,DB00495,D011596
8952,DB00425,D011596
8953,DB01198,D011596
8954,DB00297,D011681
8955,DB00907,D011681
8956,DB01184,D011681
8957,DB00333,D011681
8958,DB00295,D011681
8959,DB00747,D011681
8960,DB00907,D020146
8961,DB00397,D020146
8962,DB00864,D020146
8963,DB01602,D052880
8964,DB01190,D052880
8965,DB00828,D052880
8966,DB00819,D011782
8967,DB00182,D011782
8968,DB00181,D011782
8969,DB00443,D011782
8970,DB00612,D011782
8971,DB01136,D011782
8972,DB00565,D011782
8973,DB00907,D011782
8974,DB01394,D011782
8975,DB00987,D011782
8976,DB01234,D011782
8977,DB00586,D011782
8978,DB00822,D011782
8979,DB00470,D011782
8980,DB00228,D011782
8981,DB01039,D011782
8982,DB00695,D011782
8983,DB01159,D011782
8984,DB01109,D011782
8985,DB01050,D011782
8986,DB00281,D011782
8987,DB00653,D011782
8988,DB00563,D011782
8989,DB00959,D011782
8990,DB00698,D011782
8991,DB01337,D011782
8992,DB01174,D011782
8993,DB00421,D011782
8994,DB00541,D011782
8995,DB00652,D020425
8996,DB00682,D020425
8997,DB00321,D011843
8998,DB00297,D011843
8999,DB00564,D011843
9000,DB00987,D011843
9001,DB00813,D011843
9002,DB00741,D011843
9003,DB00281,D011843
9004,DB00961,D011843
9005,DB00563,D011843
9006,DB00959,D011843
9007,DB03128,D012021
9008,DB01430,D012021
9009,DB00572,D012021
9010,DB00810,D012021
9011,DB06774,D012021
9012,DB01212,D012021
9013,DB00608,D012021
9014,DB00477,D012021
9015,DB00215,D012021
9016,DB01242,D012021
9017,DB00575,D012021
9018,DB00363,D012021
9019,DB00907,D012021
9020,DB01394,D012021
9021,DB00531,D012021
9022,DB01396,D012021
9023,DB00822,D012021
9024,DB00997,D012021
9025,DB00696,D012021
9026,DB00898,D012021
9027,DB00813,D012021
9028,DB01109,D012021
9029,DB00328,D012021
9030,DB01247,D012021
9031,DB01172,D012021
9032,DB14509,D012021
9033,DB00657,D012021
9034,DB00814,D012021
9035,DB00454,D012021
9036,DB00563,D012021
9037,DB00968,D012021
9038,DB00422,D012021
9039,DB00247,D012021
9040,DB00916,D012021
9041,DB00683,D012021
9042,DB00295,D012021
9043,DB00184,D012021
9044,DB01115,D012021
9045,DB00698,D012021
9046,DB00338,D012021
9047,DB01229,D012021
9048,DB01337,D012021
9049,DB00715,D012021
9050,DB00312,D012021
9051,DB00780,D012021
9052,DB01174,D012021
9053,DB00925,D012021
9054,DB00252,D012021
9055,DB06809,D012021
9056,DB00818,D012021
9057,DB00571,D012021
9058,DB00550,D012021
9059,DB00863,D012021
9060,DB00206,D012021
9061,DB00747,D012021
9062,DB00428,D012021
9063,DB00675,D012021
9064,DB01041,D012021
9065,DB00656,D012021
9066,DB00313,D012021
9067,DB00570,D012021
9068,DB00541,D012021
9069,DB00309,D012021
9070,DB00162,D012021
9071,DB00163,D012021
9072,DB01392,D012021
9073,DB00297,D012019
9074,DB00136,D012019
9075,DB00575,D012019
9076,DB00907,D012019
9077,DB00668,D012019
9078,DB00696,D012019
9079,DB00609,D012019
9080,DB00996,D012019
9081,DB01170,D012019
9082,DB00951,D012019
9083,DB01221,D012019
9084,DB00281,D012019
9085,DB00333,D012019
9086,DB01115,D012019
9087,DB08439,D012019
9088,DB01174,D012019
9089,DB00635,D012019
9090,DB00418,D012019
9091,DB00877,D012019
9092,DB01083,D012035
9093,DB00564,D020187
9094,DB01242,D020187
9095,DB01068,D020187
9096,DB00363,D020187
9097,DB00472,D020187
9098,DB00176,D020187
9099,DB00715,D020187
9100,DB01104,D020187
9101,DB00425,D020187
9102,DB00181,D012133
9103,DB00297,D012133
9104,DB01164,D012133
9105,DB00668,D012133
9106,DB00281,D012133
9107,DB00772,D012133
9108,DB00961,D012133
9109,DB01183,D012133
9110,DB01400,D012133
9111,DB01337,D012133
9112,DB00312,D012133
9113,DB01035,D012133
9114,DB01082,D012133
9115,DB01041,D012133
9116,DB00277,D012133
9117,DB00599,D012133
9118,DB00541,D012133
9119,DB01156,D012148
9120,DB00248,D012148
9121,DB00201,D012148
9122,DB00215,D012148
9123,DB01190,D012148
9124,DB00363,D012148
9125,DB00514,D012148
9126,DB00647,D012148
9127,DB00472,D012148
9128,DB00996,D012148
9129,DB01592,D012148
9130,DB01235,D012148
9131,DB00653,D012148
9132,DB01403,D012148
9133,DB00370,D012148
9134,DB00334,D012148
9135,DB00776,D012148
9136,DB00497,D012148
9137,DB00715,D012148
9138,DB01186,D012148
9139,DB00413,D012148
9140,DB00230,D012148
9141,DB00571,D012148
9142,DB00268,D012148
9143,DB05271,D012148
9144,DB01104,D012148
9145,DB00273,D012148
9146,DB00193,D012148
9147,DB00586,D012202
9148,DB00313,D012202
9149,DB00819,D020225
9150,DB00513,D020225
9151,DB00564,D020225
9152,DB00985,D020225
9153,DB01109,D020225
9154,DB00563,D020225
9155,DB08804,D020225
9156,DB00669,D020225
9157,DB01101,D055948
9158,DB01234,D055948
9159,DB00328,D012585
9160,DB00784,D012585
9161,DB01403,D012585
9162,DB00959,D012585
9163,DB00295,D012585
9164,DB04115,D020426
9165,DB00188,D020426
9166,DB00921,D020426
9167,DB00515,D020426
9168,DB01065,D020426
9169,DB01229,D020426
9170,DB00738,D020426
9171,DB00652,D020426
9172,DB00498,D020426
9173,DB00230,D020426
9174,DB00541,D020426
9175,DB00682,D020426
9176,DB00608,D012607
9177,DB00907,D012607
9178,DB00746,D012607
9179,DB00822,D012607
9180,DB01364,D012607
9181,DB00668,D012607
9182,DB00330,D012607
9183,DB00158,D012607
9184,DB05260,D012607
9185,DB01109,D012607
9186,DB01611,D012607
9187,DB01029,D012607
9188,DB00951,D012607
9189,DB00465,D012607
9190,DB00563,D012607
9191,DB01229,D012607
9192,DB09130,D012608
9193,DB00435,D012608
9194,DB01593,D012608
9195,DB00316,D012640
9196,DB00819,D012640
9197,DB03128,D012640
9198,DB06151,D012640
9199,DB00787,D012640
9200,DB00640,D012640
9201,DB00518,D012640
9202,DB01001,D012640
9203,DB00802,D012640
9204,DB00918,D012640
9205,DB00404,D012640
9206,DB00915,D012640
9207,DB00479,D012640
9208,DB00594,D012640
9209,DB00513,D012640
9210,DB00855,D012640
9211,DB01223,D012640
9212,DB01118,D012640
9213,DB00321,D012640
9214,DB01351,D012640
9215,DB00543,D012640
9216,DB01060,D012640
9217,DB00182,D012640
9218,DB00415,D012640
9219,DB00714,D012640
9220,DB01238,D012640
9221,DB00126,D012640
9222,DB00335,D012640
9223,DB01076,D012640
9224,DB09059,D012640
9225,DB00572,D012640
9226,DB09121,D012640
9227,DB00993,D012640
9228,DB00972,D012640
9229,DB00355,D012640
9230,DB00181,D012640
9231,DB13746,D012640
9232,DB00810,D012640
9233,DB00290,D012640
9234,DB01558,D012640
9235,DB01200,D012640
9236,DB00297,D012640
9237,DB00921,D012640
9238,DB01156,D012640
9239,DB00490,D012640
9240,DB00201,D012640
9241,DB01164,D012640
9242,DB01744,D012640
9243,DB09061,D012640
9244,DB06774,D012640
9245,DB00564,D012640
9246,DB00578,D012640
9247,DB00190,D012640
9248,DB00262,D012640
9249,DB01327,D012640
9250,DB01413,D012640
9251,DB00493,D012640
9252,DB01150,D012640
9253,DB00438,D012640
9254,DB01212,D012640
9255,DB00482,D012640
9256,DB00403,D012640
9257,DB00341,D012640
9258,DB00475,D012640
9259,DB01161,D012640
9260,DB00608,D012640
9261,DB01114,D012640
9262,DB00477,D012640
9263,DB00501,D012640
9264,DB00568,D012640
9265,DB00827,D012640
9266,DB00537,D012640
9267,DB00515,D012640
9268,DB00215,D012640
9269,DB01211,D012640
9270,DB01190,D012640
9271,DB00349,D012640
9272,DB01242,D012640
9273,DB01068,D012640
9274,DB00575,D012640
9275,DB00363,D012640
9276,DB00907,D012640
9277,DB00318,D012640
9278,DB01394,D012640
9279,DB09130,D012640
9280,DB09131,D012640
9281,DB11672,D012640
9282,DB00979,D012640
9283,DB00531,D012640
9284,DB00260,D012640
9285,DB00091,D012640
9286,DB00606,D012640
9287,DB00434,D012640
9288,DB00987,D012640
9289,DB00970,D012640
9290,DB01219,D012640
9291,DB00250,D012640
9292,DB00694,D012640
9293,DB01245,D012640
9294,DB00746,D012640
9295,DB01189,D012640
9296,DB01151,D012640
9297,DB01234,D012640
9298,DB01576,D012640
9299,DB00514,D012640
9300,DB00829,D012640
9301,DB00586,D012640
9302,DB01396,D012640
9303,DB00390,D012640
9304,DB00343,D012640
9305,DB01093,D012640
9306,DB12789,D012640
9307,DB00917,D012640
9308,DB01075,D012640
9309,DB00280,D012640
9310,DB00822,D012640
9311,DB00841,D012640
9312,DB00843,D012640
9313,DB00988,D012640
9314,DB01142,D012640
9315,DB00470,D012640
9316,DB00450,D012640
9317,DB06262,D012640
9318,DB00584,D012640
9319,DB00228,D012640
9320,DB00467,D012640
9321,DB01364,D012640
9322,DB00668,D012640
9323,DB00696,D012640
9324,DB00199,D012640
9325,DB09119,D012640
9326,DB00783,D012640
9327,DB00898,D012640
9328,DB00593,D012640
9329,DB00292,D012640
9330,DB00773,D012640
9331,DB04953,D012640
9332,DB00927,D012640
9333,DB00949,D012640
9334,DB01023,D012640
9335,DB00574,D012640
9336,DB01039,D012640
9337,DB01288,D012640
9338,DB00813,D012640
9339,DB00950,D012640
9340,DB01195,D012640
9341,DB00196,D012640
9342,DB01205,D012640
9343,DB04841,D012640
9344,DB01544,D012640
9345,DB00693,D012640
9346,DB00544,D012640
9347,DB00472,D012640
9348,DB00623,D012640
9349,DB00690,D012640
9350,DB00499,D012640
9351,DB01095,D012640
9352,DB00176,D012640
9353,DB00158,D012640
9354,DB00529,D012640
9355,DB00828,D012640
9356,DB00492,D012640
9357,DB01320,D012640
9358,DB00996,D012640
9359,DB00674,D012640
9360,DB00483,D012640
9361,DB02530,D012640
9362,DB05087,D012640
9363,DB01004,D012640
9364,DB00441,D012640
9365,DB08964,D012640
9366,DB00143,D012640
9367,DB01437,D012640
9368,DB01016,D012640
9369,DB00502,D012640
9370,DB01159,D012640
9371,DB01109,D012640
9372,DB05381,D012640
9373,DB04864,D012640
9374,DB01275,D012640
9375,DB00741,D012640
9376,DB00327,D012640
9377,DB01611,D012640
9378,DB00557,D012640
9379,DB01050,D012640
9380,DB01181,D012640
9381,DB01598,D012640
9382,DB00458,D012640
9383,DB00328,D012640
9384,DB00753,D012640
9385,DB00677,D012640
9386,DB00951,D012640
9387,DB01221,D012640
9388,DB01026,D012640
9389,DB01009,D012640
9390,DB00920,D012640
9391,DB04398,D012640
9392,DB00555,D012640
9393,DB01006,D012640
9394,DB00848,D012640
9395,DB01202,D012640
9396,DB01002,D012640
9397,DB01235,D012640
9398,DB00281,D012640
9399,DB00589,D012640
9400,DB14509,D012640
9401,DB00978,D012640
9402,DB00836,D012640
9403,DB00186,D012640
9404,DB00408,D012640
9405,DB09212,D012640
9406,DB00653,D012640
9407,DB00934,D012640
9408,DB00657,D012640
9409,DB00939,D012640
9410,DB00784,D012640
9411,DB00358,D012640
9412,DB01065,D012640
9413,DB01043,D012640
9414,DB00454,D012640
9415,DB01365,D012640
9416,DB00961,D012640
9417,DB00371,D012640
9418,DB01033,D012640
9419,DB00760,D012640
9420,DB00933,D012640
9421,DB13520,D012640
9422,DB00331,D012640
9423,DB00763,D012640
9424,DB00134,D012640
9425,DB00423,D012640
9426,DB00474,D012640
9427,DB00563,D012640
9428,DB01403,D012640
9429,DB00723,D012640
9430,DB05246,D012640
9431,DB00968,D012640
9432,DB00422,D012640
9433,DB00959,D012640
9434,DB01233,D012640
9435,DB00524,D012640
9436,DB00916,D012640
9437,DB01011,D012640
9438,DB00379,D012640
9439,DB06148,D012640
9440,DB01110,D012640
9441,DB00683,D012640
9442,DB00834,D012640
9443,DB00745,D012640
9444,DB00295,D012640
9445,DB00607,D012640
9446,DB01183,D012640
9447,DB00704,D012640
9448,DB00220,D012640
9449,DB01400,D012640
9450,DB00184,D012640
9451,DB01115,D012640
9452,DB04743,D012640
9453,DB00393,D012640
9454,DB01595,D012640
9455,DB01054,D012640
9456,DB00435,D012640
9457,DB00727,D012640
9458,DB00325,D012640
9459,DB00585,D012640
9460,DB04821,D012640
9461,DB00368,D012640
9462,DB01059,D012640
9463,DB00540,D012640
9464,DB01165,D012640
9465,DB00334,D012640
9466,DB00338,D012640
9467,DB00904,D012640
9468,DB01092,D012640
9469,DB00713,D012640
9470,DB00621,D012640
9471,DB00842,D012640
9472,DB00776,D012640
9473,DB01062,D012640
9474,DB00497,D012640
9475,DB09140,D012640
9476,DB00935,D012640
9477,DB00107,D012640
9478,DB01229,D012640
9479,DB01337,D012640
9480,DB01626,D012640
9481,DB00715,D012640
9482,DB00487,D012640
9483,DB00652,D012640
9484,DB00312,D012640
9485,DB00806,D012640
9486,DB08883,D012640
9487,DB01186,D012640
9488,DB04930,D012640
9489,DB00850,D012640
9490,DB01121,D012640
9491,DB00780,D012640
9492,DB00914,D012640
9493,DB01620,D012640
9494,DB01174,D012640
9495,DB00692,D012640
9496,DB00812,D012640
9497,DB00388,D012640
9498,DB00397,D012640
9499,DB00252,D012640
9500,DB00981,D012640
9501,DB01085,D012640
9502,DB01100,D012640
9503,DB00319,D012640
9504,DB00670,D012640
9505,DB00761,D012640
9506,DB00733,D012640
9507,DB00457,D012640
9508,DB00635,D012640
9509,DB00230,D012640
9510,DB00750,D012640
9511,DB00794,D012640
9512,DB00721,D012640
9513,DB00433,D012640
9514,DB00387,D012640
9515,DB00392,D012640
9516,DB00396,D012640
9517,DB01069,D012640
9518,DB00818,D012640
9519,DB00571,D012640
9520,DB01839,D012640
9521,DB00550,D012640
9522,DB00852,D012640
9523,DB00114,D012640
9524,DB00165,D012640
9525,DB00205,D012640
9526,DB00468,D012640
9527,DB00863,D012640
9528,DB00899,D012640
9529,DB00206,D012640
9530,DB00740,D012640
9531,DB00478,D012640
9532,DB06155,D012640
9533,DB00734,D012640
9534,DB00533,D012640
9535,DB00296,D012640
9536,DB06201,D012640
9537,DB00936,D012640
9538,DB00747,D012640
9539,DB00418,D012640
9540,DB01037,D012640
9541,DB01104,D012640
9542,DB01236,D012640
9543,DB00877,D012640
9544,DB09072,D012640
9545,DB01208,D012640
9546,DB00421,D012640
9547,DB09118,D012640
9548,DB00202,D012640
9549,DB00708,D012640
9550,DB01299,D012640
9551,DB00795,D012640
9552,DB00263,D012640
9553,DB00605,D012640
9554,DB00391,D012640
9555,DB00382,D012640
9556,DB00864,D012640
9557,DB00675,D012640
9558,DB00706,D012640
9559,DB01956,D012640
9560,DB09256,D012640
9561,DB00871,D012640
9562,DB09085,D012640
9563,DB00277,D012640
9564,DB00152,D012640
9565,DB01154,D012640
9566,DB00599,D012640
9567,DB00679,D012640
9568,DB00906,D012640
9569,DB00697,D012640
9570,DB01056,D012640
9571,DB00273,D012640
9572,DB00193,D012640
9573,DB00302,D012640
9574,DB00752,D012640
9575,DB00656,D012640
9576,DB00897,D012640
9577,DB00831,D012640
9578,DB00376,D012640
9579,DB00347,D012640
9580,DB00726,D012640
9581,DB00792,D012640
9582,DB01199,D012640
9583,DB00313,D012640
9584,DB00661,D012640
9585,DB01080,D012640
9586,DB00570,D012640
9587,DB00541,D012640
9588,DB00682,D012640
9589,DB01392,D012640
9590,DB00962,D012640
9591,DB00495,D012640
9592,DB01593,D012640
9593,DB00246,D012640
9594,DB00425,D012640
9595,DB00909,D012640
9596,DB00564,D003294
9597,DB00829,D003294
9598,DB01595,D003294
9599,DB00435,D003294
9600,DB01174,D003294
9601,DB00252,D003294
9602,DB00794,D003294
9603,DB00313,D003294
9604,DB00188,D012678
9605,DB00297,D012678
9606,DB06774,D012678
9607,DB00515,D012678
9608,DB00907,D012678
9609,DB00531,D012678
9610,DB00987,D012678
9611,DB00343,D012678
9612,DB00584,D012678
9613,DB00813,D012678
9614,DB00472,D012678
9615,DB00848,D012678
9616,DB00281,D012678
9617,DB14123,D012678
9618,DB00563,D012678
9619,DB00264,D012678
9620,DB01229,D012678
9621,DB00708,D012678
9622,DB00541,D012678
9623,DB00687,D012791
9624,DB01235,D012791
9625,DB01406,D012851
9626,DB00304,D012851
9627,DB00783,D012851
9628,DB00294,D012851
9629,DB00158,D012851
9630,DB01109,D012851
9631,DB01177,D012851
9632,DB01033,D012851
9633,DB08804,D012851
9634,DB00396,D012851
9635,DB00675,D012851
9636,DB01041,D012851
9637,DB00302,D012851
9638,DB00755,D012851
9639,DB00682,D012851
9640,DB00819,D020182
9641,DB00633,D020182
9642,DB00333,D020182
9643,DB00295,D020182
9644,DB01092,D020182
9645,DB01069,D020182
9646,DB00439,D020181
9647,DB01068,D020181
9648,DB00584,D020181
9649,DB00471,D020181
9650,DB00295,D020181
9651,DB01174,D020181
9652,DB00981,D020181
9653,DB01069,D020181
9654,DB00421,D020181
9655,DB00624,D020181
9656,DB13944,D020181
9657,DB00744,D020181
9658,DB00318,D012891
9659,DB00690,D012891
9660,DB13867,D012891
9661,DB00370,D012891
9662,DB00388,D012891
9663,DB00981,D012891
9664,DB01069,D012891
9665,DB00202,D012891
9666,DB01200,D020186
9667,DB00490,D020186
9668,DB00215,D020186
9669,DB00472,D020186
9670,DB00996,D020186
9671,DB01235,D020186
9672,DB00422,D020186
9673,DB00715,D020186
9674,DB01104,D020186
9675,DB00297,D012892
9676,DB00201,D012892
9677,DB00907,D012892
9678,DB01576,D012892
9679,DB00668,D012892
9680,DB00458,D012892
9681,DB00745,D012892
9682,DB00295,D012892
9683,DB00656,D012892
9684,DB00502,D020178
9685,DB01065,D020178
9686,DB00780,D020178
9687,DB00752,D020178
9688,DB00502,D020919
9689,DB00334,D020919
9690,DB00787,D007319
9691,DB00404,D007319
9692,DB06288,D007319
9693,DB00321,D007319
9694,DB00714,D007319
9695,DB01238,D007319
9696,DB00335,D007319
9697,DB00810,D007319
9698,DB01200,D007319
9699,DB01156,D007319
9700,DB00490,D007319
9701,DB00201,D007319
9702,DB00341,D007319
9703,DB00477,D007319
9704,DB00215,D007319
9705,DB01211,D007319
9706,DB01242,D007319
9707,DB01068,D007319
9708,DB00575,D007319
9709,DB00907,D007319
9710,DB01406,D007319
9711,DB00250,D007319
9712,DB01151,D007319
9713,DB00304,D007319
9714,DB01234,D007319
9715,DB01191,D007319
9716,DB01576,D007319
9717,DB00514,D007319
9718,DB00829,D007319
9719,DB00937,D007319
9720,DB00343,D007319
9721,DB01075,D007319
9722,DB01142,D007319
9723,DB00625,D007319
9724,DB01215,D007319
9725,DB00783,D007319
9726,DB00402,D007319
9727,DB00574,D007319
9728,DB01544,D007319
9729,DB00472,D007319
9730,DB00690,D007319
9731,DB00176,D007319
9732,DB00502,D007319
9733,DB00458,D007319
9734,DB01247,D007319
9735,DB00555,D007319
9736,DB00007,D007319
9737,DB01235,D007319
9738,DB14509,D007319
9739,DB00186,D007319
9740,DB13872,D007319
9741,DB00227,D007319
9742,DB00579,D007319
9743,DB00358,D007319
9744,DB01065,D007319
9745,DB01365,D007319
9746,DB00333,D007319
9747,DB00563,D007319
9748,DB01403,D007319
9749,DB00422,D007319
9750,DB01233,D007319
9751,DB00916,D007319
9752,DB00379,D007319
9753,DB00683,D007319
9754,DB04896,D007319
9755,DB01017,D007319
9756,DB00370,D007319
9757,DB01171,D007319
9758,DB06230,D007319
9759,DB00704,D007319
9760,DB00184,D007319
9761,DB00540,D007319
9762,DB01165,D007319
9763,DB00334,D007319
9764,DB01250,D007319
9765,DB00935,D007319
9766,DB01192,D007319
9767,DB00715,D007319
9768,DB00022,D007319
9769,DB01186,D007319
9770,DB00850,D007319
9771,DB00780,D007319
9772,DB00191,D007319
9773,DB01324,D007319
9774,DB00860,D007319
9775,DB00635,D007319
9776,DB01035,D007319
9777,DB00571,D007319
9778,DB01589,D007319
9779,DB00980,D007319
9780,DB00234,D007319
9781,DB00734,D007319
9782,DB00268,D007319
9783,DB01037,D007319
9784,DB06144,D007319
9785,DB01104,D007319
9786,DB01105,D007319
9787,DB01348,D007319
9788,DB00864,D007319
9789,DB00675,D007319
9790,DB00231,D007319
9791,DB04844,D007319
9792,DB01041,D007319
9793,DB00679,D007319
9794,DB00752,D007319
9795,DB00656,D007319
9796,DB00897,D007319
9797,DB00831,D007319
9798,DB00313,D007319
9799,DB00962,D007319
9800,DB00495,D007319
9801,DB00425,D007319
9802,DB01198,D007319
9803,DB00819,D012893
9804,DB00404,D012893
9805,DB00915,D012893
9806,DB00357,D012893
9807,DB01118,D012893
9808,DB00321,D012893
9809,DB00182,D012893
9810,DB09274,D012893
9811,DB00335,D012893
9812,DB00612,D012893
9813,DB01200,D012893
9814,DB01222,D012893
9815,DB00921,D012893
9816,DB01156,D012893
9817,DB00201,D012893
9818,DB00564,D012893
9819,DB01136,D012893
9820,DB00608,D012893
9821,DB00537,D012893
9822,DB00515,D012893
9823,DB00215,D012893
9824,DB01211,D012893
9825,DB01242,D012893
9826,DB01068,D012893
9827,DB00575,D012893
9828,DB00363,D012893
9829,DB00907,D012893
9830,DB00531,D012893
9831,DB01151,D012893
9832,DB01234,D012893
9833,DB01576,D012893
9834,DB00514,D012893
9835,DB00843,D012893
9836,DB01142,D012893
9837,DB00824,D012893
9838,DB00574,D012893
9839,DB01544,D012893
9840,DB00472,D012893
9841,DB00623,D012893
9842,DB00690,D012893
9843,DB00176,D012893
9844,DB00327,D012893
9845,DB00808,D012893
9846,DB00328,D012893
9847,DB00951,D012893
9848,DB01235,D012893
9849,DB00722,D012893
9850,DB14509,D012893
9851,DB00455,D012893
9852,DB00227,D012893
9853,DB00358,D012893
9854,DB01065,D012893
9855,DB01043,D012893
9856,DB00371,D012893
9857,DB00333,D012893
9858,DB00563,D012893
9859,DB00968,D012893
9860,DB00422,D012893
9861,DB00959,D012893
9862,DB00264,D012893
9863,DB00683,D012893
9864,DB00745,D012893
9865,DB00295,D012893
9866,DB01149,D012893
9867,DB00184,D012893
9868,DB01115,D012893
9869,DB01595,D012893
9870,DB00540,D012893
9871,DB01165,D012893
9872,DB01229,D012893
9873,DB01186,D012893
9874,DB00780,D012893
9875,DB01174,D012893
9876,DB00397,D012893
9877,DB00252,D012893
9878,DB00960,D012893
9879,DB00818,D012893
9880,DB00571,D012893
9881,DB01589,D012893
9882,DB00899,D012893
9883,DB00206,D012893
9884,DB00734,D012893
9885,DB01236,D012893
9886,DB00641,D012893
9887,DB00675,D012893
9888,DB00231,D012893
9889,DB00277,D012893
9890,DB00373,D012893
9891,DB00656,D012893
9892,DB00897,D012893
9893,DB00313,D012893
9894,DB11094,D012893
9895,DB00425,D012893
9896,DB00413,D020922
9897,DB00468,D020922
9898,DB00268,D020922
9899,DB00734,D058496
9900,DB00321,D020886
9901,DB01248,D020886
9902,DB00696,D020886
9903,DB00996,D020886
9904,DB01159,D020886
9905,DB00458,D020886
9906,DB01235,D020886
9907,DB00247,D020886
9908,DB00994,D020886
9909,DB01229,D020886
9910,DB01337,D020886
9911,DB00541,D020886
9912,DB00321,D013009
9913,DB01351,D013009
9914,DB01156,D013009
9915,DB00477,D013009
9916,DB01239,D013009
9917,DB00537,D013009
9918,DB00829,D013009
9919,DB01075,D013009
9920,DB00189,D013009
9921,DB14509,D013009
9922,DB00934,D013009
9923,DB00422,D013009
9924,DB00264,D013009
9925,DB00334,D013009
9926,DB00842,D013009
9927,DB00715,D013009
9928,DB00850,D013009
9929,DB00344,D013009
9930,DB00734,D013009
9931,DB00418,D013009
9932,DB00231,D013009
9933,DB00679,D013009
9934,DB00897,D013009
9935,DB00425,D013009
9936,DB03128,D013035
9937,DB01001,D013035
9938,DB00404,D013035
9939,DB01616,D013035
9940,DB01223,D013035
9941,DB00181,D013035
9942,DB01164,D013035
9943,DB00403,D013035
9944,DB01161,D013035
9945,DB00477,D013035
9946,DB00356,D013035
9947,DB00907,D013035
9948,DB00318,D013035
9949,DB00924,D013035
9950,DB01219,D013035
9951,DB01234,D013035
9952,DB00829,D013035
9953,DB00343,D013035
9954,DB01075,D013035
9955,DB00696,D013035
9956,DB09086,D013035
9957,DB00813,D013035
9958,DB04841,D013035
9959,DB00544,D013035
9960,DB00529,D013035
9961,DB00040,D013035
9962,DB01170,D013035
9963,DB01109,D013035
9964,DB00753,D013035
9965,DB01221,D013035
9966,DB00281,D013035
9967,DB14509,D013035
9968,DB00408,D013035
9969,DB00784,D013035
9970,DB01043,D013035
9971,DB00454,D013035
9972,DB00961,D013035
9973,DB00333,D013035
9974,DB01233,D013035
9975,DB06148,D013035
9976,DB00295,D013035
9977,DB00844,D013035
9978,DB01183,D013035
9979,DB00788,D013035
9980,DB01400,D013035
9981,DB00184,D013035
9982,DB01115,D013035
9983,DB00727,D013035
9984,DB00368,D013035
9985,DB00904,D013035
9986,DB00107,D013035
9987,DB01113,D013035
9988,DB00312,D013035
9989,DB04930,D013035
9990,DB00850,D013035
9991,DB00780,D013035
9992,DB00692,D013035
9993,DB01085,D013035
9994,DB00592,D013035
9995,DB14500,D013035
9996,DB00761,D013035
9997,DB00750,D013035
9998,DB00433,D013035
9999,DB00818,D013035
10000,DB00202,D013035
10001,DB00708,D013035
10002,DB00277,D013035
10003,DB00599,D013035
10004,DB00797,D013035
10005,DB00376,D013035
10006,DB00443,D013036
10007,DB00349,D013036
10008,DB01068,D013036
10009,DB01234,D013036
10010,DB00997,D013036
10011,DB00920,D013036
10012,DB01174,D013036
10013,DB00635,D013036
10014,DB00794,D013036
10015,DB00277,D013036
10016,DB00313,D013036
10017,DB01080,D013036
10018,DB00404,D013064
10019,DB00321,D013064
10020,DB00564,D013064
10021,DB00501,D013064
10022,DB00215,D013064
10023,DB01242,D013064
10024,DB01068,D013064
10025,DB00363,D013064
10026,DB00907,D013064
10027,DB00746,D013064
10028,DB00514,D013064
10029,DB00829,D013064
10030,DB00985,D013064
10031,DB01075,D013064
10032,DB00822,D013064
10033,DB01248,D013064
10034,DB00199,D013064
10035,DB01221,D013064
10036,DB01235,D013064
10037,DB00281,D013064
10038,DB14509,D013064
10039,DB00186,D013064
10040,DB00934,D013064
10041,DB00333,D013064
10042,DB00763,D013064
10043,DB00563,D013064
10044,DB01403,D013064
10045,DB00422,D013064
10046,DB01233,D013064
10047,DB00916,D013064
10048,DB00295,D013064
10049,DB01595,D013064
10050,DB00727,D013064
10051,DB00334,D013064
10052,DB00776,D013064
10053,DB00850,D013064
10054,DB01174,D013064
10055,DB00252,D013064
10056,DB00981,D013064
10057,DB00794,D013064
10058,DB00433,D013064
10059,DB01129,D013064
10060,DB00864,D013064
10061,DB00372,D013064
10062,DB01623,D013064
10063,DB00313,D013064
10064,DB00122,D016137
10065,DB00184,D016137
10066,DB00755,D016137
10067,DB00313,D016137
10068,DB00162,D016137
10069,DB00134,D016136
10070,DB00313,D016136
10071,DB01185,D013117
10072,DB01109,D013117
10073,DB00281,D013117
10074,DB00959,D013117
10075,DB00295,D013117
10076,DB00184,D013117
10077,DB00860,D013117
10078,DB09085,D013117
10079,DB00620,D013117
10080,DB00682,D013117
10081,DB04115,D013118
10082,DB00443,D013118
10083,DB00188,D013118
10084,DB00297,D013118
10085,DB00262,D013118
10086,DB11386,D013118
10087,DB01161,D013118
10088,DB00515,D013118
10089,DB00575,D013118
10090,DB09130,D013118
10091,DB00531,D013118
10092,DB00987,D013118
10093,DB01234,D013118
10094,DB00829,D013118
10095,DB00997,D013118
10096,DB00450,D013118
10097,DB00158,D013118
10098,DB00756,D013118
10099,DB01167,D013118
10100,DB00709,D013118
10101,DB00281,D013118
10102,DB00333,D013118
10103,DB00134,D013118
10104,DB00563,D013118
10105,DB00959,D013118
10106,DB00295,D013118
10107,DB00435,D013118
10108,DB01229,D013118
10109,DB00860,D013118
10110,DB00296,D013118
10111,DB00649,D013118
10112,DB00313,D013118
10113,DB00661,D013118
10114,DB00361,D013118
10115,DB00682,D013118
10116,DB00495,D013118
10117,DB01076,D013119
10118,DB00181,D013119
10119,DB00297,D013119
10120,DB09061,D013119
10121,DB00813,D013119
10122,DB00328,D013119
10123,DB00281,D013119
10124,DB00959,D013119
10125,DB01017,D013119
10126,DB00471,D013119
10127,DB01183,D013119
10128,DB09140,D013119
10129,DB00396,D013119
10130,DB00296,D013119
10131,DB00412,D013119
10132,DB00641,D013119
10133,DB00675,D013119
10134,DB00277,D013119
10135,DB00744,D013119
10136,DB00335,D020760
10137,DB00758,D020760
10138,DB00907,D020760
10139,DB00492,D020760
10140,DB01109,D020760
10141,DB01275,D020760
10142,DB01115,D020760
10143,DB00275,D020760
10144,DB09140,D020760
10145,DB00541,D013120
10146,DB00682,D020758
10147,DB00564,D016135
10148,DB00242,D016135
10149,DB00158,D016135
10150,DB01592,D016135
10151,DB00333,D016135
10152,DB00627,D016135
10153,DB00252,D016135
10154,DB00794,D016135
10155,DB00755,D016135
10156,DB00313,D016135
10157,DB00162,D016135
10158,DB00996,D020754
10159,DB00230,D020754
10160,DB00252,D013132
10161,DB00981,D013132
10162,DB00864,D013132
10163,DB01048,D013226
10164,DB00316,D013226
10165,DB03128,D013226
10166,DB06151,D013226
10167,DB00518,D013226
10168,DB00404,D013226
10169,DB00594,D013226
10170,DB01223,D013226
10171,DB00321,D013226
10172,DB00381,D013226
10173,DB00543,D013226
10174,DB00182,D013226
10175,DB08799,D013226
10176,DB00714,D013226
10177,DB00126,D013226
10178,DB00572,D013226
10179,DB01061,D013226
10180,DB00181,D013226
10181,DB01156,D013226
10182,DB00564,D013226
10183,DB01413,D013226
10184,DB00493,D013226
10185,DB00438,D013226
10186,DB01212,D013226
10187,DB00608,D013226
10188,DB00477,D013226
10189,DB00122,D013226
10190,DB00501,D013226
10191,DB00537,D013226
10192,DB00215,D013226
10193,DB01211,D013226
10194,DB01242,D013226
10195,DB01068,D013226
10196,DB00575,D013226
10197,DB00907,D013226
10198,DB00531,D013226
10199,DB00091,D013226
10200,DB00829,D013226
10201,DB00988,D013226
10202,DB00330,D013226
10203,DB00292,D013226
10204,DB00949,D013226
10205,DB00574,D013226
10206,DB01039,D013226
10207,DB01216,D013226
10208,DB01205,D013226
10209,DB04841,D013226
10210,DB00693,D013226
10211,DB00472,D013226
10212,DB01320,D013226
10213,DB02530,D013226
10214,DB01044,D013226
10215,DB00143,D013226
10216,DB00502,D013226
10217,DB01159,D013226
10218,DB01181,D013226
10219,DB00328,D013226
10220,DB00753,D013226
10221,DB00677,D013226
10222,DB00951,D013226
10223,DB01221,D013226
10224,DB00709,D013226
10225,DB00555,D013226
10226,DB01202,D013226
10227,DB00281,D013226
10228,DB14509,D013226
10229,DB01601,D013226
10230,DB00186,D013226
10231,DB00934,D013226
10232,DB00643,D013226
10233,DB00474,D013226
10234,DB00563,D013226
10235,DB00683,D013226
10236,DB00295,D013226
10237,DB00435,D013226
10238,DB00368,D013226
10239,DB01165,D013226
10240,DB00334,D013226
10241,DB00776,D013226
10242,DB00312,D013226
10243,DB00780,D013226
10244,DB01174,D013226
10245,DB00252,D013226
10246,DB00981,D013226
10247,DB01085,D013226
10248,DB00733,D013226
10249,DB00396,D013226
10250,DB00818,D013226
10251,DB00165,D013226
10252,DB00503,D013226
10253,DB00747,D013226
10254,DB00795,D013226
10255,DB00864,D013226
10256,DB00624,D013226
10257,DB00277,D013226
10258,DB00599,D013226
10259,DB00906,D013226
10260,DB00302,D013226
10261,DB00831,D013226
10262,DB00313,D013226
10263,DB00661,D013226
10264,DB01593,D013226
10265,DB00909,D013226
10266,DB00181,D016750
10267,DB00982,D016750
10268,DB00708,D016750
10269,DB00297,D013285
10270,DB00907,D013285
10271,DB00677,D013285
10272,DB00951,D013285
10273,DB00281,D013285
10274,DB01041,D013285
10275,DB00313,D013285
10276,DB01394,D020955
10277,DB01418,D020521
10278,DB00316,D020521
10279,DB00819,D020521
10280,DB00770,D020521
10281,DB00182,D020521
10282,DB00278,D020521
10283,DB00126,D020521
10284,DB01076,D020521
10285,DB00195,D020521
10286,DB00006,D020521
10287,DB00188,D020521
10288,DB01200,D020521
10289,DB01156,D020521
10290,DB00201,D020521
10291,DB01136,D020521
10292,DB00310,D020521
10293,DB01166,D020521
10294,DB00215,D020521
10295,DB00758,D020521
10296,DB00907,D020521
10297,DB00318,D020521
10298,DB01234,D020521
10299,DB00586,D020521
10300,DB00255,D020521
10301,DB00343,D020521
10302,DB00975,D020521
10303,DB00822,D020521
10304,DB00590,D020521
10305,DB09075,D020521
10306,DB00584,D020521
10307,DB01240,D020521
10308,DB00898,D020521
10309,DB00158,D020521
10310,DB00695,D020521
10311,DB08964,D020521
10312,DB01109,D020521
10313,DB00999,D020521
10314,DB00741,D020521
10315,DB01005,D020521
10316,DB01050,D020521
10317,DB00270,D020521
10318,DB00007,D020521
10319,DB00367,D020521
10320,DB00678,D020521
10321,DB00603,D020521
10322,DB01357,D020521
10323,DB00331,D020521
10324,DB00333,D020521
10325,DB00563,D020521
10326,DB01017,D020521
10327,DB01183,D020521
10328,DB00627,D020521
10329,DB00184,D020521
10330,DB01115,D020521
10331,DB00393,D020521
10332,DB01062,D020521
10333,DB00715,D020521
10334,DB00652,D020521
10335,DB00806,D020521
10336,DB00790,D020521
10337,DB00397,D020521
10338,DB14500,D020521
10339,DB00175,D020521
10340,DB00396,D020521
10341,DB00782,D020521
10342,DB00852,D020521
10343,DB00881,D020521
10344,DB00015,D020521
10345,DB00140,D020521
10346,DB00533,D020521
10347,DB01105,D020521
10348,DB00641,D020521
10349,DB00669,D020521
10350,DB00675,D020521
10351,DB01041,D020521
10352,DB09070,D020521
10353,DB00208,D020521
10354,DB00302,D020521
10355,DB00752,D020521
10356,DB00656,D020521
10357,DB08814,D020521
10358,DB00792,D020521
10359,DB00661,D020521
10360,DB00163,D020521
10361,DB00682,D020521
10362,DB04898,D020521
10363,DB00414,D053608
10364,DB00787,D053608
10365,DB00321,D053608
10366,DB00182,D053608
10367,DB00572,D053608
10368,DB00181,D053608
10369,DB00564,D053608
10370,DB01413,D053608
10371,DB01112,D053608
10372,DB00477,D053608
10373,DB00501,D053608
10374,DB01242,D053608
10375,DB01068,D053608
10376,DB00829,D053608
10377,DB00822,D053608
10378,DB00843,D053608
10379,DB00898,D053608
10380,DB00196,D053608
10381,DB00623,D053608
10382,DB00502,D053608
10383,DB00458,D053608
10384,DB01221,D053608
10385,DB00186,D053608
10386,DB00408,D053608
10387,DB00653,D053608
10388,DB00358,D053608
10389,DB01065,D053608
10390,DB00333,D053608
10391,DB00563,D053608
10392,DB01403,D053608
10393,DB00295,D053608
10394,DB01183,D053608
10395,DB00312,D053608
10396,DB00981,D053608
10397,DB01069,D053608
10398,DB00747,D053608
10399,DB00795,D053608
10400,DB00599,D053608
10401,DB01607,D053608
10402,DB00313,D053608
10403,DB01080,D053608
10404,DB01174,D013341
10405,DB00477,D013342
10406,DB00363,D013342
10407,DB01151,D013342
10408,DB00472,D013342
10409,DB00623,D013342
10410,DB00996,D013342
10411,DB00422,D013342
10412,DB00334,D013342
10413,DB00734,D013342
10414,DB00277,D013342
10415,DB00831,D013342
10416,DB00313,D013342
10417,DB00811,D013344
10418,DB00513,D013345
10419,DB00182,D013345
10420,DB00181,D013345
10421,DB00559,D013345
10422,DB00201,D013345
10423,DB01166,D013345
10424,DB00758,D013345
10425,DB00907,D013345
10426,DB01406,D013345
10427,DB00746,D013345
10428,DB01234,D013345
10429,DB00975,D013345
10430,DB00668,D013345
10431,DB00898,D013345
10432,DB00949,D013345
10433,DB01109,D013345
10434,DB00598,D013345
10435,DB00235,D013345
10436,DB00622,D013345
10437,DB00184,D013345
10438,DB00393,D013345
10439,DB00727,D013345
10440,DB00368,D013345
10441,DB00935,D013345
10442,DB00780,D013345
10443,DB00388,D013345
10444,DB00397,D013345
10445,DB00252,D013345
10446,DB00302,D013345
10447,DB00752,D013345
10448,DB00661,D013345
10449,DB00682,D013345
10450,DB01109,D020206
10451,DB00415,D013353
10452,DB00493,D013353
10453,DB00446,D013353
10454,DB00555,D050798
10455,DB00776,D050798
10456,DB00273,D050798
10457,DB01118,D013494
10458,DB04841,D013494
10459,DB01235,D013494
10460,DB00531,D015173
10461,DB00541,D015173
10462,DB00985,D013547
10463,DB00918,D013575
10464,DB00513,D013575
10465,DB01118,D013575
10466,DB00321,D013575
10467,DB00381,D013575
10468,DB00714,D013575
10469,DB00335,D013575
10470,DB00572,D013575
10471,DB00436,D013575
10472,DB00195,D013575
10473,DB01200,D013575
10474,DB00201,D013575
10475,DB00564,D013575
10476,DB00578,D013575
10477,DB01150,D013575
10478,DB00608,D013575
10479,DB00477,D013575
10480,DB01239,D013575
10481,DB00537,D013575
10482,DB00604,D013575
10483,DB00215,D013575
10484,DB01211,D013575
10485,DB01068,D013575
10486,DB00575,D013575
10487,DB00758,D013575
10488,DB00363,D013575
10489,DB00907,D013575
10490,DB00924,D013575
10491,DB01151,D013575
10492,DB00829,D013575
10493,DB00975,D013575
10494,DB00280,D013575
10495,DB00841,D013575
10496,DB00879,D013575
10497,DB00584,D013575
10498,DB00668,D013575
10499,DB00187,D013575
10500,DB00950,D013575
10501,DB01195,D013575
10502,DB00196,D013575
10503,DB00687,D013575
10504,DB00472,D013575
10505,DB00695,D013575
10506,DB00674,D013575
10507,DB00502,D013575
10508,DB00557,D013575
10509,DB00808,D013575
10510,DB01029,D013575
10511,DB00883,D013575
10512,DB01167,D013575
10513,DB00598,D013575
10514,DB01210,D013575
10515,DB01235,D013575
10516,DB00281,D013575
10517,DB14509,D013575
10518,DB00455,D013575
10519,DB00678,D013575
10520,DB00961,D013575
10521,DB00371,D013575
10522,DB00333,D013575
10523,DB00968,D013575
10524,DB01233,D013575
10525,DB00264,D013575
10526,DB00211,D013575
10527,DB00238,D013575
10528,DB00627,D013575
10529,DB01115,D013575
10530,DB00727,D013575
10531,DB00325,D013575
10532,DB00540,D013575
10533,DB00334,D013575
10534,DB01173,D013575
10535,DB00935,D013575
10536,DB00715,D013575
10537,DB00738,D013575
10538,DB00388,D013575
10539,DB00397,D013575
10540,DB00457,D013575
10541,DB01599,D013575
10542,DB00571,D013575
10543,DB00852,D013575
10544,DB00908,D013575
10545,DB00468,D013575
10546,DB00178,D013575
10547,DB00863,D013575
10548,DB00811,D013575
10549,DB00734,D013575
10550,DB00989,D013575
10551,DB00489,D013575
10552,DB00675,D013575
10553,DB00966,D013575
10554,DB00342,D013575
10555,DB01041,D013575
10556,DB00373,D013575
10557,DB00656,D013575
10558,DB00755,D013575
10559,DB00313,D013575
10560,DB00661,D013575
10561,DB01200,D019462
10562,DB00633,D019462
10563,DB00668,D019462
10564,DB00277,D019462
10565,DB09061,D000071057
10566,DB00502,D000071057
10567,DB11915,D000071057
10568,DB00819,D013651
10569,DB00714,D013651
10570,DB00972,D013651
10571,DB00181,D013651
10572,DB00564,D013651
10573,DB01178,D013651
10574,DB00537,D013651
10575,DB01211,D013651
10576,DB01190,D013651
10577,DB00907,D013651
10578,DB00250,D013651
10579,DB00997,D013651
10580,DB00584,D013651
10581,DB01628,D013651
10582,DB00544,D013651
10583,DB06786,D013651
10584,DB00999,D013651
10585,DB00982,D013651
10586,DB00709,D013651
10587,DB00448,D013651
10588,DB00281,D013651
10589,DB14509,D013651
10590,DB00763,D013651
10591,DB00563,D013651
10592,DB00916,D013651
10593,DB00211,D013651
10594,DB00238,D013651
10595,DB01229,D013651
10596,DB00213,D013651
10597,DB00738,D013651
10598,DB00812,D013651
10599,DB00268,D013651
10600,DB00857,D013651
10601,DB00759,D013651
10602,DB00495,D013651
10603,DB01198,D013651
10604,DB00518,D024801
10605,DB00443,D024801
10606,DB04540,D024801
10607,DB00694,D024801
10608,DB09241,D024801
10609,DB01229,D024801
10610,DB00321,D018781
10611,DB00448,D018781
10612,DB01065,D018781
10613,DB00627,D018781
10614,DB00780,D018781
10615,DB00669,D018781
10616,DB00313,D018781
10617,DB00479,D013746
10618,DB00626,D013746
10619,DB01164,D013746
10620,DB00343,D013746
10621,DB00841,D013746
10622,DB00529,D013746
10623,DB00695,D013746
10624,DB00448,D013746
10625,DB00653,D013746
10626,DB01233,D013746
10627,DB00994,D013746
10628,DB01115,D013746
10629,DB01421,D013746
10630,DB01174,D013746
10631,DB00252,D013746
10632,DB01080,D013786
10633,DB00252,D020429
10634,DB06288,D013981
10635,DB01238,D013981
10636,DB00201,D013981
10637,DB00564,D013981
10638,DB00215,D013981
10639,DB01068,D013981
10640,DB00575,D013981
10641,DB00363,D013981
10642,DB00907,D013981
10643,DB01151,D013981
10644,DB01576,D013981
10645,DB00472,D013981
10646,DB00176,D013981
10647,DB01018,D013981
10648,DB00502,D013981
10649,DB01235,D013981
10650,DB00422,D013981
10651,DB01165,D013981
10652,DB01186,D013981
10653,DB00850,D013981
10654,DB00413,D013981
10655,DB00860,D013981
10656,DB01367,D013981
10657,DB00734,D013981
10658,DB01104,D013981
10659,DB00679,D013981
10660,DB00313,D013981
10661,DB00472,D020323
10662,DB00502,D020323
10663,DB00422,D020323
10664,DB00704,D020323
10665,DB00184,D020323
10666,DB00540,D020323
10667,DB00497,D020323
10668,DB00715,D020323
10669,DB00321,D014012
10670,DB00207,D014012
10671,DB09096,D014012
10672,DB00297,D014012
10673,DB01156,D014012
10674,DB00389,D014012
10675,DB00537,D014012
10676,DB00515,D014012
10677,DB01190,D014012
10678,DB01242,D014012
10679,DB00531,D014012
10680,DB00746,D014012
10681,DB01234,D014012
10682,DB01142,D014012
10683,DB00997,D014012
10684,DB00668,D014012
10685,DB00199,D014012
10686,DB00452,D014012
10687,DB00695,D014012
10688,DB01050,D014012
10689,DB00458,D014012
10690,DB00709,D014012
10691,DB00281,D014012
10692,DB00603,D014012
10693,DB00784,D014012
10694,DB00358,D014012
10695,DB00916,D014012
10696,DB01017,D014012
10697,DB00788,D014012
10698,DB00994,D014012
10699,DB00955,D014012
10700,DB00238,D014012
10701,DB00393,D014012
10702,DB01229,D014012
10703,DB00008,D014012
10704,DB00022,D014012
10705,DB00806,D014012
10706,DB00780,D014012
10707,DB00252,D014012
10708,DB00635,D014012
10709,DB00571,D014012
10710,DB00550,D014012
10711,DB00344,D014012
10712,DB00468,D014012
10713,DB00863,D014012
10714,DB00811,D014012
10715,DB00296,D014012
10716,DB00936,D014012
10717,DB00649,D014012
10718,DB01082,D014012
10719,DB00263,D014012
10720,DB00669,D014012
10721,DB00864,D014012
10722,DB01056,D014012
10723,DB00313,D014012
10724,DB00661,D014012
10725,DB00541,D014012
10726,DB00361,D014012
10727,DB00943,D014012
10728,DB00653,D015845
10729,DB00468,D015845
10730,DB00915,D005879
10731,DB01238,D005879
10732,DB09061,D005879
10733,DB00564,D005879
10734,DB01242,D005879
10735,DB01068,D005879
10736,DB00575,D005879
10737,DB12161,D005879
10738,DB01576,D005879
10739,DB00647,D005879
10740,DB00470,D005879
10741,DB00472,D005879
10742,DB00176,D005879
10743,DB00502,D005879
10744,DB01202,D005879
10745,DB00422,D005879
10746,DB01183,D005879
10747,DB00704,D005879
10748,DB00184,D005879
10749,DB00334,D005879
10750,DB00497,D005879
10751,DB01174,D005879
10752,DB01100,D005879
10753,DB00734,D005879
10754,DB00747,D005879
10755,DB04844,D005879
10756,DB11915,D005879
10757,DB01234,D016781
10758,DB00205,D016781
10759,DB00359,D016781
10760,DB00860,D014125
10761,DB00818,D020196
10762,DB00819,D014202
10763,DB00787,D014202
10764,DB00640,D014202
10765,DB01001,D014202
10766,DB00915,D014202
10767,DB01118,D014202
10768,DB06288,D014202
10769,DB00321,D014202
10770,DB00714,D014202
10771,DB00335,D014202
10772,DB00572,D014202
10773,DB13746,D014202
10774,DB00810,D014202
10775,DB01200,D014202
10776,DB01156,D014202
10777,DB00490,D014202
10778,DB00201,D014202
10779,DB00564,D014202
10780,DB00190,D014202
10781,DB00748,D014202
10782,DB00438,D014202
10783,DB00482,D014202
10784,DB00477,D014202
10785,DB00501,D014202
10786,DB00568,D014202
10787,DB00537,D014202
10788,DB00215,D014202
10789,DB01407,D014202
10790,DB01242,D014202
10791,DB01068,D014202
10792,DB00575,D014202
10793,DB00363,D014202
10794,DB00907,D014202
10795,DB09130,D014202
10796,DB09131,D014202
10797,DB00091,D014202
10798,DB00434,D014202
10799,DB00987,D014202
10800,DB00970,D014202
10801,DB00694,D014202
10802,DB01151,D014202
10803,DB00514,D014202
10804,DB00829,D014202
10805,DB01396,D014202
10806,DB01075,D014202
10807,DB00822,D014202
10808,DB00841,D014202
10809,DB00988,D014202
10810,DB00997,D014202
10811,DB00470,D014202
10812,DB06262,D014202
10813,DB00668,D014202
10814,DB00199,D014202
10815,DB00898,D014202
10816,DB00593,D014202
10817,DB00292,D014202
10818,DB00949,D014202
10819,DB01288,D014202
10820,DB00813,D014202
10821,DB00196,D014202
10822,DB01205,D014202
10823,DB04841,D014202
10824,DB00472,D014202
10825,DB00623,D014202
10826,DB00176,D014202
10827,DB00996,D014202
10828,DB00674,D014202
10829,DB00502,D014202
10830,DB05381,D014202
10831,DB01611,D014202
10832,DB01598,D014202
10833,DB00458,D014202
10834,DB00328,D014202
10835,DB00332,D014202
10836,DB00753,D014202
10837,DB00677,D014202
10838,DB11757,D014202
10839,DB01167,D014202
10840,DB01221,D014202
10841,DB01026,D014202
10842,DB00598,D014202
10843,DB00555,D014202
10844,DB01202,D014202
10845,DB01235,D014202
10846,DB00589,D014202
10847,DB14509,D014202
10848,DB14507,D014202
10849,DB00653,D014202
10850,DB00934,D014202
10851,DB00657,D014202
10852,DB00603,D014202
10853,DB01065,D014202
10854,DB00814,D014202
10855,DB01043,D014202
10856,DB00454,D014202
10857,DB00933,D014202
10858,DB13520,D014202
10859,DB00333,D014202
10860,DB00703,D014202
10861,DB00563,D014202
10862,DB00968,D014202
10863,DB00422,D014202
10864,DB00959,D014202
10865,DB01233,D014202
10866,DB00264,D014202
10867,DB00916,D014202
10868,DB00379,D014202
10869,DB06148,D014202
10870,DB00683,D014202
10871,DB01017,D014202
10872,DB00648,D014202
10873,DB01204,D014202
10874,DB01203,D014202
10875,DB01183,D014202
10876,DB00704,D014202
10877,DB01400,D014202
10878,DB00184,D014202
10879,DB00325,D014202
10880,DB00585,D014202
10881,DB00540,D014202
10882,DB01165,D014202
10883,DB00334,D014202
10884,DB00904,D014202
10885,DB00776,D014202
10886,DB01580,D014202
10887,DB00497,D014202
10888,DB01626,D014202
10889,DB00715,D014202
10890,DB00487,D014202
10891,DB00183,D014202
10892,DB00652,D014202
10893,DB00312,D014202
10894,DB00806,D014202
10895,DB01186,D014202
10896,DB04930,D014202
10897,DB00850,D014202
10898,DB00780,D014202
10899,DB01174,D014202
10900,DB03255,D014202
10901,DB00925,D014202
10902,DB00397,D014202
10903,DB00252,D014202
10904,DB00981,D014202
10905,DB01085,D014202
10906,DB05316,D014202
10907,DB01100,D014202
10908,DB00960,D014202
10909,DB00670,D014202
10910,DB00554,D014202
10911,DB14500,D014202
10912,DB00457,D014202
10913,DB00635,D014202
10914,DB00230,D014202
10915,DB00794,D014202
10916,DB01035,D014202
10917,DB00721,D014202
10918,DB01366,D014202
10919,DB00387,D014202
10920,DB00392,D014202
10921,DB00420,D014202
10922,DB00818,D014202
10923,DB00571,D014202
10924,DB00344,D014202
10925,DB00852,D014202
10926,DB00409,D014202
10927,DB00206,D014202
10928,DB00734,D014202
10929,DB00867,D014202
10930,DB00989,D014202
10931,DB00296,D014202
10932,DB00747,D014202
10933,DB01037,D014202
10934,DB01104,D014202
10935,DB00489,D014202
10936,DB00708,D014202
10937,DB00391,D014202
10938,DB00382,D014202
10939,DB00864,D014202
10940,DB00675,D014202
10941,DB00871,D014202
10942,DB00342,D014202
10943,DB01041,D014202
10944,DB00277,D014202
10945,DB00679,D014202
10946,DB01623,D014202
10947,DB00373,D014202
10948,DB09536,D014202
10949,DB00273,D014202
10950,DB00752,D014202
10951,DB00656,D014202
10952,DB00831,D014202
10953,DB00376,D014202
10954,DB00809,D014202
10955,DB00313,D014202
10956,DB00661,D014202
10957,DB00541,D014202
10958,DB01392,D014202
10959,DB01593,D014202
10960,DB00909,D014202
10961,DB00297,D020433
10962,DB01156,D020433
10963,DB00813,D020433
10964,DB00358,D020433
10965,DB00541,D020433
10966,DB00181,D014277
10967,DB01200,D014277
10968,DB06774,D014277
10969,DB00564,D014277
10970,DB00390,D014277
10971,DB01184,D014277
10972,DB00996,D014277
10973,DB00698,D014277
10974,DB00776,D014277
10975,DB03255,D014277
10976,DB00252,D014277
10977,DB00697,D014277
10978,DB06288,D014313
10979,DB01156,D014313
10980,DB00829,D014313
10981,DB01075,D014313
10982,DB00813,D014313
10983,DB00472,D014313
10984,DB01159,D014313
10985,DB00753,D014313
10986,DB01221,D014313
10987,DB01233,D014313
10988,DB00379,D014313
10989,DB01400,D014313
10990,DB01337,D014313
10991,DB00850,D014313
10992,DB00818,D014313
10993,DB01236,D014313
10994,DB00202,D014313
10995,DB00708,D014313
10996,DB00996,D020432
10997,DB01165,D016862
10998,DB00330,D020306
10999,DB00951,D020306
11000,DB00339,D020306
11001,DB01045,D020306
11002,DB01082,D020306
11003,DB00951,D014390
11004,DB00339,D014390
11005,DB01045,D014390
11006,DB01082,D014390
11007,DB01590,D014402
11008,DB00877,D014402
11009,DB06287,D014402
11010,DB01080,D014402
11011,DB00855,D020176
11012,DB00564,D020176
11013,DB00348,D020176
11014,DB01017,D020424
11015,DB00252,D020424
11016,DB00802,D014474
11017,DB00993,D014474
11018,DB00181,D014474
11019,DB00564,D014474
11020,DB00395,D014474
11021,DB00403,D014474
11022,DB01239,D014474
11023,DB00215,D014474
11024,DB00575,D014474
11025,DB00363,D014474
11026,DB00907,D014474
11027,DB00829,D014474
11028,DB00586,D014474
11029,DB00843,D014474
11030,DB00668,D014474
11031,DB00199,D014474
11032,DB00898,D014474
11033,DB00813,D014474
11034,DB01205,D014474
11035,DB08964,D014474
11036,DB01221,D014474
11037,DB14509,D014474
11038,DB00836,D014474
11039,DB00961,D014474
11040,DB00331,D014474
11041,DB00563,D014474
11042,DB00524,D014474
11043,DB00683,D014474
11044,DB00834,D014474
11045,DB00295,D014474
11046,DB01183,D014474
11047,DB00715,D014474
11048,DB00312,D014474
11049,DB00780,D014474
11050,DB00981,D014474
11051,DB00457,D014474
11052,DB00750,D014474
11053,DB00899,D014474
11054,DB00864,D014474
11055,DB00599,D014474
11056,DB00193,D014474
11057,DB00313,D014474
11058,DB00661,D014474
11059,DB01392,D014474
11060,DB01202,D020194
11061,DB00794,D020194
11062,DB00273,D020194
11063,DB00313,D020194
11064,DB00909,D020194
11065,DB00181,D001750
11066,DB01019,D001750
11067,DB00297,D001750
11068,DB01043,D001750
11069,DB00563,D001750
11070,DB01438,D001750
11071,DB00925,D001750
11072,DB00252,D001750
11073,DB00794,D001750
11074,DB00313,D001750
11075,DB00541,D001750
11076,DB00572,D014607
11077,DB00959,D014607
11078,DB01024,D014607
11079,DB00022,D014607
11080,DB15566,D014607
11081,DB00635,D014607
11082,DB00811,D014607
11083,DB00572,D020421
11084,DB00541,D020421
11085,DB00907,D014653
11086,DB00247,D014653
11087,DB00435,D014653
11088,DB00397,D014653
11089,DB00571,D014653
11090,DB00182,D020293
11091,DB00907,D020293
11092,DB01234,D020293
11093,DB00763,D020293
11094,DB00422,D020293
11095,DB09140,D020293
11096,DB00397,D020293
11097,DB00550,D020293
11098,DB00864,D020293
11099,DB00513,D020301
11100,DB00182,D020301
11101,DB00559,D020301
11102,DB01200,D020301
11103,DB00921,D020301
11104,DB00349,D020301
11105,DB00907,D020301
11106,DB00987,D020301
11107,DB01234,D020301
11108,DB00633,D020301
11109,DB01396,D020301
11110,DB00841,D020301
11111,DB00988,D020301
11112,DB01240,D020301
11113,DB00783,D020301
11114,DB00502,D020301
11115,DB01050,D020301
11116,DB00328,D020301
11117,DB00270,D020301
11118,DB01065,D020301
11119,DB00235,D020301
11120,DB00622,D020301
11121,DB00393,D020301
11122,DB00325,D020301
11123,DB09140,D020301
11124,DB00935,D020301
11125,DB01113,D020301
11126,DB00925,D020301
11127,DB00388,D020301
11128,DB00252,D020301
11129,DB00728,D020301
11130,DB00661,D020301
11131,DB00541,D020301
11132,DB00819,D014715
11133,DB00758,D014715
11134,DB00907,D014715
11135,DB00584,D014715
11136,DB01109,D014715
11137,DB00603,D014715
11138,DB06736,D014717
11139,DB01118,D014717
11140,DB00637,D014717
11141,DB00181,D014717
11142,DB06698,D014717
11143,DB00564,D014717
11144,DB00578,D014717
11145,DB00567,D014717
11146,DB00475,D014717
11147,DB00501,D014717
11148,DB00568,D014717
11149,DB00575,D014717
11150,DB01234,D014717
11151,DB00711,D014717
11152,DB11273,D014717
11153,DB13345,D014717
11154,DB00985,D014717
11155,DB00975,D014717
11156,DB00696,D014717
11157,DB04841,D014717
11158,DB00544,D014717
11159,DB00472,D014717
11160,DB00452,D014717
11161,DB00695,D014717
11162,DB00327,D014717
11163,DB01611,D014717
11164,DB00328,D014717
11165,DB00951,D014717
11166,DB00982,D014717
11167,DB01167,D014717
11168,DB01221,D014717
11169,DB00848,D014717
11170,DB00281,D014717
11171,DB14509,D014717
11172,DB00737,D014717
11173,DB00603,D014717
11174,DB00358,D014717
11175,DB00371,D014717
11176,DB00563,D014717
11177,DB00422,D014717
11178,DB00247,D014717
11179,DB01233,D014717
11180,DB01011,D014717
11181,DB00683,D014717
11182,DB01017,D014717
11183,DB00295,D014717
11184,DB00486,D014717
11185,DB00984,D014717
11186,DB01115,D014717
11187,DB00727,D014717
11188,DB00497,D014717
11189,DB06412,D014717
11190,DB01229,D014717
11191,DB00022,D014717
11192,DB00652,D014717
11193,DB00806,D014717
11194,DB00252,D014717
11195,DB00550,D014717
11196,DB00811,D014717
11197,DB00503,D014717
11198,DB01082,D014717
11199,DB00263,D014717
11200,DB01041,D014717
11201,DB00679,D014717
11202,DB00208,D014717
11203,DB00519,D014717
11204,DB00943,D014717
11205,DB00537,D020338
11206,DB01050,D020338
11207,DB00863,D020338
11208,DB00994,D000160
11209,DB00540,D000160
11210,DB01113,D000160
11211,DB01082,D000160
11212,DB00915,D014786
11213,DB01118,D014786
11214,DB00321,D014786
11215,DB00964,D014786
11216,DB01238,D014786
11217,DB00572,D014786
11218,DB01200,D014786
11219,DB00297,D014786
11220,DB00564,D014786
11221,DB00262,D014786
11222,DB00482,D014786
11223,DB00608,D014786
11224,DB00537,D014786
11225,DB00515,D014786
11226,DB00215,D014786
11227,DB01242,D014786
11228,DB00575,D014786
11229,DB00363,D014786
11230,DB00907,D014786
11231,DB01394,D014786
11232,DB08865,D014786
11233,DB00979,D014786
11234,DB00531,D014786
11235,DB00987,D014786
11236,DB01219,D014786
11237,DB00746,D014786
11238,DB00514,D014786
11239,DB00829,D014786
11240,DB00711,D014786
11241,DB00390,D014786
11242,DB00280,D014786
11243,DB00822,D014786
11244,DB01364,D014786
11245,DB00668,D014786
11246,DB00330,D014786
11247,DB01077,D014786
11248,DB00749,D014786
11249,DB01195,D014786
11250,DB00544,D014786
11251,DB00472,D014786
11252,DB00623,D014786
11253,DB01004,D014786
11254,DB00441,D014786
11255,DB00889,D014786
11256,DB00756,D014786
11257,DB11181,D014786
11258,DB00327,D014786
11259,DB00200,D014786
11260,DB01611,D014786
11261,DB01050,D014786
11262,DB01181,D014786
11263,DB00458,D014786
11264,DB00332,D014786
11265,DB00951,D014786
11266,DB00982,D014786
11267,DB01221,D014786
11268,DB01235,D014786
11269,DB00367,D014786
11270,DB00281,D014786
11271,DB14509,D014786
11272,DB00186,D014786
11273,DB00934,D014786
11274,DB00358,D014786
11275,DB01065,D014786
11276,DB00331,D014786
11277,DB00563,D014786
11278,DB09241,D014786
11279,DB00959,D014786
11280,DB00916,D014786
11281,DB00379,D014786
11282,DB01017,D014786
11283,DB00295,D014786
11284,DB01149,D014786
11285,DB00627,D014786
11286,DB04743,D014786
11287,DB00727,D014786
11288,DB00540,D014786
11289,DB00338,D014786
11290,DB00904,D014786
11291,DB00935,D014786
11292,DB01229,D014786
11293,DB00715,D014786
11294,DB01186,D014786
11295,DB00850,D014786
11296,DB00252,D014786
11297,DB01085,D014786
11298,DB00733,D014786
11299,DB00635,D014786
11300,DB00908,D014786
11301,DB00468,D014786
11302,DB00533,D014786
11303,DB00296,D014786
11304,DB00747,D014786
11305,DB01082,D014786
11306,DB00605,D014786
11307,DB00864,D014786
11308,DB00675,D014786
11309,DB00679,D014786
11310,DB00193,D014786
11311,DB00656,D014786
11312,DB00376,D014786
11313,DB00809,D014786
11314,DB00580,D014786
11315,DB00313,D014786
11316,DB01080,D014786
11317,DB00541,D014786
11318,DB00162,D014786
11319,DB00163,D014786
11320,DB00582,D014786
11321,DB00495,D014786
11322,DB01198,D014786
11323,DB00819,D015354
11324,DB01118,D015354
11325,DB00321,D015354
11326,DB00262,D015354
11327,DB00446,D015354
11328,DB00746,D015354
11329,DB01142,D015354
11330,DB00668,D015354
11331,DB01118,D014826
11332,DB00297,D014826
11333,DB00515,D014826
11334,DB00822,D014826
11335,DB01229,D014826
11336,DB00252,D014826
11337,DB00750,D014826
11338,DB00599,D014826
11339,DB00541,D014826
11340,DB00361,D014826
11341,DB01406,D014832
11342,DB01075,D014832
11343,DB01205,D014832
11344,DB08804,D014832
11345,DB00624,D014832
11346,DB00541,D014832
11347,DB00682,D014832
11348,DB14509,D014899
11349,DB00152,D014899
11350,DB00839,D014899
11351,DB00495,D014899
11352,DB00143,D014901
11353,DB01017,D014901
