protein1,protein2,combined_score
P13569,P51168,895
P13569,Q9UGI9,901
P13569,P55011,816
P13569,P54619,922
P13569,P51170,886
P13569,O43741,944
P13569,P11142,986
P13569,Q9Y478,908
P13569,P07900,986
P13569,P48048,925
P13569,Q9UGJ0,905
P13569,P37088,821
P13569,Q13131,953
P13569,P54646,907
P13569,Q9UBN7,848
Q16654,Q03181,702
Q16654,Q14643,825
Q16654,P99999,718
Q16654,Q14573,817
Q16654,Q07869,740
O60359,Q08289,779
O60359,P48058,869
O60359,P62955,939
O60359,P54289,978
O60359,O60840,927
O60359,Q05586,830
O60359,P21817,733
O60359,Q13698,916
O60359,Q06432,974
O60359,Q01668,957
O60359,P42263,852
O60359,P42261,867
O60359,Q13936,910
O60359,O00305,958
O60359,P46098,737
O60359,Q14957,788
O60359,Q9UF02,814
O60359,Q8TCU5,794
O60359,Q8WXS5,913
O60359,Q9UBN1,905
O60359,O60391,769
O60359,P62942,728
O60359,O00555,815
O60359,Q7Z3S7,915
O60359,Q02641,912
O60359,P42262,923
O60359,O15399,748
O60359,Q9BXT2,908
O60359,O95180,818
O60359,P54284,938
O60359,Q12879,794
O60359,Q13224,800
O60359,Q9Y698,756
Q8WUI4,P03372,707
Q8WUI4,O15379,804
Q8WUI4,Q13547,886
Q8WUI4,Q16665,927
Q8WUI4,P00533,711
Q8WUI4,P29590,775
Q8WUI4,Q92769,836
Q8WUI4,P35222,777
P51787,Q8WWG9,925
P51787,Q9Y6J6,999
P51787,Q14500,954
P51787,Q14524,973
P51787,Q92736,727
P51787,Q13936,791
P51787,Q14722,717
P51787,O43525,934
P51787,P48050,948
P51787,P48544,745
P51787,Q13303,700
P51787,O15554,936
P51787,Q9Y6H6,999
P51787,Q14654,749
P51787,P55011,950
P51787,Q9NR82,972
P51787,P56696,947
P51787,P63252,992
P51787,Q8IWT1,713
P51787,Q9UJ90,872
P51787,Q12809,983
P51787,P15382,999
P51787,P0DP23,999
P51787,O43526,967
P51787,Q9UNX9,917
P11217,P11216,959
P11217,P04746,970
P11217,P0DP23,868
P11217,Q9UGI9,708
P11217,P11229,763
P11217,O43451,969
P08620,P01375,768
P08620,P11362,999
P08620,O95750,848
P08620,P08581,864
P08620,P05230,777
P08620,P22455,997
P08620,Q16620,754
P08620,P09619,893
P08620,P01137,824
P08620,P01133,989
P08620,P29317,727
P08620,P35968,932
P08620,P14210,883
P08620,P00533,922
P08620,P17948,874
P08620,P27361,734
P08620,P35916,910
P08620,P04629,887
P08620,P36888,803
P08620,P10721,858
P08620,P07333,800
P08620,P16234,877
P08620,P04626,828
P08620,P21802,999
P21917,P21397,892
P21917,P43681,732
P21917,P21964,942
P21917,P31645,978
P21917,P27338,785
P21917,P09172,784
P21917,P14416,816
P21917,P07101,708
P21917,P35462,943
P21917,Q01959,960
O43570,Q16790,739
Q02809,O00469,977
Q02809,P13674,881
Q02809,Q32P28,742
Q02809,O60568,965
Q9H015,Q9UM07,775
O15264,P19878,823
O15264,Q92731,908
O15264,P03372,922
O15264,Q15080,729
O15264,P53778,915
O15264,P06401,908
O15264,P15336,979
O15264,P04637,943
O15264,P05412,968
O15264,P12931,742
O15264,P31749,937
O15264,P27361,942
O15264,P01100,958
O15264,P45984,941
O15264,P13498,705
O15264,P28482,907
O15264,P04839,750
O15264,Q15759,765
O15264,P14598,758
O15264,P45983,910
P30049,Q99437,961
P30049,P27449,985
P30049,P03886,713
P30049,P00846,999
P30049,P40926,853
P30049,Q9Y5K8,931
P30049,O95298,755
P30049,P00492,793
P30049,P15313,910
P30049,Q16864,938
P30049,Q9BY66,890
P30049,P36543,771
P30049,P38606,923
P30049,P21281,913
P53778,P29074,736
P53778,P13498,703
P53778,P14598,751
P53778,P45983,911
P53778,Q15759,856
P53778,P28482,927
P53778,P04839,752
P53778,O15264,915
P53778,P31749,937
P53778,P45984,909
P53778,P27361,911
P53778,P01100,957
P53778,P06401,910
P53778,P12931,743
P53778,P04637,946
P53778,P05412,971
P53778,P15336,958
P53778,P19878,808
P53778,Q92731,907
P53778,P03372,923
P53778,Q15080,722
P05546,P02671,960
P05546,P07225,801
P05546,P02675,951
P05546,P01008,837
P05546,P02679,960
P05546,P04070,760
P05546,P00747,952
P05546,P01023,771
P05546,P00742,823
P05546,P07204,846
P05546,P00734,999
P28482,P31749,988
P28482,O15264,907
P28482,P15056,949
P28482,P05106,728
P28482,P19634,921
P28482,Q05513,919
P28482,P51812,989
P28482,P49585,908
P28482,P47712,970
P28482,P01100,992
P28482,P27361,994
P28482,P09429,792
P28482,P17252,931
P28482,P37231,736
P28482,P05129,911
P28482,P29475,915
P28482,P13498,909
P28482,P35222,736
P28482,P09038,780
P28482,P55211,841
P28482,P05023,943
P28482,P07948,829
P28482,P67775,974
P28482,P14598,923
P28482,P00519,724
P28482,P45983,747
P28482,Q15759,906
P28482,P35354,780
P28482,P29350,933
P28482,P15153,942
P28482,P18848,702
P28482,P04839,926
P28482,P04054,701
P28482,P38936,732
P28482,P19878,915
P28482,P03372,987
P28482,Q92731,948
P28482,P42336,822
P28482,P01375,757
P28482,P04049,975
P28482,O95644,927
P28482,P10636,952
P28482,P53778,927
P28482,P10415,969
P28482,Q9Y5K3,905
P28482,P10828,912
P28482,Q15080,924
P28482,P01106,983
P28482,Q05655,929
P28482,P42574,961
P28482,P05771,928
P28482,Q16539,995
P28482,P19838,790
P28482,P07900,941
P28482,P17302,943
P28482,P32004,819
P28482,P16220,962
P28482,Q16665,985
P28482,P62714,954
P28482,Q04206,717
P28482,P49841,742
P28482,P12931,932
P28482,P04637,998
P28482,P05412,998
P28482,P99999,775
P28482,P15336,973
P28482,P01133,789
Q96GD0,O00764,966
Q96GD0,Q9NVS9,964
Q96GD0,Q06278,919
Q969S8,Q92769,834
P56282,P09884,996
P56282,O75390,800
P56282,P12004,725
P56282,Q9NRF9,999
P56282,Q07864,999
P56282,P18858,841
P56282,Q9NR33,999
P56282,Q14181,991
Q9Y5K8,Q96LB4,986
Q9Y5K8,P20648,830
Q9Y5K8,Q8NEY4,997
Q9Y5K8,Q13488,994
Q9Y5K8,P21281,999
Q9Y5K8,Q9UI12,999
Q9Y5K8,Q8NHE4,971
Q9Y5K8,P30049,931
Q9Y5K8,P38606,999
Q9Y5K8,P36543,999
Q9Y5K8,Q15904,997
Q9Y5K8,Q96A05,999
Q9Y5K8,Q16864,999
Q9Y5K8,P15313,999
Q9Y5K8,Q9HBG4,998
Q9Y5K8,Q93050,999
Q9Y5K8,Q9Y487,995
Q9Y5K8,Q8N8Y2,999
Q9Y5K8,P21283,999
Q9Y5K8,O95670,997
Q9Y5K8,O15342,998
Q9Y5K8,P00846,811
Q9Y5K8,P61421,999
Q9Y5K8,O75348,999
Q9Y5K8,P27449,999
Q9Y5K8,Q99437,999
O15270,P34897,849
O15270,O15269,999
O15270,P17405,797
O15270,Q96GA7,839
O15270,Q9GZT4,833
O15270,Q9NUV7,942
O15270,P21549,872
O15270,Q16739,826
O15270,P02763,910
O15270,P20132,847
O15270,P34896,852
P46663,P00734,909
P46663,P12821,874
P25963,P31749,849
P25963,P14780,704
P25963,Q9NR96,719
P25963,P01579,714
P25963,P01100,808
P25963,Q00653,995
P25963,P27361,732
P25963,P11142,708
P25963,P19320,787
P25963,P11021,711
P25963,P17252,713
P25963,O00206,872
P25963,P45983,782
P25963,P35354,856
P25963,P01584,945
P25963,P01375,967
P25963,O15111,999
P25963,O14920,999
P25963,P42574,740
P25963,P19838,999
P25963,Q16539,829
P25963,P10415,730
P25963,O60603,749
P25963,P13500,754
P25963,Q16665,735
P25963,Q04206,999
P25963,P12931,797
P25963,P05412,908
P25963,P04637,915
P11216,P11217,959
P11216,P04746,972
P11216,O43451,969
P11216,P0DP23,876
Q9H4B7,P14770,820
Q9H4B7,P68366,964
Q9H4B7,P08514,704
Q9H4B7,P17302,934
Q9H4B7,P10636,924
Q9H4B7,Q71U36,963
O00264,P06401,944
O00264,P00533,765
Q9NSA2,Q13303,778
Q9NSA2,Q9UK17,761
Q9NSA2,Q14722,774
P08253,P04626,738
P08253,P35354,764
P08253,P14598,928
P08253,P17936,801
P08253,P04839,957
P08253,P01023,953
P08253,P00747,772
P08253,P35222,803
P08253,P09038,802
P08253,P13498,949
P08253,P24385,738
P08253,P17948,731
P08253,P31749,846
P08253,P06756,835
P08253,P14780,918
P08253,P00749,755
P08253,P14210,760
P08253,P12931,972
P08253,P07355,826
P08253,P01137,962
P08253,P07900,831
P08253,Q16665,731
P08253,P13500,704
P08253,P15502,873
P08253,Q15080,912
P08253,P10415,716
P08253,P42574,713
P08253,P19878,917
P08253,P08581,703
P08253,P01375,729
P08253,P01584,745
P23975,P18825,718
P23975,P21397,738
P23975,P08908,788
P23975,Q05940,815
P23975,P09172,723
P23975,P08913,802
P23975,P07101,771
P41240,P06241,885
P41240,P06239,912
P41240,P00533,929
P41240,Q05209,808
P41240,P29350,743
P41240,P07948,948
P41240,P35222,731
P41240,P03372,810
P41240,P42685,762
P41240,P01133,707
P41240,P12931,998
P41240,P05412,731
P41240,P17302,734
P00750,P02671,880
P00750,P07355,997
P00750,P16109,783
P00750,P01133,762
P00750,P01008,914
P00750,P19320,756
P00750,P14780,893
P00750,P00749,837
P00750,P00747,998
P00750,P07204,913
P00390,P42263,770
P00390,P99999,721
P00390,P42898,708
P00390,P30044,787
P00390,P09211,952
P00390,P00441,744
P00390,P09210,939
P00390,P78352,721
P00390,P47989,733
P00390,P48058,896
P00390,Q04760,779
P00390,P42261,817
P00390,Q02218,707
P00390,P09488,945
P00390,O75390,836
P00390,P52209,804
P00390,P42262,793
P62714,P62955,703
P62714,Q92736,900
P62714,Q04206,935
P62714,P04637,714
P62714,P19838,918
P62714,P05771,915
P62714,P10415,904
P62714,P14416,913
P62714,P05129,907
P62714,P17252,920
P62714,P28482,954
P62714,P67775,986
P62714,P31749,736
P62714,P27361,925
P62714,P06241,726
P62714,Q05513,911
P62714,P41743,915
P01137,P12931,787
P01137,P05412,722
P01137,P35968,734
P01137,P04637,809
P01137,P01133,904
P01137,P09619,825
P01137,P13500,851
P01137,Q16665,838
P01137,P60568,763
P01137,P01106,796
P01137,P08620,824
P01137,P15502,842
P01137,P19838,711
P01137,P42574,706
P01137,P08581,739
P01137,P05230,813
P01137,P61073,794
P01137,P00797,799
P01137,P01584,932
P01137,P01375,941
P01137,O00206,721
P01137,P08253,962
P01137,P16234,774
P01137,P10721,702
P01137,P01023,910
P01137,P37231,922
P01137,P09038,982
P01137,P35222,789
P01137,P01579,888
P01137,P27361,721
P01137,P01100,719
P01137,P14780,968
P01137,P06756,994
P01137,P31749,868
P01137,P00533,975
P01137,Q9NZQ7,781
P01137,P05106,764
P01137,P17948,727
P01137,P62942,873
P01137,P14210,921
P27169,P05164,774
P27169,P06276,799
P14210,P31749,882
P14210,P00533,980
P14210,P14780,799
P14210,P17948,908
P14210,P01579,716
P14210,P35916,886
P14210,P09038,955
P14210,P04629,997
P14210,P36888,771
P14210,P10721,925
P14210,P16234,841
P14210,P08253,760
P14210,P07333,774
P14210,P21802,906
P14210,P04626,918
P14210,P11362,814
P14210,P61073,812
P14210,P22455,796
P14210,P08581,999
P14210,P05230,802
P14210,P08620,883
P14210,Q16620,750
P14210,P01137,921
P14210,P09619,855
P14210,P01133,844
P14210,P29317,798
P14210,P12931,867
P14210,P35968,966
O60568,O00469,948
O60568,Q02809,965
P30405,Q14643,967
P30405,P99999,983
P30405,P04637,993
P30405,P49841,805
P30405,P07900,982
P30405,P10415,961
P30405,Q02156,916
P30405,Q14573,904
P30405,Q07869,761
P05164,P16581,743
P05164,P14780,969
P05164,P01579,789
P05164,P27169,774
P05164,P09429,774
P05164,P10721,705
P05164,P04839,767
P05164,O00206,728
P05164,P01584,860
P05164,P01375,832
P05164,P12724,923
P05164,Q9UM07,840
P05164,P23141,939
Q93086,Q12879,907
Q93086,P51575,982
Q93086,Q15391,730
Q93086,O15547,971
Q93086,O15399,908
Q93086,Q99571,977
Q93086,Q14957,906
Q93086,P56373,986
Q93086,Q05586,909
Q93086,Q96G91,787
Q93086,P51582,802
Q93086,Q9UBL9,976
Q93086,P41231,804
Q93086,Q9BPV8,708
Q93086,Q99572,948
P51575,Q05586,915
P51575,P56373,991
P51575,Q14957,917
P51575,Q99571,976
P51575,O15399,913
P51575,Q12879,915
P51575,O15547,995
P51575,Q15391,899
P51575,Q99572,987
P51575,Q9BPV8,809
P51575,P41231,929
P51575,Q9UBL9,914
P51575,P51582,888
P51575,Q96G91,860
P51575,Q93086,982
P51575,Q9H244,976
P51575,P47900,954
Q16515,P78352,756
Q16515,P78348,968
P13500,P25963,754
P13500,P18848,814
P13500,O00206,847
P13500,P07333,860
P13500,P08253,704
P13500,P35354,867
P13500,Q9BYF1,712
P13500,P37231,731
P13500,P09038,732
P13500,P27487,714
P13500,P01579,938
P13500,P01100,756
P13500,P27361,747
P13500,P19320,907
P13500,P16581,810
P13500,P31749,720
P13500,P00533,725
P13500,P14780,809
P13500,P17948,791
P13500,P18847,704
P13500,P16109,710
P13500,P05089,726
P13500,Q04206,987
P13500,P12931,733
P13500,P05412,980
P13500,P35968,758
P13500,O60603,790
P13500,P98066,732
P13500,P40933,796
P13500,P01137,851
P13500,P19838,982
P13500,P60568,853
P13500,P29466,707
P13500,P02776,998
P13500,P61073,998
P13500,P01584,970
P13500,P01375,978
P13500,P25024,996
Q9UQL6,Q92769,751
Q9UQL6,O15379,940
Q9UQL6,P04637,768
Q9UQL6,P56524,973
Q9UQL6,Q13547,818
Q06432,P62942,723
Q06432,O00555,886
Q06432,Q15878,856
Q06432,Q8WXS5,968
Q06432,Q9UBN1,986
Q06432,O43497,780
Q06432,Q9NY47,981
Q06432,O60359,974
Q06432,Q9Y698,962
Q06432,P54284,900
Q06432,Q8IZS8,941
Q06432,O95180,817
Q06432,Q00975,875
Q06432,Q9BXT2,754
Q06432,Q02641,997
Q06432,Q7Z3S7,962
Q06432,Q13698,997
Q06432,Q01668,995
Q06432,P35499,820
Q06432,P21817,869
Q06432,O60840,932
Q06432,P54289,998
Q06432,P62955,976
Q06432,Q08289,897
Q06432,Q9UF02,918
Q06432,O00305,935
Q06432,Q13936,950
P30968,P22888,744
P30968,P11362,758
P30968,Q02643,799
P49888,P11511,959
P49888,P42330,936
P19838,P04049,940
P19838,P01375,999
P19838,P01584,996
P19838,O15111,999
P19838,O14920,999
P19838,Q06187,759
P19838,P38936,751
P19838,Q16539,864
P19838,P42574,821
P19838,P09874,828
P19838,P60568,804
P19838,P62714,918
P19838,Q16665,816
P19838,O60603,992
P19838,Q13547,996
P19838,P04150,878
P19838,P04637,989
P19838,P12931,756
P19838,P49841,713
P19838,P14780,802
P19838,Q9NR96,828
P19838,P31749,896
P19838,P00533,837
P19838,P27361,881
P19838,P01100,808
P19838,P01579,932
P19838,P51692,741
P19838,P19320,769
P19838,P11021,704
P19838,P37231,972
P19838,P09429,923
P19838,Q92769,803
P19838,P45983,987
P19838,P67775,931
P19838,O15379,767
P19838,O95644,798
P19838,P61073,734
P19838,P03372,957
P19838,Q13315,746
P19838,Q04759,953
P19838,P29466,826
P19838,P01106,917
P19838,P10415,818
P19838,P13500,982
P19838,P01137,711
P19838,P16220,773
P19838,P05412,994
P19838,Q9NYK1,817
P19838,Q04206,999
P19838,P42345,760
P19838,O14788,768
P19838,Q00653,999
P19838,Q03181,719
P19838,P45984,943
P19838,P35222,964
P19838,P17252,716
P19838,P28482,790
P19838,P15153,938
P19838,P25963,999
P19838,P04626,733
P19838,P35354,842
P19838,Q9Y6Y9,725
P19838,O00206,993
P60568,P09619,757
P60568,P01137,763
P60568,P40933,958
P60568,P13500,853
P60568,P04637,741
P60568,P05412,734
P60568,Q04206,839
P60568,P01133,814
P60568,P01584,999
P60568,P01375,957
P60568,O95644,775
P60568,P01106,709
P60568,P10415,758
P60568,P19838,804
P60568,P09038,740
P60568,Q9BYF1,963
P60568,Q16853,726
P60568,O00206,731
P60568,P16234,733
P60568,P00491,779
P60568,Q9NZQ7,854
P60568,Q9NR96,777
P60568,P00533,851
P60568,P06239,913
P60568,P51692,956
P60568,P01100,828
P60568,P01579,990
P24385,P11142,945
P24385,P01100,942
P24385,P27361,744
P24385,P15056,864
P24385,P42345,802
P24385,P31749,923
P24385,P00533,841
P24385,P14780,799
P24385,P04626,904
P24385,P45983,724
P24385,P08253,738
P24385,P00519,742
P24385,P10721,749
P24385,Q9Y6K1,708
P24385,P08758,808
P24385,P55211,844
P24385,P35222,972
P24385,P01106,969
P24385,P09874,724
P24385,O15392,751
P24385,P10415,958
P24385,P42574,847
P24385,P03372,997
P24385,P11511,712
P24385,P38936,999
P24385,O15379,900
P24385,Q9UJU2,930
P24385,P10275,955
P24385,P42336,704
P24385,P61073,706
P24385,P05412,919
P24385,P04637,946
P24385,Q04206,791
P24385,P49841,987
P24385,P12931,875
P24385,P01133,731
P24385,P15336,744
P24385,P61024,892
P24385,P16220,949
P24385,Q13547,833
P24385,P07900,819
P24385,P56524,920
P24385,P06401,834
P24385,Q16665,876
P24385,P12004,989
P78348,Q16515,968
P78348,Q99571,753
P09960,P09917,992
P09960,P14555,745
P01579,P51692,823
P01579,P19320,748
P01579,P27361,846
P01579,P01100,751
P01579,Q9NZQ7,899
P01579,Q9NR96,891
P01579,P14780,751
P01579,P00533,876
P01579,P31749,817
P01579,P14210,716
P01579,P06239,749
P01579,P35354,816
P01579,Q16853,776
P01579,P12314,716
P01579,O00206,946
P01579,P16234,784
P01579,P19525,775
P01579,P25963,714
P01579,P08758,716
P01579,Q9NR97,722
P01579,P24298,707
P01579,P09429,792
P01579,P35222,713
P01579,Q9BYF1,724
P01579,P29466,893
P01579,P10415,795
P01579,P60568,990
P01579,Q16539,769
P01579,P19838,932
P01579,P42574,825
P01579,P01375,991
P01579,P01584,998
P01579,P61073,711
P01579,P04637,834
P01579,P01911,830
P01579,P05412,711
P01579,Q9NYK1,867
P01579,P01133,781
P01579,P05089,801
P01579,P09619,797
P01579,P01137,888
P01579,P35228,862
P01579,P40933,939
P01579,P05164,789
P01579,O60603,918
P01579,P13500,938
Q16539,P03372,954
Q16539,Q92731,921
Q16539,P19878,736
Q16539,P09769,799
Q16539,P01584,782
Q16539,P01375,839
Q16539,Q15080,765
Q16539,P01106,710
Q16539,P10415,701
Q16539,P42574,817
Q16539,P19838,864
Q16539,Q13315,722
Q16539,P16220,706
Q16539,P06401,920
Q16539,P05412,992
Q16539,P04637,994
Q16539,Q04206,798
Q16539,P12931,818
Q16539,P15336,998
Q16539,P31749,990
Q16539,P00533,799
Q16539,P45984,942
Q16539,P06241,749
Q16539,P01100,985
Q16539,P27361,989
Q16539,P47712,823
Q16539,P01579,769
Q16539,P35222,838
Q16539,P13498,724
Q16539,P35354,774
Q16539,P45983,955
Q16539,O00206,762
Q16539,P14598,800
Q16539,P04839,788
Q16539,P28482,995
Q16539,P25963,829
Q9BYV1,P22557,916
Q9BYV1,Q6ZQY3,947
Q9BYV1,Q06278,910
Q9BYV1,Q96GA7,873
Q9BYV1,P13196,915
Q9BYV1,P21549,997
Q9BYV1,O94760,852
Q9BYV1,P54687,934
Q9BYV1,Q9Y600,948
Q9BYV1,P34897,931
Q9BYV1,P80404,939
Q9BYV1,P32929,935
Q9BYV1,P23378,955
Q9BYV1,O15382,931
Q9BYV1,P20132,870
Q9BYV1,P34896,938
Q9BYV1,Q8TD30,935
Q9BYV1,Q9NR19,827
Q9BYV1,Q05329,878
Q9BYV1,P24298,929
Q9BYV1,P05091,942
Q9BYV1,Q99259,851
P04150,P01100,961
P04150,P11142,757
P04150,Q15596,998
P04150,P51692,835
P04150,Q15185,997
P04150,P00533,870
P04150,P31749,791
P04150,Q92769,862
P04150,P35222,707
P04150,P08235,929
P04150,P19838,878
P04150,P80365,816
P04150,Q9UBN7,824
P04150,P10415,767
P04150,P01375,745
P04150,P10275,795
P04150,P07550,727
P04150,P03372,896
P04150,Q04206,850
P04150,P04637,936
P04150,P05412,961
P04150,Q16620,905
P04150,P06401,733
P04150,Q16665,852
P04150,Q13547,929
P04150,P07900,999
P04150,P16220,924
Q96SW2,Q06187,836
Q96SW2,P05412,710
Q96SW2,Q12791,917
P63316,P02585,930
P19525,P18850,911
P19525,P18848,755
P19525,P11021,871
P19525,P01579,775
P19525,P04637,775
P19525,Q9NYK1,744
P19525,O14920,966
P19525,O15111,977
P19525,P01584,704
P19525,P01375,796
P38435,P00734,961
P38435,P00742,808
P38435,P04070,839
P38435,P07225,991
P38435,Q9BQB6,998
P38435,Q9UIX4,707
P04070,P00742,707
P04070,P01023,931
P04070,P07204,992
P04070,P0DJD9,787
P04070,P00734,987
P04070,P07225,859
P04070,P01008,924
P04070,P02675,730
P04070,P02679,754
P04070,P05546,760
P04070,P38435,839
P04070,P02671,851
P11926,P05089,984
P11926,P01106,771
P11926,P31350,744
P11926,P00966,758
P11926,P04181,986
P11926,P78540,987
P11926,P17735,739
P11926,P19801,964
P43007,P30825,752
O60391,P62955,816
O60391,Q9UF02,743
O60391,P42263,791
O60391,Q8TCU5,995
O60391,Q9Y698,845
O60391,P78352,942
O60391,P48058,811
O60391,Q05586,999
O60391,Q14957,996
O60391,P46098,748
O60391,P42261,840
O60391,Q9UBN1,773
O60391,Q8WXS5,758
O60391,Q13224,996
O60391,Q12879,998
O60391,O60359,769
O60391,P42262,787
O60391,O15399,996
P15313,P30049,910
P15313,Q8NHE4,955
P15313,P38606,999
P15313,P21281,989
P15313,Q8NEY4,997
P15313,Q13488,998
P15313,Q9UI12,997
P15313,P20648,927
P15313,Q96LB4,953
P15313,Q93050,999
P15313,Q9HBG4,999
P15313,Q16864,999
P15313,Q96A05,999
P15313,P36543,999
P15313,Q15904,947
P15313,Q9Y5K8,999
P15313,Q9Y487,991
P15313,Q99437,995
P15313,P61421,999
P15313,P27449,998
P15313,O75348,998
P15313,P00918,841
P15313,O15342,951
P15313,O95670,997
P15313,P21283,998
P15313,Q8N8Y2,999
P41143,P21964,730
P41143,P35372,967
Q32P28,O00469,744
Q32P28,Q8IVL6,758
Q32P28,P13674,774
Q32P28,Q02809,742
P31939,Q06203,995
P31939,P23378,756
P31939,Q99707,972
P31939,P42898,787
P31939,P34897,995
P31939,P20839,979
P31939,Q9UGJ0,822
P31939,P00374,987
P31939,P00492,958
P31939,P21589,937
P31939,Q9UGI9,824
P31939,P22102,999
P31939,P07741,982
P31939,P12268,991
P31939,P54619,826
P31939,Q9BY32,974
P31939,P04818,857
P31939,P34896,998
P0DMS8,P30542,907
P36888,O00329,940
P36888,P42336,958
P36888,O95750,750
P36888,P05230,759
P36888,P08620,803
P36888,P10276,728
P36888,P01133,860
P36888,P42338,930
P36888,P04637,722
P36888,P06239,762
P36888,P14210,771
P36888,P42684,710
P36888,P51692,970
P36888,P09038,881
P36888,Q9Y6K1,851
P36888,P04626,735
P35869,P07900,992
P35869,P03372,906
P35869,Q15596,705
P35869,Q15185,908
P51857,P42330,983
P51857,P18405,988
P51857,P11511,922
P51857,P80365,975
P51857,Q04828,983
P51857,P05093,936
P51857,P31213,957
Q01064,P00492,905
Q01064,P33402,727
Q01064,P54750,911
Q01064,P27707,907
Q01064,O00408,732
Q01064,Q08828,720
Q01064,Q9BY32,911
Q01064,P55263,921
Q01064,P0DP23,973
Q01064,P16066,723
Q01064,Q14123,957
Q01064,P07741,911
P98066,P13500,732
P98066,P01584,752
P98066,P09038,771
P98066,P35354,724
P63252,Q9NR82,929
P63252,P56696,925
P63252,Q9UNX9,905
P63252,O43526,933
P63252,Q13698,813
P63252,P35499,824
P63252,Q9UK17,732
P63252,P15382,891
P63252,Q12809,930
P63252,Q8IWT1,856
P63252,Q9Y6J6,890
P63252,Q14500,973
P63252,P17302,760
P63252,P25101,911
P63252,O43525,933
P63252,P48050,958
P63252,Q13936,853
P63252,P48051,710
P63252,Q14524,896
P63252,Q92736,729
P63252,P51787,992
Q16647,P41222,956
Q16647,P23219,973
Q16647,P35354,988
Q16647,P43119,832
Q16647,Q15185,961
Q5JTZ9,Q9NSE4,918
Q5JTZ9,P41252,863
Q5JTZ9,P49588,910
P00505,Q6YP21,986
P00505,Q05329,831
P00505,P00439,943
P00505,Q16773,979
P00505,P14679,912
P00505,Q8TD30,976
P00505,P40926,999
P00505,Q99259,837
P00505,O75390,952
P00505,Q02218,937
P00505,P24298,978
P00505,P17735,984
P00505,P07202,909
P00505,P37231,793
P00505,P17174,982
P00505,P07101,942
P00505,P20711,926
P00505,Q07869,778
P00505,P00966,951
P00505,Q6ZQY3,858
P00505,Q96RQ9,934
P00505,P32929,942
P00505,P12104,957
P00505,Q9Y600,865
P43116,P35354,712
P43116,P35408,962
P68366,P07437,994
P68366,P17302,930
P68366,Q71U36,947
P68366,P10636,981
P68366,Q9H4B7,964
Q05209,P41240,808
Q05209,P12931,834
Q05209,P01133,808
Q05209,P09619,798
Q05209,P00533,963
Q05209,P04626,935
Q05209,P29350,742
Q99705,P01303,817
P15153,O14939,939
P15153,P42338,965
P15153,P12931,955
P15153,Q04206,922
P15153,O00329,957
P15153,P42336,947
P15153,P19878,999
P15153,P19838,938
P15153,Q05655,946
P15153,P63000,823
P15153,Q15080,999
P15153,P13498,999
P15153,P28482,942
P15153,P04839,999
P15153,P00519,940
P15153,P14598,999
P15153,P45983,953
P15153,P31749,864
P15153,P27361,950
P15153,P41743,927
P15153,Q05513,934
P15153,P42684,926
P15153,P06241,956
P15153,P45984,928
O94788,Q8TC12,949
O94788,Q9NYR8,942
O94788,Q6V0L0,983
O94788,O75911,956
O94788,P40394,821
O94788,P10632,917
O94788,P00352,915
O94788,Q06278,938
O94788,Q9BTZ2,932
O94788,P47895,903
O94788,Q92781,944
O94788,Q96NR8,964
Q9H6Z9,Q16790,764
Q9H6Z9,P18848,776
Q9H6Z9,P05129,901
Q9H6Z9,P17252,906
Q9H6Z9,P05771,919
Q9H6Z9,Q96KS0,954
Q9H6Z9,Q9GZT9,953
Q9H6Z9,Q16665,999
Q9GZZ6,P02708,728
Q9GZZ6,P30532,746
Q9GZZ6,Q9UGM1,934
Q7LG56,P12004,702
Q7LG56,P04637,992
Q7LG56,P23921,999
Q7LG56,P31350,997
Q7LG56,P04818,805
P22460,Q9Y6J6,872
P22460,P22001,765
P22460,P78352,857
P22460,P16389,982
P22460,P22459,743
P22460,Q14722,986
P22460,Q13936,710
P22460,P12931,761
P22460,Q14524,838
P22460,Q15842,712
P22460,P06241,734
P22460,Q13303,974
P22460,P15382,710
P22460,P48549,710
P22460,Q12809,865
Q9BXT2,Q9Y698,741
Q9BXT2,O60359,908
Q9BXT2,O95180,754
Q9BXT2,Q8IZS8,756
Q9BXT2,O00305,949
Q9BXT2,P54284,909
Q9BXT2,Q13936,901
Q9BXT2,Q7Z3S7,901
Q9BXT2,Q06432,754
Q9BXT2,Q01668,901
Q9BXT2,Q13698,927
Q9BXT2,P62942,721
Q9BXT2,P21817,747
Q9BXT2,Q9UBN1,915
Q9BXT2,Q8WXS5,912
Q9BXT2,P54289,916
Q9BXT2,O60840,902
Q9BXT2,Q08289,852
Q9BXT2,P62955,933
Q8TD43,Q8IWT1,818
Q8TD43,Q9NY46,733
Q8TD43,P35499,766
Q8TD43,P51168,748
Q8TD43,Q15858,763
Q8TD43,Q09428,992
Q8TD43,P51172,734
Q8TD43,P51170,746
Q8TD43,Q9NY72,877
Q8TD43,P37088,776
Q8TD43,Q99250,830
Q8TD43,Q14524,949
Q8TD43,Q9Y5Y9,856
Q8TD43,Q07699,880
Q8TD43,Q8NER1,747
Q8TD43,O60939,877
Q9NYX4,P21728,952
Q9NR19,P49327,770
Q9NR19,P05091,954
Q9NR19,O75390,983
Q9NR19,Q06278,815
Q9NR19,Q9BYV1,827
Q9NR19,P24752,960
Q9NR19,P80404,829
P36543,O95670,998
P36543,P21283,999
P36543,Q8N8Y2,999
P36543,O15342,993
P36543,P61421,999
P36543,P27449,999
P36543,O75348,999
P36543,Q99437,999
P36543,Q9Y5K8,999
P36543,Q9Y487,994
P36543,Q15904,995
P36543,Q96A05,902
P36543,P15313,999
P36543,Q16864,999
P36543,Q93050,999
P36543,Q9HBG4,999
P36543,Q13488,993
P36543,Q8NEY4,995
P36543,P21281,999
P36543,Q9UI12,999
P36543,Q96LB4,972
P36543,P30049,771
P36543,Q8NHE4,962
P36543,P38606,999
P10276,P00519,719
P10276,P13631,958
P10276,P36888,728
P10276,Q9Y6K1,715
P10276,P35222,883
P10276,P37231,848
P10276,Q15596,992
P10276,P51692,777
P10276,P01100,868
P10276,P28702,993
P10276,P48443,983
P10276,P31749,765
P10276,P10826,984
P10276,P29762,792
P10276,P29590,998
P10276,P05412,759
P10276,P26358,764
P10276,P19793,999
P10276,Q13547,874
P10276,P56524,742
P10276,P11274,761
O43741,P42345,935
O43741,P54619,999
O43741,Q9UGI9,999
O43741,P04035,921
O43741,P54646,999
O43741,Q13131,999
O43741,P04637,774
O43741,Q9UGJ0,999
O43741,P13569,944
O43741,Q9Y478,997
P16499,Q9BY32,900
P16499,P18545,998
P16499,Q08828,719
P16499,P08100,812
P16499,Q13956,757
P16499,P16066,743
P16499,P07741,907
P16499,P35913,982
P16499,P21589,741
P16499,P33402,782
P16499,P00492,900
P16499,P20839,701
P16499,Q96NR8,788
P20309,P41594,929
P20309,P08912,933
P20309,P11229,910
Q9H3N8,P19113,761
Q9Y6L6,P10632,940
Q9Y6L6,Q8TCC7,830
Q9Y6L6,O95342,862
Q9Y6L6,P08183,883
Q9Y6L6,O75469,852
Q9Y6L6,Q9BQB6,784
P16234,P08620,877
P16234,P60568,733
P16234,P42336,990
P16234,P11362,715
P16234,O95750,779
P16234,O00329,924
P16234,P05230,819
P16234,P01133,987
P16234,P04637,762
P16234,P12931,954
P16234,P42338,957
P16234,P09619,989
P16234,P01137,774
P16234,P40933,704
P16234,P01579,784
P16234,P14210,841
P16234,P00533,986
P16234,P04626,768
P16234,P35222,756
P16234,P09038,982
P20132,Q96GA7,906
P20132,Q9NUV7,846
P20132,Q9BYV1,870
P20132,Q9GZT4,941
P20132,P21549,958
P20132,P54687,912
P20132,P34897,967
P20132,Q99707,866
P20132,P32929,914
P20132,O15269,844
P20132,O15382,906
P20132,P34896,967
P20132,Q16773,851
P20132,Q6YP21,841
P20132,Q04760,824
P20132,P17735,747
P20132,O15270,847
P21589,P27707,921
P21589,P16499,741
P21589,P29275,722
P21589,P29274,868
P21589,P00492,932
P21589,P00813,984
P21589,Q13946,769
P21589,P30542,727
P21589,P99999,869
P21589,P31939,937
P21589,Q13370,709
P21589,Q9UGJ0,715
P21589,P20839,953
P21589,P19320,724
P21589,P00491,990
P21589,P54619,715
P21589,P12268,954
P21589,P51160,740
P21589,P04818,927
P21589,Q9BY32,916
P21589,Q9NP56,706
P21589,Q9UGI9,715
P21589,P27815,709
P21589,P55263,970
P21589,Q9Y233,700
P21589,P35913,763
P21589,P07741,953
P21589,O76074,733
Q92781,Q06278,910
Q92781,Q96NR8,936
Q92781,P47895,956
Q92781,O95237,975
Q92781,O94788,944
Q92781,Q8TC12,938
Q92781,P08100,766
Q92781,P00352,945
Q86W47,Q16558,951
Q86W47,Q01668,720
Q86W47,Q12791,998
Q86W47,Q9UGI6,982
Q86W47,Q92952,937
Q86W47,Q13936,732
Q86W47,Q9H2S1,964
Q86W47,Q9NPA1,913
Q86W47,Q9Y691,935
Q86W47,O15554,975
P41595,Q13936,916
P41595,P28223,962
P41595,P46098,780
P41595,P31645,872
P41595,P28335,977
P41595,O60840,900
P41595,P30556,746
P41595,Q01668,908
P41595,Q13698,902
P41595,P28222,725
P02763,O15269,943
P02763,O15270,910
P02763,P02679,791
P02763,P01023,809
P02763,P02675,818
P02763,P41222,723
P02763,P02671,747
P02763,Q9NUV7,912
P02763,P31025,734
P02763,P19652,999
P02763,P02787,731
O75899,P18507,830
O75899,P47869,890
O75899,O00591,719
O75899,Q9UBS5,999
O75899,P31644,835
O75899,P47870,817
O75899,P48051,962
O75899,P43681,707
O75899,P48549,959
O75899,P18505,884
O75899,Q92806,946
O75899,P48169,812
O75899,Q9UN88,754
O75899,Q8N1C3,786
O75899,P48544,911
O75899,P78334,852
O75899,Q13224,741
O75899,O14764,815
O75899,P14867,901
O75899,Q16445,770
O75899,Q99928,774
O75899,Q14654,910
O75899,P01303,721
O75899,P28472,925
O75899,P30988,748
O75899,Q15822,767
O75899,P34903,804
O60603,P61073,894
O60603,P01375,951
O60603,P01584,969
O60603,P29466,809
O60603,P19838,992
O60603,P07900,982
O60603,P13500,790
O60603,Q04206,956
O60603,P31749,704
O60603,P00533,933
O60603,P14780,802
O60603,Q9NR96,961
O60603,P19320,723
O60603,P11142,953
O60603,P01579,918
O60603,Q9NR97,893
O60603,P09429,998
O60603,Q9Y6Y9,997
O60603,P35354,756
O60603,O00206,999
O60603,P07333,765
O60603,P04839,786
O60603,P25963,749
O95264,P28566,723
O95264,Q8TCU5,721
O95264,A5X5Y0,813
O95264,P46098,999
O95264,Q8WXA8,982
O95264,Q70Z44,986
Q6YP21,Q16881,918
Q6YP21,P17174,940
Q6YP21,P00505,986
Q6YP21,Q96GA7,869
Q6YP21,Q16719,982
Q6YP21,Q99707,932
Q6YP21,P32929,955
Q6YP21,Q16773,909
Q6YP21,P20132,841
Q6YP21,Q8N5Z0,960
P02708,Q15822,726
P02708,P30532,717
P02708,Q9GZZ6,728
P02708,P30926,767
P02708,P32297,844
P02708,Q15825,759
P02708,Q05901,712
P02708,P17787,762
P02708,Q9UGM1,828
P02708,P43681,812
P06756,P20701,918
P06756,P09429,745
P06756,P08253,835
P06756,P05106,999
P06756,P19320,716
P06756,P01137,994
P06756,P08514,948
P06756,P12931,946
P06756,P35968,705
Q9NPD5,O75469,811
Q9NPD5,O95342,841
Q9NPD5,P08183,844
Q9NPD5,Q8TCC7,848
O60706,Q14524,761
O60706,Q09428,898
O60706,Q15842,999
O60706,Q14654,999
Q96EN8,Q96I15,871
Q96EN8,Q9Y697,919
Q96EN8,P00491,714
Q96EN8,P99999,795
Q96EN8,P32929,846
Q96EN8,Q06278,978
Q96EN8,P47989,731
P13498,P28482,909
P13498,P04839,999
P13498,P15153,999
P13498,Q15759,703
P13498,P08253,949
P13498,P14598,999
P13498,O15264,705
P13498,P14780,941
P13498,P31749,992
P13498,P27361,937
P13498,P19320,938
P13498,P12931,707
P13498,P19878,999
P13498,Q969G6,890
P13498,Q16539,724
P13498,Q05655,917
P13498,P63000,865
P13498,Q15080,999
P13498,P53778,703
P31645,P46098,726
P31645,P21397,942
P31645,P28223,961
P31645,P05091,763
P31645,P21917,978
P31645,P08908,968
P31645,P28221,921
P31645,P21728,763
P31645,P05106,741
P31645,P21964,943
P31645,P28335,914
P31645,P20711,756
P31645,P41595,872
P31645,P35462,787
P31645,P08913,716
P31645,P14416,910
P31645,P28222,932
P31645,Q05940,886
P31645,P27338,868
P05091,Q9NR19,954
P05091,Q05329,927
P05091,P40926,738
P05091,P21397,982
P05091,Q16853,976
P05091,O60218,930
P05091,Q99259,933
P05091,P40394,968
P05091,O75936,924
P05091,P19801,939
P05091,Q9BYV1,942
P05091,P15121,944
P05091,Q6ZQY3,923
P05091,P27338,975
P05091,P80404,945
P05091,P31645,763
P30926,P17787,910
P30926,P36544,924
P30926,Q9UGM1,920
P30926,P43681,920
P30926,P02708,767
P30926,P30532,919
P30926,Q15822,918
P30926,P32297,998
P30926,Q15825,822
P30926,Q7Z5B4,757
P30926,Q05901,843
P49588,Q5JTZ9,910
P49588,Q9NSE4,942
P49588,P41252,980
P78540,P35228,970
P78540,P05089,933
P78540,P00966,877
P78540,P04181,999
P78540,P29474,966
P78540,Q96A70,984
P78540,P29475,959
P78540,P11926,987
P78540,P04424,975
P09619,P06241,891
P09619,P51692,726
P09619,P01579,797
P09619,P00533,998
P09619,Q05209,798
P09619,P05106,727
P09619,P14210,855
P09619,P16234,989
P09619,P04626,874
P09619,P09038,953
P09619,P60568,757
P09619,P08620,893
P09619,P05230,842
P09619,P04049,742
P09619,O00329,932
P09619,P61073,707
P09619,P42336,976
P09619,O95750,768
P09619,P12931,999
P09619,P42338,960
P09619,P35968,986
P09619,P01133,989
P09619,P40933,715
P09619,P01137,825
Q16659,P31152,838
Q16659,P05412,846
P35916,P14210,886
P35916,P17948,920
P35916,P09038,942
P35916,P33151,954
P35916,P04626,722
P35916,O00329,726
P35916,P42336,810
P35916,O95750,772
P35916,P05230,807
P35916,P08620,910
P35916,P01133,911
P35916,P12931,708
P35916,P42338,735
P35916,P35968,994
P18846,P18848,847
P18846,P15336,946
P18846,P16220,947
Q9UBN1,P48058,867
Q9UBN1,Q08289,793
Q9UBN1,P62955,951
Q9UBN1,O60840,930
Q9UBN1,P54289,972
Q9UBN1,Q05586,773
Q9UBN1,P21817,729
Q9UBN1,Q01668,986
Q9UBN1,Q06432,986
Q9UBN1,Q13698,918
Q9UBN1,P42263,837
Q9UBN1,Q13936,953
Q9UBN1,P42261,843
Q9UBN1,O00305,934
Q9UBN1,P46098,720
Q9UBN1,Q9UF02,844
Q9UBN1,Q14957,779
Q9UBN1,O43497,819
Q9UBN1,Q8TCU5,774
Q9UBN1,Q8WXS5,906
Q9UBN1,O60391,773
Q9UBN1,Q15878,933
Q9UBN1,P62942,723
Q9UBN1,Q7Z3S7,937
Q9UBN1,P42262,907
Q9UBN1,Q02641,928
Q9UBN1,O15399,787
Q9UBN1,Q9BXT2,915
Q9UBN1,Q00975,822
Q9UBN1,O95180,829
Q9UBN1,P54284,962
Q9UBN1,O60359,905
Q9UBN1,Q9Y698,734
Q9UBN1,Q13224,763
Q9UBN1,Q12879,764
Q9UBN1,Q9NY47,837
Q12809,Q13936,891
Q12809,Q14524,978
Q12809,P51787,983
Q12809,Q92736,746
Q12809,P22459,713
Q12809,P07900,958
Q12809,P16389,816
Q12809,P48544,791
Q12809,Q9H252,883
Q12809,Q8WWG9,857
Q12809,P22001,805
Q12809,P22460,865
Q12809,Q9Y6J6,998
Q12809,Q9UK17,855
Q12809,P15382,994
Q12809,P63252,930
Q12809,Q9UJ90,830
Q12809,Q99720,722
Q12809,Q8IWT1,834
Q12809,Q03721,764
Q12809,Q08289,773
Q12809,P35499,746
Q12809,Q9NZV8,798
Q12809,P56696,752
Q12809,P17948,849
Q12809,Q9Y6H6,950
P20618,P00441,795
P20618,P28074,999
P08514,P02776,789
P08514,P02671,928
P08514,Q9H244,778
P08514,P12931,959
P08514,P02679,917
P08514,P16109,965
P08514,P02675,925
P08514,P05106,999
P08514,P06756,948
P08514,Q9H4B7,704
P08514,P00734,736
P08514,P10721,727
P08514,P14770,980
P08514,P07359,967
P55011,P13569,816
P55011,P51787,950
O15269,P02763,943
O15269,Q16739,850
O15269,O15270,999
O15269,P34896,848
O15269,P20132,844
O15269,O95477,871
O15269,O95470,705
O15269,P34897,846
O15269,P21549,877
O15269,Q9GZT4,833
O15269,Q9NUV7,998
O15269,P17405,816
O15269,Q96GA7,838
P20648,P15313,927
P20648,Q9HBG4,908
P20648,Q93050,893
P20648,Q13488,927
P20648,Q8NHE4,794
P20648,P25021,880
P20648,P00918,797
P20648,P27449,860
P20648,Q9Y487,838
P20648,Q9Y5K8,830
P20648,P12821,771
P56696,Q14500,934
P56696,Q8WWG9,966
P56696,P48050,936
P56696,O43525,956
P56696,P51787,947
P56696,Q9Y6H6,846
P56696,Q9NR82,975
P56696,O43526,941
P56696,Q9UNX9,917
P56696,Q12809,752
P56696,P63252,925
P56696,P15382,879
P56696,P0DP23,972
P27361,P18848,750
P27361,P67775,971
P27361,P29475,936
P27361,P13498,937
P27361,P05129,913
P27361,P09038,888
P27361,P09429,739
P27361,P01579,846
P27361,P14555,738
P27361,P49585,911
P27361,P47712,956
P27361,P01100,994
P27361,P24385,744
P27361,P51692,800
P27361,P19320,713
P27361,P51812,984
P27361,O15264,942
P27361,P14780,741
P27361,P31749,957
P27361,P15056,960
P27361,P12931,944
P27361,P99999,788
P27361,P04637,994
P27361,P62714,925
P27361,Q16665,969
P27361,P07900,823
P27361,Q05655,935
P27361,Q16539,989
P27361,P19838,881
P27361,P42574,985
P27361,P53778,911
P27361,Q9Y5K3,905
P27361,P09874,758
P27361,Q15080,938
P27361,P01584,860
P27361,P01375,922
P27361,P04049,962
P27361,P19878,935
P27361,Q92731,955
P27361,P15153,950
P27361,P25963,732
P27361,P29350,938
P27361,P28482,994
P27361,P04839,955
P27361,P14598,965
P27361,O00206,824
P27361,P07948,832
P27361,P05023,942
P27361,Q15759,910
P27361,P35354,855
P27361,P35222,873
P27361,P55211,883
P27361,P17252,956
P27361,Q05513,926
P27361,P19634,946
P27361,P42345,762
P27361,P05106,758
P27361,P15336,903
P27361,P01133,841
P27361,P05412,987
P27361,P13500,747
P27361,P16220,987
P27361,P01137,721
P27361,P17302,947
P27361,P05771,949
P27361,P10415,985
P27361,Q9UBN7,718
P27361,P10828,916
P27361,P08620,734
P27361,P01106,986
P27361,O95644,947
P27361,P10636,968
P27361,P03372,981
P27361,P22455,713
O14939,P47712,788
O14939,P14555,707
O14939,Q13393,906
O14939,P23743,805
O14939,P15153,939
O14939,P17252,952
O14939,P12931,844
Q04759,P06241,828
Q04759,P45984,910
Q04759,P06239,940
Q04759,P45983,913
Q04759,P29350,948
Q04759,O15530,905
Q04759,Q02156,907
Q04759,Q05655,935
Q04759,P19838,953
Q04759,P05771,915
Q04759,P42574,782
Q04759,O14920,981
Q04759,O15111,969
Q04759,Q04206,934
O75936,P05091,924
O15399,O60391,996
O15399,Q8TCU5,998
O15399,Q93086,908
O15399,Q16478,710
O15399,Q9Y698,795
O15399,P78352,976
O15399,P62955,795
O15399,Q99572,902
O15399,Q9UF02,751
O15399,P42263,799
O15399,Q8WXS5,778
O15399,Q9UBN1,787
O15399,Q16099,791
O15399,Q99571,902
O15399,O15547,915
O15399,P51575,913
O15399,O60359,748
O15399,Q13224,998
O15399,Q12879,998
O15399,P42262,800
O15399,P29475,945
O15399,P48058,864
O15399,Q05586,999
O15399,Q14957,998
O15399,P46098,780
O15399,P0DP23,755
O15399,P04156,779
O15399,P56373,913
O15399,P42261,816
P18858,P49916,785
P18858,P12004,999
P18858,P09884,761
P18858,P09874,703
P18858,P78527,718
P18858,P56282,841
P18858,P06746,996
P18858,Q07864,931
P56373,P47900,706
P56373,O15399,913
P56373,P51575,991
P56373,O15547,993
P56373,Q12879,917
P56373,Q96G91,758
P56373,Q99571,991
P56373,Q93086,986
P56373,Q9UBL9,992
P56373,P51582,778
P56373,Q14957,909
P56373,Q8NER1,897
P56373,Q05586,921
P56373,Q99572,979
P56373,P41231,788
P14679,Q96RQ9,904
P14679,P05771,922
P14679,P20711,962
P14679,P07101,963
P14679,P00505,912
P14679,P17174,904
P14679,P00439,938
P14679,P07202,946
P14679,P17735,912
P01584,P01137,932
P01584,P40933,872
P01584,P07900,800
P01584,P35228,803
P01584,P98066,752
P01584,P05164,860
P01584,Q16665,771
P01584,P21462,714
P01584,O60603,969
P01584,P13500,970
P01584,P04637,718
P01584,P05412,987
P01584,Q04206,990
P01584,Q9NYK1,865
P01584,P16109,746
P01584,P05089,800
P01584,P01133,762
P01584,P18847,709
P01584,Q07869,711
P01584,O14920,865
P01584,P03372,820
P01584,P25024,879
P01584,O15111,833
P01584,P01375,998
P01584,P61073,838
P01584,P01106,778
P01584,P29466,999
P01584,P60568,999
P01584,P10415,808
P01584,P42574,899
P01584,Q16539,782
P01584,P19838,996
P01584,P01023,984
P01584,P24298,774
P01584,P08758,716
P01584,Q9NR97,746
P01584,P09429,970
P01584,P09038,896
P01584,P35222,745
P01584,P55211,826
P01584,P11021,731
P01584,Q9BYF1,764
P01584,P37231,858
P01584,Q9Y6Y9,723
P01584,P35354,974
P01584,P07948,763
P01584,P08253,745
P01584,O00206,986
P01584,P45983,845
P01584,P23219,748
P01584,P04839,746
P01584,P19525,704
P01584,P25963,945
P01584,Q9NZQ7,735
P01584,P00533,873
P01584,O14788,854
P01584,P31749,864
P01584,Q9NR96,975
P01584,P00749,765
P01584,P14780,949
P01584,P16581,804
P01584,P19320,830
P01584,P01100,894
P01584,P27361,860
P01584,Q00653,771
P01584,P01579,998
P01584,Q13224,773
P30043,P22557,757
P30043,Q969G6,913
P30043,P03886,710
P05129,P42574,921
P05129,Q01959,905
P05129,Q96KS0,901
P05129,P05771,946
P05129,O00555,980
P05129,P04049,903
P05129,Q9H2S1,913
P05129,Q15904,900
P05129,Q14573,918
P05129,Q92952,917
P05129,Q13936,916
P05129,Q9GZT9,901
P05129,Q01668,943
P05129,P62714,907
P05129,O60840,908
P05129,Q14571,909
P05129,P62955,843
P05129,P16220,758
P05129,P47712,717
P05129,P01100,938
P05129,P27361,913
P05129,Q9H6Z9,901
P05129,P42262,720
P05129,O15554,922
P05129,Q08828,736
P05129,Q8WXS5,795
P05129,Q14643,954
P05129,P15056,943
P05129,P19634,901
P05129,P42345,921
P05129,Q9UGI6,911
P05129,P28482,911
P05129,P07948,903
P05129,P67775,914
P05129,P14598,903
P05129,Q13698,908
P05129,P48058,825
P05129,P17252,984
Q16720,O95180,713
Q16720,P0DP23,751
Q16720,Q01668,829
Q16720,P48544,878
P13674,Q02809,881
P13674,Q32P28,774
P13674,O00469,853
P13674,Q8IVL5,787
P13674,Q9GZT9,751
P13674,Q16665,716
P31025,P05090,908
P31025,P41222,764
P31025,P07360,799
P31025,P09466,844
P31025,P02753,702
P31025,P02763,734
P16109,P16581,937
P16109,P05106,928
P16109,P19320,963
P16109,P07204,743
P16109,P20701,760
P16109,P07359,999
P16109,P09429,788
P16109,P08758,744
P16109,P14770,770
P16109,O00206,885
P16109,Q9H244,827
P16109,P01584,746
P16109,P01375,741
P16109,P02776,921
P16109,P13500,710
P16109,P00750,783
P16109,P08514,965
P29074,Q12879,979
P29074,Q96RJ0,761
P29074,P53778,736
P35968,P35916,994
P35968,P35222,996
P35968,P09038,998
P35968,P33151,999
P35968,P29350,972
P35968,P14210,966
P35968,P14780,811
P35968,P06756,705
P35968,P00533,805
P35968,P31749,715
P35968,P17948,994
P35968,P05106,979
P35968,P06241,807
P35968,P13500,758
P35968,Q16665,785
P35968,P07900,954
P35968,P09619,986
P35968,P01137,734
P35968,P01133,928
P35968,P42338,932
P35968,P12931,998
P35968,P04637,730
P35968,O00329,928
P35968,P42336,975
P35968,O95750,806
P35968,P29474,716
P35968,P05230,919
P35968,P08581,851
P35968,P08620,932
P35968,P01106,723
P42336,Q05655,918
P42336,P10827,901
P42336,O15530,976
P42336,P10828,908
P42336,P01106,740
P42336,P63000,747
P42336,P04049,972
P42336,O00329,998
P42336,P11362,977
P42336,P09769,716
P42336,Q06187,946
P42336,P03372,941
P42336,P08581,961
P42336,P22455,837
P42336,P01133,746
P42336,P12931,984
P42336,P42338,998
P42336,P04637,941
P42336,P35968,975
P42336,P06401,961
P42336,P07900,837
P42336,P09619,976
P42336,Q05513,925
P42336,P24385,704
P42336,P06241,951
P42336,P41743,952
P42336,P06239,777
P42336,P00533,999
P42336,P31749,998
P42336,P42345,963
P42336,P17948,887
P42336,P15056,947
P42336,P15153,947
P42336,P29350,920
P42336,P28482,822
P42336,P10721,986
P42336,P07333,821
P42336,P07949,891
P42336,P00519,763
P42336,O00206,928
P42336,P16234,990
P42336,P07948,935
P42336,P04626,992
P42336,P21802,908
P42336,P35916,810
P42336,P35222,901
P42336,P09038,714
P42336,P04629,960
P42336,P36888,958
P19634,Q02156,903
P19634,P05771,911
P19634,P00918,954
P19634,P27361,946
P19634,P31749,749
P19634,P16615,798
P19634,P05023,821
P19634,P0DP23,991
P19634,P28482,921
P19634,P17252,916
P19634,P05129,901
P15336,P17544,825
P15336,Q16539,998
P15336,P53778,958
P15336,P18846,946
P15336,P18847,758
P15336,P05412,999
P15336,Q8WYK2,810
P15336,P04637,805
P15336,P16220,986
P15336,P01100,990
P15336,P27361,903
P15336,P45984,972
P15336,P24385,744
P15336,P31749,799
P15336,O15264,979
P15336,P18848,932
P15336,P28482,973
P15336,P45983,998
P15336,Q15759,993
P15336,P17252,708
Q16719,Q15274,866
Q16719,Q16773,986
Q16719,Q6YP21,982
Q16719,Q8N5Z0,980
Q06203,P22102,999
Q06203,P07741,797
Q06203,P12268,839
Q06203,P04818,712
Q06203,P34896,887
Q06203,P34897,863
Q06203,P20839,794
Q06203,P23378,716
Q06203,P32929,728
Q06203,P31939,995
Q06203,P00492,711
P48169,P18505,930
P48169,P47869,782
P48169,P47870,756
P48169,P28472,969
P48169,O14764,973
P48169,Q8N1C3,794
P48169,Q9UBS5,737
P48169,P18507,929
P48169,O75899,812
Q02880,P09874,724
Q02880,P11388,973
Q02880,Q969P6,973
Q02880,P10275,774
Q02880,P11387,981
P06276,P27169,799
P06276,P24298,829
P06276,O43451,776
P06276,P14410,776
P06276,P21397,762
P06276,P00734,706
P06276,P27338,809
P06276,P10636,712
P14410,P27487,887
P14410,O43451,909
P14410,P16233,728
P14410,P10253,943
P14410,P06276,776
P14410,P04746,993
P14410,P22303,790
P14410,Q8TET4,920
P48167,O75311,953
P48167,P23415,812
P09038,P17948,993
P09038,P31749,926
P09038,P00533,957
P09038,P14780,919
P09038,P14210,955
P09038,P27361,888
P09038,P36888,881
P09038,P04629,959
P09038,P35222,718
P09038,P35916,942
P09038,P21802,999
P09038,P04626,857
P09038,P35354,790
P09038,P16234,982
P09038,P08253,802
P09038,P07333,821
P09038,P10721,885
P09038,P28482,780
P09038,P22455,999
P09038,P08581,905
P09038,P05230,962
P09038,P42336,714
P09038,P11362,999
P09038,P61073,795
P09038,P01375,732
P09038,P01584,896
P09038,P01106,708
P09038,P60568,740
P09038,P01137,982
P09038,P09619,953
P09038,P98066,771
P09038,Q16665,727
P09038,Q16620,908
P09038,P26447,869
P09038,P13500,732
P09038,P35968,998
P09038,P04637,754
P09038,P29317,773
P09038,P01133,969
P56524,P24385,920
P56524,Q9UBC3,702
P56524,Q9UKV0,715
P56524,P0DP23,741
P56524,Q92769,827
P56524,P37231,800
P56524,O15379,924
P56524,P26358,759
P56524,P07900,975
P56524,Q13547,781
P56524,Q9UQL6,973
P56524,Q16665,955
P56524,P10276,742
P10827,Q15596,868
P10827,P10828,938
P10827,O00329,900
P10827,P42336,901
P10827,O15379,851
P10827,P42338,900
P10827,P19793,967
Q93050,Q16864,999
Q93050,P15313,999
Q93050,Q9HBG4,937
Q93050,Q15904,999
Q93050,P36543,999
Q93050,Q96A05,995
Q93050,Q8NHE4,958
Q93050,P38606,999
Q93050,P20648,893
Q93050,Q96LB4,950
Q93050,P21281,998
Q93050,Q13488,960
Q93050,Q8NEY4,973
Q93050,Q9UI12,999
Q93050,P61421,999
Q93050,O75348,997
Q93050,P27449,999
Q93050,Q99437,999
Q93050,Q8N8Y2,999
Q93050,P21283,999
Q93050,O95670,997
Q93050,O15342,995
Q93050,P00846,837
Q93050,Q9Y487,977
Q93050,Q9Y5K8,999
Q9Y6K1,Q13547,997
Q9Y6K1,P10276,715
Q9Y6K1,P04637,835
Q9Y6K1,P26358,999
Q9Y6K1,P01106,991
Q9Y6K1,P36888,851
Q9Y6K1,Q92769,970
Q9Y6K1,Q9UBC3,998
Q9Y6K1,P24385,708
Q9H2S1,P0DP23,995
Q9H2S1,Q9UGI6,931
Q9H2S1,Q92952,932
Q9H2S1,Q86W47,964
Q9H2S1,Q12791,969
Q9H2S1,P17252,907
Q9H2S1,Q01668,813
Q9H2S1,Q16558,941
Q9H2S1,P05129,913
Q9H2S1,Q9NZV8,942
Q9H2S1,O15554,922
Q9H2S1,Q9Y691,919
Q9H2S1,P05771,907
Q9H2S1,Q9NPA1,928
O95263,P27707,900
O95263,O60658,937
O95263,P55263,907
O95263,P07741,904
Q9UJU2,P01106,893
Q9UJU2,P49841,824
Q9UJU2,Q13547,966
Q9UJU2,P24385,930
Q9UJU2,P35222,999
P01133,P35222,868
P01133,P09038,969
P01133,P35916,911
P01133,P36888,860
P01133,P04629,997
P01133,P28482,789
P01133,P10721,973
P01133,P21802,936
P01133,P04626,999
P01133,P16234,987
P01133,P07333,811
P01133,P45983,719
P01133,P14210,844
P01133,Q05209,808
P01133,P17948,902
P01133,P00533,999
P01133,P31749,933
P01133,P14780,741
P01133,P00749,860
P01133,P01100,788
P01133,P27361,841
P01133,P01579,781
P01133,P24385,731
P01133,P06241,787
P01133,P06401,736
P01133,P00750,762
P01133,Q16665,785
P01133,P26447,862
P01133,Q16620,884
P01133,P09619,989
P01133,P01137,904
P01133,P07900,760
P01133,P04637,780
P01133,P35968,928
P01133,P05412,890
P01133,P29317,802
P01133,P12931,922
P01133,P10275,743
P01133,P11362,926
P01133,P42336,746
P01133,O95750,721
P01133,P01584,762
P01133,P01375,793
P01133,P61073,825
P01133,P22455,780
P01133,P03372,802
P01133,P08581,945
P01133,P05230,841
P01133,P42574,801
P01133,P15502,724
P01133,P41240,707
P01133,P08620,989
P01133,P01106,836
P01133,P60568,814
P06746,P09874,996
P06746,P04637,838
P06746,P12004,802
P06746,P49916,999
P06746,Q07864,838
P06746,P18858,996
P30044,P00390,787
P30044,Q16881,766
P30044,P00441,912
Q14181,Q9NRF9,970
Q14181,Q07864,993
Q14181,P56282,991
Q14181,P09884,999
Q14181,P12004,929
Q14181,Q9NR33,965
Q14181,P23921,735
P50416,P49327,809
P50416,O43772,926
P50416,P37231,806
P50416,Q07869,920
P50416,P33121,975
P50416,O60488,954
P50416,P23786,963
Q13488,Q9Y5K8,994
Q13488,Q9Y487,950
Q13488,P00846,763
Q13488,O15342,835
Q13488,P21283,969
Q13488,O95670,956
Q13488,O14788,752
Q13488,Q8N8Y2,999
Q13488,Q99437,996
Q13488,O75348,921
Q13488,P00918,871
Q13488,P27449,998
Q13488,P61421,998
Q13488,Q9UI12,993
Q13488,Q8NEY4,947
Q13488,P21281,988
Q13488,Q96LB4,924
Q13488,P20648,927
Q13488,P38606,984
Q13488,Q8NHE4,840
Q13488,Q96A05,985
Q13488,P36543,993
Q13488,Q15904,991
Q13488,Q93050,960
Q13488,Q9HBG4,940
Q13488,P15313,998
Q13488,Q16864,995
P24752,Q9NR19,960
P24752,P45954,968
P24752,O75390,977
P24752,P04035,780
P24752,O95749,735
P48547,Q13303,891
P48547,Q96PR1,763
P48547,Q14003,786
P48547,Q03721,910
P48547,Q14722,907
Q13936,P62942,856
Q13936,Q9Y6H6,801
Q13936,Q9P0X4,736
Q13936,Q9UBN1,953
Q13936,Q8WXS5,920
Q13936,P30559,727
Q13936,O43497,846
Q13936,Q9NY47,982
Q13936,O60359,910
Q13936,O95180,917
Q13936,Q8IZS8,871
Q13936,Q9NZV8,726
Q13936,Q00975,756
Q13936,Q9BXT2,901
Q13936,Q02641,988
Q13936,Q13698,982
Q13936,P29475,924
Q13936,Q16558,811
Q13936,P05129,916
Q13936,P54289,998
Q13936,Q08289,999
Q13936,P17252,953
Q13936,P63252,853
Q13936,Q8IWT1,819
Q13936,Q12809,891
Q13936,P28223,937
Q13936,Q9UK17,806
Q13936,P67775,747
Q13936,P04156,910
Q13936,P15382,803
Q13936,P0DP23,999
Q13936,O00555,952
Q13936,P07550,937
Q13936,Q9Y6J6,886
Q13936,Q9Y698,797
Q13936,O60939,744
Q13936,P05771,916
Q13936,P54284,997
Q13936,P41595,916
Q13936,Q7Z3S7,984
Q13936,P22460,710
Q13936,Q07343,775
Q13936,Q06432,950
Q13936,Q01668,981
Q13936,Q07699,880
Q13936,P21817,945
Q13936,O60840,978
Q13936,P28335,918
Q13936,Q12791,918
Q13936,P48544,763
Q13936,P62955,923
Q13936,O00305,970
Q13936,Q86W47,732
Q13936,Q9NY72,792
Q13936,P51787,791
Q13936,Q92736,981
Q13956,P00492,902
Q13956,P16499,757
Q13956,P51160,921
Q13956,Q9BY32,900
Q13956,Q8TDN2,978
Q13956,P07741,900
Q9Y600,Q9BYV1,948
Q9Y600,P00505,865
Q9Y600,P17174,840
Q9Y600,Q6ZQY3,903
Q9Y600,Q05329,914
Q9Y600,Q99259,904
Q8WYK2,P06401,755
Q8WYK2,P05412,969
Q8WYK2,P15336,810
Q8WYK2,P18847,725
Q8WYK2,P01100,723
P19113,P19801,963
P19113,P25021,799
P19113,Q9H3N8,761
P19113,Q9Y5N1,790
P19113,P35367,798
P19113,Q05940,713
P05108,P80365,854
P05108,P05093,965
P05108,P51843,842
P05108,P22888,865
P05108,P18405,785
P29590,P35222,700
P29590,Q92769,859
P29590,Q8WUI4,775
P29590,P31749,732
P29590,P10276,998
P29590,Q13547,903
P29590,P04637,967
P29590,P05412,779
P29590,P01106,783
P55287,P35222,993
O14732,P29218,987
P04637,P07355,977
P04637,P01133,780
P04637,P04150,936
P04637,P15336,805
P04637,P18847,982
P04637,P26358,997
P04637,P07437,723
P04637,P22033,751
P04637,P35968,730
P04637,P05412,997
P04637,P99999,911
P04637,Q13131,764
P04637,Q04206,955
P04637,P49841,992
P04637,P12931,884
P04637,P06401,849
P04637,Q9UM07,861
P04637,Q16665,999
P04637,P62714,714
P04637,P26447,996
P04637,P12004,913
P04637,P30405,993
P04637,P01137,809
P04637,P16220,998
P04637,Q13547,999
P04637,P07900,999
P04637,Q9UQL6,768
P04637,P42574,956
P04637,P31350,803
P04637,Q13315,999
P04637,Q16539,994
P04637,Q14457,939
P04637,P19838,989
P04637,Q05655,767
P04637,P09874,972
P04637,O60502,725
P04637,P10828,705
P04637,P29466,876
P04637,P78527,997
P04637,P01106,997
P04637,P78352,734
P04637,P00374,785
P04637,O15392,930
P04637,P60568,741
P04637,Q969P6,873
P04637,P53778,946
P04637,Q9UPY5,710
P04637,P10415,999
P04637,P11388,843
P04637,O15379,741
P04637,P10275,905
P04637,P42336,941
P04637,P01375,865
P04637,P01584,718
P04637,O15111,914
P04637,O14920,933
P04637,P08581,804
P04637,P03372,992
P04637,Q92731,783
P04637,P38936,999
P04637,P28482,998
P04637,P10721,816
P04637,P17936,901
P04637,P19525,775
P04637,P25963,915
P04637,Q92769,990
P04637,Q15759,960
P04637,P04626,935
P04637,P35354,974
P04637,P16234,762
P04637,Q7LG56,992
P04637,P67775,833
P04637,P07949,801
P04637,P00519,909
P04637,P45983,997
P04637,P35222,927
P04637,P09038,754
P04637,P55211,953
P04637,P11021,824
P04637,P37231,949
P04637,P36888,722
P04637,Q9Y6K1,835
P04637,P08758,818
P04637,P17252,700
P04637,P09429,997
P04637,P01100,952
P04637,O43741,774
P04637,P27361,994
P04637,P11387,947
P04637,P01579,834
P04637,P11168,926
P04637,P51692,728
P04637,P11142,987
P04637,P45984,982
P04637,Q05513,933
P04637,P24385,946
P04637,P06746,838
P04637,P29590,967
P04637,P04818,774
P04637,Q9BY41,756
P04637,P15056,887
P04637,Q9NZQ7,776
P04637,P42345,874
P04637,P00533,943
P04637,P31749,994
P04637,O15264,943
P04637,P04083,762
P04637,P14780,838
P04626,P06241,807
P04626,P24385,904
P04626,P42345,725
P04626,Q9NZQ7,798
P04626,Q05209,935
P04626,P00533,999
P04626,P14210,918
P04626,P35354,828
P04626,P21802,744
P04626,P00519,731
P04626,P08253,738
P04626,P07949,745
P04626,P12314,879
P04626,P16234,768
P04626,P08758,758
P04626,P36888,735
P04626,P04629,751
P04626,P11021,721
P04626,P09038,857
P04626,P35222,998
P04626,P35916,722
P04626,P78352,771
P04626,P09874,741
P04626,P01106,886
P04626,P08620,828
P04626,P10415,849
P04626,O15392,700
P04626,Q13315,748
P04626,P19838,733
P04626,Q14457,888
P04626,Q92731,717
P04626,P08581,847
P04626,P03372,976
P04626,P05230,787
P04626,P22455,829
P04626,P11511,809
P04626,P10275,788
P04626,P07550,822
P04626,P61073,729
P04626,O00329,941
P04626,P42336,992
P04626,P11362,737
P04626,O95750,768
P04626,P04637,935
P04626,P05412,759
P04626,P12931,999
P04626,P42338,972
P04626,P29317,834
P04626,P01133,999
P04626,P09619,874
P04626,P32004,777
P04626,P07900,999
P04626,P06401,980
P04626,Q16620,704
P00441,P08758,846
P00441,P11021,975
P00441,P04156,740
P00441,P04839,876
P00441,P40926,747
P00441,P20618,795
P00441,P11142,870
P00441,Q96LZ3,904
P00441,P00390,744
P00441,P07900,779
P00441,P28074,728
P00441,P30044,912
P00441,P09211,718
P00441,P10415,998
P00441,O00244,932
Q01959,P08908,792
Q01959,P21728,906
Q01959,P35372,704
Q01959,P18825,797
Q01959,P21397,890
Q01959,P28223,708
Q01959,P05129,905
Q01959,P21917,960
Q01959,P17252,913
Q01959,P20711,862
Q01959,P05771,917
Q01959,P35462,784
Q01959,P21918,840
Q01959,P07101,950
Q01959,P08913,832
Q01959,P14416,999
Q01959,P28222,748
Q01959,P09172,815
Q01959,Q05940,966
Q01959,P27338,882
Q01959,P21964,917
Q8WXS5,Q9UF02,800
Q8WXS5,O00305,940
Q8WXS5,P42263,936
Q8WXS5,Q13936,920
Q8WXS5,Q01668,966
Q8WXS5,Q06432,968
Q8WXS5,P21817,746
Q8WXS5,O60840,920
Q8WXS5,P62955,944
Q8WXS5,Q9Y698,748
Q8WXS5,P54284,930
Q8WXS5,Q7Z3S7,923
Q8WXS5,P78352,901
Q8WXS5,O60391,758
Q8WXS5,Q13002,763
Q8WXS5,Q8TCU5,743
Q8WXS5,P46098,724
Q8WXS5,Q14957,761
Q8WXS5,P42261,996
Q8WXS5,Q13698,920
Q8WXS5,P05129,795
Q8WXS5,P54289,965
Q8WXS5,Q05586,799
Q8WXS5,P48058,936
Q8WXS5,Q08289,767
Q8WXS5,O60359,913
Q8WXS5,Q13224,822
Q8WXS5,Q12879,812
Q8WXS5,Q9NY47,746
Q8WXS5,O95180,791
Q8WXS5,O15399,778
Q8WXS5,Q9BXT2,912
Q8WXS5,P42262,994
Q8WXS5,Q02641,900
Q8WXS5,P62942,733
Q8WXS5,Q9UBN1,906
P52209,O75390,709
P52209,P00390,804
P52209,P30085,718
O95259,Q13303,728
O95259,Q14721,729
O95259,P0DP23,939
O95259,Q14722,748
P00797,P30518,713
P00797,P29474,724
P00797,P01375,703
P00797,P55017,846
P00797,P16860,766
P00797,P80365,757
P00797,P01137,799
P00797,P37088,741
P00797,P51170,850
P00797,P08588,747
P00797,P27487,705
P00797,Q13621,767
P00797,P30556,969
P00797,Q9BYF1,960
P00797,P51168,818
P00797,P08235,944
P00797,P12821,987
Q8NEY4,Q9UI12,992
Q8NEY4,Q13488,947
Q8NEY4,P21281,996
Q8NEY4,Q96LB4,951
Q8NEY4,P38606,996
Q8NEY4,Q8NHE4,950
Q8NEY4,Q15904,967
Q8NEY4,P36543,995
Q8NEY4,Q96A05,997
Q8NEY4,P15313,997
Q8NEY4,Q16864,996
Q8NEY4,Q93050,973
Q8NEY4,Q9Y698,762
Q8NEY4,Q9HBG4,982
Q8NEY4,Q9Y5K8,997
Q8NEY4,Q9Y487,947
Q8NEY4,Q9H3M0,800
Q8NEY4,P21283,977
Q8NEY4,O95670,994
Q8NEY4,Q8N8Y2,974
Q8NEY4,O15342,937
Q8NEY4,O75348,990
Q8NEY4,P27449,980
Q8NEY4,P61421,977
Q8NEY4,Q99437,984
P38606,Q93050,999
P38606,Q9HBG4,999
P38606,P15313,999
P38606,Q16864,999
P38606,Q96A05,994
P38606,P36543,999
P38606,Q15904,996
P38606,P30049,923
P38606,Q8NHE4,973
P38606,P21281,999
P38606,Q8NEY4,996
P38606,Q13488,984
P38606,Q9UI12,999
P38606,Q96LB4,932
P38606,Q99437,999
P38606,P61421,999
P38606,P27449,999
P38606,O75348,999
P38606,P00846,822
P38606,O15342,997
P38606,O95670,997
P38606,P21283,999
P38606,P42345,772
P38606,Q8N8Y2,998
P38606,Q9Y5K8,999
P38606,Q9Y487,986
P12104,P00505,957
O75311,P48167,953
P18405,P05108,785
P18405,P42330,986
P18405,P31213,935
P18405,P05093,992
P18405,P51857,988
P18405,P11511,972
P18405,P80365,806
P18405,Q04828,975
Q16445,P28472,809
Q16445,O14764,801
Q16445,P14867,818
Q16445,P30531,749
Q16445,Q8N1C3,710
Q16445,Q9UBS5,700
Q16445,O75899,770
Q16445,P18505,725
Q16445,P47869,724
Q16445,O00591,707
Q16445,P47870,793
P47870,P47869,812
P47870,P18505,950
P47870,Q99259,705
P47870,O75899,817
P47870,P18507,989
P47870,P51649,825
P47870,Q9UBS5,702
P47870,P31644,788
P47870,Q8N1C3,820
P47870,P48169,756
P47870,Q99928,763
P47870,Q16445,793
P47870,P14867,996
P47870,P28472,969
P47870,P34903,770
Q16558,Q13936,811
Q16558,Q9UGI6,936
Q16558,Q92952,945
Q16558,Q86W47,951
Q16558,Q12791,999
Q16558,O60840,712
Q16558,Q01668,737
Q16558,O15554,942
Q16558,Q9Y691,929
Q16558,Q9NPA1,920
Q16558,Q9H2S1,941
P22033,Q99707,945
P22033,P04637,751
P22033,Q8IVH4,997
P22033,P08758,740
P22033,Q9Y4U1,910
P22033,O75390,856
P22033,P40926,830
P22033,Q9UBK8,775
Q96RJ0,P29074,761
P00533,P31749,792
P00533,O14788,756
P00533,P14780,827
P00533,P04083,802
P00533,Q8WUI4,711
P00533,Q05209,963
P00533,P42345,802
P00533,Q9NZQ7,870
P00533,P06239,748
P00533,P14210,980
P00533,P11142,932
P00533,P24385,841
P00533,P06241,873
P00533,P42684,782
P00533,Q05513,707
P00533,P49069,767
P00533,P51692,997
P00533,P01579,876
P00533,P01100,940
P00533,Q99527,843
P00533,P17252,932
P00533,P33151,736
P00533,P08758,745
P00533,P37231,843
P00533,P55211,753
P00533,P35222,998
P00533,P09038,957
P00533,P11021,862
P00533,P16615,714
P00533,P16234,986
P00533,P07948,859
P00533,P45983,830
P00533,O00206,739
P00533,P07949,826
P00533,P00519,861
P00533,O14964,964
P00533,P0DP23,859
P00533,P35354,836
P00533,P04626,999
P00533,P29350,919
P00533,P17936,981
P00533,P09769,706
P00533,P38936,752
P00533,P05230,887
P00533,P03372,988
P00533,P08581,996
P00533,Q92731,755
P00533,O95750,795
P00533,P42336,999
P00533,Q71U36,817
P00533,O00329,942
P00533,P04049,848
P00533,P09211,713
P00533,P07947,913
P00533,P01584,873
P00533,P01375,890
P00533,P10636,830
P00533,P10275,864
P00533,Q9UBN7,919
P00533,P60568,851
P00533,P10415,839
P00533,P08620,922
P00533,P01106,875
P00533,P78527,936
P00533,P09874,751
P00533,P41240,929
P00533,Q02156,726
P00533,P42574,747
P00533,Q14457,837
P00533,P19838,837
P00533,Q16539,799
P00533,Q13547,765
P00533,P07900,999
P00533,O00264,765
P00533,P40933,793
P00533,Q9UI12,715
P00533,P32004,976
P00533,P01137,975
P00533,P09619,998
P00533,P26447,858
P00533,Q16620,882
P00533,P13500,725
P00533,O60603,933
P00533,P40261,872
P00533,P06401,830
P00533,Q16665,934
P00533,Q04206,701
P00533,P29317,903
P00533,P42338,993
P00533,P12931,999
P00533,P35968,805
P00533,P05412,871
P00533,P04637,943
P00533,O95718,848
P00533,P07355,958
P00533,P01133,999
P00533,P04150,870
P28335,P27338,800
P28335,P28222,721
P28335,P41595,977
P28335,O60840,905
P28335,Q01668,921
P28335,Q13698,905
P28335,P28223,991
P28335,Q13936,918
P28335,P46098,804
P28335,P31645,914
P21281,Q8NEY4,996
P21281,Q13488,988
P21281,Q9UI12,999
P21281,Q96LB4,934
P21281,P30049,913
P21281,Q8NHE4,951
P21281,P38606,999
P21281,Q15904,995
P21281,P36543,999
P21281,Q96A05,998
P21281,P15313,989
P21281,Q16864,999
P21281,Q93050,998
P21281,Q9HBG4,999
P21281,Q9Y5K8,999
P21281,Q9Y487,994
P21281,O95670,993
P21281,P21283,999
P21281,Q8N8Y2,999
P21281,P00846,795
P21281,O15342,993
P21281,P61421,999
P21281,P27449,999
P21281,O75348,999
P21281,Q99437,999
Q15825,P30926,822
Q15825,P32297,826
Q15825,Q15822,763
Q15825,P02708,759
Q15825,Q05901,930
Q15825,P17787,749
Q15825,P43681,891
Q15825,Q9UGM1,763
Q15825,P36544,776
Q99720,P35372,805
Q99720,Q14643,938
Q99720,P11021,992
Q99720,Q12809,722
Q99720,Q14573,934
Q99720,P14416,736
Q99720,Q9H252,944
Q99720,P22459,917
Q99720,P16389,707
Q16620,Q13224,897
Q16620,P06241,884
Q16620,P14210,750
Q16620,P00533,882
Q16620,P04626,704
Q16620,P0DP23,708
Q16620,P00519,910
Q16620,P09038,908
Q16620,P04629,989
Q16620,Q05586,708
Q16620,P78352,860
Q16620,P08620,754
Q16620,P29274,940
Q16620,Q9H2X9,711
Q16620,P05230,770
Q16620,P01133,884
Q16620,P04150,905
Q16620,Q9UI33,710
Q16620,P21554,822
Q16620,P12931,786
Q16620,P16220,771
Q13315,P38936,807
Q13315,O15111,747
Q13315,P10415,712
Q13315,P01106,871
Q13315,P78527,971
Q13315,P09874,875
Q13315,P42574,702
Q13315,P19838,746
Q13315,Q16539,722
Q13315,P07900,785
Q13315,Q13547,948
Q13315,P16220,735
Q13315,P04637,999
Q13315,P31749,742
Q13315,P15056,778
Q13315,P11387,722
Q13315,Q07864,794
Q13315,P45983,792
Q13315,P00519,988
Q13315,P21802,705
Q13315,P04626,748
O60939,Q9Y6H6,700
O60939,P51170,757
O60939,O43497,714
O60939,Q9UQD0,935
O60939,P35498,980
O60939,P51172,779
O60939,Q9Y5Y9,932
O60939,P35499,923
O60939,Q07699,999
O60939,O43526,742
O60939,P51168,767
O60939,Q8TD43,877
O60939,Q15858,995
O60939,Q8IWT1,878
O60939,Q9NY72,995
O60939,Q9UJ90,720
O60939,P37088,819
O60939,Q9UI33,805
O60939,Q9NY46,997
O60939,Q99250,996
O60939,Q14524,974
O60939,Q01118,855
O60939,Q13936,744
P08913,P09172,711
P08913,Q01959,832
P08913,P21964,720
P08913,P31645,716
P08913,P23975,802
P08913,P18825,781
Q9UPY5,Q14457,835
Q9UPY5,P04637,710
Q9UPY5,P18848,728
P17658,Q09470,985
P17658,Q13303,952
P17658,P22001,882
P17658,P16389,986
P17658,Q14722,904
O95298,P30049,755
O95298,P03886,995
Q8WWG9,Q07699,736
Q8WWG9,Q03721,839
Q8WWG9,Q08289,720
Q8WWG9,Q12809,857
Q8WWG9,P51787,925
Q8WWG9,Q9UJ90,794
Q8WWG9,Q9NY72,715
Q8WWG9,Q9UK17,724
Q8WWG9,P15382,914
Q8WWG9,Q9Y6H6,950
Q8WWG9,Q9NR82,893
Q8WWG9,P56696,966
Q8WWG9,Q9Y6J6,886
Q9NS75,Q9Y271,976
Q13370,P21589,709
Q13370,Q14432,919
Q13370,P27707,906
Q13370,P00492,905
Q13370,P33402,750
Q13370,P31749,943
Q13370,Q08828,773
Q13370,Q9BY32,905
Q13370,P16066,750
Q13370,P07741,901
Q13370,P55263,924
P33402,P29475,912
P33402,O76074,804
P33402,P35913,775
P33402,Q9Y233,783
P33402,P18545,771
P33402,Q9BY32,911
P33402,P51160,744
P33402,O00408,805
P33402,O76083,828
P33402,Q14123,741
P33402,Q13370,750
P33402,Q9HCR9,803
P33402,Q14432,791
P33402,Q01064,727
P33402,P78352,708
P33402,P16499,782
P33402,P54750,782
P17948,P14210,908
P17948,P14780,779
P17948,P09038,993
P17948,P35222,799
P17948,P35916,920
P17948,P33151,833
P17948,Q12809,849
P17948,P08253,731
P17948,P42336,887
P17948,O95750,829
P17948,P61073,702
P17948,O00329,737
P17948,P05230,944
P17948,P08620,874
P17948,Q16665,735
P17948,P13500,791
P17948,P01137,727
P17948,P01133,902
P17948,P35968,994
P17948,P42338,908
P48058,P42263,997
P48058,Q9UF02,864
P48058,P62955,875
P48058,P78352,829
P48058,Q9Y698,975
P48058,Q8TCU5,878
P48058,O60391,811
P48058,P42261,997
P48058,P46098,794
P48058,Q14957,824
P48058,Q05586,886
P48058,P05129,825
P48058,O15399,864
P48058,P00390,896
P48058,P42262,999
P48058,Q12879,898
P48058,Q13224,853
P48058,O60359,869
P48058,Q16099,756
P48058,Q9UBN1,867
P48058,Q8WXS5,936
Q6ZQY3,Q05329,914
Q6ZQY3,Q99259,904
Q6ZQY3,P05091,923
Q6ZQY3,P00505,858
Q6ZQY3,P17174,832
Q6ZQY3,Q9BYV1,947
Q6ZQY3,P00966,848
Q6ZQY3,Q96RQ9,813
Q6ZQY3,P80404,949
Q6ZQY3,Q9Y600,903
P17302,P27361,947
P17302,Q14643,702
P17302,P30559,704
P17302,Q9H4B7,934
P17302,Q13164,941
P17302,P0DP23,810
P17302,P28482,943
P17302,P63252,760
P17302,P35222,870
P17302,P41240,734
P17302,Q14457,790
P17302,Q71U36,915
P17302,P68366,930
P17302,P12931,998
P17302,P07437,943
P17302,Q14524,873
O95749,P14324,996
O95749,P24752,735
O95749,P04035,886
O00469,P13674,853
O00469,Q96GA7,765
O00469,Q32P28,744
O00469,Q02809,977
O00469,O60568,948
Q9NY46,O60939,997
Q9NY46,P35498,720
Q9NY46,Q9NY72,828
Q9NY46,Q99250,982
Q9NY46,Q07699,998
Q9NY46,Q8TD43,733
Q9NY46,O95180,704
Q9NY46,O43497,706
Q9NY46,Q8IWT1,917
Q9NY46,P35499,909
Q9NY46,O43526,751
Q9NY46,Q15858,939
O94760,Q9BYV1,852
O94760,P29474,865
Q9Y6Y9,O60603,997
Q9Y6Y9,P19838,725
Q9Y6Y9,P01375,716
Q9Y6Y9,P01584,723
Q9Y6Y9,O00206,999
Q9Y6Y9,P09429,974
Q9Y6Y9,Q9NR96,808
P00918,P19634,954
P00918,P00915,833
P00918,Q13488,871
P00918,P20648,797
P00918,P15313,841
P07451,P22748,845
P07451,P00915,701
Q8N8Y2,Q9Y5K8,999
Q8N8Y2,Q9Y487,998
Q8N8Y2,Q99437,998
Q8N8Y2,P61421,971
Q8N8Y2,P27449,999
Q8N8Y2,O75348,989
Q8N8Y2,O15342,947
Q8N8Y2,O95670,987
Q8N8Y2,P21283,983
Q8N8Y2,Q8NHE4,971
Q8N8Y2,P38606,998
Q8N8Y2,P21281,999
Q8N8Y2,Q8NEY4,974
Q8N8Y2,Q13488,999
Q8N8Y2,Q9UI12,997
Q8N8Y2,Q96LB4,961
Q8N8Y2,Q93050,999
Q8N8Y2,Q9HBG4,999
Q8N8Y2,P15313,999
Q8N8Y2,Q16864,999
Q8N8Y2,Q96A05,996
Q8N8Y2,O95644,731
Q8N8Y2,P36543,999
Q8N8Y2,Q15904,996
P15121,P05091,944
P15121,O60218,909
P15121,P42330,911
P15121,P00439,918
P15121,P00374,974
P15121,P07101,922
Q9HCR9,P55263,914
Q9HCR9,P16066,769
Q9HCR9,P07741,908
Q9HCR9,O76074,725
Q9HCR9,Q08828,801
Q9HCR9,Q9BY32,901
Q9HCR9,P00492,900
Q9HCR9,P33402,803
Q9HCR9,P27707,902
P07333,P01100,703
P07333,P14210,774
P07333,O14788,987
P07333,P04839,782
P07333,P07948,719
P07333,O00206,800
P07333,P12314,712
P07333,P09038,821
P07333,P08620,800
P07333,Q9H244,756
P07333,P42336,821
P07333,O95750,729
P07333,P05230,842
P07333,P01133,811
P07333,P12931,833
P07333,P13500,860
P07333,O60603,765
Q12791,Q16558,999
Q12791,Q13698,791
Q12791,Q9UGI6,966
Q12791,Q9NPA1,995
Q12791,Q9Y691,970
Q12791,O15554,981
Q12791,Q01668,848
Q12791,P48048,802
Q12791,P16389,716
Q12791,O60840,781
Q12791,Q92952,980
Q12791,Q86W47,998
Q12791,Q13936,918
Q12791,Q9H2S1,969
Q12791,Q96SW2,917
P27707,P31350,769
P27707,P54750,906
P27707,Q07343,909
P27707,Q01064,907
P27707,Q14432,901
P27707,O60658,913
P27707,P00813,950
P27707,P23921,822
P27707,Q99808,879
P27707,Q13946,905
P27707,P21589,921
P27707,Q9HCR9,902
P27707,Q13370,906
P27707,Q14123,906
P27707,O95263,900
P27707,O00408,909
P27707,Q08499,932
P27707,P04818,874
P27707,P00491,951
P27707,P30085,745
P27707,P27815,904
P27707,Q9Y233,902
P27707,Q9NP56,902
P27707,Q08493,903
P27707,P07741,950
P37231,P35222,994
P37231,P17252,808
P37231,P28482,736
P37231,P17936,850
P37231,O00206,738
P37231,Q92769,784
P37231,P35354,735
P37231,O95477,820
P37231,Q14654,748
P37231,P11474,898
P37231,P00533,843
P37231,P48443,963
P37231,P31749,790
P37231,P14780,765
P37231,Q86YN6,921
P37231,P42345,964
P37231,P49327,860
P37231,Q03181,715
P37231,P28702,980
P37231,P50416,806
P37231,Q15596,998
P37231,P13500,731
P37231,P10276,848
P37231,Q16665,854
P37231,Q13547,857
P37231,P56524,800
P37231,P19793,999
P37231,P01137,922
P37231,P51843,801
P37231,Q04206,998
P37231,P12931,736
P37231,P04637,949
P37231,P05412,849
P37231,P33121,745
P37231,P01584,858
P37231,P01375,807
P37231,O15379,965
P37231,P03372,794
P37231,P19838,972
P37231,P00505,793
Q9UGJ0,P54619,979
Q9UGJ0,P42345,922
Q9UGJ0,O43741,999
Q9UGJ0,Q9UGI9,946
Q9UGJ0,O75390,731
Q9UGJ0,P21589,715
Q9UGJ0,P54646,998
Q9UGJ0,P04035,932
Q9UGJ0,Q9Y478,999
Q9UGJ0,P13569,905
Q9UGJ0,Q13131,999
Q9UGJ0,P31939,822
P47898,P28566,720
P47898,P46098,739
P04035,P24298,805
P04035,P12821,806
P04035,Q9UGI9,928
P04035,P54619,932
P04035,P14324,967
P04035,O95477,866
P04035,O43741,921
P04035,P49327,820
P04035,O95749,886
P04035,Q9UGJ0,932
P04035,P24752,780
P04035,Q9Y478,928
P04035,Q13131,938
P04035,Q07869,856
P04035,P54646,932
P10721,P11274,807
P10721,P10415,707
P10721,P08620,858
P10721,P24530,703
P10721,P05230,811
P10721,O95750,768
P10721,P42336,986
P10721,P07947,707
P10721,P61073,833
P10721,O00329,940
P10721,P42338,961
P10721,P12931,802
P10721,P04637,816
P10721,P08514,727
P10721,P01133,973
P10721,P07900,708
P10721,P01137,702
P10721,P05164,705
P10721,P06241,771
P10721,P24385,749
P10721,P19320,729
P10721,P51692,971
P10721,P31749,818
P10721,P06239,724
P10721,P14210,925
P10721,P07948,928
P10721,P12314,726
P10721,P29350,856
P10721,P17252,912
P10721,P33151,723
P10721,P09038,885
Q01668,Q15878,787
Q01668,Q9H2S1,813
Q01668,Q7Z3S7,971
Q01668,P54284,997
Q01668,P41595,908
Q01668,P05771,933
Q01668,Q9Y698,867
Q01668,P62955,977
Q01668,P48544,806
Q01668,Q12791,848
Q01668,P28335,921
Q01668,O60840,980
Q01668,P21817,865
Q01668,Q06432,995
Q01668,Q13936,981
Q01668,Q92736,944
Q01668,Q86W47,720
Q01668,O00305,965
Q01668,Q14643,753
Q01668,O43497,852
Q01668,Q9UBN1,986
Q01668,Q8WXS5,966
Q01668,P62942,720
Q01668,Q02641,990
Q01668,Q16720,829
Q01668,O15554,833
Q01668,Q9BXT2,901
Q01668,Q00975,772
Q01668,O95180,856
Q01668,Q8IZS8,876
Q01668,Q9Y691,733
Q01668,O60359,957
Q01668,Q9NY47,971
Q01668,P17252,917
Q01668,Q08289,997
Q01668,P54289,999
Q01668,P05129,943
Q01668,Q16558,737
Q01668,P29475,918
Q01668,Q13698,975
Q01668,P0DP23,990
Q01668,P04156,905
Q01668,P05023,754
Q01668,P28223,916
P14598,P19878,999
P14598,P53778,751
P14598,Q15080,999
P14598,P63000,976
P14598,Q05655,966
P14598,P47989,700
P14598,Q16539,800
P14598,P05771,975
P14598,P12931,905
P14598,P14780,950
P14598,O15264,758
P14598,P31749,993
P14598,Q05513,856
P14598,P19320,942
P14598,P47712,793
P14598,P27361,965
P14598,P17252,969
P14598,P13498,999
P14598,P05129,903
P14598,O00206,733
P14598,P08253,928
P14598,Q15759,764
P14598,P15153,999
P14598,P04839,999
P14598,P28482,923
O94956,Q8TCC7,775
P50406,P34969,925
Q05901,P30926,843
Q05901,P32297,774
Q05901,Q15822,919
Q05901,P02708,712
Q05901,Q15825,930
Q05901,P17787,785
Q05901,P43681,843
Q05901,Q9UGM1,765
Q05901,P36544,777
Q9Y6J6,Q13936,886
Q9Y6J6,Q9UK17,771
Q9Y6J6,Q9NZV8,838
Q9Y6J6,Q8WWG9,886
Q9Y6J6,P22460,872
Q9Y6J6,Q14524,977
Q9Y6J6,P63252,890
Q9Y6J6,Q92736,747
Q9Y6J6,Q12809,998
Q9Y6J6,Q8IWT1,881
Q9Y6J6,P51787,999
Q9Y6J6,Q9NY72,760
Q9Y6J6,Q9UJ90,791
Q9Y6J6,P48544,806
Q9Y6J6,Q08289,746
Q9Y6J6,Q07699,786
Q9Y6J6,Q9Y6H6,965
P12821,P0DP23,760
P12821,P30556,974
P12821,Q9BYF1,956
P12821,P27487,874
P12821,P08235,891
P12821,P24298,720
P12821,P16581,774
P12821,P46663,874
P12821,P14780,733
P12821,P42898,818
P12821,P22303,733
P12821,P20648,771
P12821,P47989,724
P12821,P04035,806
P12821,P16860,810
P12821,P00797,987
P12821,P01375,720
P12821,P29474,731
P61421,Q9Y487,999
P61421,Q9Y5K8,999
P61421,O15342,990
P61421,Q8N8Y2,971
P61421,O95670,980
P61421,P21283,998
P61421,Q99437,999
P61421,P27449,999
P61421,O75348,999
P61421,Q96LB4,953
P61421,Q9UI12,999
P61421,Q13488,998
P61421,Q8NEY4,977
P61421,P21281,999
P61421,P38606,999
P61421,Q8NHE4,948
P61421,Q96A05,996
P61421,P36543,999
P61421,Q15904,999
P61421,Q9HBG4,999
P61421,Q93050,999
P61421,Q16864,999
P61421,P15313,999
P61421,P80365,744
P43119,P23219,753
P43119,Q16647,832
P0DP23,P03372,995
P0DP23,Q14573,985
P0DP23,O95644,786
P0DP23,O00555,977
P0DP23,P01375,820
P0DP23,P10636,838
P0DP23,Q9H2S1,995
P0DP23,P29474,999
P0DP23,Q15878,971
P0DP23,Q01064,973
P0DP23,Q03431,732
P0DP23,P14416,756
P0DP23,P78352,989
P0DP23,P54750,985
P0DP23,P56524,741
P0DP23,O60840,897
P0DP23,P35228,999
P0DP23,P07900,996
P0DP23,P16220,891
P0DP23,Q8NER1,998
P0DP23,Q14571,957
P0DP23,P17302,810
P0DP23,Q01668,990
P0DP23,Q14123,979
P0DP23,Q16620,708
P0DP23,O43525,984
P0DP23,P21817,999
P0DP23,P12931,858
P0DP23,O95259,939
P0DP23,P49841,812
P0DP23,Q13936,999
P0DP23,Q99250,993
P0DP23,Q01814,905
P0DP23,Q14524,999
P0DP23,P51787,999
P0DP23,Q92736,999
P0DP23,Q14643,983
P0DP23,O43497,980
P0DP23,P31749,802
P0DP23,P00533,859
P0DP23,P42345,714
P0DP23,P19634,991
P0DP23,Q9NR82,719
P0DP23,P56696,972
P0DP23,Q9Y6H6,972
P0DP23,P62942,994
P0DP23,P20020,781
P0DP23,Q9P0X4,940
P0DP23,Q08828,975
P0DP23,P08100,902
P0DP23,O15399,755
P0DP23,P11142,723
P0DP23,Q96LZ3,720
P0DP23,Q00975,978
P0DP23,Q16720,751
P0DP23,O15554,993
P0DP23,Q9UQD0,896
P0DP23,P11216,876
P0DP23,P53805,775
P0DP23,Q13224,910
P0DP23,Q12879,901
P0DP23,O95180,957
P0DP23,P11217,868
P0DP23,Q05586,996
P0DP23,P17252,730
P0DP23,Q15858,778
P0DP23,P29475,999
P0DP23,Q13698,990
P0DP23,O43526,993
P0DP23,P35499,989
P0DP23,Q9UKV0,734
P0DP23,P12821,760
P0DP23,Q9UGI6,741
P0DP23,P23634,983
P0DP23,Q14957,758
P04155,P03372,978
P04155,P06401,767
O76083,P00492,904
O76083,P33402,828
O76083,Q08828,727
O76083,Q9BY32,905
O76083,P07741,913
O76083,P16066,818
O00764,Q9NVS9,996
O00764,Q96GD0,966
O00764,P12004,787
O00764,O94903,862
O00764,Q06278,928
P22455,P08620,997
P22455,P05230,999
P22455,O95750,999
P22455,P42336,837
P22455,P11362,967
P22455,P42338,724
P22455,P01133,780
P22455,P27361,713
P22455,Q9NR96,709
P22455,P14210,796
P22455,P04626,829
P22455,P09038,999
P34995,P07550,704
P34995,P23219,714
P34995,P35408,977
P34995,P35354,753
P49585,P27361,911
P49585,P45984,907
P49585,Q8TCT1,927
P49585,P28482,908
P49585,P45983,909
P49585,Q9Y5K3,974
Q14957,P29475,922
Q14957,Q05586,999
Q14957,P48058,824
Q14957,P46098,803
Q14957,P42261,829
Q14957,P56373,909
Q14957,P0DP23,758
Q14957,Q9UBN1,779
Q14957,Q8WXS5,761
Q14957,Q99571,905
Q14957,P51575,917
Q14957,O15547,923
Q14957,Q12879,998
Q14957,Q13224,998
Q14957,O60359,788
Q14957,O15399,998
Q14957,P42262,822
Q14957,Q99572,906
Q14957,P62955,772
Q14957,Q9UF02,747
Q14957,P42263,809
Q14957,O60391,996
Q14957,Q93086,906
Q14957,Q13002,714
Q14957,Q8TCU5,998
Q14957,Q9Y698,817
Q14957,P78352,990
P51692,P38936,887
P51692,P19838,741
P51692,P60568,956
P51692,P11274,936
P51692,P10276,777
P51692,P06401,879
P51692,P40933,852
P51692,P09619,726
P51692,P16220,739
P51692,P04150,835
P51692,P12931,900
P51692,P04637,728
P51692,P06239,790
P51692,P00533,997
P51692,P31749,810
P51692,P01579,823
P51692,P27361,800
P51692,P06241,734
P51692,P35222,717
P51692,P36888,970
P51692,P29350,730
P51692,P10721,971
P51692,P00519,983
P51692,P07948,782
P51692,P21802,787
O95750,P35916,772
O95750,P04629,713
O95750,P36888,750
O95750,P10721,768
O95750,P07333,729
O95750,P16234,779
O95750,P04626,768
O95750,P21802,969
O95750,P00533,795
O95750,P17948,829
O95750,P09619,768
O95750,P01133,721
O95750,P35968,806
O95750,P11362,991
O95750,P08581,746
O95750,P22455,999
O95750,P08620,848
P19320,P06756,716
P19320,P14780,748
P19320,P16581,979
P19320,P27361,713
P19320,P01579,748
P19320,P33151,806
P19320,P09429,710
P19320,P20701,992
P19320,P13498,938
P19320,P35354,758
P19320,P14598,942
P19320,O00206,772
P19320,P10721,729
P19320,P04839,959
P19320,P25963,787
P19320,P19878,928
P19320,P21589,724
P19320,P29474,810
P19320,P01375,923
P19320,P01584,830
P19320,P61073,978
P19320,Q15080,920
P19320,P19838,769
P19320,P00750,756
P19320,O60603,723
P19320,P13500,907
P19320,P16109,963
P22888,P30968,744
P22888,P05108,865
P22888,Q92731,727
P22888,P03372,731
P22888,P11511,810
P22888,P05093,856
Q9H3M0,Q14722,726
Q9H3M0,Q8NEY4,800
Q9H3M0,Q13303,747
P48549,P22460,710
P48549,Q9UK17,766
P48549,P48051,998
P48549,Q9UBS5,953
P48549,O75899,959
P48549,P48544,997
P48549,Q92806,990
Q8N1C3,P47869,809
Q8N1C3,P47870,820
Q8N1C3,P18505,900
Q8N1C3,P14867,811
Q8N1C3,O14764,769
Q8N1C3,Q16445,710
Q8N1C3,P28472,777
Q8N1C3,P34903,752
Q8N1C3,O75899,786
Q8N1C3,P18507,868
Q8N1C3,P31644,766
Q8N1C3,Q9UBS5,744
Q8N1C3,P48169,794
Q8N1C3,Q9UN88,720
P18505,P14867,970
P18505,O14764,720
P18505,P78334,817
P18505,Q99928,772
P18505,Q16445,725
P18505,P34903,767
P18505,P28472,950
P18505,Q9UBS5,871
P18505,P31644,834
P18505,O75899,884
P18505,P18507,870
P18505,P48169,930
P18505,Q8N1C3,900
P18505,P47869,917
P18505,P47870,950
P25024,P01584,879
P25024,P61073,857
P25024,P02776,876
P25024,P21462,842
P25024,P13500,996
Q96DB2,Q9UBN7,891
P41743,Q05513,989
P41743,P15153,927
P41743,P67775,913
P41743,P42336,952
P41743,O00329,908
P41743,P42338,917
P41743,P62714,915
Q6NUM9,Q9NYR8,934
Q6NUM9,O75911,936
Q6NUM9,P40394,921
Q6NUM9,Q8TC12,928
Q6NUM9,O95237,949
Q6NUM9,Q96NR8,934
Q6NUM9,Q9BTZ2,947
P02776,P61073,895
P02776,P01375,714
P02776,P25024,876
P02776,P02671,745
P02776,P09429,779
P02776,P07359,721
P02776,P14770,715
P02776,P13500,998
P02776,P01008,706
P02776,P07204,797
P02776,P08514,789
P02776,P16109,921
P08100,O95237,722
P08100,Q92781,766
P08100,P16499,812
P08100,Q9NYR8,825
P08100,P17252,768
P08100,P35913,898
P08100,P0DP23,902
P08100,P18545,745
P08758,P04626,758
P08758,P55211,885
P08758,P01579,716
P08758,P24385,808
P08758,P00533,745
P08758,P31749,821
P08758,P07355,833
P08758,P16109,744
P08758,P12931,736
P08758,P04637,818
P08758,P22033,740
P08758,P99999,841
P08758,P42574,921
P08758,P00441,846
P08758,P10415,899
P08758,P09874,874
P08758,P01106,741
P08758,P01375,758
P08758,P01584,716
P42262,Q8WXS5,994
P42262,Q9UBN1,907
P42262,O15399,800
P42262,P00390,793
P42262,O60359,923
P42262,Q13224,885
P42262,Q12879,933
P42262,P48058,999
P42262,Q05586,901
P42262,P05129,720
P42262,Q99259,730
P42262,P42261,999
P42262,P07948,904
P42262,P46098,806
P42262,Q14957,822
P42262,Q13002,767
P42262,Q8TCU5,845
P42262,O60391,787
P42262,P78352,968
P42262,Q9Y698,995
P42262,P62955,883
P42262,P42263,999
P42262,P41594,852
P42262,Q9UF02,907
P40933,P13500,796
P40933,P09619,715
P40933,P60568,958
P40933,P01375,885
P40933,P01584,872
P40933,P16234,704
P40933,P01579,939
P40933,P51692,852
P40933,P00533,793
P40933,Q9NZQ7,717
Q16568,P01303,889
P49069,P00533,767
Q08828,O76083,727
Q08828,Q14123,726
Q08828,P21554,912
Q08828,Q13370,773
Q08828,Q9HCR9,801
Q08828,Q13946,719
Q08828,Q14432,779
Q08828,Q01064,720
Q08828,P16499,719
Q08828,Q07343,788
Q08828,P54750,754
Q08828,Q05655,915
Q08828,P05771,715
Q08828,P17252,801
Q08828,O76074,742
Q08828,P05129,736
Q08828,P35913,724
Q08828,Q08493,772
Q08828,Q9NP56,756
Q08828,P0DP23,975
Q08828,Q9Y233,768
Q08828,P27815,798
Q08828,P31749,714
Q08828,Q9BY32,901
Q08828,Q08499,781
Q08828,P51160,719
Q08828,O00408,768
P29474,P14780,730
P29474,P04424,969
P29474,P31749,997
P29474,P19320,810
P29474,P29475,906
P29474,P30556,784
P29474,P33151,764
P29474,P04839,702
P29474,P12821,731
P29474,P78540,966
P29474,P0DP23,999
P29474,P00966,961
P29474,P00797,724
P29474,P03372,773
P29474,P24530,701
P29474,P47989,828
P29474,O94760,865
P29474,Q96A70,940
P29474,P35228,912
P29474,P07900,999
P29474,P05089,959
P29474,P35968,716
P29474,P32929,788
P00352,Q9BTZ2,963
P00352,Q06278,951
P00352,O94788,915
P00352,Q92781,945
P00352,P47895,903
P00352,Q96NR8,969
P00352,P40926,732
P00352,Q8TC12,951
P00352,O75911,951
P00352,P35222,738
P00352,Q6V0L0,953
P00352,Q9NYR8,937
P00352,P10632,924
P00352,P40394,929
P00492,P35913,909
P00492,P07741,994
P00492,O76074,903
P00492,P55263,775
P00492,Q9Y233,905
P00492,P51160,900
P00492,P00846,836
P00492,Q9BY32,942
P00492,P18545,901
P00492,P00491,989
P00492,P12268,967
P00492,Q13956,902
P00492,O00408,902
P00492,Q14123,900
P00492,P20839,955
P00492,O76083,904
P00492,P31939,958
P00492,Q9HCR9,900
P00492,Q13370,905
P00492,P30049,793
P00492,Q06203,711
P00492,Q14432,903
P00492,P23921,871
P00492,P00813,706
P00492,P21589,932
P00492,P47989,945
P00492,P54750,901
P00492,P16499,900
P00492,Q01064,905
P37288,P30559,775
P37288,P30518,953
P37288,P47901,940
P29762,P10276,792
P29762,O43497,765
P29762,P10826,768
P29762,Q6V0L0,815
P30532,Q9GZZ6,746
P30532,P02708,717
P30532,P30926,919
P30532,P32297,980
P30532,Q9UGM1,751
P30532,P43681,877
P30532,P17787,891
P51170,P55017,804
P51170,O60939,757
P51170,P51172,912
P51170,P00797,850
P51170,Q9NY72,742
P51170,Q8IWT1,906
P51170,P37088,999
P51170,Q14524,764
P51170,Q99250,734
P51170,Q9Y5Y9,753
P51170,Q13621,719
P51170,P35499,906
P51170,P13569,886
P51170,Q07699,903
P51170,Q8TD43,746
P51170,P51168,999
P51170,P08235,858
P51170,P48048,715
Q9Y698,Q00975,873
Q9Y698,Q9BXT2,741
Q9Y698,O15399,795
Q9Y698,Q02641,847
Q9Y698,P42262,995
Q9Y698,Q13003,707
Q9Y698,P78352,999
Q9Y698,Q7Z3S7,791
Q9Y698,Q9NY47,824
Q9Y698,Q12879,880
Q9Y698,Q13224,893
Q9Y698,O60359,756
Q9Y698,P54284,867
Q9Y698,Q8IZS8,708
Q9Y698,O95180,801
Q9Y698,Q16099,706
Q9Y698,Q8TCU5,852
Q9Y698,Q13002,747
Q9Y698,P62942,723
Q9Y698,O00555,912
Q9Y698,O60391,845
Q9Y698,Q9UBN1,734
Q9Y698,Q8WXS5,748
Q9Y698,P42261,999
Q9Y698,Q13936,797
Q9Y698,P42263,984
Q9Y698,Q14957,817
Q9Y698,Q9UF02,795
Q9Y698,P46098,748
Q9Y698,O00305,951
Q9Y698,Q8NEY4,762
Q9Y698,Q05586,894
Q9Y698,P54289,912
Q9Y698,O60840,779
Q9Y698,P62955,801
Q9Y698,Q08289,813
Q9Y698,P48058,975
Q9Y698,Q13698,774
Q9Y698,Q06432,962
Q9Y698,Q01668,867
Q9Y698,P21817,731
P78559,Q14457,946
P78559,P78352,979
P78559,P42345,728
P23921,Q7LG56,999
P23921,Q14181,735
P23921,Q9BY32,860
P23921,P04818,976
P23921,P12004,933
P23921,P09884,836
P23921,Q99808,703
P23921,P27707,822
P23921,P11388,882
P23921,P00492,871
P23921,P31350,999
P22748,P07451,845
P00709,P11142,778
P00709,P07998,709
P00709,P99999,713
P54284,Q9Y698,867
P54284,Q7Z3S7,990
P54284,Q15878,982
P54284,O00555,853
P54284,O00305,964
P54284,Q13936,997
P54284,P21817,753
P54284,Q06432,900
P54284,Q01668,997
P54284,P62955,942
P54284,O60840,973
P54284,O95180,891
P54284,Q8IZS8,890
P54284,Q9NY47,869
P54284,O60359,938
P54284,Q02641,937
P54284,Q00975,998
P54284,Q9BXT2,909
P54284,Q8WXS5,930
P54284,Q9UBN1,962
P54284,P62942,722
P54284,O43497,825
P54284,Q13698,963
P54284,Q08289,961
P54284,P54289,995
P21695,P29317,767
Q16478,Q16099,989
Q16478,Q13224,726
Q16478,O15399,710
Q16478,Q13002,999
Q16478,Q13003,986
Q16478,P78352,949
Q16478,P39086,993
O15392,P01106,825
O15392,P11388,976
O15392,Q14457,746
O15392,P31350,895
O15392,P42574,916
O15392,P04637,930
O15392,P04818,862
O15392,P24385,751
O15392,P55211,911
O15392,P04626,700
O95670,P38606,997
O95670,Q8NHE4,971
O95670,Q9UI12,981
O95670,Q8NEY4,994
O95670,Q13488,956
O95670,P21281,993
O95670,Q16864,997
O95670,P15313,997
O95670,Q9HBG4,986
O95670,Q93050,997
O95670,Q15904,978
O95670,P36543,998
O95670,Q96A05,997
O95670,Q9Y487,943
O95670,Q9Y5K8,997
O95670,O75348,961
O95670,P27449,990
O95670,P61421,980
O95670,Q99437,995
O95670,Q8N8Y2,987
O95670,P21283,997
O95670,O15342,973
P12724,P05164,923
P21549,P13196,923
P21549,Q9BYV1,997
P21549,Q9GZT4,939
P21549,Q9NUV7,874
P21549,P04181,737
P21549,P22557,922
P21549,Q96GA7,949
P21549,Q99707,708
P21549,P23378,957
P21549,O15269,877
P21549,P01008,704
P21549,P34897,992
P21549,Q8TD30,954
P21549,P34896,994
P21549,P20132,958
P21549,Q02218,841
P21549,O15270,872
P21549,P22102,805
P21549,P24298,957
P21549,P00747,757
P35408,P43116,962
P35408,P12931,840
P35408,P34995,977
P35408,P23219,751
P35408,P35354,895
O15379,P10827,851
O15379,P19838,767
O15379,P01106,949
O15379,P10828,776
O15379,P10275,730
O15379,Q04206,764
O15379,P05412,754
O15379,P04637,741
O15379,Q16665,804
O15379,Q13547,925
O15379,Q9UQL6,940
O15379,P56524,924
O15379,P19793,774
O15379,P24385,900
O15379,P31749,811
O15379,Q8WUI4,804
O15379,Q9UKV0,759
O15379,Q92769,906
O15379,P37231,965
P22303,P27338,910
P22303,P10636,817
P22303,P47989,739
P22303,Q8TCT1,904
P22303,O43451,789
P22303,P14410,790
P22303,P12821,733
P22303,P21397,761
Q13258,Q9Y5Y4,892
Q13258,P41222,888
P11274,P00519,996
P11274,P10721,807
P11274,P51692,936
P11274,P10276,761
P25103,Q8NER1,735
P25103,P35372,742
P35498,Q9UI33,829
P35498,Q9NY72,805
P35498,O00305,708
P35498,Q14524,739
P35498,Q99250,948
P35498,P16389,721
P35498,O43525,845
P35498,Q07699,996
P35498,O60939,980
P35498,Q9NY46,720
P35498,Q8IWT1,996
P35498,P18507,952
P35498,Q15858,736
P35498,O43526,934
P35498,Q9UQD0,771
P35498,Q09470,742
P35498,O14764,729
P35498,P14867,817
P35498,O95180,715
P35498,O43497,726
P35498,Q9P0X4,796
P14770,P16109,770
P14770,P08514,980
P14770,P02776,715
P14770,P07948,919
P14770,P07359,999
P14770,P05106,888
P14770,Q9H4B7,820
P49773,P23141,718
P29275,P21589,722
P29275,P29274,937
P49327,P37231,860
P49327,O75390,911
P49327,P50416,809
P49327,Q9NR19,770
P49327,O60488,969
P49327,P03372,792
P49327,Q07869,784
P49327,P33121,981
P49327,P04035,820
P47900,P56373,706
P47900,Q99571,714
P47900,P51575,954
P47900,Q99572,720
P47900,Q9UBL9,710
P47900,Q9H244,957
P47900,P30542,777
Q96A05,Q9Y487,987
Q96A05,Q9Y5K8,999
Q96A05,Q99437,994
Q96A05,O75348,995
Q96A05,P27449,993
Q96A05,P61421,996
Q96A05,O15342,956
Q96A05,Q8N8Y2,996
Q96A05,P21283,989
Q96A05,O95670,997
Q96A05,P38606,994
Q96A05,Q8NHE4,943
Q96A05,Q96LB4,978
Q96A05,Q9UI12,989
Q96A05,Q13488,985
Q96A05,Q8NEY4,997
Q96A05,P21281,998
Q96A05,Q9HBG4,993
Q96A05,Q93050,995
Q96A05,Q16864,998
Q96A05,P15313,999
Q96A05,P36543,902
Q96A05,Q15904,964
P07550,Q08499,745
P07550,P35372,743
P07550,P08588,956
P07550,P30556,873
P07550,P27815,783
P07550,P42261,706
P07550,P04626,822
P07550,P61073,826
P07550,P01375,718
P07550,P30518,755
P07550,P01303,797
P07550,P34995,704
P07550,P13945,940
P07550,P78352,795
P07550,P04150,727
P07550,P12931,955
P07550,Q13936,937
P10253,P04746,956
P10253,P14410,943
P10253,O43451,942
P02675,P02671,999
P02675,P02679,999
P02675,P08514,925
P02675,P05546,951
P02675,P01008,954
P02675,P04070,730
P02675,P05106,952
P02675,P02763,818
P02675,P00734,999
P02675,P01023,841
P02675,P00747,948
Q02156,P30405,916
Q02156,Q8NER1,950
Q02156,Q05655,910
Q02156,Q04759,907
Q02156,P04049,932
Q02156,P45983,917
Q02156,P17252,765
Q02156,P45984,910
Q02156,Q15842,901
Q02156,P19634,903
Q02156,P15056,910
Q02156,P00533,726
P21918,Q01959,840
P21918,P21728,818
P41594,P29274,976
P41594,P78352,902
P41594,P42263,782
P41594,P08912,946
P41594,P39086,829
P41594,Q05329,750
P41594,P42262,852
P41594,Q12879,841
P41594,Q13224,842
P41594,P08908,711
P41594,Q14643,809
P41594,P35372,703
P41594,P42261,916
P41594,P28223,714
P41594,P04156,953
P41594,P20309,929
P41594,P11229,950
P41594,Q05586,792
P01100,Q92769,784
P01100,Q15759,960
P01100,P35354,819
P01100,P07333,703
P01100,P45983,986
P01100,P28482,992
P01100,P25963,808
P01100,P18848,831
P01100,P17252,946
P01100,P05129,938
P01100,P45984,977
P01100,P24385,942
P01100,P27361,994
P01100,P01579,751
P01100,O14788,856
P01100,P00533,940
P01100,P31749,746
P01100,O15264,958
P01100,Q13164,720
P01100,P04637,952
P01100,P05412,999
P01100,Q8WYK2,723
P01100,Q04206,917
P01100,P12931,986
P01100,P01133,788
P01100,P04150,961
P01100,P15336,990
P01100,P18847,994
P01100,P01137,719
P01100,P16220,998
P01100,Q13547,823
P01100,P10276,868
P01100,Q16665,805
P01100,P13500,756
P01100,P29466,740
P01100,P01106,965
P01100,P60568,828
P01100,P53778,957
P01100,P07101,741
P01100,P10415,784
P01100,P42574,749
P01100,P05771,930
P01100,Q16539,985
P01100,P19838,808
P01100,P17544,983
P01100,P03372,999
P01100,Q92731,961
P01100,P38936,753
P01100,P01303,727
P01100,P01375,728
P01100,P01584,894
P01100,O95644,942
Q14643,Q14573,965
Q14643,P10415,996
Q14643,P35219,946
Q14643,Q14457,998
Q14643,P05771,937
Q14643,P17302,702
Q14643,Q14571,943
Q14643,P30405,967
Q14643,Q01668,753
Q14643,Q16654,825
Q14643,P99999,993
Q14643,P41594,809
Q14643,P31749,981
Q14643,P62942,743
Q14643,P17252,937
Q14643,P05129,954
Q14643,O76074,731
Q14643,P29475,923
Q14643,P11021,782
Q14643,P16615,827
Q14643,P0DP23,983
Q14643,Q99720,938
P11229,Q99677,904
P11229,P20309,910
P11229,P41594,950
P11229,P43657,931
P11229,P08912,905
P11229,P08172,908
P11229,P11217,763
P11229,P01303,738
P48050,Q14500,977
P48050,P78352,935
P48050,O43525,943
P48050,P51787,948
P48050,Q9NR82,925
P48050,P56696,936
P48050,O43526,951
P48050,Q9UNX9,906
P48050,P63252,958
P35368,P25100,949
P35368,P35348,957
P04424,Q96A70,935
P04424,P00966,999
P04424,P04181,990
P04424,P29474,969
P04424,P05089,974
P04424,P35228,954
P04424,P40926,903
P04424,P78540,975
P04424,Q02218,833
P04424,O75390,891
P04424,P29475,956
Q9H244,P05106,704
Q9H244,Q99571,792
Q9H244,P08183,705
Q9H244,P47900,957
Q9H244,P51575,976
Q9H244,Q15391,807
Q9H244,Q99572,733
Q9H244,Q9BPV8,901
Q9H244,P07333,756
Q9H244,P16109,827
Q9H244,P51582,756
Q9H244,P08514,778
P28566,P47898,720
P28566,P28222,749
P28566,P46098,784
P28566,O95264,723
P28566,P28221,742
P99999,Q14573,979
P99999,P21589,869
P99999,P38936,799
P99999,P01375,810
P99999,P29466,780
P99999,P09874,892
P99999,P10415,997
P99999,Q14457,778
P99999,P42574,997
P99999,P30405,983
P99999,P07900,783
P99999,Q96EN8,795
P99999,P05412,829
P99999,P00709,713
P99999,P04637,911
P99999,Q16654,718
P99999,Q86YN6,857
P99999,Q9Y697,714
P99999,Q14643,993
P99999,P14780,731
P99999,P31749,812
P99999,P11474,861
P99999,P07998,964
P99999,P00390,721
P99999,P27361,788
P99999,P08758,841
P99999,P11021,738
P99999,P55211,999
P99999,P35354,734
P99999,O75390,733
P99999,P28482,775
Q9HBG4,P61421,999
Q9HBG4,O75348,996
Q9HBG4,P27449,999
Q9HBG4,Q99437,999
Q9HBG4,Q8N8Y2,999
Q9HBG4,P21283,998
Q9HBG4,O95670,986
Q9HBG4,O15342,989
Q9HBG4,P00846,768
Q9HBG4,Q9Y487,963
Q9HBG4,Q9Y5K8,998
Q9HBG4,Q16864,999
Q9HBG4,P15313,999
Q9HBG4,Q93050,937
Q9HBG4,Q15904,998
Q9HBG4,P36543,999
Q9HBG4,Q96A05,993
Q9HBG4,Q8NHE4,946
Q9HBG4,P38606,999
Q9HBG4,P20648,908
Q9HBG4,Q96LB4,960
Q9HBG4,P21281,999
Q9HBG4,Q8NEY4,982
Q9HBG4,Q13488,940
Q9HBG4,Q9UI12,999
Q15391,Q9H244,807
Q15391,Q93086,730
Q15391,O15547,731
Q15391,P51575,899
Q15391,Q9BPV8,766
Q15391,Q9UBL9,715
P00734,P01375,760
P00734,P38435,961
P00734,P61073,918
P00734,P02671,999
P00734,Q9BQB6,836
P00734,P24530,910
P00734,P25101,907
P00734,P01008,999
P00734,P02675,999
P00734,Q99677,901
P00734,P02679,999
P00734,P42898,935
P00734,P05546,999
P00734,P08514,736
P00734,P02787,725
P00734,P46663,909
P00734,P04070,987
P00734,P06276,706
P00734,Q8TD30,850
P00734,P24298,918
P00734,P01023,700
P00734,P00742,999
P00734,P00747,826
P00734,P07359,992
P00734,P07204,999
P00734,P30556,920
P00734,P43657,901
P28472,P47870,969
P28472,P47869,829
P28472,P18505,950
P28472,Q16445,809
P28472,Q99928,774
P28472,P78334,814
P28472,O14764,959
P28472,P14867,993
P28472,P34903,855
P28472,Q99259,809
P28472,O75899,925
P28472,P18507,990
P28472,Q9UBS5,733
P28472,P31644,808
P28472,Q8N1C3,777
P28472,P48169,969
Q7Z5B4,P46098,938
Q7Z5B4,P30926,757
Q7Z5B4,P43681,764
P00747,P00749,989
P00747,P14780,829
P00747,P27487,904
P00747,P07204,896
P00747,P09429,921
P00747,P00742,720
P00747,P01023,779
P00747,P00734,826
P00747,P17936,874
P00747,P08253,772
P00747,P15086,884
P00747,P21549,757
P00747,P02671,965
P00747,P02675,948
P00747,P01008,992
P00747,P00750,998
P00747,P07360,713
P00747,P05546,952
P00747,P02679,878
P00747,P07355,997
P0DJD9,Q04760,748
P0DJD9,P04070,787
P41231,P51575,929
P41231,O15547,768
P41231,Q99571,849
P41231,Q93086,804
P41231,Q96G91,726
P41231,P12931,787
P41231,P56373,788
P41231,Q9UBL9,811
P41231,Q99572,768
Q9Y6H6,Q8WWG9,950
Q9Y6H6,O60939,700
Q9Y6H6,Q9Y6J6,965
Q9Y6H6,Q13936,801
Q9Y6H6,Q14524,892
Q9Y6H6,Q9NY72,890
Q9Y6H6,P51787,999
Q9Y6H6,Q07699,885
Q9Y6H6,O15554,947
Q9Y6H6,P56696,846
Q9Y6H6,Q15842,734
Q9Y6H6,Q9UK17,946
Q9Y6H6,P0DP23,972
Q9Y6H6,P15382,971
Q9Y6H6,Q9UJ90,827
Q9Y6H6,Q12809,950
Q9Y6H6,Q03721,910
Q9Y6H6,P54289,700
Q9Y6H6,Q08289,841
Q9Y6H6,Q13698,788
Q9Y6H6,O43526,705
Q9Y6H6,P35499,799
Q9NP56,P27707,902
Q9NP56,P21589,706
Q9NP56,Q08828,756
Q9NP56,P55263,937
Q9NP56,P07741,909
Q03181,P19838,719
Q03181,Q07869,887
Q03181,Q16654,702
Q03181,P19793,995
Q03181,Q13547,756
Q03181,Q15596,724
Q03181,P28702,948
Q03181,Q86YN6,775
Q03181,P48443,891
Q03181,P37231,715
Q13164,P01100,720
Q13164,P51812,951
Q13164,Q05513,942
Q13164,P17302,941
P42574,Q16665,766
P42574,Q13547,738
P42574,P07900,878
P42574,P01137,706
P42574,P01133,801
P42574,P49841,747
P42574,P04637,956
P42574,P05412,809
P42574,P99999,997
P42574,P01375,939
P42574,P01584,899
P42574,P10636,980
P42574,P38936,996
P42574,P08581,708
P42574,Q04759,782
P42574,Q05655,927
P42574,P05771,931
P42574,Q16539,817
P42574,Q13315,702
P42574,P19838,821
P42574,Q14457,925
P42574,O15392,916
P42574,P07101,709
P42574,P10415,987
P42574,P09874,999
P42574,P78527,732
P42574,P01106,881
P42574,P29466,709
P42574,P05129,921
P42574,P35222,965
P42574,P55211,999
P42574,P11021,793
P42574,P09429,755
P42574,P08758,921
P42574,P17252,948
P42574,P25963,740
P42574,P28482,961
P42574,P18850,737
P42574,P08253,713
P42574,O00206,740
P42574,P45983,943
P42574,P35354,865
P42574,Q14654,711
P42574,P00533,747
P42574,P31749,945
P42574,P14780,806
P42574,P42345,723
P42574,P01579,825
P42574,P01100,749
P42574,P27361,985
P42574,P45984,775
P42574,P24385,847
P61024,P24385,892
P61024,P38936,926
P09488,P35372,719
P09488,P00390,945
P09488,P40394,809
P09488,P10632,779
P09488,P09211,808
P09488,P09210,834
Q9NR97,P21462,820
Q9NR97,O60603,893
Q9NR97,Q9NYK1,997
Q9NR97,Q06187,744
Q9NR97,P01584,746
Q9NR97,P01375,740
Q9NR97,O00206,712
Q9NR97,Q9NR96,869
Q9NR97,P01579,722
Q8TDN1,Q13303,765
Q8TDN1,Q14721,942
Q8TDN1,Q14722,774
P04054,P14555,709
P04054,P47712,814
P04054,Q13393,701
P04054,Q99571,782
P04054,P09917,752
P04054,P16233,764
P04054,P35354,748
P04054,P23219,759
P04054,P28482,701
Q16853,Q04760,813
Q16853,P20701,837
Q16853,P05091,976
Q16853,P21397,959
Q16853,P01579,776
Q16853,P21964,906
Q16853,P09172,902
Q16853,P27338,974
Q16853,P20711,904
Q16853,P60568,726
Q86YN6,Q07869,891
Q86YN6,P03372,895
Q86YN6,P11474,997
Q86YN6,P13196,790
Q86YN6,Q03181,775
Q86YN6,P30825,904
Q86YN6,P62508,955
Q86YN6,P37231,921
Q86YN6,P99999,857
Q9UGM1,P32297,942
Q9UGM1,P30926,920
Q9UGM1,P02708,828
Q9UGM1,P30532,751
Q9UGM1,Q9GZZ6,934
Q9UGM1,Q15822,916
Q9UGM1,Q05901,765
Q9UGM1,Q15825,763
Q9UGM1,P17787,919
Q9UGM1,P43681,916
Q9UGM1,P36544,919
P78527,P04637,997
P78527,Q16665,796
P78527,P49916,814
P78527,P07900,733
P78527,Q13315,971
P78527,P42574,732
P78527,P09874,993
P78527,P01106,731
P78527,P11388,793
P78527,P03372,717
P78527,P17936,822
P78527,P00519,802
P78527,P07948,745
P78527,P11387,866
P78527,P18858,718
P78527,P00533,936
P78527,P31749,889
Q9Y2D0,P35218,734
P35219,Q14643,946
P51649,P40926,910
P51649,Q99259,725
P51649,Q02218,923
P51649,O75390,930
P51649,P47870,825
P51649,P80404,994
P25101,P00734,907
P25101,P63252,911
P25101,P01303,716
P25101,P24530,994
P43155,O75390,759
P43155,O43772,916
P32297,Q15825,826
P32297,Q05901,774
P32297,Q15822,915
P32297,P30532,980
P32297,P02708,844
P32297,P30926,998
P32297,Q9UGM1,942
P32297,P36544,918
P32297,P43681,915
P32297,P17787,962
P04818,Q9UBK8,789
P04818,P34896,997
P04818,Q9BY32,941
P04818,P22102,895
P04818,Q7LG56,805
P04818,P07947,763
P04818,P23921,976
P04818,P21589,927
P04818,P31350,939
P04818,P00374,999
P04818,P27707,874
P04818,P11388,960
P04818,O15392,862
P04818,P12004,913
P04818,P34897,997
P04818,P31939,857
P04818,P42898,991
P04818,P04637,774
P04818,Q06203,712
P04818,Q99707,824
P04818,P23378,919
P08908,Q8NER1,740
P08908,P41594,711
P08908,P31645,968
P08908,P11362,951
P08908,P01303,831
P08908,P27338,735
P08908,Q01959,792
P08908,P28222,914
P08908,P23975,788
P08908,P46098,748
P08908,P21397,861
P08908,P28223,920
P08908,P34969,701
P80365,P08235,923
P80365,P18405,806
P80365,P05108,854
P80365,P61421,744
P80365,P05093,867
P80365,P04150,816
P80365,P00797,757
P80365,P51857,975
Q8IVL5,P13674,787
P08581,P04626,847
P08581,O14964,709
P08581,P08253,703
P08581,P35222,985
P08581,P09038,905
P08581,Q9NZQ7,743
P08581,P14780,746
P08581,P00749,765
P08581,P00533,996
P08581,P14210,999
P08581,P35968,851
P08581,P04637,804
P08581,P12931,993
P08581,P42338,925
P08581,P01133,945
P08581,P01137,739
P08581,P07900,768
P08581,P08620,864
P08581,P63000,703
P08581,P09874,701
P08581,P42574,708
P08581,P05230,761
P08581,O00329,922
P08581,P61073,797
P08581,O95750,746
P08581,P42336,961
P34896,Q9UBK8,929
P34896,P04818,997
P34896,P20132,967
P34896,O15270,852
P34896,P22102,999
P34896,P13196,929
P34896,P21549,994
P34896,Q9NUV7,843
P34896,Q9Y617,869
P34896,Q9BYV1,938
P34896,Q9GZT4,964
P34896,P00374,995
P34896,P22557,921
P34896,Q96GA7,957
P34896,P31939,998
P34896,P42898,998
P34896,P23378,998
P34896,Q99707,994
P34896,Q06203,887
P34896,O15269,848
P34896,P34897,944
Q9NPA1,Q9H2S1,928
Q9NPA1,Q16558,920
Q9NPA1,Q12791,995
Q9NPA1,Q86W47,913
Q9NPA1,Q9UGI6,929
Q9NPA1,Q92952,937
Q9NPA1,Q9Y691,911
Q9NPA1,O15554,934
Q9UK17,Q9Y6J6,771
Q9UK17,Q9NSA2,761
Q9UK17,Q8WWG9,724
Q9UK17,P22459,748
Q9UK17,Q07699,885
Q9UK17,Q14722,837
Q9UK17,Q13936,806
Q9UK17,Q14524,824
Q9UK17,Q9NY72,741
Q9UK17,Q9Y6H6,946
Q9UK17,Q15842,740
Q9UK17,Q9NZV8,932
Q9UK17,Q13303,798
Q9UK17,P48549,766
Q9UK17,P15382,748
Q9UK17,P63252,732
Q9UK17,Q9UJ90,756
Q9UK17,Q12809,855
Q08289,P62955,801
Q08289,P54289,995
Q08289,O60840,973
Q08289,P21817,759
Q08289,Q01668,997
Q08289,Q06432,897
Q08289,Q13698,987
Q08289,Q07699,828
Q08289,Q13936,999
Q08289,Q9NY72,846
Q08289,O00305,891
Q08289,Q92736,759
Q08289,Q12809,773
Q08289,Q14524,905
Q08289,Q9Y6J6,746
Q08289,O43497,766
Q08289,Q8WXS5,767
Q08289,Q9UBN1,793
Q08289,Q15878,833
Q08289,Q9Y6H6,841
Q08289,O00555,955
Q08289,P62942,722
Q08289,Q9P0X4,778
Q08289,Q7Z3S7,948
Q08289,Q02641,942
Q08289,Q8WWG9,720
Q08289,Q9BXT2,852
Q08289,Q00975,911
Q08289,Q8IZS8,939
Q08289,O95180,856
Q08289,P54284,961
Q08289,Q9Y698,813
Q08289,O60359,779
Q08289,Q9NY47,990
Q02643,P30968,799
Q9BPV8,Q9UBL9,702
Q9BPV8,P51582,762
Q9BPV8,Q93086,708
Q9BPV8,Q96G91,882
Q9BPV8,Q9H244,901
Q9BPV8,P51575,809
Q9BPV8,O15547,784
Q9BPV8,Q15391,766
Q9UJT1,Q9UJT0,892
P23368,P40926,977
P23368,O75390,975
P12268,P20839,984
P12268,P31939,991
P12268,Q06203,839
P12268,P21589,954
P12268,P00492,967
P12268,P07741,780
P12268,P22102,811
P12268,Q9BY32,971
P12268,P00491,753
Q9BY66,P10275,882
Q9BY66,P30049,890
Q9BY66,P00846,890
Q8IWT1,Q9NY72,984
Q8IWT1,P51787,713
Q8IWT1,Q12809,834
Q8IWT1,Q9UI33,953
Q8IWT1,P37088,907
Q8IWT1,Q9NY46,917
Q8IWT1,P63252,856
Q8IWT1,Q14524,994
Q8IWT1,Q99250,964
Q8IWT1,P15382,856
Q8IWT1,Q01118,936
Q8IWT1,Q13936,819
Q8IWT1,Q9Y5Y9,926
Q8IWT1,P35499,978
Q8IWT1,Q07699,998
Q8IWT1,Q8TD43,818
Q8IWT1,P48544,841
Q8IWT1,P51168,905
Q8IWT1,Q15858,878
Q8IWT1,O60939,878
Q8IWT1,Q9UQD0,918
Q8IWT1,P35498,996
Q8IWT1,P51172,738
Q8IWT1,P51170,906
Q8IWT1,Q9Y6J6,881
Q07864,Q9NRF9,999
Q07864,P06746,838
Q07864,Q14181,993
Q07864,P56282,999
Q07864,P18858,931
Q07864,P09884,997
Q07864,P49916,879
Q07864,P12004,988
Q07864,Q13315,794
Q07864,Q9NR33,999
Q8WXA8,O95264,982
Q8WXA8,Q70Z44,995
Q8WXA8,A5X5Y0,962
Q8WXA8,P46098,993
P30939,P01303,715
P30939,P46098,710
O15382,Q8N5Z0,894
O15382,P20132,906
O15382,P32929,944
O15382,P54687,907
O15382,Q9BYV1,931
O15382,Q96GA7,898
O15382,Q96RQ9,922
P11168,Q14654,815
P11168,Q09428,809
P11168,P04637,926
P54619,O75390,742
P54619,Q9UGI9,957
P54619,P42345,964
P54619,O43741,999
P54619,Q9Y478,999
P54619,P13569,922
P54619,Q9UGJ0,979
P54619,P31939,826
P54619,Q13131,999
P54619,P54646,999
P54619,P21589,715
P54619,P04035,932
Q96G91,P41231,726
Q96G91,Q9BPV8,882
Q96G91,Q9UBL9,763
Q96G91,Q93086,787
Q96G91,P56373,758
Q96G91,Q99571,741
Q96G91,O15547,752
Q96G91,P51575,860
P01023,P19652,808
P01023,P00749,715
P01023,P14780,845
P01023,P04070,931
P01023,P02787,820
P01023,P08253,953
P01023,P00734,700
P01023,P02763,809
P01023,P00747,779
P01023,P11021,972
P01023,P02671,832
P01023,P01584,984
P01023,P01375,828
P01023,P05546,771
P01023,P02679,761
P01023,P01137,910
P01023,P02675,841
P01023,P01008,927
P11021,P00533,862
P11021,P31749,971
P11021,Q14643,782
P11021,P15056,773
P11021,P11142,983
P11021,Q14697,846
P11021,P01023,972
P11021,Q9BYF1,948
P11021,P35222,700
P11021,P04156,954
P11021,P04626,721
P11021,P18848,975
P11021,P25963,711
P11021,P18850,999
P11021,P19525,871
P11021,Q99720,992
P11021,Q14573,728
P11021,P01584,731
P11021,Q71U36,717
P11021,P00441,975
P11021,Q9UBN7,710
P11021,P10415,738
P11021,Q16881,700
P11021,P42574,793
P11021,Q14457,765
P11021,P19838,704
P11021,P07900,968
P11021,Q04206,715
P11021,P04637,824
P11021,P99999,738
P11021,P07355,773
P30559,Q13936,727
P30559,P17302,704
P30559,P37288,775
P30559,P14416,802
P30559,P01303,793
P30559,P03372,751
P30559,Q92731,800
P30559,Q13698,782
P49841,P12931,867
P49841,P04637,992
P49841,P05412,908
P49841,P18847,706
P49841,P07355,750
P49841,P07900,958
P49841,P30405,805
P49841,P16220,988
P49841,Q9UBN7,717
P49841,P10415,731
P49841,P01106,996
P49841,O15530,801
P49841,P42574,747
P49841,P19838,713
P49841,O95644,953
P49841,P04049,922
P49841,P10275,841
P49841,P10636,999
P49841,Q9UJU2,824
P49841,P67775,897
P49841,P0DP23,812
P49841,P04156,937
P49841,P18848,932
P49841,P28482,742
P49841,P35222,999
P49841,Q96LZ3,906
P49841,Q05513,955
P49841,P06241,723
P49841,P24385,987
P49841,P53805,842
P49841,P31749,996
P49841,P15056,925
P49841,P42345,784
P06401,Q04206,702
P06401,P12931,937
P06401,P42338,920
P06401,Q8WYK2,755
P06401,P04637,849
P06401,P01133,736
P06401,P04150,733
P06401,P07900,990
P06401,O00264,944
P06401,Q16665,717
P06401,P53778,910
P06401,P01106,705
P06401,P09874,711
P06401,Q16539,920
P06401,P11511,883
P06401,P03372,974
P06401,P42336,961
P06401,O00329,911
P06401,P10275,766
P06401,P45983,921
P06401,P21802,854
P06401,Q15759,909
P06401,P04626,980
P06401,P08235,708
P06401,Q99527,717
P06401,P45984,908
P06401,P24385,834
P06401,Q15596,911
P06401,P51692,879
P06401,P04155,767
P06401,P00533,830
P06401,O15264,908
P06401,Q15185,856
Q9BTZ2,P00352,963
Q9BTZ2,O75911,934
Q9BTZ2,Q6NUM9,947
Q9BTZ2,Q06278,941
Q9BTZ2,O94788,932
Q9BTZ2,O95237,922
Q9BTZ2,P47895,942
Q8TET4,P04746,900
Q8TET4,O43451,925
Q8TET4,P14410,920
O43772,P23786,996
O43772,P43155,916
O43772,Q16134,759
O43772,Q07869,715
O43772,Q8N8R3,908
O43772,P50416,926
P40926,P00505,999
P40926,P17174,990
P40926,P00441,747
P40926,Q96RQ9,838
P40926,P30049,853
P40926,P22033,830
P40926,P09467,728
P40926,P23368,977
P40926,P04424,903
P40926,O75390,999
P40926,P55263,780
P40926,Q02218,845
P40926,P51649,910
P40926,P00352,732
P40926,P05091,738
P35228,P31749,976
P35228,P04424,954
P35228,P01579,862
P35228,P29475,939
P35228,P0DP23,999
P35228,P78540,970
P35228,P35354,908
P35228,O00206,754
P35228,P00966,973
P35228,P29474,912
P35228,P01584,803
P35228,P01375,858
P35228,Q96A70,927
P35228,P07900,731
P35228,P05089,980
P39086,P41594,829
P39086,Q16478,993
P39086,Q13003,989
P39086,P78352,943
P39086,Q13002,998
P39086,Q16099,993
P18545,P00492,901
P18545,P33402,771
P18545,O00408,865
P18545,P16499,998
P18545,P08100,745
P18545,P51160,742
P18545,Q9BY32,900
P18545,P35913,997
P18545,O76074,932
P18545,P16066,724
P18545,P07741,900
P22459,Q9UK17,748
P22459,Q12809,713
P22459,Q99720,917
P22459,Q09470,987
P22459,Q13303,991
P22459,Q9H252,742
P22459,P16389,983
P22459,Q14722,986
P22459,P22460,743
P22459,P22001,722
P22459,P78352,997
Q9UBC3,Q92769,994
Q9UBC3,Q9Y6K1,998
Q9UBC3,P01106,842
Q9UBC3,P03372,783
Q9UBC3,P26358,999
Q9UBC3,Q13547,999
Q9UBC3,P56524,702
Q969P6,Q02880,973
Q969P6,P11388,964
Q969P6,P04637,873
Q14524,Q9Y6H6,892
Q14524,O43497,716
Q14524,P51170,764
Q14524,O95180,701
Q14524,Q9NZV8,720
Q14524,P51172,742
Q14524,P35499,848
Q14524,P54289,855
Q14524,Q08289,905
Q14524,P51168,751
Q14524,P23634,797
Q14524,P63252,896
Q14524,Q8IWT1,994
Q14524,Q12809,978
Q14524,Q9UK17,824
Q14524,P15382,977
Q14524,P0DP23,999
Q14524,Q9Y6J6,977
Q14524,O60939,974
Q14524,P35498,739
Q14524,P22460,838
Q14524,Q07699,998
Q14524,Q9Y5Y9,853
Q14524,O60706,761
Q14524,Q8TD43,949
Q14524,P48544,763
Q14524,P17302,873
Q14524,Q99250,838
Q14524,Q9NY72,968
Q14524,P51787,973
Q14524,P37088,766
Q14524,Q92736,887
Q14524,Q01118,916
P07359,P05106,886
P07359,P14770,999
P07359,P07948,946
P07359,P00734,992
P07359,P02776,721
P07359,P01008,728
P07359,P12931,747
P07359,P16109,999
P07359,P08514,967
P27449,Q96A05,993
P27449,P36543,999
P27449,Q15904,999
P27449,Q9HBG4,999
P27449,Q93050,999
P27449,Q16864,999
P27449,P15313,998
P27449,P20648,860
P27449,Q96LB4,960
P27449,P21281,999
P27449,Q8NEY4,980
P27449,Q13488,998
P27449,Q9UI12,999
P27449,Q8NHE4,977
P27449,P30049,985
P27449,P38606,999
P27449,O15342,998
P27449,P00846,995
P27449,Q8N8Y2,999
P27449,P21283,999
P27449,O95670,990
P27449,Q99437,999
P27449,P61421,999
P27449,O75348,996
P27449,Q9Y487,999
P27449,Q9Y5K8,999
P07202,Q96RQ9,901
P07202,P17174,911
P07202,P00505,909
P07202,P07101,924
P07202,P20711,918
P07202,P17735,900
P07202,P00439,822
P07202,P14679,946
P55211,P01584,826
P55211,P01375,816
P55211,P38936,713
P55211,Q14457,928
P55211,P42574,999
P55211,P10415,946
P55211,O15392,911
P55211,P29466,712
P55211,P01106,717
P55211,P09874,991
P55211,Q16665,746
P55211,P99999,999
P55211,P05412,770
P55211,P04637,953
P55211,P31749,989
P55211,P00533,753
P55211,P42345,738
P55211,P27361,883
P55211,P24385,844
P55211,P08758,885
P55211,P28482,841
P55211,P45983,727
P55211,P35354,726
Q99572,P29466,793
Q99572,P47900,720
Q99572,Q9H244,733
Q99572,Q93086,948
Q99572,Q9UBL9,852
Q99572,P41231,768
Q99572,P51575,987
Q99572,O15547,949
Q99572,Q12879,909
Q99572,O15399,902
Q99572,Q99571,995
Q99572,Q14957,906
Q99572,P56373,979
Q99572,O00206,725
Q99572,Q05586,909
O14964,P00533,964
O14964,P08581,709
Q05655,Q08828,915
Q05655,P27361,935
Q05655,P06241,874
Q05655,Q05513,780
Q05655,P45984,912
Q05655,P13498,917
Q05655,P17252,967
Q05655,P15153,946
Q05655,P29350,760
Q05655,P04839,930
Q05655,P28482,929
Q05655,P45983,918
Q05655,P14598,966
Q05655,O00329,923
Q05655,P04049,912
Q05655,P42336,918
Q05655,P19878,940
Q05655,Q02156,910
Q05655,Q04759,935
Q05655,P05771,966
Q05655,P42574,927
Q05655,Q15080,931
Q05655,P07900,780
Q05655,P42338,966
Q05655,P12931,983
Q05655,P04637,767
P16581,P01584,804
P16581,P01375,872
P16581,P05164,743
P16581,P13500,810
P16581,P16109,937
P16581,P19320,979
P16581,P20701,858
P16581,P07204,734
P16581,P33151,980
P16581,P12821,774
Q9Y487,Q9Y5K8,995
Q9Y487,P61421,999
Q9Y487,O75348,934
Q9Y487,P27449,999
Q9Y487,Q99437,997
Q9Y487,P21283,977
Q9Y487,O95670,943
Q9Y487,Q8N8Y2,998
Q9Y487,P00846,767
Q9Y487,O15342,950
Q9Y487,Q8NHE4,855
Q9Y487,P38606,986
Q9Y487,Q8NEY4,947
Q9Y487,Q13488,950
Q9Y487,P21281,994
Q9Y487,Q9UI12,992
Q9Y487,Q96LB4,934
Q9Y487,P20648,838
Q9Y487,P15313,991
Q9Y487,Q16864,998
Q9Y487,Q93050,977
Q9Y487,Q9HBG4,963
Q9Y487,P36543,994
Q9Y487,Q15904,997
Q9Y487,Q96A05,987
P47895,P40394,851
P47895,P10632,926
P47895,P00352,903
P47895,Q9NYR8,940
P47895,Q6V0L0,966
P47895,O75911,961
P47895,Q8TC12,956
P47895,Q96NR8,987
P47895,Q92781,956
P47895,O94788,903
P47895,Q06278,952
P47895,Q9BTZ2,942
P10826,P19793,996
P10826,P10276,984
P10826,P13631,911
P10826,P28702,992
P10826,P48443,973
P10826,P29762,768
Q12879,P29475,974
Q12879,Q05586,999
Q12879,P48058,898
Q12879,P29074,979
Q12879,P46098,840
Q12879,Q14957,998
Q12879,P56373,917
Q12879,P42261,926
Q12879,P0DP23,901
Q12879,P21728,772
Q12879,Q8WXS5,812
Q12879,Q9UBN1,764
Q12879,Q99571,916
Q12879,O60359,794
Q12879,Q13224,999
Q12879,O15547,910
Q12879,P51575,915
Q12879,P14867,734
Q12879,P06241,981
Q12879,O15399,998
Q12879,P42262,933
Q12879,Q99572,909
Q12879,P16220,746
Q12879,P62955,772
Q12879,Q9UF02,733
Q12879,P41594,841
Q12879,P12931,963
Q12879,P42263,886
Q12879,Q9H2X9,701
Q12879,O60391,998
Q12879,Q13002,718
Q12879,Q8TCU5,999
Q12879,Q93086,907
Q12879,Q9Y698,880
Q12879,Q13003,719
Q12879,P78352,999
Q9Y5Y4,Q13258,892
Q9Y5Y4,P43115,745
Q9NZV8,Q9Y6J6,838
Q9NZV8,Q9H2S1,942
Q9NZV8,P78352,877
Q9NZV8,Q14722,841
Q9NZV8,Q13936,726
Q9NZV8,Q14524,720
Q9NZV8,Q13303,886
Q9NZV8,O43526,720
Q9NZV8,P15382,760
Q9NZV8,Q9UK17,932
Q9NZV8,Q12809,798
O94903,Q9NVS9,817
O94903,O00764,862
P34897,P04818,997
P34897,P20132,967
P34897,P34896,944
P34897,P22102,999
P34897,O15270,849
P34897,Q96GA7,957
P34897,P22557,926
P34897,P00374,992
P34897,Q9Y617,916
P34897,Q9NUV7,841
P34897,Q9GZT4,960
P34897,Q9BYV1,931
P34897,P13196,925
P34897,P21549,992
P34897,P23378,998
P34897,Q99707,984
P34897,O15269,846
P34897,Q06203,863
P34897,P42898,996
P34897,P31939,995
Q15759,P13498,703
Q15759,P28482,906
Q15759,P04839,751
Q15759,P14598,764
Q15759,P45983,913
Q15759,P31749,940
Q15759,O15264,765
Q15759,P01100,960
Q15759,P27361,910
Q15759,P45984,908
Q15759,P06401,909
Q15759,P15336,993
Q15759,P04637,960
Q15759,P05412,971
Q15759,P12931,751
Q15759,P19878,802
Q15759,P03372,925
Q15759,Q92731,912
Q15759,Q15080,717
Q15759,P53778,856
O95180,Q13936,917
O95180,Q9NY72,721
O95180,O00305,861
O95180,Q99250,707
O95180,Q14524,701
O95180,P62955,798
O95180,P48544,706
O95180,O60840,849
O95180,P21817,833
O95180,Q9Y5Y9,713
O95180,Q07699,748
O95180,Q01668,856
O95180,Q06432,817
O95180,Q7Z3S7,828
O95180,P35498,715
O95180,P54284,891
O95180,Q9Y698,801
O95180,Q92731,914
O95180,Q15878,747
O95180,O00555,762
O95180,P0DP23,957
O95180,Q9NY46,704
O95180,P18507,736
O95180,Q15858,712
O95180,Q08289,856
O95180,P54289,919
O95180,P29475,920
O95180,Q13698,843
O95180,Q9UQD0,712
O95180,Q02641,761
O95180,Q16720,713
O95180,Q9BXT2,754
O95180,Q00975,772
O95180,Q8IZS8,822
O95180,P14867,707
O95180,O60359,818
O95180,Q9NY47,820
O95180,O43497,944
O95180,Q8WXS5,791
O95180,Q9UBN1,829
O95180,Q9P0X4,979
O95180,P62942,728
O00408,P16066,799
O00408,P07741,910
O00408,O76074,950
O00408,P27815,742
O00408,P55263,918
O00408,Q08828,768
O00408,P18545,865
O00408,Q9BY32,913
O00408,P00492,902
O00408,P33402,805
O00408,P27707,909
O00408,Q01064,732
P07900,Q13315,785
P07900,Q14457,793
P07900,P42574,878
P07900,Q05655,780
P07900,O15530,845
P07900,P01106,975
P07900,P78527,733
P07900,P10415,929
P07900,Q9UBN7,999
P07900,P00441,779
P07900,P10636,959
P07900,P10275,999
P07900,P29474,999
P07900,P35869,992
P07900,P01584,800
P07900,O15111,992
P07900,Q71U36,744
P07900,P04049,985
P07900,P61073,746
P07900,P11362,740
P07900,P42336,837
P07900,O14920,975
P07900,P03372,999
P07900,P08581,768
P07900,Q92731,884
P07900,Q07869,811
P07900,P38936,909
P07900,P09769,737
P07900,Q06187,716
P07900,P01133,760
P07900,P04150,999
P07900,P99999,783
P07900,P04637,999
P07900,P35968,954
P07900,P05412,798
P07900,P12931,999
P07900,P49841,958
P07900,Q16665,999
P07900,P06401,990
P07900,O60603,982
P07900,P13569,986
P07900,Q9GZT9,782
P07900,P30405,982
P07900,P35228,731
P07900,P56524,975
P07900,Q14994,703
P07900,Q13547,764
P07900,P27361,823
P07900,P24385,819
P07900,P06241,896
P07900,P11142,999
P07900,Q15185,999
P07900,Q9BY41,841
P07900,P06239,834
P07900,P42345,998
P07900,P15056,984
P07900,P05106,722
P07900,P00533,999
P07900,P31749,999
P07900,P62937,733
P07900,Q12809,958
P07900,P28482,941
P07900,P10721,708
P07900,P04626,999
P07900,P04156,760
P07900,P0DP23,996
P07900,P08253,831
P07900,P00519,983
P07900,P45983,732
P07900,O00206,987
P07900,P07948,809
P07900,P11021,968
P07900,P09429,703
P07900,P08235,864
O75469,Q9NPD5,811
O75469,P00742,830
O75469,P08183,842
O75469,O95342,839
O75469,P19793,999
O75469,Q9Y6L6,852
P18848,P16220,959
P18848,P13500,814
P18848,P05412,928
P18848,P49841,932
P18848,P18847,989
P18848,P15336,932
P18848,P18846,847
P18848,Q9UPY5,728
P18848,P11021,975
P18848,P28482,702
P18848,P18850,942
P18848,P19525,755
P18848,P31749,826
P18848,P51812,954
P18848,Q9H6Z9,776
P18848,P27361,750
P18848,P01100,831
P02679,P01008,921
P02679,P02675,999
P02679,P05546,960
P02679,P08514,917
P02679,P02671,999
P02679,P01023,761
P02679,P00747,878
P02679,P02763,791
P02679,P00734,999
P02679,P04070,754
P02679,P05106,980
P02679,P19652,721
O95237,Q96NR8,987
O95237,P40394,931
O95237,Q92781,975
O95237,Q6NUM9,949
O95237,O75911,950
O95237,Q9NYR8,958
O95237,P20839,808
O95237,Q8TC12,965
O95237,P08100,722
O95237,Q9BTZ2,922
Q8TCC7,Q9Y6L6,830
Q8TCC7,O94956,775
Q8TCC7,Q9NPD5,848
P34969,P50406,925
P34969,P08908,701
P34969,P46098,725
P07437,P10636,943
P07437,Q71U36,996
P07437,P17302,943
P07437,P04637,723
P07437,P68366,994
P07437,P42345,995
P07437,P31749,810
P07437,P11142,891
Q9GZT4,O15270,833
Q9GZT4,P20132,941
Q9GZT4,P34896,964
Q9GZT4,O15269,833
Q9GZT4,P34897,960
Q9GZT4,Q9NUV7,834
Q9GZT4,P21549,939
Q9GZT4,Q96GA7,934
O60488,P33121,770
O60488,Q9UJ90,785
O60488,P50897,845
O60488,P50416,954
O60488,P49327,969
P17405,O15270,797
P17405,Q16739,969
P17405,O15269,816
P17405,Q9NUV7,794
Q14697,P11021,846
P21397,P09172,987
P21397,Q96RQ9,952
P21397,P27338,965
P21397,Q05940,793
P21397,Q06278,947
P21397,Q01959,890
P21397,P20711,986
P21397,P28222,734
P21397,P14416,736
P21397,P07101,785
P21397,P31645,942
P21397,P21964,996
P21397,P22303,761
P21397,P06276,762
P21397,P08908,861
P21397,Q04760,844
P21397,P23975,738
P21397,P19801,970
P21397,P05091,982
P21397,P21917,892
P21397,P28223,786
P21397,P40394,924
P21397,Q16853,959
P10636,P06276,712
P10636,Q9H4B7,924
P10636,P00533,830
P10636,P31749,872
P10636,P27361,968
P10636,P06241,994
P10636,P11142,948
P10636,P28482,952
P10636,P45983,757
P10636,P04156,884
P10636,P0DP23,838
P10636,Q71U36,978
P10636,P42574,980
P10636,Q9UBN7,879
P10636,P78352,753
P10636,P07900,959
P10636,P07437,943
P10636,P07355,764
P10636,P12931,897
P10636,P49841,999
P10636,P22303,817
P10636,P68366,981
Q96GA7,Q04760,828
Q96GA7,O15270,839
Q96GA7,P34896,957
Q96GA7,P20132,906
Q96GA7,Q6YP21,869
Q96GA7,Q16773,824
Q96GA7,P34897,957
Q96GA7,P54687,909
Q96GA7,O15382,898
Q96GA7,P32929,898
Q96GA7,Q99707,847
Q96GA7,O15269,838
Q96GA7,O00469,765
Q96GA7,P21549,949
Q96GA7,Q9NUV7,840
Q96GA7,Q9BYV1,873
Q96GA7,Q9GZT4,934
O75390,Q02218,941
O75390,P51649,930
O75390,Q9UGI9,749
O75390,P23368,975
O75390,P56282,800
O75390,P54619,742
O75390,P04424,891
O75390,P40926,999
O75390,Q9NR19,983
O75390,P49327,911
O75390,P52209,709
O75390,P00390,836
O75390,P24752,977
O75390,Q9UGJ0,731
O75390,P99999,733
O75390,P22033,856
O75390,Q96RQ9,816
O75390,Q9NSE4,702
O75390,Q16881,740
O75390,P43155,759
O75390,P00505,952
O75390,P17174,908
Q9Y5N1,P14416,707
Q9Y5N1,P19113,790
Q9Y5N1,P21728,782
Q07343,Q13936,775
Q07343,P27707,909
Q07343,P07741,907
Q07343,P55263,920
Q07343,Q08828,788
Q07343,Q08499,757
Q13393,P04054,701
Q13393,O14939,906
Q13393,P23743,746
Q13393,P47712,743
Q13393,P17252,960
Q9UBL9,P51575,914
Q9UBL9,Q15391,715
Q9UBL9,O15547,982
Q9UBL9,P47900,710
Q9UBL9,Q96G91,763
Q9UBL9,Q93086,976
Q9UBL9,Q99571,945
Q9UBL9,P51582,867
Q9UBL9,P56373,992
Q9UBL9,P41231,811
Q9UBL9,Q9BPV8,702
Q9UBL9,Q99572,852
P13945,P08588,907
P13945,P12931,894
P13945,Q07869,739
P13945,P07550,940
Q92731,P22888,727
Q92731,O95180,914
Q92731,P27361,955
Q92731,P01100,961
Q92731,P45984,915
Q92731,Q15596,993
Q92731,Q9P0X4,911
Q92731,Q15185,817
Q92731,P30559,800
Q92731,O15264,908
Q92731,O43497,922
Q92731,P00533,755
Q92731,P04278,759
Q92731,P28482,948
Q92731,P45983,923
Q92731,Q15759,912
Q92731,P04626,717
Q92731,Q99527,943
Q92731,Q16539,921
Q92731,P53778,907
Q92731,P11511,925
Q92731,P03372,998
Q92731,P12931,995
Q92731,P05412,967
Q92731,P04637,783
Q92731,P07900,884
Q92731,P16220,746
O15530,P17252,943
O15530,P31749,999
O15530,P42345,848
O15530,P06241,741
O15530,Q05513,960
O15530,P51812,812
O15530,P07900,845
O15530,P42338,973
O15530,P49841,801
O15530,O00329,948
O15530,O15111,922
O15530,P42336,976
O15530,O14920,924
O15530,Q04759,905
O15530,P05771,728
P18847,P31749,708
P18847,P01100,994
P18847,P45983,757
P18847,P18850,777
P18847,P18848,989
P18847,P38936,737
P18847,P01584,709
P18847,P01106,737
P18847,P16220,841
P18847,Q13547,918
P18847,P13500,704
P18847,P05412,999
P18847,Q8WYK2,725
P18847,P04637,982
P18847,Q04206,716
P18847,P49841,706
P18847,P15336,758
Q9NR82,P48050,925
Q9NR82,O43525,998
Q9NR82,Q14722,712
Q9NR82,P51787,972
Q9NR82,Q14500,936
Q9NR82,Q8WWG9,893
Q9NR82,O43526,996
Q9NR82,Q9UNX9,930
Q9NR82,P63252,929
Q9NR82,P0DP23,719
Q9NR82,P56696,975
P20839,P22102,773
P20839,P12268,984
P20839,Q9BY32,957
P20839,O95237,808
P20839,Q06203,794
P20839,P31939,979
P20839,Q96NR8,895
P20839,P21589,953
P20839,P16499,701
P20839,P00492,955
P05090,P31025,908
Q8TD30,P00505,976
Q8TD30,P17174,984
Q8TD30,P21549,954
Q8TD30,Q9BYV1,935
Q8TD30,Q9Y617,724
Q8TD30,P24298,921
Q8TD30,P00734,850
Q8TD30,Q02218,856
P09429,P05106,759
P09429,P06756,745
P09429,Q9NR96,997
P09429,P19320,710
P09429,P11142,724
P09429,P27361,739
P09429,P01579,792
P09429,P00747,921
P09429,P07204,749
P09429,Q9Y6Y9,974
P09429,O00206,999
P09429,P28482,792
P09429,P61073,932
P09429,P01584,970
P09429,P01375,753
P09429,P02776,779
P09429,P42574,755
P09429,P19838,923
P09429,Q14457,999
P09429,P07900,703
P09429,P05164,774
P09429,O60603,998
P09429,P04637,997
P09429,Q04206,720
P09429,Q9NYK1,897
P09429,P16109,788
Q08499,P07741,908
Q08499,P55263,923
Q08499,Q08828,781
Q08499,P21817,707
Q08499,P07550,745
Q08499,P27707,932
Q08499,Q07343,757
P43166,P00915,702
Q14654,P11168,815
Q14654,Q09428,999
Q14654,Q15842,991
Q14654,Q9UBS5,912
Q14654,O75899,910
Q14654,P37231,748
Q14654,P42574,711
Q14654,P51787,749
Q14654,O60706,999
P51168,Q99250,739
P51168,Q14524,751
P51168,Q8IWT1,905
P51168,Q9NY72,737
P51168,P37088,999
P51168,Q07699,908
P51168,P13569,895
P51168,Q9Y5Y9,753
P51168,P35499,915
P51168,P48048,743
P51168,P08235,799
P51168,Q8TD43,748
P51168,O60939,767
P51168,P55017,826
P51168,P51172,928
P51168,P00797,818
P51168,P51170,999
P07355,P26447,999
P07355,Q9Y5Y9,815
P07355,P00750,997
P07355,P49841,750
P07355,P04637,977
P07355,P10636,764
P07355,P01106,951
P07355,P00747,997
P07355,P08758,833
P07355,P11021,773
P07355,O00206,968
P07355,P08253,826
P07355,P04083,989
P07355,P00749,806
P07355,P00533,958
Q13131,P54619,999
Q13131,P42345,972
Q13131,O43741,999
Q13131,Q9UGI9,997
Q13131,P54646,984
Q13131,Q14457,873
Q13131,P04035,938
Q13131,P13569,953
Q13131,Q9Y478,999
Q13131,Q9UGJ0,999
Q13131,P04637,764
Q9UQD0,Q9P0X4,795
Q9UQD0,O43497,719
Q9UQD0,O95180,712
Q9UQD0,Q09470,850
Q9UQD0,O43526,950
Q9UQD0,P35499,764
Q9UQD0,Q15858,743
Q9UQD0,P18507,726
Q9UQD0,Q8IWT1,918
Q9UQD0,P0DP23,896
Q9UQD0,O60939,935
Q9UQD0,P35498,771
Q9UQD0,Q07699,970
Q9UQD0,O43525,823
Q9UQD0,P16389,769
Q9UQD0,Q99250,802
Q9UQD0,Q9UI33,776
Q9UQD0,Q9NY72,829
P06241,P35222,986
P06241,Q05586,743
P06241,P33151,752
P06241,P29350,810
P06241,P15153,956
P06241,P10721,771
P06241,P07948,996
P06241,P00519,949
P06241,P04156,990
P06241,P04626,807
P06241,P06239,998
P06241,P31749,834
P06241,P00533,873
P06241,Q12879,981
P06241,Q13224,993
P06241,P51692,734
P06241,Q16620,884
P06241,P62714,726
P06241,P07900,896
P06241,P09619,891
P06241,P01133,787
P06241,P49841,723
P06241,P12931,999
P06241,P42338,951
P06241,P35968,807
P06241,P42336,951
P06241,P07947,994
P06241,O00329,936
P06241,P10636,994
P06241,Q06187,876
P06241,Q04759,828
P06241,Q05655,874
P06241,Q16539,749
P06241,P41240,885
P06241,P22460,734
P06241,O15530,741
P06241,P78352,996
O76074,P21589,733
O76074,P33402,804
O76074,P00492,903
O76074,Q9HCR9,725
O76074,Q9BY32,904
O76074,P18545,932
O76074,Q08828,742
O76074,Q14643,731
O76074,O00408,950
O76074,P07741,916
O76074,P16066,859
Q08493,P27707,903
Q08493,Q08828,772
Q08493,P07741,907
Q08493,P55263,914
P46098,A5X5Y0,979
P46098,O60391,748
P46098,Q8TCU5,779
P46098,P47898,739
P46098,Q9Y698,748
P46098,P41595,780
P46098,P28566,784
P46098,P28222,742
P46098,P28335,804
P46098,P62955,722
P46098,Q9UF02,723
P46098,P31645,726
P46098,P42263,796
P46098,P28221,793
P46098,Q70Z44,995
P46098,Q8WXS5,724
P46098,Q9UBN1,720
P46098,O95264,999
P46098,Q13224,818
P46098,P34969,725
P46098,Q12879,840
P46098,O60359,737
P46098,P08908,748
P46098,O15399,780
P46098,P42262,806
P46098,P30939,710
P46098,Q05586,787
P46098,Q7Z5B4,938
P46098,P48058,794
P46098,Q8WXA8,993
P46098,Q14957,803
P46098,P28223,881
P46098,P42261,814
P07949,P42336,891
P07949,P24530,847
P07949,P12931,859
P07949,P04637,801
P07949,P00533,826
P07949,P35222,731
P07949,P04626,745
P17735,P07741,750
P17735,P11926,739
P17735,P07202,900
P17735,P20132,747
P17735,P14679,912
P17735,P00439,967
P17735,Q99707,928
P17735,Q96RQ9,916
P17735,P16930,935
P17735,P20711,931
P17735,P17174,964
P17735,P00505,984
P17735,P07101,929
P63000,P13498,865
P63000,P35222,768
P63000,P15153,823
P63000,P04839,888
P63000,P14598,976
P63000,P45983,877
P63000,P31749,865
P63000,P12931,856
P63000,P42336,747
P63000,P19878,999
P63000,P08581,703
P63000,Q15080,926
P43115,P35354,802
P43115,P23219,700
P43115,Q9Y5Y4,745
P43115,P01303,706
P14324,P04035,967
P14324,O95749,996
P20701,Q16853,837
P20701,P16581,858
P20701,P06239,703
P20701,P05106,954
P20701,P06756,918
P20701,P19320,992
P20701,P16109,760
P20701,P12931,749
P20701,P01375,710
P20701,P61073,811
P54289,O43497,768
P54289,Q9UBN1,972
P54289,Q8WXS5,965
P54289,Q15842,728
P54289,P62942,721
P54289,Q9Y6H6,700
P54289,Q02641,999
P54289,Q9BXT2,916
P54289,Q00975,991
P54289,Q8IZS8,810
P54289,O95180,919
P54289,Q9NY47,741
P54289,O60359,978
P54289,Q08289,995
P54289,Q13698,999
P54289,Q15878,990
P54289,O00555,951
P54289,Q7Z3S7,928
P54289,P54284,995
P54289,Q9Y698,912
P54289,P62955,965
P54289,O60840,987
P54289,Q9Y5Y9,710
P54289,P21817,929
P54289,Q01668,999
P54289,Q06432,998
P54289,Q13936,998
P54289,Q9NY72,712
P54289,O00305,983
P54289,Q14524,855
P54289,Q9UF02,711
P05089,P35228,980
P05089,P13500,726
P05089,P04181,998
P05089,P00966,811
P05089,P29474,959
P05089,P01375,777
P05089,P01584,800
P05089,Q96A70,981
P05089,P11926,984
P05089,P29475,951
P05089,P78540,933
P05089,Q9NZQ7,721
P05089,P04424,974
P05089,P01579,801
O14983,P16615,935
O14983,P02585,785
O14983,P21817,942
P23634,P29475,969
P23634,P0DP23,983
P23634,P16615,776
P23634,Q14524,797
P08235,P07900,864
P08235,P06401,708
P08235,P04150,929
P08235,P37088,744
P08235,P10275,710
P08235,P00797,944
P08235,P80365,923
P08235,P51168,799
P08235,P12821,891
P08235,P51170,858
P08235,Q15185,864
P54760,P00519,947
P54760,P29317,808
P54760,P54756,759
Q99259,P05091,933
Q99259,P51649,725
Q99259,P28472,809
Q99259,P30531,829
Q99259,Q05329,968
Q99259,P42262,730
Q99259,P14867,774
Q99259,Q9Y600,904
Q99259,P23378,827
Q99259,P47870,705
Q99259,P80404,975
Q99259,P01303,705
Q99259,Q96RQ9,813
Q99259,Q6ZQY3,904
Q99259,P00966,838
Q99259,P17174,845
Q99259,P00505,837
Q99259,P07101,746
Q99259,Q9BYV1,851
P29317,P00533,903
P29317,P14210,798
P29317,P04626,834
P29317,P21695,767
P29317,P00519,951
P29317,P07948,775
P29317,P35222,759
P29317,P09038,773
P29317,P08620,727
P29317,P05230,704
P29317,P54756,713
P29317,P01133,802
P29317,P54760,808
P15502,P01133,724
P15502,P01137,842
P15502,P08253,873
P15502,P14780,979
Q14432,Q13370,919
Q14432,P27707,901
Q14432,P00492,903
Q14432,P33402,791
Q14432,P16066,775
Q14432,P07741,904
Q14432,P55263,924
Q14432,Q08828,779
Q14432,Q9BY32,902
O43497,Q7Z3S7,704
O43497,P35498,726
O43497,P54284,825
O43497,O60939,714
O43497,Q92731,922
O43497,Q15878,863
O43497,O00555,778
O43497,Q13936,846
O43497,O00305,739
O43497,Q99250,721
O43497,Q14524,716
O43497,P62955,789
O43497,O60840,737
O43497,P21817,709
O43497,Q07699,722
O43497,Q01668,852
O43497,Q06432,780
O43497,Q9UQD0,719
O43497,Q02641,779
O43497,Q00975,853
O43497,O95180,944
O43497,Q8IZS8,744
O43497,Q9NY47,877
O43497,Q9UBN1,819
O43497,Q9P0X4,963
O43497,P29762,765
O43497,P0DP23,980
O43497,Q9NY46,706
O43497,Q9UBS5,714
O43497,Q08289,766
O43497,P54289,768
O43497,P35499,701
O43497,P29475,916
O43497,Q13698,829
O43526,P43681,924
O43526,Q99250,942
O43526,O00305,727
O43526,P51787,967
O43526,Q07699,783
O43526,P48050,951
O43526,Q14722,745
O43526,O43525,999
O43526,P35498,934
O43526,O60939,742
O43526,Q14500,948
O43526,O00555,734
O43526,P15382,849
O43526,P0DP23,993
O43526,P18507,709
O43526,P63252,933
O43526,Q9NY46,751
O43526,Q9UNX9,925
O43526,Q15858,758
O43526,Q9NZV8,720
O43526,Q9UQD0,950
O43526,Q13303,743
O43526,P56696,941
O43526,Q9NR82,996
O43526,Q9Y6H6,705
Q8N8R3,O43772,908
P26358,Q9UBC3,999
P26358,P31749,822
P26358,Q92769,999
P26358,P35222,817
P26358,Q9Y6K1,999
P26358,P01106,837
P26358,P09874,952
P26358,P04637,997
P26358,P12004,991
P26358,P10276,764
P26358,P56524,759
P26358,Q13547,999
Q9UI12,Q96LB4,969
Q9UI12,P21281,999
Q9UI12,Q13488,993
Q9UI12,Q8NEY4,992
Q9UI12,Q8NHE4,986
Q9UI12,P38606,999
Q9UI12,Q15904,999
Q9UI12,P36543,999
Q9UI12,Q96A05,989
Q9UI12,Q16864,999
Q9UI12,P15313,997
Q9UI12,Q9HBG4,999
Q9UI12,Q93050,999
Q9UI12,Q9Y487,992
Q9UI12,Q9Y5K8,999
Q9UI12,Q8N8Y2,997
Q9UI12,P00533,715
Q9UI12,P21283,999
Q9UI12,O95670,981
Q9UI12,O15342,997
Q9UI12,P61421,999
Q9UI12,O75348,998
Q9UI12,P27449,999
Q9UI12,Q99437,999
P30988,O75899,748
P30988,Q9UBS5,748
P30988,O14788,779
P30988,O95644,781
O60218,P00374,909
O60218,P07101,921
O60218,P15121,909
O60218,P00439,908
O60218,P42330,925
O60218,P05091,930
P21817,P29475,954
P21817,Q13698,997
P21817,P54289,929
P21817,Q08289,759
P21817,P16615,801
P21817,P0DP23,999
P21817,P62942,999
P21817,Q9UBN1,729
P21817,Q8WXS5,746
P21817,Q08499,707
P21817,O43497,709
P21817,O60359,733
P21817,O95180,833
P21817,Q9BXT2,747
P21817,Q00975,744
P21817,Q02641,746
P21817,Q01668,865
P21817,Q06432,869
P21817,O60840,822
P21817,P62955,732
P21817,O00305,785
P21817,Q92736,972
P21817,Q13936,945
P21817,O00555,946
P21817,Q15878,734
P21817,Q9Y698,731
P21817,P54284,753
P21817,Q7Z3S7,754
P21817,O14983,942
P48443,P10276,983
P48443,P19793,943
P48443,Q07869,889
P48443,P10828,788
P48443,P37231,963
P48443,P13631,959
P48443,P10826,973
P48443,P28702,938
P48443,Q03181,891
P48443,Q15596,986
Q99571,Q9UBL9,945
Q99571,P51582,756
Q99571,Q99572,995
Q99571,P41231,849
Q99571,P47900,714
Q99571,P04054,782
Q99571,P78348,753
Q99571,Q93086,977
Q99571,Q96G91,741
Q99571,Q9H244,792
Q99571,P56373,991
Q99571,Q14957,905
Q99571,Q05586,921
Q99571,O15399,902
Q99571,P51575,976
Q99571,O15547,993
Q99571,Q12879,916
P01911,P01375,842
P01911,P01579,830
P37088,Q07699,925
P37088,P13569,821
P37088,P35499,914
P37088,Q9Y5Y9,750
P37088,P48048,707
P37088,P08235,744
P37088,P51168,999
P37088,Q8TD43,776
P37088,Q99250,741
P37088,Q14524,766
P37088,Q8IWT1,907
P37088,Q9NY72,744
P37088,P00797,741
P37088,P51170,999
P37088,O60939,819
P37088,P55017,858
P37088,P51172,895
Q01814,P0DP23,905
Q01814,P16615,788
P11137,P78352,827
P23141,P05164,939
P23141,P49773,718
P27487,P12821,874
P27487,P14410,887
P27487,O43451,885
P27487,Q9BYF1,999
P27487,P00747,904
P27487,P13500,714
P27487,P29274,767
P27487,P61073,985
P27487,P00797,705
P27487,P00813,999
P31350,Q7LG56,997
P31350,P11926,744
P31350,P04818,939
P31350,P04637,803
P31350,P12004,828
P31350,O15392,895
P31350,Q96A70,726
P31350,P11388,956
P31350,P27707,769
P31350,P23921,999
Q9NR96,P60568,777
Q9NR96,P29466,771
Q9NR96,Q14457,861
Q9NR96,P19838,828
Q9NR96,Q06187,911
Q9NR96,P22455,709
Q9NR96,P11362,701
Q9NR96,P01584,975
Q9NR96,P01375,896
Q9NR96,O15111,726
Q9NR96,Q9NYK1,992
Q9NR96,P21462,724
Q9NR96,O60603,961
Q9NR96,P01579,891
Q9NR96,O00206,979
Q9NR96,P21802,704
Q9NR96,Q9Y6Y9,808
Q9NR96,P25963,719
Q9NR96,P09429,997
Q9NR96,Q9NR97,869
P21964,P14416,924
P21964,P07101,789
P21964,P08913,720
P21964,P20711,981
P21964,P35462,783
P21964,Q01959,917
P21964,P27338,996
P21964,P09172,979
P21964,P31645,943
P21964,P42898,791
P21964,P35372,870
P21964,P21728,715
P21964,P40394,942
P21964,Q16853,906
P21964,P28223,864
P21964,P21397,996
P21964,P21917,942
P21964,P41143,730
P11387,Q02880,981
P11387,P04637,947
P11387,P49916,811
P11387,P11388,994
P11387,P78527,866
P11387,P09874,936
P11387,Q13315,722
P00491,P12268,753
P00491,P07741,996
P00491,P55263,986
P00491,P21589,990
P00491,P00813,998
P00491,P47989,997
P00491,P00492,989
P00491,P60568,779
P00491,P27707,951
P00491,P40261,917
P00491,Q96EN8,714
P42345,P55211,738
P42345,P05129,921
P42345,P37231,964
P42345,P17252,969
P42345,P04626,725
P42345,P0DP23,714
P42345,Q9UGI9,924
P42345,P45983,702
P42345,P62942,999
P42345,Q9NZQ7,711
P42345,P54619,964
P42345,P00533,802
P42345,P31749,999
P42345,O43741,935
P42345,P27361,762
P42345,P24385,802
P42345,Q16665,789
P42345,Q9Y478,967
P42345,Q9UGJ0,922
P42345,P07900,998
P42345,P78559,728
P42345,P38606,772
P42345,P07437,995
P42345,P04637,874
P42345,P05412,715
P42345,P12931,793
P42345,P42338,943
P42345,P49841,784
P42345,Q13131,972
P42345,P54646,973
P42345,O15111,973
P42345,O00329,942
P42345,P42336,963
P42345,O14920,769
P42345,P03372,745
P42345,P05771,937
P42345,P19838,760
P42345,Q14457,891
P42345,P42574,723
P42345,O15530,848
P42345,P01106,730
P42345,P10415,765
P23219,P34995,714
P23219,P04054,759
P23219,P01584,748
P23219,P41222,949
P23219,P43115,700
P23219,Q16647,973
P23219,P09917,970
P23219,Q15185,956
P23219,P43119,753
P23219,P00846,884
P23219,P03886,880
P23219,P14555,797
P23219,P47712,914
P23219,P35354,946
P23219,P35408,751
P23219,P10632,920
P00846,Q9BY66,890
P00846,P00492,836
P00846,Q9HBG4,768
P00846,Q93050,837
P00846,P21281,795
P00846,Q13488,763
P00846,P38606,822
P00846,P30049,999
P00846,P27449,995
P00846,P03886,999
P00846,Q99437,981
P00846,Q9Y487,767
P00846,Q9Y5K8,811
P00846,P23219,884
P03886,P30049,713
P03886,O95298,995
P03886,P23219,880
P03886,P30043,710
P03886,P00846,999
O60502,P04637,725
P14416,P31645,910
P14416,P21964,924
P14416,P48051,835
P14416,P21554,990
P14416,P62714,913
P14416,Q01959,999
P14416,P29274,997
P14416,P07101,841
P14416,P09172,748
P14416,Q05940,814
P14416,P01303,833
P14416,P21397,736
P14416,Q99720,736
P14416,P0DP23,756
P14416,P28223,799
P14416,P67775,915
P14416,P21917,816
P14416,P30559,802
P14416,Q9Y5N1,707
Q8TCU5,P42261,815
Q8TCU5,P46098,779
Q8TCU5,Q14957,998
Q8TCU5,Q05586,999
Q8TCU5,P48058,878
Q8TCU5,O15399,998
Q8TCU5,P42262,845
Q8TCU5,O60359,794
Q8TCU5,Q12879,999
Q8TCU5,Q13224,999
Q8TCU5,O95264,721
Q8TCU5,Q16099,795
Q8TCU5,Q8WXS5,743
Q8TCU5,Q9UBN1,774
Q8TCU5,P42263,802
Q8TCU5,Q9UF02,724
Q8TCU5,P62955,804
Q8TCU5,P78352,966
Q8TCU5,Q9Y698,852
Q8TCU5,O60391,995
Q13698,Q7Z3S7,959
Q13698,Q9Y698,774
Q13698,P05771,902
Q13698,P41595,902
Q13698,P54284,963
Q13698,Q13936,982
Q13698,O00305,968
Q13698,Q92736,801
Q13698,O60840,988
Q13698,Q12791,791
Q13698,P28335,905
Q13698,P62955,913
Q13698,Q01668,975
Q13698,Q06432,997
Q13698,P21817,997
Q13698,Q9BXT2,927
Q13698,Q02641,995
Q13698,Q9NY47,861
Q13698,O60359,916
Q13698,Q8IZS8,755
Q13698,O95180,843
Q13698,O43497,829
Q13698,P62942,918
Q13698,Q9Y6H6,788
Q13698,Q8WXS5,920
Q13698,Q9UBN1,918
Q13698,P30559,782
Q13698,P28223,909
Q13698,P04156,900
Q13698,P0DP23,990
Q13698,P63252,813
Q13698,P54289,999
Q13698,Q08289,987
Q13698,P17252,919
Q13698,P05129,908
Q14457,P07900,793
Q14457,P17302,790
Q14457,P78559,946
Q14457,Q13131,873
Q14457,P42338,789
Q14457,P04637,939
Q14457,P05412,725
Q14457,P99999,778
Q14457,Q14573,987
Q14457,P42574,925
Q14457,O15392,746
Q14457,P10415,999
Q14457,Q9UPY5,835
Q14457,P55211,928
Q14457,P11021,765
Q14457,P09429,999
Q14457,P00519,873
Q14457,P45983,769
Q14457,P04626,888
Q14457,P00533,837
Q14457,P31749,918
Q14457,Q9NR96,861
Q14457,Q14643,998
Q14457,P42345,891
P28074,P00441,728
P28074,P04156,758
P28074,P20618,999
Q92736,P63252,729
Q92736,Q12809,746
Q92736,P67775,944
Q92736,P16615,886
Q92736,P15382,767
Q92736,P0DP23,999
Q92736,Q13698,801
Q92736,P29475,958
Q92736,Q08289,759
Q92736,P62942,982
Q92736,Q14524,887
Q92736,P51787,727
Q92736,Q13936,981
Q92736,Q01668,944
Q92736,P62714,900
Q92736,P21817,972
Q92736,Q9Y6J6,747
Q99707,Q16773,929
Q99707,Q6YP21,932
Q99707,P20132,866
Q99707,P04818,824
Q99707,P34896,994
Q99707,Q9UBK8,999
Q99707,Q9Y4U1,962
Q99707,P17735,928
Q99707,P22102,961
Q99707,P21549,708
Q99707,P00374,978
Q99707,Q96RQ9,903
Q99707,Q8IVH4,889
Q99707,Q96GA7,847
Q99707,P42898,999
Q99707,P31939,972
Q99707,P23378,846
Q99707,P32929,994
Q99707,P22033,945
Q99707,P34897,984
O00180,O95069,975
Q9GZT9,P17252,911
Q9GZT9,P05129,901
Q9GZT9,Q9H6Z9,953
Q9GZT9,Q15185,783
Q9GZT9,P07900,782
Q9GZT9,Q16665,999
Q9GZT9,P13674,751
Q9GZT9,Q96KS0,942
Q9GZT9,P05771,905
P09874,P18858,703
P09874,P31749,825
P09874,P00533,751
P09874,P11387,936
P09874,P27361,758
P09874,P24385,724
P09874,P06746,996
P09874,P55211,991
P09874,P35222,749
P09874,P08758,874
P09874,Q02880,724
P09874,P00519,789
P09874,P04626,741
P09874,Q92769,882
P09874,P01375,735
P09874,P38936,856
P09874,P03372,746
P09874,P08581,701
P09874,P42574,999
P09874,P19838,828
P09874,Q13315,875
P09874,P10415,917
P09874,P11388,742
P09874,P78527,993
P09874,P01106,762
P09874,P12004,872
P09874,P06401,711
P09874,Q16665,707
P09874,Q13547,900
P09874,P49916,990
P09874,P26358,952
P09874,Q04206,891
P09874,P05412,805
P09874,P04637,972
P09874,P99999,892
Q9Y233,Q9BY32,901
Q9Y233,Q08828,768
Q9Y233,P55263,915
Q9Y233,P27815,742
Q9Y233,P07741,908
Q9Y233,P16066,755
Q9Y233,P33402,783
Q9Y233,P00492,905
Q9Y233,P27707,902
Q9Y233,Q13946,741
Q9Y233,P21589,700
Q9NSE4,Q5JTZ9,918
Q9NSE4,P49588,942
Q9NSE4,O75390,702
Q9NSE4,P41252,935
P62508,P30825,931
P62508,O95718,748
P62508,P51843,764
P62508,P11474,927
P62508,Q86YN6,955
P47901,P37288,940
P47901,P30518,939
P30542,P47900,777
P30542,P29274,784
P30542,P00813,831
P30542,Q99808,880
P30542,P21589,727
P30542,P01303,735
P30542,P0DMS8,907
P30542,P21728,702
P47712,P04054,814
P47712,P05771,738
P47712,Q16539,823
P47712,O14939,788
P47712,P04083,813
P47712,P09917,925
P47712,P14555,918
P47712,Q13393,743
P47712,P27361,956
P47712,P17252,858
P47712,P05129,717
P47712,P14598,793
P47712,P35354,962
P47712,P28482,970
P47712,P23219,914
P35354,Q07869,729
P35354,P34995,753
P35354,P04054,748
P35354,P01375,916
P35354,P01584,974
P35354,P01106,715
P35354,P10415,745
P35354,P41222,945
P35354,Q16539,774
P35354,P19838,842
P35354,P42574,865
P35354,P47989,704
P35354,P43115,802
P35354,P35228,908
P35354,Q16647,988
P35354,Q16665,831
P35354,P98066,724
P35354,O60603,756
P35354,P13500,867
P35354,P99999,734
P35354,P04637,974
P35354,P05412,866
P35354,P12931,778
P35354,Q04206,737
P35354,P43116,712
P35354,P09917,973
P35354,P14780,815
P35354,P00533,836
P35354,P31749,775
P35354,Q15185,954
P35354,P19320,758
P35354,P27361,855
P35354,P01100,819
P35354,P01579,816
P35354,P14555,924
P35354,P47712,962
P35354,P09038,790
P35354,P35222,768
P35354,P55211,726
P35354,P37231,735
P35354,P04626,828
P35354,P08253,764
P35354,O00206,787
P35354,P35408,895
P35354,P10632,943
P35354,P28482,780
P35354,P23219,946
P35354,P25963,856
P19878,P05771,922
P19878,Q16539,736
P19878,Q05655,940
P19878,Q15080,999
P19878,P63000,999
P19878,P53778,808
P19878,P27361,935
P19878,P19320,928
P19878,P31749,994
P19878,P14780,941
P19878,O15264,823
P19878,P04839,999
P19878,P28482,915
P19878,P15153,999
P19878,Q15759,802
P19878,P14598,999
P19878,P08253,917
P19878,P13498,999
P19878,P33151,834
Q15878,P0DP23,971
Q15878,Q08289,833
Q15878,P54289,990
Q15878,Q02641,882
Q15878,Q00975,956
Q15878,Q8IZS8,896
Q15878,O95180,747
Q15878,Q9NY47,970
Q15878,O43497,863
Q15878,Q9UBN1,933
Q15878,O00305,816
Q15878,P62955,796
Q15878,P21817,734
Q15878,Q01668,787
Q15878,Q06432,856
Q15878,Q7Z3S7,809
Q15878,P54284,982
Q15878,O00555,950
P01008,P07225,743
P01008,P00750,914
P01008,P02675,954
P01008,P02679,921
P01008,P05546,837
P01008,P42898,712
P01008,P02776,706
P01008,P02671,980
P01008,P21549,704
P01008,P00742,998
P01008,P01023,927
P01008,P07359,728
P01008,P00747,992
P01008,P07204,912
P01008,P00734,999
P01008,P04070,924
P18850,P11021,999
P18850,P18848,942
P18850,Q9Y2D1,932
P18850,P19525,911
P18850,P16220,701
P18850,P18847,777
P18850,P10415,716
P18850,P42574,737
Q14994,P19793,987
Q14994,P07900,703
Q14994,Q15596,911
Q92806,P48549,990
Q92806,O75899,946
Q92806,Q9UBS5,940
Q92806,P48051,994
Q92806,P48544,917
P17787,P02708,762
P17787,Q15822,948
P17787,P30532,891
P17787,P30926,910
P17787,P32297,962
P17787,Q15825,749
P17787,Q05901,785
P17787,P36544,923
P17787,P08172,709
P17787,Q9UGM1,919
P17787,P43681,994
Q9UJT0,Q9UJT1,892
P16066,O76083,818
P16066,Q14123,720
P16066,Q13370,750
P16066,Q9HCR9,769
P16066,Q14432,775
P16066,Q01064,723
P16066,P16860,999
P16066,P54750,745
P16066,P16499,743
P16066,O76074,859
P16066,P35913,770
P16066,Q9Y233,755
P16066,Q9BY32,909
P16066,P18545,724
P16066,P51160,743
P16066,O00408,799
P26447,P01133,862
P26447,P07355,999
P26447,P04637,996
P26447,P09038,869
P26447,P04083,844
P26447,P00533,858
P04181,P21549,737
P04181,Q96A70,814
P04181,P00966,988
P04181,P05089,998
P04181,P04424,990
P04181,P78540,999
P04181,P11926,986
P45954,P24752,968
P12314,Q9NZQ7,712
P12314,P01579,716
P12314,P07333,712
P12314,P07948,939
P12314,P04626,879
P12314,P10721,726
P12314,P03372,820
P12314,P12931,772
P16233,P07098,998
P16233,P04054,764
P16233,O43451,722
P16233,P14410,728
P16233,P23743,707
P16233,P04746,811
P08588,P00797,747
P08588,P07550,956
P08588,P78352,953
P08588,P13945,907
P21554,Q08828,912
P21554,P28223,760
P21554,P29274,956
P21554,P14416,990
P21554,Q16620,822
P21554,P34972,981
P21554,Q8NER1,781
Q15904,P21283,996
Q15904,O95670,978
Q15904,Q8N8Y2,996
Q15904,O15342,991
Q15904,O75348,996
Q15904,P27449,999
Q15904,P61421,999
Q15904,Q99437,999
Q15904,Q9Y5K8,997
Q15904,P17252,900
Q15904,Q9Y487,997
Q15904,P05129,900
Q15904,P36543,995
Q15904,Q96A05,964
Q15904,P15313,947
Q15904,Q16864,987
Q15904,Q93050,999
Q15904,P05771,903
Q15904,Q9HBG4,998
Q15904,Q9UI12,999
Q15904,Q8NEY4,967
Q15904,Q13488,991
Q15904,P21281,995
Q15904,Q96LB4,941
Q15904,P38606,996
Q15904,Q8NHE4,944
P22001,P35499,710
P22001,Q12809,805
P22001,O15554,858
P22001,Q09470,966
P22001,Q13303,992
P22001,P16389,934
P22001,P22459,722
P22001,Q14722,945
P22001,P17658,882
P22001,P22460,765
P22001,P78352,737
Q16322,Q14722,766
Q16322,Q13303,844
Q16322,Q09470,728
Q03721,Q9Y6H6,910
Q03721,Q13303,844
Q03721,Q14003,740
Q03721,Q12809,764
Q03721,P48547,910
Q03721,P15382,733
Q03721,Q8WWG9,839
Q03721,Q14722,797
P05093,P51843,767
P05093,P31213,986
P05093,Q04828,955
P05093,P80365,867
P05093,P10275,797
P05093,P51857,936
P05093,P11511,971
P05093,P18405,992
P05093,P05108,965
P05093,P22888,856
P05093,P42330,979
P28222,P28223,839
P28222,P21397,734
P28222,P46098,742
P28222,P28221,952
P28222,P08908,914
P28222,P28335,721
P28222,P31645,932
P28222,P27338,802
P28222,P01303,807
P28222,P28566,749
P28222,P41595,725
P28222,Q01959,748
Q00653,Q04206,999
Q00653,P19838,999
Q00653,O14920,955
Q00653,O15111,998
Q00653,P01584,771
Q00653,P01375,772
Q00653,P25963,995
P32004,P30518,752
P32004,P11362,898
P32004,P12931,832
P32004,P00533,976
P32004,P28482,819
P32004,P04626,777
P43681,O43526,924
P43681,Q7Z5B4,764
P43681,Q15825,891
P43681,P21917,732
P43681,O75899,707
P43681,Q05901,843
P43681,P02708,812
P43681,P21728,709
P43681,Q15822,939
P43681,P30532,877
P43681,P30926,920
P43681,P32297,915
P43681,P36544,925
P43681,O43525,752
P43681,Q9UGM1,916
P43681,P17787,994
P34903,Q9UN88,771
P34903,Q8N1C3,752
P34903,P18507,762
P34903,O75899,804
P34903,Q9UBS5,754
P34903,P31644,851
P34903,P28472,855
P34903,Q99928,735
P34903,P18505,767
P34903,P47870,770
P78334,P18505,817
P78334,Q9UN88,747
P78334,P47869,776
P78334,O00591,705
P78334,O75899,852
P78334,P28472,814
P78334,P14867,760
O15111,P07900,992
O15111,P04637,914
O15111,Q9NYK1,744
O15111,P12931,750
O15111,Q04206,999
O15111,P01584,833
O15111,P01375,999
O15111,P03372,735
O15111,O14920,999
O15111,Q06187,917
O15111,P19838,999
O15111,Q13315,747
O15111,Q04759,969
O15111,O15530,922
O15111,P01106,879
O15111,P10415,813
O15111,P35222,757
O15111,P19525,977
O15111,P25963,999
O15111,O00206,852
O15111,P42345,973
O15111,Q9NR96,726
O15111,P31749,996
O15111,Q00653,998
P17174,P40926,990
P17174,Q8TD30,984
P17174,P14679,904
P17174,Q16773,943
P17174,Q05329,837
P17174,Q6YP21,940
P17174,P00439,939
P17174,P07202,911
P17174,P17735,964
P17174,P24298,981
P17174,Q02218,900
P17174,O75390,908
P17174,Q99259,845
P17174,Q96RQ9,908
P17174,Q6ZQY3,832
P17174,P00966,950
P17174,P20711,931
P17174,P00505,982
P17174,P07101,939
P17174,Q9Y600,840
P17174,P32929,958
P43088,P42330,728
P43088,P30556,783
P32929,P29475,729
P32929,P20132,914
P32929,Q9UBK8,757
P32929,Q16773,963
P32929,Q6YP21,955
P32929,P54687,948
P32929,Q96EN8,846
P32929,P42898,994
P32929,Q99707,994
P32929,Q06203,728
P32929,O15382,944
P32929,P29474,788
P32929,Q96GA7,898
P32929,Q9BYV1,935
P32929,P17174,958
P32929,P00505,942
P32929,Q16881,940
P05412,P45984,999
P05412,P24385,919
P05412,P01579,711
P05412,P01100,999
P05412,P27361,987
P05412,P31749,991
P05412,O14788,738
P05412,P00533,871
P05412,P14780,866
P05412,O15264,968
P05412,P42345,715
P05412,P29590,779
P05412,P45983,999
P05412,O00206,741
P05412,P00519,784
P05412,P35354,866
P05412,P04626,759
P05412,Q15759,971
P05412,Q92769,846
P05412,P25963,908
P05412,P18848,928
P05412,P28482,998
P05412,P37231,849
P05412,P55211,770
P05412,P35222,898
P05412,P53778,971
P05412,P60568,734
P05412,P10415,927
P05412,P01106,970
P05412,P41240,731
P05412,P09874,805
P05412,Q16659,846
P05412,P17544,974
P05412,P42574,809
P05412,P19838,994
P05412,Q14457,725
P05412,Q16539,992
P05412,P38936,831
P05412,Q07869,979
P05412,Q96SW2,710
P05412,Q92731,967
P05412,P03372,999
P05412,O14920,785
P05412,O95644,963
P05412,P09211,927
P05412,P01584,987
P05412,P01375,989
P05412,O15379,754
P05412,P10275,840
P05412,P49841,908
P05412,Q04206,986
P05412,P12931,974
P05412,Q8WYK2,969
P05412,P04637,997
P05412,P99999,829
P05412,P15336,999
P05412,P18847,999
P05412,P04150,961
P05412,P01133,890
P05412,Q13547,967
P05412,P07900,798
P05412,P16220,998
P05412,P01137,722
P05412,P13500,980
P05412,Q16665,961
P05412,P10276,759
P54646,Q9UGI9,997
P54646,O43741,999
P54646,P42345,973
P54646,P54619,999
P54646,Q13131,984
P54646,Q9UGJ0,998
P54646,P13569,907
P54646,Q9Y478,999
P54646,P04035,932
P10632,O94788,917
P10632,P47895,926
P10632,P09211,794
P10632,Q06278,950
P10632,Q9Y6L6,940
P10632,P09210,719
P10632,Q9BQB6,809
P10632,Q6V0L0,927
P10632,P09488,779
P10632,P00352,924
P10632,P23219,920
P10632,P35354,943
P10632,P09917,924
P10632,P08183,722
Q00975,Q08289,911
Q00975,P54289,991
Q00975,P0DP23,978
Q00975,P04156,906
Q00975,O43497,853
Q00975,Q9UBN1,822
Q00975,Q02641,982
Q00975,Q8IZS8,874
Q00975,O95180,772
Q00975,Q9NY47,931
Q00975,P62955,787
Q00975,P21817,744
Q00975,Q01668,772
Q00975,Q06432,875
Q00975,Q13936,756
Q00975,O00305,885
Q00975,Q15878,956
Q00975,O00555,945
Q00975,Q7Z3S7,820
Q00975,P54284,998
Q00975,Q9Y698,873
P51160,P00492,900
P51160,P33402,744
P51160,P21589,740
P51160,Q13956,921
P51160,Q08828,719
P51160,Q9BY32,900
P51160,P18545,742
P51160,P07741,906
P51160,P16066,743
P02753,P31025,702
P23786,Q07869,859
P23786,Q16134,758
P23786,P50416,963
P23786,O43772,996
Q05586,Q12879,999
Q05586,Q13224,999
Q05586,O60359,830
Q05586,P51575,915
Q05586,O15547,912
Q05586,P42262,901
Q05586,O15399,999
Q05586,P06241,743
Q05586,Q8WXS5,799
Q05586,Q9UBN1,773
Q05586,Q99571,921
Q05586,P46098,787
Q05586,Q14957,999
Q05586,P0DP23,996
Q05586,P42261,907
Q05586,P56373,921
Q05586,P29475,955
Q05586,P48058,886
Q05586,Q9Y698,894
Q05586,P78352,998
Q05586,O60391,999
Q05586,Q93086,909
Q05586,Q13002,770
Q05586,Q8TCU5,999
Q05586,P41594,792
Q05586,Q9UF02,751
Q05586,P42263,877
Q05586,Q16620,708
Q05586,P62955,782
Q05586,Q99572,909
Q9UIX4,P38435,707
P41222,P02763,723
P41222,P23219,949
P41222,P35354,945
P41222,Q15185,946
P41222,P42330,944
P41222,Q16647,956
P41222,P07360,789
P41222,P09466,716
P41222,Q13258,888
P41222,P31025,764
P07360,P00747,713
P07360,P09466,721
P07360,P41222,789
P07360,P31025,799
Q14721,Q13303,822
Q14721,Q92953,782
Q14721,Q8TDN1,942
Q14721,Q14722,858
Q14721,P16389,923
Q14721,Q9BQ31,964
Q14721,O95259,729
Q14721,Q96KK3,730
P30085,P52209,718
P30085,P27707,745
Q9UJ90,Q9Y6J6,791
Q9UJ90,Q15842,726
Q9UJ90,Q9Y6H6,827
Q9UJ90,Q07699,715
Q9UJ90,O60488,785
Q9UJ90,P15382,905
Q9UJ90,Q8WWG9,794
Q9UJ90,Q9UK17,756
Q9UJ90,P51787,872
Q9UJ90,Q9NY72,733
Q9UJ90,Q12809,830
Q9UJ90,O60939,720
P14780,P08581,746
P14780,P03372,772
P14780,P19878,941
P14780,P61073,844
P14780,P01375,930
P14780,P01584,949
P14780,P29474,730
P14780,P10415,804
P14780,Q15080,936
P14780,P01106,704
P14780,P15502,979
P14780,P19838,802
P14780,P42574,806
P14780,P01137,968
P14780,P13500,809
P14780,O60603,802
P14780,Q16665,824
P14780,P00750,893
P14780,P05164,969
P14780,P12931,970
P14780,P99999,731
P14780,P35968,811
P14780,P05412,866
P14780,P04637,838
P14780,P01133,741
P14780,P00749,871
P14780,P31749,827
P14780,O14788,757
P14780,P00533,827
P14780,P17948,779
P14780,P14210,799
P14780,P24385,799
P14780,P19320,748
P14780,P01579,751
P14780,P27361,741
P14780,P00747,829
P14780,P01023,845
P14780,P13498,941
P14780,P37231,765
P14780,P35222,799
P14780,P09038,919
P14780,P45983,735
P14780,O00206,934
P14780,P14598,950
P14780,P08253,918
P14780,P35354,815
P14780,P12821,733
P14780,P25963,704
P14780,P04839,963
P00519,P05412,784
P00519,P04637,909
P00519,P29317,951
P00519,P07900,983
P00519,P54760,947
P00519,P10276,719
P00519,Q16620,910
P00519,P01106,785
P00519,P78527,802
P00519,P09874,789
P00519,P11274,996
P00519,Q14457,873
P00519,Q13315,988
P00519,P54756,963
P00519,P38936,878
P00519,P42336,763
P00519,P04626,731
P00519,P28482,724
P00519,P15153,940
P00519,P04629,958
P00519,P35222,949
P00519,P51692,983
P00519,P24385,742
P00519,P06241,949
P00519,P42684,981
P00519,P00533,861
P00966,Q99259,838
P00966,P78540,877
P00966,P29475,960
P00966,P11926,758
P00966,Q05329,826
P00966,P04424,999
P00966,P05089,811
P00966,P35228,973
P00966,P17174,950
P00966,P00505,951
P00966,Q96A70,739
P00966,Q96RQ9,913
P00966,P04181,988
P00966,P29474,961
P00966,Q6ZQY3,848
P02585,O14983,785
P02585,P63316,930
P00749,P07204,802
P00749,P00747,989
P00749,P01023,715
P00749,P08253,755
P00749,P14780,871
P00749,P00750,837
P00749,P01133,860
P00749,P07355,806
P00749,P01584,765
P00749,P01375,751
P00749,P08581,765
P00749,P01106,708
P00813,P27707,950
P00813,P29274,907
P00813,P00492,706
P00813,P47989,761
P00813,Q99808,736
P00813,P21589,984
P00813,P30542,831
P00813,P55263,992
P00813,P27487,999
P00813,P07741,929
P00813,P00491,998
P00813,Q9BY32,785
Q13003,Q13224,711
Q13003,Q12879,719
Q13003,Q16099,991
Q13003,P42261,822
Q13003,Q9Y698,707
Q13003,Q16478,986
Q13003,Q13002,985
Q13003,P39086,989
O95470,O15269,705
Q9Y271,P09917,782
Q9Y271,Q9NS75,976
Q04760,P27338,833
Q04760,Q96GA7,828
Q04760,P20132,824
Q04760,P00390,779
Q04760,P21397,844
Q04760,P0DJD9,748
Q04760,Q16853,813
Q96A70,P04424,935
Q96A70,P78540,984
Q96A70,P29475,940
Q96A70,P31350,726
Q96A70,P29474,940
Q96A70,P04181,814
Q96A70,P00966,739
Q96A70,P05089,981
Q96A70,P35228,927
Q13547,Q9UJU2,966
Q13547,P10275,964
Q13547,O15379,925
Q13547,P03372,998
Q13547,P38936,903
Q13547,Q13315,948
Q13547,P19838,996
Q13547,P42574,738
Q13547,P09874,900
Q13547,P01106,991
Q13547,P11388,809
Q13547,Q9UBN7,735
Q13547,P10276,874
Q13547,Q16665,983
Q13547,P16220,877
Q13547,P19793,755
Q13547,P56524,781
Q13547,P07900,764
Q13547,Q9UQL6,818
Q13547,P04150,929
Q13547,P18847,918
Q13547,P26358,999
Q13547,P04637,999
Q13547,P05412,967
Q13547,Q04206,998
Q13547,Q9UBC3,999
Q13547,P29590,903
Q13547,Q8WUI4,886
Q13547,P00533,765
Q13547,P31749,758
Q13547,Q03181,756
Q13547,P01100,823
Q13547,P24385,833
Q13547,P35222,985
Q13547,P37231,857
Q13547,Q9Y6K1,997
Q13547,Q92769,999
Q13547,Q9UKV0,982
Q9BY41,P07900,841
Q9BY41,P04637,756
Q9BY41,Q9UKV0,740
P12931,O14920,918
P12931,Q92731,995
P12931,P08581,993
P12931,P03372,999
P12931,O15111,750
P12931,P01375,904
P12931,P07947,973
P12931,P61073,864
P12931,O00329,967
P12931,P04049,954
P12931,P42336,984
P12931,P07550,955
P12931,P30518,752
P12931,P10275,985
P12931,P10636,897
P12931,P10415,860
P12931,P53778,743
P12931,P78352,979
P12931,P41240,998
P12931,P22460,761
P12931,P01106,805
P12931,P63000,856
P12931,Q05655,983
P12931,Q16539,818
P12931,P19838,756
P12931,P13945,894
P12931,P07900,999
P12931,P09619,999
P12931,Q8NER1,934
P12931,P01137,787
P12931,P17302,998
P12931,P32004,832
P12931,P13500,733
P12931,Q16620,786
P12931,P41231,787
P12931,Q16665,872
P12931,P06401,937
P12931,P42338,967
P12931,P49841,867
P12931,P04637,884
P12931,P05412,974
P12931,P35968,998
P12931,P08514,959
P12931,O14939,844
P12931,P01133,922
P12931,O15264,742
P12931,P06756,946
P12931,P14780,970
P12931,P04083,774
P12931,O14788,876
P12931,P00533,999
P12931,P31749,995
P12931,P42345,793
P12931,Q05209,834
P12931,P05106,998
P12931,P15056,842
P12931,P06239,876
P12931,P14210,867
P12931,P06241,999
P12931,P24385,875
P12931,P45984,954
P12931,P51692,900
P12931,Q12879,963
P12931,Q13224,933
P12931,P27361,944
P12931,P01100,986
P12931,P07359,747
P12931,P08758,736
P12931,P33151,826
P12931,P17252,867
P12931,Q99527,948
P12931,P35916,708
P12931,P13498,707
P12931,P30556,704
P12931,P37231,736
P12931,P20701,749
P12931,P35222,999
P12931,P07949,859
P12931,P08253,972
P12931,P14598,905
P12931,P07333,833
P12931,P12314,772
P12931,P45983,959
P12931,O00206,880
P12931,P07948,989
P12931,P16234,954
P12931,P67775,822
P12931,P04626,999
P12931,P35354,778
P12931,Q15759,751
P12931,P0DP23,858
P12931,P21802,958
P12931,P25963,797
P12931,P15153,955
P12931,P29350,917
P12931,P35408,840
P12931,P28482,932
P12931,P04839,721
P12931,P10721,802
O00206,Q9BYF1,714
O00206,P37231,738
O00206,P07204,739
O00206,P09429,999
O00206,Q9NR97,712
O00206,P25963,872
O00206,P04839,902
O00206,P14598,733
O00206,P07333,800
O00206,P35354,787
O00206,Q9Y6Y9,999
O00206,P00533,739
O00206,P31749,769
O00206,Q9NR96,979
O00206,P14780,934
O00206,P01579,946
O00206,P27361,824
O00206,P19320,772
O00206,P21462,765
O00206,P13500,847
O00206,O60603,999
O00206,P05164,728
O00206,P07900,987
O00206,Q99572,725
O00206,P35228,754
O00206,P01137,721
O00206,P16220,749
O00206,P16109,885
O00206,P07355,968
O00206,Q04206,966
O00206,P42338,924
O00206,P12931,880
O00206,Q9NYK1,940
O00206,P05412,741
O00206,P42336,928
O00206,O15111,852
O00206,P01375,969
O00206,P01584,986
O00206,P61073,824
O00206,O00329,934
O00206,Q06187,831
O00206,O14920,903
O00206,P47989,820
O00206,P42574,740
O00206,Q16539,762
O00206,P19838,993
O00206,P60568,731
O00206,P10415,724
O00206,P29466,916
P09769,P42336,716
P09769,P07947,739
P09769,O00329,755
P09769,Q16539,799
P09769,P07900,737
P09769,P42338,702
P09769,P00533,706
P09769,P07948,743
O75348,Q8NHE4,961
O75348,P38606,999
O75348,Q8NEY4,990
O75348,Q13488,921
O75348,P21281,999
O75348,Q9UI12,998
O75348,Q16864,999
O75348,P15313,998
O75348,Q9HBG4,996
O75348,Q93050,997
O75348,Q15904,996
O75348,P36543,999
O75348,Q96A05,995
O75348,Q9Y487,934
O75348,Q9Y5K8,999
O75348,P61421,999
O75348,P27449,996
O75348,Q99437,998
O75348,Q8N8Y2,989
O75348,P21283,998
O75348,O95670,961
O75348,O15342,983
Q9Y697,Q96EN8,919
Q9Y697,P99999,714
Q9NRF9,Q14181,970
Q9NRF9,P56282,999
Q9NRF9,Q07864,999
Q9NRF9,P09884,985
Q9NRF9,Q9NR33,999
Q16739,P17405,969
Q16739,Q9NUV7,822
Q16739,O15269,850
Q16739,O15270,826
Q14573,P17252,934
Q14573,P29475,922
Q14573,P05129,918
Q14573,P11021,728
Q14573,P16615,908
Q14573,P0DP23,985
Q14573,Q99720,934
Q14573,Q14643,965
Q14573,P31749,967
Q14573,P30405,904
Q14573,Q14571,953
Q14573,Q16654,817
Q14573,P99999,979
Q14573,P10415,993
Q14573,P05771,923
Q14573,Q14457,987
P09917,P09960,992
P09917,P35354,973
P09917,P10632,924
P09917,P23219,970
P09917,Q9Y271,782
P09917,P14555,810
P09917,P47712,925
P09917,P04054,752
P34972,P21554,981
P51582,O15547,809
P51582,P51575,888
P51582,Q99571,756
P51582,Q93086,802
P51582,Q9H244,756
P51582,Q9UBL9,867
P51582,P56373,778
P51582,Q9BPV8,762
P28221,P27338,779
P28221,P01303,725
P28221,P28566,742
P28221,P28222,952
P28221,P31645,921
P28221,P46098,793
P28702,Q15596,951
P28702,Q03181,948
P28702,P48443,938
P28702,P10826,992
P28702,P13631,946
P28702,P37231,980
P28702,Q07869,932
P28702,P19793,934
P28702,P10276,993
P10275,P24385,955
P10275,Q15596,999
P10275,P31749,895
P10275,P00533,864
P10275,Q15185,946
P10275,P04626,788
P10275,Q02880,774
P10275,P08235,710
P10275,P35222,996
P10275,P01106,700
P10275,P05771,731
P10275,P11511,787
P10275,P03372,981
P10275,Q9BY66,882
P10275,O15379,730
P10275,P12931,985
P10275,P49841,841
P10275,P51843,865
P10275,P05412,840
P10275,P04637,905
P10275,P04150,795
P10275,P01133,743
P10275,Q13547,964
P10275,P07900,999
P10275,P05093,797
P10275,P31213,821
P10275,Q16665,871
P10275,P06401,766
Q06278,Q9NR19,815
Q06278,Q8TC12,914
Q06278,P00352,951
Q06278,P10632,950
Q06278,P21397,947
Q06278,P40394,930
Q06278,O75911,910
Q06278,Q9NVS9,932
Q06278,Q9NYR8,917
Q06278,Q6V0L0,917
Q06278,O00764,928
Q06278,Q9BYV1,910
Q06278,Q9BTZ2,941
Q06278,P27338,969
Q06278,Q96NR8,914
Q06278,P80404,905
Q06278,Q96GD0,919
Q06278,O94788,938
Q06278,P40261,957
Q06278,Q92781,910
Q06278,Q96EN8,978
Q06278,P47895,952
O95477,P37231,820
O95477,O15269,871
O95477,P19793,916
O95477,P04035,866
O95477,Q07869,877
Q9UM07,P04637,861
Q9UM07,P05164,840
Q9UM07,Q9H015,775
P00742,P04070,707
P00742,P00734,999
P00742,P07204,840
P00742,P00747,720
P00742,P02671,752
P00742,P38435,808
P00742,P05546,823
P00742,O75469,830
P00742,P01008,998
P41252,P49588,980
P41252,Q9NSE4,935
P41252,Q5JTZ9,863
Q05329,P05091,927
Q05329,Q99259,968
Q05329,P30531,865
Q05329,Q9Y600,914
Q05329,P41594,750
Q05329,P80404,976
Q05329,P23378,816
Q05329,Q96RQ9,813
Q05329,Q9H2X9,704
Q05329,Q6ZQY3,914
Q05329,P00966,826
Q05329,Q9BYV1,878
Q05329,P00505,831
Q05329,P17174,837
Q05329,P78352,730
O60840,P62942,725
O60840,Q9UBN1,930
O60840,Q8WXS5,920
O60840,O43497,737
O60840,O60359,927
O60840,Q9NY47,854
O60840,Q8IZS8,783
O60840,O95180,849
O60840,Q9BXT2,902
O60840,Q02641,886
O60840,P05129,908
O60840,Q16558,712
O60840,Q13698,988
O60840,P35913,704
O60840,P54289,987
O60840,P17252,926
O60840,Q08289,973
O60840,P28223,900
O60840,P0DP23,897
O60840,P04156,902
O60840,Q9Y698,779
O60840,P54284,973
O60840,P41595,900
O60840,P05771,902
O60840,Q7Z3S7,980
O60840,Q01668,980
O60840,Q06432,932
O60840,P21817,822
O60840,Q12791,781
O60840,P28335,905
O60840,P62955,919
O60840,O00305,965
O60840,Q13936,978
P16860,P00797,766
P16860,P12821,810
P16860,P16066,999
P42898,P00374,843
P42898,P09211,725
P42898,P31939,787
P42898,P21964,791
P42898,P32929,994
P42898,Q99707,999
P42898,P23378,930
P42898,P40261,725
P42898,P01008,712
P42898,P34897,996
P42898,P00390,708
P42898,Q9UBK8,981
P42898,P34896,998
P42898,P04818,991
P42898,P00734,935
P42898,P12821,818
P42898,P22102,737
Q9Y617,Q8TD30,724
Q9Y617,P34896,869
Q9Y617,P23378,735
Q9Y617,P34897,916
Q9UBN7,Q9UKV0,715
Q9UBN7,Q92769,741
Q9UBN7,P35222,734
Q9UBN7,P11021,710
Q9UBN7,P27361,718
Q9UBN7,P11142,812
Q9UBN7,Q15185,849
Q9UBN7,P31749,712
Q9UBN7,P00533,919
Q9UBN7,Q96DB2,891
Q9UBN7,P04150,824
Q9UBN7,P49841,717
Q9UBN7,P13569,848
Q9UBN7,Q16665,752
Q9UBN7,Q13547,735
Q9UBN7,P07900,999
Q9UBN7,Q71U36,953
Q9UBN7,P10636,879
Q9UBN7,P38936,775
Q969G6,P30043,913
Q969G6,P13498,890
P04083,P00533,802
P04083,P47712,813
P04083,P21462,999
P04083,P26447,844
P04083,P07355,989
P04083,P04637,762
P04083,P12931,774
Q9UBS5,P18505,871
Q9UBS5,Q92806,940
Q9UBS5,P48544,910
Q9UBS5,P47869,772
Q9UBS5,P47870,702
Q9UBS5,P48051,960
Q9UBS5,P01303,785
Q9UBS5,P30988,748
Q9UBS5,P48169,737
Q9UBS5,Q8N1C3,744
Q9UBS5,O75899,999
Q9UBS5,P18507,879
Q9UBS5,Q9Y2D1,771
Q9UBS5,P31644,848
Q9UBS5,P48549,953
Q9UBS5,Q14654,912
Q9UBS5,P28472,733
Q9UBS5,O43497,714
Q9UBS5,P34903,754
Q9UBS5,O14764,866
Q9UBS5,P14867,873
Q9UBS5,Q16445,700
Q9UBS5,Q99928,706
P07204,P05546,846
P07204,P16109,743
P07204,P01008,912
P07204,P00750,913
P07204,P02776,797
P07204,O00206,739
P07204,P00734,999
P07204,P09429,749
P07204,P00747,896
P07204,P00742,840
P07204,P00749,802
P07204,P04070,992
P07204,P16581,734
P24530,P25101,994
P24530,P29474,701
P24530,P00734,910
P24530,P10721,703
P24530,P07949,847
P25021,P20648,880
P25021,P19113,799
O00329,P31749,976
O00329,P00533,942
O00329,P17948,737
O00329,P42345,942
O00329,P06241,936
O00329,Q05513,916
O00329,P41743,908
O00329,P04629,922
O00329,P36888,940
O00329,P35916,726
O00329,P16234,924
O00329,P07948,956
O00329,O00206,934
O00329,P21802,727
O00329,P04626,941
O00329,P29350,926
O00329,P15153,957
O00329,P10721,940
O00329,P09769,755
O00329,Q06187,978
O00329,P08581,922
O00329,P11362,924
O00329,P42336,998
O00329,P04049,932
O00329,P10828,900
O00329,O15530,948
O00329,P10827,900
O00329,Q05655,923
O00329,P09619,932
O00329,P06401,911
O00329,P12931,967
O00329,P42338,998
O00329,P35968,928
P27338,P28221,779
P27338,P06276,809
P27338,P08908,735
P27338,Q04760,833
P27338,P19801,971
P27338,P05091,975
P27338,P21917,785
P27338,P21397,965
P27338,Q16853,974
P27338,P40394,918
P27338,P09172,984
P27338,Q96RQ9,950
P27338,Q05940,792
P27338,Q06278,969
P27338,Q01959,882
P27338,P20711,987
P27338,P07101,792
P27338,P28222,802
P27338,P28335,800
P27338,P31645,868
P27338,P21964,996
P27338,P22303,910
Q13303,P17658,952
Q13303,Q9NSA2,778
Q13303,P22001,992
Q13303,P22460,974
Q13303,P22459,991
Q13303,P16389,999
Q13303,Q9BQ31,739
Q13303,Q8TDN1,765
Q13303,O43525,730
Q13303,O95259,728
Q13303,Q96KK3,700
Q13303,P51787,700
Q13303,Q14721,822
Q13303,Q9NZV8,886
Q13303,Q05513,783
Q13303,Q09470,995
Q13303,Q96PR1,771
Q13303,Q03721,844
Q13303,Q6PIU1,840
Q13303,Q14003,785
Q13303,O43526,743
Q13303,Q9UK17,798
Q13303,Q9H3M0,747
Q13303,Q92953,771
Q13303,P48547,891
Q13303,Q16322,844
Q16790,Q16665,944
Q16790,O43570,739
Q16790,Q9H6Z9,764
Q16790,P35222,703
P07741,Q13370,901
P07741,Q9HCR9,908
P07741,P31939,982
P07741,Q06203,797
P07741,Q14123,911
P07741,O95263,904
P07741,O76083,913
P07741,P00492,994
P07741,Q01064,911
P07741,Q07343,907
P07741,P54750,911
P07741,P16499,907
P07741,P27707,950
P07741,O60658,901
P07741,Q14432,904
P07741,Q13946,909
P07741,P21589,953
P07741,P00813,929
P07741,Q9Y233,908
P07741,P27815,909
P07741,P55263,996
P07741,Q9NP56,909
P07741,O76074,916
P07741,Q08493,907
P07741,P35913,907
P07741,P17735,750
P07741,P22102,879
P07741,Q13956,900
P07741,O00408,910
P07741,Q9BY32,989
P07741,P18545,900
P07741,P51160,906
P07741,Q08499,908
P07741,P12268,780
P07741,P00491,996
P43657,Q99677,906
P43657,P00734,901
P43657,P11229,931
P43657,P08172,901
P49916,P12004,916
P49916,P78527,814
P49916,P09874,990
P49916,P18858,785
P49916,P06746,999
P49916,P11387,811
P49916,Q07864,879
Q05513,P27361,926
Q05513,Q13303,783
Q05513,P41743,989
Q05513,Q13164,942
Q05513,P31749,974
Q05513,P00533,707
Q05513,P15153,934
Q05513,P28482,919
Q05513,P67775,922
Q05513,P14598,856
Q05513,Q05655,780
Q05513,O15530,960
Q05513,P42336,925
Q05513,O00329,916
Q05513,P49841,955
Q05513,Q04206,760
Q05513,P42338,928
Q05513,P04637,933
Q05513,P62714,911
O14764,P14867,792
O14764,P30531,932
O14764,Q16445,801
O14764,P28472,959
O14764,P31644,747
O14764,Q9UBS5,866
O14764,O75899,815
O14764,P18507,768
O14764,P48169,973
O14764,Q8N1C3,769
O14764,P35498,729
O14764,O00305,799
O14764,P47869,720
O14764,Q07699,786
O14764,P18505,720
P04839,P12931,721
P04839,O60603,786
P04839,P05164,767
P04839,P47989,782
P04839,Q05655,930
P04839,Q16539,788
P04839,P00441,876
P04839,P53778,752
P04839,P10415,706
P04839,Q15080,999
P04839,P63000,888
P04839,P01375,721
P04839,P01584,746
P04839,P29474,702
P04839,P19878,999
P04839,P15153,999
P04839,P28482,926
P04839,P08253,957
P04839,P14598,999
P04839,P07333,782
P04839,O00206,902
P04839,Q15759,751
P04839,P30556,730
P04839,P29475,700
P04839,P13498,999
P04839,P27361,955
P04839,P19320,959
P04839,P31749,994
P04839,O15264,750
P04839,P14780,963
P51843,O95718,861
P51843,P05093,767
P51843,P62508,764
P51843,P10275,865
P51843,P11511,765
P51843,P05108,842
P51843,P37231,801
P09884,Q9NR33,985
P09884,P23921,836
P09884,P12004,987
P09884,P56282,996
P09884,P18858,761
P09884,Q14181,999
P09884,Q07864,997
P09884,Q9NRF9,985
P51172,P51170,912
P51172,Q8IWT1,738
P51172,P51168,928
P51172,P35499,758
P51172,O60939,779
P51172,Q14524,742
P51172,Q99250,731
P51172,Q9NY72,737
P51172,P37088,895
P51172,Q8TD43,734
P51172,Q07699,753
P51172,Q9Y5Y9,746
Q9Y5K3,P27361,905
Q9Y5K3,P49585,974
Q9Y5K3,P45984,906
Q9Y5K3,Q8TCT1,912
Q9Y5K3,P28482,905
Q9Y5K3,P45983,906
P12004,P49916,916
P12004,P04637,913
P12004,P09884,987
P12004,P26358,991
P12004,P23921,933
P12004,P38936,999
P12004,P09874,872
P12004,P11388,789
P12004,P31350,828
P12004,O00764,787
P12004,Q7LG56,702
P12004,Q14181,929
P12004,P04818,913
P12004,P18858,999
P12004,P56282,725
P12004,P06746,802
P12004,P24385,989
P12004,Q07864,988
P47989,P00491,997
P47989,P00390,733
P47989,P29475,923
P47989,P04839,782
P47989,O00206,820
P47989,P14598,700
P47989,P12821,724
P47989,P35354,704
P47989,P29474,828
P47989,P00813,761
P47989,P00492,945
P47989,Q96EN8,731
P47989,P22303,739
P25100,P30556,770
P25100,P35348,909
P25100,P35368,949
P51812,P03372,700
P51812,P11362,859
P51812,O15530,812
P51812,P16220,883
P51812,Q13164,951
P51812,P27361,984
P51812,P21802,703
P51812,P18848,954
P51812,P28482,989
Q9BY32,P00492,942
Q9BY32,P33402,911
Q9BY32,P54750,907
Q9BY32,P16499,900
Q9BY32,Q01064,911
Q9BY32,Q14432,902
Q9BY32,P23921,860
Q9BY32,P00813,785
Q9BY32,P21589,916
Q9BY32,Q9HCR9,901
Q9BY32,P31939,974
Q9BY32,Q13370,905
Q9BY32,Q14123,907
Q9BY32,P20839,957
Q9BY32,O76083,905
Q9BY32,Q13956,900
Q9BY32,O00408,913
Q9BY32,Q08828,901
Q9BY32,P51160,900
Q9BY32,P04818,941
Q9BY32,P18545,900
Q9BY32,P12268,971
Q9BY32,Q9Y233,901
Q9BY32,P35913,900
Q9BY32,P07741,989
Q9BY32,P16066,909
Q9BY32,O76074,904
P04278,Q92731,759
P04278,P03372,729
P04278,P11511,769
P42330,O60218,925
P42330,P49888,936
P42330,P18405,986
P42330,P05093,979
P42330,P31213,969
P42330,P43088,728
P42330,P11511,956
P42330,P51857,983
P42330,P41222,944
P42330,Q04828,995
P42330,P15121,911
P35348,P25100,909
P35348,P61073,795
P35348,P35368,957
Q9NYK1,Q9NR96,992
Q9NYK1,Q9NZQ7,752
Q9NYK1,P01579,867
Q9NYK1,P09429,897
Q9NYK1,Q9NR97,997
Q9NYK1,P19525,744
Q9NYK1,O00206,940
Q9NYK1,P01375,880
Q9NYK1,P01584,865
Q9NYK1,O15111,744
Q9NYK1,Q06187,772
Q9NYK1,P19838,817
P50453,P29466,792
P27815,O00408,742
P27815,Q08828,798
P27815,Q9Y233,742
P27815,P55263,920
P27815,P07741,909
P27815,P27707,904
P27815,P07550,783
P27815,P21589,709
P30825,Q86YN6,904
P30825,P11474,847
P30825,P43007,752
P30825,O95718,842
P30825,P62508,931
Q04828,P51857,983
Q04828,P05093,955
Q04828,P31213,949
Q04828,P42330,995
Q04828,P18405,975
O95718,P00533,848
O95718,P11474,824
O95718,P62508,748
O95718,P51843,861
O95718,P30825,842
P17936,P19793,931
P17936,P04637,901
P17936,P78527,822
P17936,P00747,874
P17936,P37231,850
P17936,P08253,801
P17936,P00533,981
P53805,P0DP23,775
P53805,O95644,790
P53805,P49841,842
P07101,P14416,841
P07101,P00374,916
P07101,P00505,942
P07101,P17174,939
P07101,P20711,995
P07101,P15121,922
P07101,Q01959,950
P07101,P42574,709
P07101,P27338,792
P07101,Q05940,966
P07101,P01303,830
P07101,Q96RQ9,908
P07101,P09172,973
P07101,P21964,789
P07101,P00439,826
P07101,P14679,963
P07101,P01100,741
P07101,O60218,921
P07101,Q99259,746
P07101,P21397,785
P07101,P21917,708
P07101,P17735,929
P07101,P07202,924
P07101,P23975,771
P23378,P00374,900
P23378,P13196,926
P23378,P21549,957
P23378,Q9BYV1,955
P23378,Q9Y617,735
P23378,P22557,927
P23378,Q99707,846
P23378,Q06203,716
P23378,P31939,756
P23378,P42898,930
P23378,P34897,998
P23378,Q05329,816
P23378,P34896,998
P23378,P04818,919
P23378,Q99259,827
P23378,P22102,968
Q14571,P0DP23,957
Q14571,P16615,722
Q14571,P05129,909
Q14571,P17252,919
Q14571,Q14643,943
Q14571,P05771,917
Q14571,Q14573,953
Q14571,Q06187,712
Q8TC12,Q9NYR8,747
Q8TC12,O75911,729
Q8TC12,Q6NUM9,928
Q8TC12,P00352,951
Q8TC12,P47895,956
Q8TC12,O95237,965
Q8TC12,Q92781,938
Q8TC12,O94788,949
Q8TC12,Q96NR8,903
Q8TC12,Q06278,914
Q9NZQ7,P01579,899
Q9NZQ7,P31749,720
Q9NZQ7,P00533,870
Q9NZQ7,P42345,711
Q9NZQ7,P15056,799
Q9NZQ7,P06239,715
Q9NZQ7,P12314,712
Q9NZQ7,P04626,798
Q9NZQ7,P60568,854
Q9NZQ7,P08581,743
Q9NZQ7,P61073,752
Q9NZQ7,P01584,735
Q9NZQ7,P01375,807
Q9NZQ7,Q9NYK1,752
Q9NZQ7,P04637,776
Q9NZQ7,P05089,721
Q9NZQ7,P40933,717
Q9NZQ7,P01137,781
P22102,Q06203,999
P22102,Q99707,961
P22102,P23378,968
P22102,P31939,999
P22102,P42898,737
P22102,P20839,773
P22102,P34897,999
P22102,P00374,989
P22102,P21549,805
P22102,P07741,879
P22102,P12268,811
P22102,P34896,999
P22102,P04818,895
Q8TDN2,Q13956,978
Q9HD40,Q96I15,715
Q70Z44,A5X5Y0,890
Q70Z44,O95264,986
Q70Z44,Q8WXA8,995
Q70Z44,P46098,995
Q09470,P78352,898
Q09470,P22001,966
Q09470,P35498,742
Q09470,O00555,892
Q09470,P17658,985
Q09470,O00305,777
Q09470,Q99250,840
Q09470,Q14722,995
Q09470,P22459,987
Q09470,P16389,995
Q09470,Q13303,995
Q09470,O15554,742
Q09470,Q9UQD0,850
Q09470,Q16322,728
Q7Z3S7,O95180,828
Q7Z3S7,O60359,915
Q7Z3S7,Q02641,930
Q7Z3S7,Q9BXT2,901
Q7Z3S7,Q00975,820
Q7Z3S7,Q9UBN1,937
Q7Z3S7,Q8WXS5,923
Q7Z3S7,P62942,720
Q7Z3S7,O43497,704
Q7Z3S7,Q13698,959
Q7Z3S7,Q08289,948
Q7Z3S7,P54289,928
Q7Z3S7,P54284,990
Q7Z3S7,Q9Y698,791
Q7Z3S7,Q15878,809
Q7Z3S7,O00555,932
Q7Z3S7,O00305,961
Q7Z3S7,Q13936,984
Q7Z3S7,P21817,754
Q7Z3S7,Q01668,971
Q7Z3S7,Q06432,962
Q7Z3S7,P62955,930
Q7Z3S7,O60840,980
P08912,P11229,905
P08912,P41594,946
P08912,P20309,933
P35462,P21728,801
P35462,P21917,943
P35462,Q01959,784
P35462,P21964,783
P35462,P31645,787
O43525,P63252,933
O43525,P15382,867
O43525,P0DP23,984
O43525,O43526,999
O43525,Q9UNX9,919
O43525,Q13303,730
O43525,Q9UQD0,823
O43525,P56696,956
O43525,Q9NR82,998
O43525,Q99250,859
O43525,P51787,934
O43525,P43681,752
O43525,Q07699,757
O43525,P48050,943
O43525,Q14722,747
O43525,P35498,845
O43525,Q14500,934
Q8TDS4,P01303,791
Q8TDS4,P49019,999
P62955,P42261,873
P62955,Q14957,772
P62955,P46098,722
P62955,Q05586,782
P62955,P54289,965
P62955,P48058,875
P62955,Q08289,801
P62955,P05129,843
P62955,Q13698,913
P62955,Q9BXT2,933
P62955,Q00975,787
P62955,O15399,795
P62955,Q02641,885
P62955,P42262,883
P62955,Q13224,767
P62955,Q12879,772
P62955,Q9NY47,837
P62955,O60359,939
P62955,O95180,798
P62955,O43497,789
P62955,P62942,733
P62955,Q8WXS5,944
P62955,Q9UBN1,951
P62955,Q13936,923
P62955,P42263,858
P62955,Q9UF02,751
P62955,O00305,936
P62955,O60840,919
P62955,Q01668,977
P62955,Q06432,976
P62955,P62714,703
P62955,P21817,732
P62955,P78352,865
P62955,Q7Z3S7,930
P62955,Q9Y698,801
P62955,P54284,942
P62955,Q8TCU5,804
P62955,Q15878,796
P62955,O60391,816
Q9UNX9,Q9NR82,930
Q9UNX9,Q14500,906
Q9UNX9,P56696,917
Q9UNX9,O43525,919
Q9UNX9,P48050,906
Q9UNX9,O43526,925
Q9UNX9,P51787,917
Q9UNX9,P63252,905
P48048,P55017,965
P48048,P51170,715
P48048,P37088,707
P48048,P51168,743
P48048,Q12791,802
P48048,Q13621,988
P48048,P13569,925
Q9NY72,Q15842,731
Q9NY72,Q9Y6H6,890
Q9NY72,P51170,742
Q9NY72,Q9Y6J6,760
Q9NY72,O95180,721
Q9NY72,O60939,995
Q9NY72,Q9UQD0,829
Q9NY72,Q8WWG9,715
Q9NY72,P35498,805
Q9NY72,P51172,737
Q9NY72,Q9Y5Y9,901
Q9NY72,P35499,949
Q9NY72,Q07699,866
Q9NY72,Q8TD43,877
Q9NY72,Q08289,846
Q9NY72,P51168,737
Q9NY72,Q15858,796
Q9NY72,P54289,712
Q9NY72,Q9UJ90,733
Q9NY72,Q8IWT1,984
Q9NY72,Q9NY46,828
Q9NY72,Q9UI33,739
Q9NY72,P37088,744
Q9NY72,Q14524,968
Q9NY72,Q99250,950
Q9NY72,Q01118,973
Q9NY72,Q9UK17,741
Q9NY72,Q13936,792
P09172,P00439,720
P09172,P21917,784
P09172,P23975,723
P09172,Q16853,902
P09172,P21397,987
P09172,P27338,984
P09172,P01303,778
P09172,Q05940,702
P09172,P14416,748
P09172,P08913,711
P09172,P07101,973
P09172,Q01959,815
P09172,P20711,984
P09172,P21964,979
P21728,P42261,740
P21728,Q12879,772
P21728,Q9Y5N1,782
P21728,P31645,763
P21728,Q9NYX4,952
P21728,P43681,709
P21728,P21964,715
P21728,Q01959,906
P21728,P35462,801
P21728,P21918,818
P21728,P78352,735
P21728,P30542,702
P23743,O14939,805
P23743,P16233,707
P23743,Q13393,746
P07225,P38435,991
P07225,P04070,859
P07225,Q9BQB6,864
P07225,P02671,764
P07225,P01008,743
P07225,P05546,801
Q02641,Q06432,997
Q02641,Q01668,990
Q02641,P21817,746
Q02641,O60840,886
Q02641,P62955,885
Q02641,Q9UF02,810
Q02641,Q13936,988
Q02641,O00555,919
Q02641,Q15878,882
Q02641,Q9Y698,847
Q02641,P54284,937
Q02641,Q7Z3S7,930
Q02641,Q13698,995
Q02641,P54289,999
Q02641,Q08289,942
Q02641,Q9UBN1,928
Q02641,Q8WXS5,900
Q02641,O43497,779
Q02641,Q9NY47,947
Q02641,O60359,912
Q02641,O95180,761
Q02641,Q8IZS8,926
Q02641,Q00975,982
P07098,P33121,703
P07098,P16233,998
O60658,P27707,913
O60658,P07741,901
O60658,O95263,937
O60658,P55263,905
P24298,P06276,829
P24298,P01579,707
P24298,Q8TD30,921
P24298,P00734,918
P24298,Q02218,859
P24298,P12821,720
P24298,P01584,774
P24298,P01375,791
P24298,Q07869,702
P24298,P21549,957
P24298,P04035,805
P24298,Q9BYV1,929
P24298,P00505,978
P24298,P17174,981
P13196,P22557,905
P13196,Q9BYV1,915
P13196,P21549,923
P13196,P34897,925
P13196,P23378,926
P13196,P11474,795
P13196,P34896,929
P13196,Q86YN6,790
Q9BQB6,P00734,836
Q9BQB6,P10632,809
Q9BQB6,P07225,864
Q9BQB6,P38435,998
Q9BQB6,Q9Y6L6,784
Q15274,Q8N5Z0,706
Q15274,Q16719,866
P45983,P25963,782
P45983,P15153,953
P45983,P28482,747
P45983,Q15759,913
P45983,P35222,719
P45983,P55211,727
P45983,P49585,909
P45983,P01100,986
P45983,P45984,999
P45983,P11142,932
P45983,P24385,724
P45983,P00533,830
P45983,P31749,706
P45983,O15264,910
P45983,P14780,735
P45983,P42345,702
P45983,P18847,757
P45983,P15336,998
P45983,P01133,719
P45983,Q04206,975
P45983,P12931,959
P45983,P04637,997
P45983,P05412,999
P45983,P06401,921
P45983,P07900,732
P45983,P16220,762
P45983,Q04759,913
P45983,Q05655,918
P45983,Q02156,917
P45983,P42574,943
P45983,Q16539,955
P45983,Q13315,792
P45983,P19838,987
P45983,Q14457,769
P45983,P53778,911
P45983,P10415,979
P45983,Q9Y5K3,906
P45983,P63000,877
P45983,P01584,845
P45983,P01375,890
P45983,O95644,951
P45983,P09211,974
P45983,P10636,757
P45983,P38936,808
P45983,Q92731,923
P45983,P03372,964
Q14123,P00492,900
Q14123,P33402,741
Q14123,P54750,960
Q14123,P27707,906
Q14123,Q01064,957
Q14123,Q08828,726
Q14123,Q9BY32,907
Q14123,P55263,909
Q14123,P0DP23,979
Q14123,P16066,720
Q14123,P07741,911
P11511,P10275,787
P11511,P51857,922
P11511,Q92731,925
P11511,P03372,927
P11511,P06401,883
P11511,P31213,961
P11511,P05093,971
P11511,P51843,765
P11511,P31749,748
P11511,P22888,810
P11511,P42330,956
P11511,P24385,712
P11511,Q99527,712
P11511,P18405,972
P11511,P49888,959
P11511,P04278,769
P11511,P04626,809
P80404,Q9BYV1,939
P80404,Q6ZQY3,949
P80404,Q06278,905
P80404,Q9NR19,829
P80404,Q05329,976
P80404,P51649,994
P80404,Q99259,975
P80404,P05091,945
P10828,P04637,705
P10828,P42338,907
P10828,P19793,993
P10828,P10827,938
P10828,O15379,776
P10828,P42336,908
P10828,O00329,900
P10828,P28482,912
P10828,Q15596,993
P10828,P27361,916
P10828,P48443,788
Q7RTT9,Q05940,932
P35367,Q8NER1,827
P35367,P19113,798
Q99527,P11511,712
Q99527,P01303,758
Q99527,P00533,843
Q99527,Q92731,943
Q99527,P03372,953
Q99527,P35372,732
Q99527,P06401,717
Q99527,P12931,948
Q15080,P19878,999
Q15080,Q05655,931
Q15080,Q16539,765
Q15080,P05771,926
Q15080,P53778,722
Q15080,P63000,926
Q15080,P13498,999
Q15080,P15153,999
Q15080,P28482,924
Q15080,P04839,999
Q15080,P08253,912
Q15080,P14598,999
Q15080,Q15759,717
Q15080,O15264,729
Q15080,P14780,936
Q15080,P31749,993
Q15080,P27361,938
Q15080,P19320,920
P07998,P99999,964
P07998,P00709,709
P10415,P60568,758
P10415,P00441,998
P10415,P09874,917
P10415,P01106,955
P10415,P29466,817
P10415,Q16539,701
P10415,Q13315,712
P10415,P19838,818
P10415,Q14457,999
P10415,P42574,987
P10415,P38936,820
P10415,O14920,727
P10415,Q14573,993
P10415,P03372,897
P10415,O15111,813
P10415,P01375,885
P10415,P01584,808
P10415,P61073,759
P10415,P04049,892
P10415,P12931,860
P10415,P49841,731
P10415,Q04206,898
P10415,P99999,997
P10415,P04637,999
P10415,P05412,927
P10415,P04150,767
P10415,P07900,929
P10415,P30405,961
P10415,P16220,925
P10415,P62714,904
P10415,Q16665,946
P10415,P24385,958
P10415,P45984,957
P10415,P01579,795
P10415,P27361,985
P10415,P01100,784
P10415,P14780,804
P10415,Q14643,996
P10415,P00533,839
P10415,P31749,993
P10415,P42345,765
P10415,P15056,761
P10415,P08253,716
P10415,P45983,979
P10415,O00206,724
P10415,P67775,962
P10415,P04626,849
P10415,P35354,745
P10415,P25963,730
P10415,P28482,969
P10415,P04839,706
P10415,P18850,716
P10415,P10721,707
P10415,P08758,899
P10415,P11021,738
P10415,P35222,781
P10415,P55211,946
P09211,P09488,808
P09211,P10632,794
P09211,P45983,974
P09211,P40394,723
P09211,P00533,713
P09211,P00390,952
P09211,P42898,725
P09211,P05412,927
P09211,P00441,718
P09211,P09210,829
O14788,P07333,987
O14788,P00533,756
O14788,P31749,751
O14788,P14780,757
O14788,P01100,856
O14788,Q13488,752
O14788,P12931,876
O14788,P05412,738
O14788,P01375,831
O14788,P01584,854
O14788,O95644,945
O14788,P30988,779
O14788,P19838,768
Q9NUV7,P17405,794
Q9NUV7,Q96GA7,840
Q9NUV7,Q9GZT4,834
Q9NUV7,P21549,874
Q9NUV7,P34897,841
Q9NUV7,O15269,998
Q9NUV7,P20132,846
Q9NUV7,P34896,843
Q9NUV7,P02763,912
Q9NUV7,O15270,942
Q9NUV7,Q16739,822
P15382,Q9UK17,748
P15382,Q13936,803
P15382,Q8IWT1,856
P15382,P51787,999
P15382,Q9UJ90,905
P15382,Q92736,767
P15382,Q12809,994
P15382,Q14524,977
P15382,P63252,891
P15382,P48544,799
P15382,Q03721,733
P15382,O43525,867
P15382,O43526,849
P15382,P22460,710
P15382,Q9NZV8,760
P15382,Q8WWG9,914
P15382,P56696,879
P15382,Q9Y6H6,971
P31644,P18505,834
P31644,P47870,788
P31644,Q8N1C3,766
P31644,O75899,835
P31644,P18507,776
P31644,Q9UBS5,848
P31644,P28472,808
P31644,P34903,851
P31644,P14867,749
P31644,O14764,747
P31644,P30531,880
P31644,Q99928,766
P62942,P62937,706
P62942,P0DP23,994
P62942,Q13698,918
P62942,Q08289,722
P62942,P54289,721
P62942,O95180,728
P62942,O60359,728
P62942,Q9BXT2,721
P62942,Q9UBN1,723
P62942,Q8WXS5,733
P62942,P42345,999
P62942,P31749,734
P62942,Q14643,743
P62942,Q92736,982
P62942,O00305,732
P62942,Q13936,856
P62942,P21817,999
P62942,Q01668,720
P62942,Q06432,723
P62942,P62955,733
P62942,P01137,873
P62942,O60840,725
P62942,P54284,722
P62942,Q9Y698,723
P62942,Q7Z3S7,720
P31152,Q16659,838
P14555,P09917,810
P14555,P04054,709
P14555,P27361,738
P14555,P47712,918
P14555,P09960,745
P14555,P23219,797
P14555,O14939,707
P14555,P35354,924
Q9Y4U1,Q99707,962
Q9Y4U1,P22033,910
Q9Y4U1,Q8IVH4,947
Q9Y4U1,Q9UBK8,881
Q04206,P09429,720
Q04206,P35222,920
Q04206,P11021,715
Q04206,P37231,998
Q04206,Q92769,986
Q04206,P35354,737
Q04206,P67775,949
Q04206,O00206,966
Q04206,P45983,975
Q04206,P28482,717
Q04206,P25963,999
Q04206,P15153,922
Q04206,P00533,701
Q04206,P31749,780
Q04206,P45984,954
Q04206,Q05513,760
Q04206,P24385,791
Q04206,P01100,917
Q04206,Q00653,999
Q04206,P19793,781
Q04206,P16220,986
Q04206,Q13547,998
Q04206,P06401,702
Q04206,Q16665,989
Q04206,P62714,935
Q04206,O60603,956
Q04206,P13500,987
Q04206,P04637,955
Q04206,P05412,986
Q04206,P04150,850
Q04206,P18847,716
Q04206,O14920,999
Q04206,P03372,978
Q04206,P38936,745
Q04206,O15379,764
Q04206,O15111,999
Q04206,P01375,997
Q04206,P01584,990
Q04206,P04049,925
Q04206,P09874,891
Q04206,P01106,852
Q04206,P60568,839
Q04206,P10415,898
Q04206,Q16539,798
Q04206,P19838,999
Q04206,Q04759,934
P01303,Q16568,889
P01303,P08908,831
P01303,P43115,706
P01303,P01100,727
P01303,P07101,830
P01303,P14416,833
P01303,P28222,807
P01303,P28221,725
P01303,P30542,735
P01303,P09172,778
P01303,P07550,797
P01303,P30559,793
P01303,P35372,775
P01303,Q8TDS4,791
P01303,O75899,721
P01303,Q99705,817
P01303,Q9UBS5,785
P01303,P11229,738
P01303,Q99259,705
P01303,P08172,731
P01303,P30939,715
P01303,P25101,716
P01303,Q99527,758
P38936,P19838,751
P38936,Q13315,807
P38936,P42574,996
P38936,P01106,981
P38936,P09874,856
P38936,P10415,820
P38936,Q9UBN7,775
P38936,P03372,842
P38936,P61024,926
P38936,P18847,737
P38936,P99999,799
P38936,P05412,831
P38936,P04637,999
P38936,Q04206,745
P38936,P12004,999
P38936,P07900,909
P38936,Q13547,903
P38936,P01100,753
P38936,P51692,887
P38936,P24385,999
P38936,P31749,995
P38936,P00533,752
P38936,P28482,732
P38936,P45983,808
P38936,P00519,878
P38936,P55211,713
P11474,P16220,720
P11474,P62508,927
P11474,P99999,861
P11474,O95718,824
P11474,P03372,888
P11474,P30825,847
P11474,P13196,795
P11474,P37231,898
P11474,Q86YN6,997
P11474,Q15596,741
Q9P0X4,Q13936,736
Q9P0X4,P35498,796
Q9P0X4,Q92731,911
Q9P0X4,P0DP23,940
Q9P0X4,Q08289,778
Q9P0X4,P29475,919
Q9P0X4,Q9UQD0,795
Q9P0X4,O95180,979
Q9P0X4,O43497,963
Q15822,P43681,939
Q15822,P36544,930
Q15822,Q9UGM1,916
Q15822,P17787,948
Q15822,Q05901,919
Q15822,O75899,767
Q15822,Q15825,763
Q15822,P32297,915
Q15822,P30926,918
Q15822,P02708,726
P16930,P17735,935
Q07869,P13945,739
Q07869,P04035,856
Q07869,P00505,778
Q07869,P33121,820
Q07869,P01375,810
Q07869,P01584,711
Q07869,P23786,859
Q07869,Q16654,740
Q07869,P05412,979
Q07869,Q16665,761
Q07869,P07900,811
Q07869,P19793,999
Q07869,P30405,761
Q07869,Q8NER1,718
Q07869,P49327,784
Q07869,Q03181,887
Q07869,P28702,932
Q07869,P50416,920
Q07869,Q15596,909
Q07869,O95477,877
Q07869,P48443,889
Q07869,O43772,715
Q07869,P31749,700
Q07869,Q86YN6,891
Q07869,P35354,729
Q07869,P24298,702
Q13946,Q08828,719
Q13946,P07741,909
Q13946,Q9Y233,741
Q13946,P55263,925
Q13946,P21589,769
Q13946,P27707,905
P02787,P00734,725
P02787,P02763,731
P02787,P01023,820
Q9BQ31,P16389,708
Q9BQ31,Q14722,811
Q9BQ31,Q13303,739
Q9BQ31,Q14721,964
P18825,P23975,718
P18825,P08913,781
P18825,Q01959,797
Q15858,O95180,712
Q15858,Q9UQD0,743
Q15858,O43526,758
Q15858,P18507,864
Q15858,Q9NY46,939
Q15858,Q8IWT1,878
Q15858,P0DP23,778
Q15858,O60939,995
Q15858,P35498,736
Q15858,Q07699,998
Q15858,Q9Y5Y9,740
Q15858,Q8TD43,763
Q15858,Q8NER1,769
Q15858,Q99250,943
Q15858,Q9NY72,796
Q15858,Q01118,711
P61073,P09038,795
P61073,P20701,811
P61073,P27487,985
P61073,P09429,932
P61073,P10721,833
P61073,P00734,918
P61073,P04626,729
P61073,O00206,824
P61073,P14210,812
P61073,P17948,702
P61073,Q9NZQ7,752
P61073,P31749,750
P61073,P14780,844
P61073,P01579,711
P61073,P19320,978
P61073,P24385,706
P61073,Q16665,915
P61073,P13500,998
P61073,O60603,894
P61073,P09619,707
P61073,P01137,794
P61073,P07900,746
P61073,P01133,825
P61073,P12931,864
P61073,P07550,826
P61073,P25024,857
P61073,P01584,838
P61073,P01375,814
P61073,P35348,795
P61073,P03372,702
P61073,P08581,797
P61073,P19838,734
P61073,P02776,895
P61073,P10415,759
P54219,Q05940,904
Q9H2X9,Q16620,711
Q9H2X9,Q05329,704
Q9H2X9,P14867,858
Q9H2X9,Q12879,701
P16220,P31749,965
P16220,P11474,720
P16220,P51812,883
P16220,P51692,739
P16220,P24385,949
P16220,P01100,998
P16220,P27361,987
P16220,Q12879,746
P16220,Q13224,821
P16220,P17252,803
P16220,P35222,950
P16220,P05129,758
P16220,P0DP23,891
P16220,Q92769,769
P16220,P45983,762
P16220,O00206,749
P16220,P28482,962
P16220,P18850,701
P16220,P18848,959
P16220,Q92731,746
P16220,P03372,757
P16220,P18846,947
P16220,O95644,789
P16220,P01106,789
P16220,P10415,925
P16220,Q16539,706
P16220,P05771,757
P16220,Q13315,735
P16220,P19838,773
P16220,P17544,708
P16220,Q13547,877
P16220,Q16665,833
P16220,Q16620,771
P16220,P04637,998
P16220,P05412,998
P16220,P49841,988
P16220,Q04206,986
P16220,P04150,924
P16220,P15336,986
P16220,P18847,841
Q02218,P21549,841
Q02218,P17174,900
Q02218,P00505,937
Q02218,Q96RQ9,812
Q02218,P51649,923
Q02218,O75390,941
Q02218,P24298,859
Q02218,Q8TD30,856
Q02218,P00390,707
Q02218,P40926,845
Q02218,P04424,833
P13631,P19793,945
P13631,P10276,958
P13631,P10826,911
P13631,P48443,959
P13631,P28702,946
Q9BYF1,P01579,724
Q9BYF1,P27487,999
Q9BYF1,P11021,948
Q9BYF1,P30556,996
Q9BYF1,P12821,956
Q9BYF1,O00206,714
Q9BYF1,P01584,764
Q9BYF1,P01375,770
Q9BYF1,P00797,960
Q9BYF1,P60568,963
Q9BYF1,P13500,712
O95644,P01100,942
O95644,P27361,947
O95644,P53805,790
O95644,Q96LZ3,948
O95644,P45984,937
O95644,Q8N8Y2,731
O95644,O14788,945
O95644,P28482,927
O95644,P0DP23,786
O95644,P45983,951
O95644,P19838,798
O95644,P60568,775
O95644,P30988,781
O95644,P05412,963
O95644,P49841,953
O95644,P16220,789
Q9Y5Y9,O60939,932
Q9Y5Y9,Q14524,853
Q9Y5Y9,Q99250,752
Q9Y5Y9,P07355,815
Q9Y5Y9,P37088,750
Q9Y5Y9,Q9NY72,901
Q9Y5Y9,Q07699,950
Q9Y5Y9,Q8NER1,806
Q9Y5Y9,Q8TD43,856
Q9Y5Y9,O95180,713
Q9Y5Y9,P51172,746
Q9Y5Y9,P51170,753
Q9Y5Y9,Q8IWT1,926
Q9Y5Y9,P35499,753
Q9Y5Y9,P54289,710
Q9Y5Y9,Q15858,740
Q9Y5Y9,P51168,753
P29350,Q06187,953
P29350,P42336,920
P29350,O00329,926
P29350,P41240,743
P29350,Q04759,948
P29350,Q05655,760
P29350,P35968,972
P29350,P42338,919
P29350,P12931,917
P29350,Q05209,742
P29350,P00533,919
P29350,P06239,926
P29350,P51692,730
P29350,P06241,810
P29350,P27361,938
P29350,P07948,953
P29350,P10721,856
P29350,P28482,933
P20020,P0DP23,781
P20020,P16615,793
P14867,P28472,993
P14867,O14764,792
P14867,O95180,707
P14867,P78334,760
P14867,Q12879,734
P14867,Q16445,818
P14867,Q99928,832
P14867,Q9UN88,867
P14867,Q8N1C3,811
P14867,Q9UBS5,873
P14867,P31644,749
P14867,P18507,998
P14867,O75899,901
P14867,Q99259,774
P14867,Q9H2X9,858
P14867,P35498,817
P14867,P18505,970
P14867,Q07699,765
P14867,O00305,772
P14867,P47869,854
P14867,O00591,710
P14867,P47870,996
P11362,P32004,898
P11362,P07900,740
P11362,P01133,926
P11362,P42338,933
P11362,O00329,924
P11362,P42336,977
P11362,O95750,991
P11362,P05230,999
P11362,P22455,967
P11362,P08620,999
P11362,P29274,718
P11362,P35222,947
P11362,P09038,999
P11362,P30968,758
P11362,P04626,737
P11362,P21802,853
P11362,P16234,715
P11362,P14210,814
P11362,Q9NR96,701
P11362,P08908,951
P11362,P51812,859
O95069,O00180,975
P45984,P15336,972
P45984,P04637,982
P45984,P05412,999
P45984,Q04206,954
P45984,P12931,954
P45984,P06401,908
P45984,P42574,775
P45984,Q16539,942
P45984,P19838,943
P45984,Q04759,910
P45984,Q05655,912
P45984,Q02156,910
P45984,Q9Y5K3,906
P45984,P53778,909
P45984,P10415,957
P45984,O95644,937
P45984,P03372,927
P45984,Q92731,915
P45984,P15153,928
P45984,Q15759,908
P45984,P45983,999
P45984,P01100,977
P45984,P49585,907
P45984,P11142,914
P45984,O15264,941
P35372,Q99720,805
P35372,P09488,719
P35372,Q99527,732
P35372,P41143,967
P35372,P25103,742
P35372,P21964,870
P35372,P41594,703
P35372,Q8NER1,718
P35372,Q01959,704
P35372,P01303,775
P35372,P07550,743
P19652,P01023,808
P19652,P02679,721
P19652,P02763,999
P19652,P02671,751
P00374,O60218,909
P00374,P22102,989
P00374,P00439,930
P00374,P34896,995
P00374,P04818,999
P00374,P04637,785
P00374,P23378,900
P00374,Q99707,978
P00374,P31939,987
P00374,P42898,843
P00374,P34897,992
P00374,P07101,916
P00374,P15121,974
P35499,P22001,710
P35499,O60939,923
P35499,Q8TD43,766
P35499,Q9Y5Y9,753
P35499,Q06432,820
P35499,Q07699,999
P35499,Q9NY72,949
P35499,P37088,914
P35499,Q14524,848
P35499,Q99250,944
P35499,P51170,906
P35499,O43497,701
P35499,Q9Y6H6,799
P35499,Q9UQD0,764
P35499,P51172,758
P35499,P51168,915
P35499,P0DP23,989
P35499,Q8IWT1,978
P35499,Q12809,746
P35499,Q9NY46,909
P35499,P63252,824
Q07699,Q9Y6J6,786
Q07699,O60939,999
Q07699,P35498,996
Q07699,Q8WWG9,736
Q07699,O43525,757
Q07699,Q9Y5Y9,950
Q07699,Q8TD43,880
Q07699,Q99250,991
Q07699,Q14524,998
Q07699,Q9UI33,907
Q07699,P37088,925
Q07699,Q9NY72,866
Q07699,Q13936,880
Q07699,Q01118,976
Q07699,Q9Y6H6,885
Q07699,Q15842,720
Q07699,O43497,722
Q07699,P51170,903
Q07699,Q96PR1,756
Q07699,O14764,786
Q07699,O95180,748
Q07699,P14867,765
Q07699,P51172,753
Q07699,Q9UQD0,970
Q07699,O43526,783
Q07699,P35499,999
Q07699,Q14003,745
Q07699,Q15858,998
Q07699,P51168,908
Q07699,Q08289,828
Q07699,P18507,947
Q07699,Q9NY46,998
Q07699,Q8IWT1,998
Q07699,Q9UJ90,715
Q07699,Q9UK17,885
Q9Y2D1,P17544,751
Q9Y2D1,P18850,932
Q9Y2D1,Q9UBS5,771
Q13002,Q14957,714
Q13002,P42261,751
Q13002,Q05586,770
Q13002,Q12879,718
Q13002,Q13224,813
Q13002,P42262,767
Q13002,Q8WXS5,763
Q13002,Q16099,992
Q13002,P39086,998
Q13002,Q9Y698,747
Q13002,Q16478,999
Q13002,Q13003,985
Q13002,P78352,998
Q9UGI9,Q9Y478,999
Q9UGI9,P13569,901
Q9UGI9,Q9UGJ0,946
Q9UGI9,P31939,824
Q9UGI9,Q13131,997
Q9UGI9,P54646,997
Q9UGI9,P21589,715
Q9UGI9,P04035,928
Q9UGI9,O75390,749
Q9UGI9,P42345,924
Q9UGI9,P54619,957
Q9UGI9,O43741,999
Q9UGI9,P11217,708
P01375,P19838,999
P01375,Q16539,839
P01375,P42574,939
P01375,P10415,885
P01375,P60568,957
P01375,P02776,714
P01375,P01106,702
P01375,P29466,904
P01375,P08620,768
P01375,P09874,735
P01375,P61073,814
P01375,O15111,999
P01375,P00797,703
P01375,P01584,998
P01375,P07550,718
P01375,O14920,999
P01375,Q07869,810
P01375,P04150,745
P01375,P01133,793
P01375,P16109,741
P01375,P05089,777
P01375,P12931,904
P01375,Q9NYK1,880
P01375,Q04206,997
P01375,P99999,810
P01375,P05412,989
P01375,P01911,842
P01375,P04637,865
P01375,O60603,951
P01375,P13500,978
P01375,Q16665,818
P01375,P05164,832
P01375,P35228,858
P01375,P40933,885
P01375,P01137,941
P01375,P01579,991
P01375,Q00653,772
P01375,P27361,922
P01375,P01100,728
P01375,P19320,923
P01375,P16581,872
P01375,P00749,751
P01375,P14780,930
P01375,Q9NR96,896
P01375,P31749,907
P01375,P00533,890
P01375,O14788,831
P01375,Q9NZQ7,807
P01375,P25963,967
P01375,P00734,760
P01375,P04839,721
P01375,P19525,796
P01375,P28482,757
P01375,O00206,969
P01375,P45983,890
P01375,P08253,729
P01375,Q9Y6Y9,716
P01375,P35354,916
P01375,P12821,720
P01375,P0DP23,820
P01375,Q9BYF1,770
P01375,P37231,807
P01375,P20701,710
P01375,P55211,816
P01375,P09038,732
P01375,P35222,715
P01375,P09429,753
P01375,P08758,758
P01375,Q9NR97,740
P01375,P01023,828
P01375,P24298,791
P30556,P29474,784
P30556,P30518,796
P30556,P07550,873
P30556,P00797,969
P30556,P41595,746
P30556,Q9BYF1,996
P30556,P25100,770
P30556,P04839,730
P30556,P00734,920
P30556,P43088,783
P30556,P12821,974
P30556,P12931,704
P04156,P11021,954
P04156,Q13698,900
P04156,O15399,779
P04156,P06241,990
P04156,Q00975,906
P04156,O60840,902
P04156,P07900,760
P04156,P28074,758
P04156,Q01668,905
P04156,Q13936,910
P04156,P49841,937
P04156,P41594,953
P04156,P10636,884
P04156,P00441,740
Q16773,Q16881,920
Q16773,P00505,979
Q16773,P17174,943
Q16773,Q16719,986
Q16773,Q96GA7,824
Q16773,Q99707,929
Q16773,P32929,963
Q16773,Q6YP21,909
Q16773,P20132,851
Q16773,Q8N5Z0,999
P17544,P01100,983
P17544,Q9Y2D1,751
P17544,P05412,974
P17544,P15336,825
P17544,P16220,708
P08172,P01303,731
P08172,P17787,709
P08172,Q99677,902
P08172,P43657,901
P08172,P11229,908
P08172,P47869,812
Q15596,Q03181,724
Q15596,P28702,951
Q15596,P48443,986
Q15596,P11474,741
Q15596,P37231,998
Q15596,P10828,993
Q15596,P10827,868
Q15596,Q92731,993
Q15596,P03372,999
Q15596,Q07869,909
Q15596,P10275,999
Q15596,P35869,705
Q15596,P04150,998
Q15596,Q14994,911
Q15596,P19793,999
Q15596,P10276,992
Q15596,P06401,911
P04049,P42336,972
P04049,O00329,932
P04049,P05771,908
P04049,P19838,940
P04049,Q05655,912
P04049,Q02156,932
P04049,P01106,755
P04049,P10415,892
P04049,P09619,742
P04049,P07900,985
P04049,P49841,922
P04049,Q04206,925
P04049,P42338,939
P04049,P12931,954
P04049,P15056,999
P04049,P00533,848
P04049,P31749,992
P04049,P27361,962
P04049,P11142,776
P04049,P05129,903
P04049,P17252,917
P04049,P28482,975
P04049,P67775,787
P55017,P51168,826
P55017,P51170,804
P55017,P37088,858
P55017,P48048,965
P55017,P00797,846
Q9UBK8,P22033,775
Q9UBK8,Q99707,999
Q9UBK8,P32929,757
Q9UBK8,P42898,981
Q9UBK8,Q8IVH4,885
Q9UBK8,Q9Y4U1,881
Q9UBK8,P34896,929
Q9UBK8,P04818,789
Q03431,P0DP23,732
P20711,P07202,918
P20711,Q9NVS9,895
P20711,P19801,972
P20711,P17735,931
P20711,P21397,986
P20711,Q16853,904
P20711,P00439,983
P20711,P14679,962
P20711,P31645,756
P20711,P21964,981
P20711,Q96RQ9,914
P20711,P09172,984
P20711,P27338,987
P20711,Q05940,967
P20711,Q01959,862
P20711,P07101,995
P20711,P00505,926
P20711,P17174,931
P03372,P01133,802
P03372,P04150,896
P03372,Q04206,978
P03372,P12931,999
P03372,P04637,992
P03372,P05412,999
P03372,P06401,974
P03372,Q16665,948
P03372,P07900,999
P03372,Q13547,998
P03372,P16220,757
P03372,Q16539,954
P03372,P19838,957
P03372,P53778,923
P03372,P10415,897
P03372,P09874,746
P03372,P41240,810
P03372,P01106,982
P03372,P78527,717
P03372,P42336,941
P03372,P01584,820
P03372,O15111,735
P03372,P61073,702
P03372,P29474,773
P03372,P35869,906
P03372,P10275,981
P03372,P38936,842
P03372,P11511,927
P03372,Q92731,998
P03372,P04278,729
P03372,P28482,987
P03372,P45983,964
P03372,P12314,820
P03372,P0DP23,995
P03372,P21802,774
P03372,Q92769,903
P03372,Q15759,925
P03372,P04626,976
P03372,P37231,794
P03372,P35222,965
P03372,P04629,720
P03372,Q99527,953
P03372,P49327,792
P03372,P22888,731
P03372,P01100,999
P03372,P27361,981
P03372,P04155,978
P03372,P11142,919
P03372,P45984,927
P03372,P24385,997
P03372,P51812,700
P03372,Q15596,999
P03372,P11474,888
P03372,P30559,751
P03372,Q9UBC3,783
P03372,Q15185,935
P03372,P00533,988
P03372,P31749,913
P03372,O15264,922
P03372,P14780,772
P03372,P15056,746
P03372,Q8WUI4,707
P03372,P42345,745
P03372,Q86YN6,895
A5X5Y0,Q70Z44,890
A5X5Y0,O95264,813
A5X5Y0,Q8WXA8,962
A5X5Y0,P46098,979
A5X5Y0,P42263,715
Q8TCT1,P49585,927
Q8TCT1,Q9Y5K3,912
Q8TCT1,P22303,904
P36544,Q15822,930
P36544,P17787,923
P36544,P30926,924
P36544,P32297,918
P36544,Q15825,776
P36544,Q9UGM1,919
P36544,P43681,925
P36544,Q05901,777
Q9Y691,O15554,925
Q9Y691,Q86W47,935
Q9Y691,Q92952,933
Q9Y691,Q9UGI6,931
Q9Y691,Q9NPA1,911
Q9Y691,Q12791,970
Q9Y691,Q9H2S1,919
Q9Y691,Q01668,733
Q9Y691,Q16558,929
P09467,P40926,728
P09467,Q16665,713
Q99677,P11229,904
Q99677,P43657,906
Q99677,P00734,901
Q99677,P08172,902
P29218,O14732,987
Q9UKV0,Q9BY41,740
Q9UKV0,P0DP23,734
Q9UKV0,O15379,759
Q9UKV0,Q9UBN7,715
Q9UKV0,Q16665,783
Q9UKV0,Q13547,982
Q9UKV0,P56524,715
P17252,P01100,946
P17252,Q13393,960
P17252,P27361,956
P17252,P47712,858
P17252,Q13224,747
P17252,O15554,918
P17252,Q9H6Z9,906
P17252,P08100,768
P17252,Q08828,801
P17252,P05106,723
P17252,P15056,937
P17252,P19634,916
P17252,P42345,969
P17252,P00533,932
P17252,Q14643,937
P17252,P28482,931
P17252,P10721,912
P17252,Q9UGI6,912
P17252,P25963,713
P17252,P0DP23,730
P17252,P07948,914
P17252,P42261,706
P17252,P67775,928
P17252,P14598,969
P17252,P35222,748
P17252,P05129,984
P17252,P37231,808
P17252,Q13698,919
P17252,Q01959,913
P17252,P42574,948
P17252,Q96KS0,929
P17252,P05771,963
P17252,P19838,716
P17252,Q05655,967
P17252,Q02156,765
P17252,P78352,957
P17252,O15530,943
P17252,Q9H2S1,907
P17252,O00555,915
P17252,P04049,917
P17252,Q15904,900
P17252,Q14573,934
P17252,O14939,952
P17252,P15336,708
P17252,Q92952,907
P17252,P04637,700
P17252,Q13936,953
P17252,P12931,867
P17252,P62714,920
P17252,Q9GZT9,911
P17252,Q01668,917
P17252,Q14571,919
P17252,P16220,803
P17252,O60840,926
P21802,P03372,774
P21802,P05230,999
P21802,P11362,853
P21802,P42336,908
P21802,O95750,969
P21802,O00329,727
P21802,P08620,999
P21802,Q13315,705
P21802,P06401,854
P21802,P12931,958
P21802,P42338,754
P21802,P01133,936
P21802,Q9NR96,704
P21802,P14210,906
P21802,P51812,703
P21802,P51692,787
P21802,P09038,999
P21802,P04626,744
P54750,Q01064,911
P54750,P27707,906
P54750,P33402,782
P54750,P00492,901
P54750,Q9BY32,907
P54750,Q08828,754
P54750,P0DP23,985
P54750,P55263,909
P54750,P07741,911
P54750,Q14123,960
P54750,P16066,745
Q6FHJ7,P35222,771
P18507,Q07699,947
P18507,P18505,870
P18507,Q99250,774
P18507,P47869,793
P18507,P47870,989
P18507,P35498,952
P18507,P48169,929
P18507,O43526,709
P18507,Q15858,864
P18507,Q9UN88,789
P18507,Q8N1C3,868
P18507,P31644,776
P18507,Q9UBS5,879
P18507,O75899,830
P18507,P34903,762
P18507,P28472,990
P18507,O14764,768
P18507,P14867,998
P18507,O95180,736
P18507,Q9UQD0,726
P18507,Q99928,732
P18507,P30531,724
P11388,P04637,843
P11388,Q13547,809
P11388,P12004,789
P11388,Q969P6,964
P11388,O15392,976
P11388,P78527,793
P11388,P09874,742
P11388,P31350,956
P11388,P23921,882
P11388,Q02880,973
P11388,P35222,736
P11388,P11387,994
P11388,P04818,960
P23415,P48167,812
P19801,P20711,972
P19801,P27338,971
P19801,Q96RQ9,905
P19801,P19113,963
P19801,P21397,970
P19801,P05091,939
P19801,P11926,964
Q8NHE4,P38606,973
Q8NHE4,Q9Y5K8,971
Q8NHE4,Q13488,840
Q8NHE4,Q8NEY4,950
Q8NHE4,P21281,951
Q8NHE4,Q9UI12,986
Q8NHE4,Q9Y487,855
Q8NHE4,Q96LB4,882
Q8NHE4,P20648,794
Q8NHE4,Q93050,958
Q8NHE4,Q99437,991
Q8NHE4,Q9HBG4,946
Q8NHE4,P15313,955
Q8NHE4,P61421,948
Q8NHE4,Q16864,978
Q8NHE4,O75348,961
Q8NHE4,P27449,977
Q8NHE4,Q96A05,943
Q8NHE4,O15342,942
Q8NHE4,P21283,973
Q8NHE4,O95670,971
Q8NHE4,P36543,962
Q8NHE4,Q8N8Y2,971
Q8NHE4,Q15904,944
O15547,Q9UBL9,982
O15547,P51582,809
O15547,Q9BPV8,784
O15547,Q99572,949
O15547,P41231,768
O15547,Q96G91,752
O15547,Q93086,971
O15547,P56373,993
O15547,Q14957,923
O15547,Q05586,912
O15547,O15399,915
O15547,P51575,995
O15547,Q15391,731
O15547,Q12879,910
O15547,Q99571,993
Q15125,Q9H252,901
Q96LB4,Q8NHE4,882
Q96LB4,P38606,932
Q96LB4,P21281,934
Q96LB4,Q8NEY4,951
Q96LB4,Q13488,924
Q96LB4,Q9Y5K8,986
Q96LB4,Q9UI12,969
Q96LB4,Q9Y487,934
Q96LB4,P15313,953
Q96LB4,Q16864,990
Q96LB4,P61421,953
Q96LB4,P27449,960
Q96LB4,Q99437,970
Q96LB4,Q93050,950
Q96LB4,Q9HBG4,960
Q96LB4,P21283,935
Q96LB4,Q8N8Y2,961
Q96LB4,Q15904,941
Q96LB4,P36543,972
Q96LB4,Q96A05,978
Q96LB4,O15342,885
P15086,P00747,884
Q16864,Q9Y5K8,999
Q16864,Q9Y487,998
Q16864,Q99437,999
Q16864,P61421,999
Q16864,O75348,999
Q16864,P27449,999
Q16864,O15342,998
Q16864,P21283,999
Q16864,O95670,997
Q16864,Q8N8Y2,999
Q16864,Q8NHE4,978
Q16864,P30049,938
Q16864,P38606,999
Q16864,P21281,999
Q16864,Q8NEY4,996
Q16864,Q13488,995
Q16864,Q9UI12,999
Q16864,Q96LB4,990
Q16864,Q93050,999
Q16864,Q9HBG4,999
Q16864,P15313,999
Q16864,Q96A05,998
Q16864,Q15904,987
Q16864,P36543,999
P09466,P07360,721
P09466,P31025,844
P09466,P41222,716
Q9NY47,P62955,837
Q9NY47,O60840,854
Q9NY47,Q01668,971
Q9NY47,Q06432,981
Q9NY47,Q13936,982
Q9NY47,O00305,960
Q9NY47,Q15878,970
Q9NY47,O00555,982
Q9NY47,P54284,869
Q9NY47,Q9Y698,824
Q9NY47,Q08289,990
Q9NY47,P54289,741
Q9NY47,Q13698,861
Q9NY47,O43497,877
Q9NY47,Q8WXS5,746
Q9NY47,Q9UBN1,837
Q9NY47,Q02641,947
Q9NY47,Q00975,931
Q9NY47,Q8IZS8,779
Q9NY47,O95180,820
P67775,P05771,914
P67775,P19838,931
P67775,P10415,962
P67775,P01106,779
P67775,P14416,915
P67775,P04049,787
P67775,O14920,782
P67775,Q92736,944
P67775,Q13936,747
P67775,P49841,897
P67775,Q04206,949
P67775,P12931,822
P67775,P04637,833
P67775,P62714,986
P67775,P27361,971
P67775,Q05513,922
P67775,P41743,913
P67775,P31749,980
P67775,P28482,974
P67775,P05129,914
P67775,P35222,701
P67775,P17252,928
P15056,P49841,925
P15056,P12931,842
P15056,P04637,887
P15056,P07900,984
P15056,P10415,761
P15056,P01106,722
P15056,Q02156,910
P15056,Q13315,778
P15056,P05771,909
P15056,P03372,746
P15056,P42336,947
P15056,P04049,999
P15056,P28482,949
P15056,P17252,937
P15056,P05129,943
P15056,P35222,795
P15056,P11021,773
P15056,P11142,806
P15056,P24385,864
P15056,P27361,960
P15056,P31749,783
P15056,Q9NZQ7,799
Q8IZS8,O43497,744
Q8IZS8,O95180,822
Q8IZS8,Q9NY47,779
Q8IZS8,Q02641,926
Q8IZS8,Q9BXT2,756
Q8IZS8,Q00975,874
Q8IZS8,Q13698,755
Q8IZS8,Q08289,939
Q8IZS8,P54289,810
Q8IZS8,Q15878,896
Q8IZS8,O00555,936
Q8IZS8,P54284,890
Q8IZS8,Q9Y698,708
Q8IZS8,Q01668,876
Q8IZS8,Q06432,941
Q8IZS8,O60840,783
Q8IZS8,O00305,888
Q8IZS8,Q13936,871
P62937,P62942,706
P62937,P11142,777
P62937,P07900,733
P19793,P10828,993
P19793,P10827,967
P19793,Q07869,999
P19793,O15379,774
P19793,Q04206,781
P19793,O75469,999
P19793,Q14994,987
P19793,Q13547,755
P19793,P10276,999
P19793,Q15596,999
P19793,P28702,934
P19793,Q03181,995
P19793,P10826,996
P19793,P48443,943
P19793,O95477,916
P19793,Q92769,730
P19793,P17936,931
P19793,P13631,945
P19793,P35222,757
P19793,P37231,999
Q14722,Q9NSA2,774
Q14722,P22001,945
Q14722,P22460,986
Q14722,P17658,904
Q14722,P51787,717
Q14722,O95259,748
Q14722,O43525,747
Q14722,Q8TDN1,774
Q14722,P22459,986
Q14722,Q9BQ31,811
Q14722,P16389,980
Q14722,Q96PR1,770
Q14722,Q9NZV8,841
Q14722,Q09470,995
Q14722,Q14721,858
Q14722,Q9NR82,712
Q14722,P48547,907
Q14722,Q16322,766
Q14722,Q9UK17,837
Q14722,Q9H3M0,726
Q14722,Q92953,761
Q14722,O43526,745
Q14722,Q03721,797
Q14722,Q14003,772
Q14722,Q6PIU1,891
P09210,P09211,829
P09210,P00390,939
P09210,P09488,834
P09210,P10632,719
P09210,P40394,726
Q9NR33,P09884,985
Q9NR33,Q07864,999
Q9NR33,P56282,999
Q9NR33,Q14181,965
Q9NR33,Q9NRF9,999
P40394,P27338,918
P40394,Q06278,930
P40394,P09211,723
P40394,P09210,726
P40394,O95237,931
P40394,P47895,851
P40394,O94788,821
P40394,P21964,942
P40394,P05091,968
P40394,Q6NUM9,921
P40394,P21397,924
P40394,P00352,929
P40394,P09488,809
P35913,P08100,898
P35913,Q08828,724
P35913,P18545,997
P35913,Q9BY32,900
P35913,P16066,770
P35913,P07741,907
P35913,P21589,763
P35913,P16499,982
P35913,P00492,909
P35913,P33402,775
P35913,O60840,704
P35913,Q96NR8,739
P33121,Q07869,820
P33121,P07098,703
P33121,O60488,770
P33121,P49327,981
P33121,P50416,975
P33121,P37231,745
P33121,P50897,857
Q8N5Z0,P54687,889
Q8N5Z0,Q15274,706
Q8N5Z0,O15382,894
Q8N5Z0,Q16719,980
Q8N5Z0,Q6YP21,960
Q8N5Z0,Q16773,999
Q16134,O43772,759
Q16134,P23786,758
P42684,P00533,782
P42684,P36888,710
P42684,P15153,926
P42684,P00519,981
P47869,P47870,812
P47869,P18505,917
P47869,P08172,812
P47869,P78334,776
P47869,O14764,720
P47869,P14867,854
P47869,Q16445,724
P47869,P28472,829
P47869,O75899,890
P47869,P18507,793
P47869,Q9UBS5,772
P47869,P48169,782
P47869,Q9UN88,719
P47869,Q8N1C3,809
P07948,P07900,809
P07948,P42338,957
P07948,P12931,989
P07948,P42263,902
P07948,P29317,775
P07948,P07947,823
P07948,O00329,956
P07948,P01584,763
P07948,P42336,935
P07948,Q06187,997
P07948,P09769,743
P07948,P05771,947
P07948,P78527,745
P07948,P41240,948
P07948,P05129,903
P07948,P17252,914
P07948,P14770,919
P07948,P07359,946
P07948,P10721,928
P07948,P28482,829
P07948,P29350,953
P07948,P12314,939
P07948,P07333,719
P07948,P42261,907
P07948,P06239,905
P07948,P31749,820
P07948,P00533,859
P07948,P27361,832
P07948,P51692,782
P07948,P42262,904
P07948,P06241,996
P42261,P07948,907
P42261,Q14957,829
P42261,P46098,814
P42261,Q05586,907
P42261,P17252,706
P42261,P48058,997
P42261,P00390,817
P42261,O15399,816
P42261,P42262,999
P42261,O60359,867
P42261,Q13224,934
P42261,Q12879,926
P42261,Q16099,752
P42261,P21728,740
P42261,Q9UBN1,843
P42261,Q8WXS5,996
P42261,P42263,999
P42261,Q9UF02,828
P42261,P41594,916
P42261,P62955,873
P42261,P78352,994
P42261,Q13003,822
P42261,Q9Y698,999
P42261,Q8TCU5,815
P42261,Q13002,751
P42261,O60391,840
P42261,P07550,706
O15342,Q9Y5K8,998
O15342,Q8NEY4,937
O15342,Q13488,835
O15342,P21281,993
O15342,Q9UI12,997
O15342,Q9Y487,950
O15342,Q96LB4,885
O15342,Q8NHE4,942
O15342,P38606,997
O15342,Q96A05,956
O15342,P21283,997
O15342,O95670,973
O15342,P36543,993
O15342,Q15904,991
O15342,Q8N8Y2,947
O15342,Q93050,995
O15342,Q99437,998
O15342,Q9HBG4,989
O15342,P15313,951
O15342,P61421,990
O15342,Q16864,998
O15342,O75348,983
O15342,P27449,998
O00591,Q16445,707
O00591,P78334,705
O00591,P14867,710
O00591,O75899,719
P21283,P38606,999
P21283,Q8NHE4,973
P21283,Q96LB4,935
P21283,Q9UI12,999
P21283,Q8NEY4,977
P21283,Q13488,969
P21283,P21281,999
P21283,Q16864,999
P21283,P15313,998
P21283,Q9HBG4,998
P21283,Q93050,999
P21283,P36543,999
P21283,Q15904,996
P21283,Q96A05,989
P21283,Q9Y487,977
P21283,Q9Y5K8,999
P21283,O75348,998
P21283,P27449,999
P21283,P61421,998
P21283,Q99437,999
P21283,Q8N8Y2,983
P21283,O95670,997
P21283,O15342,997
Q92769,P04150,862
Q92769,P26358,999
Q92769,P05412,846
Q92769,P04637,990
Q92769,Q969S8,834
Q92769,Q04206,986
Q92769,Q16665,781
Q92769,P19793,730
Q92769,P16220,769
Q92769,Q13547,999
Q92769,Q9UQL6,751
Q92769,P56524,827
Q92769,P19838,803
Q92769,P01106,838
Q92769,P09874,882
Q92769,Q9UBN7,741
Q92769,O15379,906
Q92769,P03372,903
Q92769,P37231,784
Q92769,Q9Y6K1,970
Q92769,P01100,784
Q92769,Q9UBC3,994
Q92769,P29590,859
Q92769,Q8WUI4,836
O00244,P00441,932
P00915,P00918,833
P00915,P43166,702
P00915,P07451,701
P00915,P22557,810
O14920,O15530,924
O14920,P01106,778
O14920,P10415,727
O14920,P19838,999
O14920,Q04759,981
O14920,Q06187,920
O14920,P01584,865
O14920,P01375,999
O14920,O15111,999
O14920,P04637,933
O14920,P05412,785
O14920,P12931,918
O14920,Q04206,999
O14920,P07900,975
O14920,Q00653,955
O14920,P42345,769
O14920,P31749,990
O14920,O00206,903
O14920,P67775,782
O14920,P19525,966
O14920,P25963,999
O14920,P35222,843
Q92953,Q96KK3,709
Q92953,Q14722,761
Q92953,Q13303,771
Q92953,Q14721,782
P04629,Q16620,989
P04629,P42338,932
P04629,P01133,997
P04629,P05230,854
P04629,P03372,720
P04629,P42336,960
P04629,O95750,713
P04629,O00329,922
P04629,P08620,887
P04629,P29274,857
P04629,P09038,959
P04629,P35222,745
P04629,P04626,751
P04629,P00519,958
P04629,P14210,997
P29466,P50453,792
P29466,Q9NR96,771
P29466,P01100,740
P29466,P01579,893
P29466,P55211,712
P29466,O00206,916
P29466,P01375,904
P29466,P01584,999
P29466,Q06187,703
P29466,P42574,709
P29466,P19838,826
P29466,P10415,817
P29466,O60603,809
P29466,P13500,707
P29466,Q99572,793
P29466,P04637,876
P29466,P99999,780
P48544,P15382,799
P48544,P48549,997
P48544,P05023,801
P48544,Q12809,791
P48544,Q9UBS5,910
P48544,Q8IWT1,841
P48544,O75899,911
P48544,Q16720,878
P48544,O95180,706
P48544,Q13936,763
P48544,P48051,924
P48544,P51787,745
P48544,Q14524,763
P48544,Q92806,917
P48544,Q01668,806
P48544,Q9Y6J6,806
Q14003,O00555,724
Q14003,Q14722,772
Q14003,Q07699,745
Q14003,Q13303,785
Q14003,P48547,786
Q14003,Q03721,740
Q16881,P30044,766
Q16881,P32929,940
Q16881,Q16773,920
Q16881,Q6YP21,918
Q16881,P11021,700
Q16881,O75390,740
Q16881,Q96I15,942
Q99437,Q16864,999
Q99437,P15313,995
Q99437,Q9HBG4,999
Q99437,Q93050,999
Q99437,P36543,999
Q99437,Q15904,999
Q99437,Q96A05,994
Q99437,Q8NHE4,991
Q99437,P30049,961
Q99437,P38606,999
Q99437,Q96LB4,970
Q99437,Q13488,996
Q99437,Q8NEY4,984
Q99437,P21281,999
Q99437,Q9UI12,999
Q99437,P61421,999
Q99437,O75348,998
Q99437,P27449,999
Q99437,Q8N8Y2,998
Q99437,P21283,999
Q99437,O95670,995
Q99437,O15342,998
Q99437,P00846,981
Q99437,Q9Y487,997
Q99437,Q9Y5K8,999
Q16099,Q8TCU5,795
Q16099,Q13002,992
Q16099,Q13003,991
Q16099,P78352,717
Q16099,Q9Y698,706
Q16099,Q16478,989
Q16099,P39086,993
Q16099,O15399,791
Q16099,P48058,756
Q16099,P42261,752
Q6PIU1,Q13303,840
Q6PIU1,Q14722,891
P49019,Q8TDS4,999
Q9UF02,Q8TCU5,724
Q9UF02,O60391,743
Q9UF02,Q9Y698,795
Q9UF02,P62955,751
Q9UF02,Q06432,918
Q9UF02,P42263,830
Q9UF02,Q9UBN1,844
Q9UF02,Q8WXS5,800
Q9UF02,O15399,751
Q9UF02,Q02641,810
Q9UF02,P42262,907
Q9UF02,Q13224,748
Q9UF02,Q12879,733
Q9UF02,O60359,814
Q9UF02,Q05586,751
Q9UF02,P54289,711
Q9UF02,P48058,864
Q9UF02,P42261,828
Q9UF02,Q14957,747
Q9UF02,P46098,723
P11142,P10636,948
P11142,P04049,776
P11142,Q71U36,900
P11142,P03372,919
P11142,P01106,716
P11142,P00441,870
P11142,Q9UBN7,812
P11142,Q16665,883
P11142,P13569,986
P11142,O60603,953
P11142,P07900,999
P11142,P04150,757
P11142,P07437,891
P11142,P00709,778
P11142,P04637,987
P11142,Q15185,928
P11142,P15056,806
P11142,P00533,932
P11142,P31749,850
P11142,P45984,914
P11142,P24385,945
P11142,P11021,983
P11142,P09429,724
P11142,P62937,777
P11142,P25963,708
P11142,P0DP23,723
P11142,P45983,932
P28223,O60840,900
P28223,P28335,991
P28223,Q13698,909
P28223,Q01668,916
P28223,P21964,864
P28223,P21554,760
P28223,Q13936,937
P28223,P21397,786
P28223,P31645,961
P28223,P46098,881
P28223,P41594,714
P28223,P78352,915
P28223,P14416,799
P28223,P28222,839
P28223,Q01959,708
P28223,P41595,962
P28223,P08908,920
Q16665,P24385,876
Q16665,Q9H6Z9,999
Q16665,P11142,883
Q16665,P27361,969
Q16665,P01100,805
Q16665,Q16790,944
Q16665,P42345,789
Q16665,Q8WUI4,927
Q16665,P17948,735
Q16665,P14780,824
Q16665,P31749,932
Q16665,P00533,934
Q16665,P35354,831
Q16665,Q92769,781
Q16665,P08253,731
Q16665,Q9UKV0,783
Q16665,P28482,985
Q16665,P25963,735
Q16665,P55211,746
Q16665,P35222,998
Q16665,P09038,727
Q16665,P37231,854
Q16665,P13674,716
Q16665,P01106,993
Q16665,P78527,796
Q16665,P09874,707
Q16665,P10415,946
Q16665,Q9UBN7,752
Q16665,P19838,816
Q16665,Q96KS0,999
Q16665,P42574,766
Q16665,P03372,948
Q16665,Q07869,761
Q16665,P10275,871
Q16665,O15379,804
Q16665,P61073,915
Q16665,P01375,818
Q16665,P01584,771
Q16665,P35968,785
Q16665,P05412,961
Q16665,P04637,999
Q16665,P12931,872
Q16665,Q04206,989
Q16665,P09467,713
Q16665,P01133,785
Q16665,P04150,852
Q16665,P01137,838
Q16665,P16220,833
Q16665,P56524,955
Q16665,Q13547,983
Q16665,P07900,999
Q16665,P06401,717
Q16665,Q9GZT9,999
O00305,P62942,732
O00305,O00555,995
O00305,Q15878,816
O00305,Q8WXS5,940
O00305,Q9UBN1,934
O00305,O43497,739
O00305,Q9NY47,960
O00305,Q9Y698,951
O00305,O60359,958
O00305,O14764,799
O00305,P54284,964
O00305,O95180,861
O00305,P14867,772
O00305,Q8IZS8,888
O00305,Q9BXT2,949
O00305,Q09470,777
O00305,Q00975,885
O00305,P35498,708
O00305,Q7Z3S7,961
O00305,O43526,727
O00305,Q13698,968
O00305,Q01668,965
O00305,Q06432,935
O00305,P21817,785
O00305,P54289,983
O00305,O60840,965
O00305,P62955,936
O00305,Q08289,891
O00305,Q13936,970
Q71U36,P07900,744
Q71U36,P17302,915
Q71U36,P68366,947
Q71U36,P07437,996
Q71U36,P10636,978
Q71U36,Q9UBN7,953
Q71U36,P11021,717
Q71U36,P00533,817
Q71U36,Q9H4B7,963
Q71U36,P11142,900
P16615,P19634,798
P16615,Q14643,827
P16615,P00533,714
P16615,P20020,793
P16615,P05023,820
P16615,P23634,776
P16615,O14983,935
P16615,Q14573,908
P16615,Q92736,886
P16615,Q01814,788
P16615,Q14571,722
P16615,P21817,801
Q14542,Q99808,913
Q9Y478,Q13131,999
Q9Y478,Q9UGJ0,999
Q9Y478,P13569,908
Q9Y478,P04035,928
Q9Y478,P54646,999
Q9Y478,Q9UGI9,999
Q9Y478,O43741,997
Q9Y478,P54619,999
Q9Y478,P42345,967
P40261,Q06278,957
P40261,P42898,725
P40261,P00533,872
P40261,P00491,917
P54687,P32929,948
P54687,O15382,907
P54687,Q9BYV1,934
P54687,Q96GA7,909
P54687,Q96RQ9,925
P54687,Q8N5Z0,889
P54687,P20132,912
P55263,O00408,918
P55263,Q08499,923
P55263,P40926,780
P55263,P00491,986
P55263,Q9Y233,915
P55263,P27815,920
P55263,Q9NP56,937
P55263,P07741,996
P55263,Q08493,914
P55263,P00492,775
P55263,Q01064,921
P55263,Q07343,920
P55263,P54750,909
P55263,Q14432,924
P55263,O60658,905
P55263,Q99808,733
P55263,Q13946,925
P55263,P21589,970
P55263,P00813,992
P55263,Q13370,924
P55263,Q9HCR9,914
P55263,O95263,907
P55263,Q14123,909
P05023,Q01668,754
P05023,P48544,801
P05023,Q13621,794
P05023,P28482,943
P05023,P16615,820
P05023,P19634,821
P05023,P27361,942
Q96KK3,Q92953,709
Q96KK3,Q14721,730
Q96KK3,Q13303,700
O43451,P06276,776
O43451,P04746,998
O43451,P11216,969
O43451,P11217,969
O43451,P27487,885
O43451,P14410,909
O43451,P16233,722
O43451,P10253,942
O43451,Q8TET4,925
O43451,P22303,789
P00439,P15121,918
P00439,P20711,983
P00439,P17174,939
P00439,P00505,943
P00439,P07101,826
P00439,P00374,930
P00439,P09172,720
P00439,Q96RQ9,904
P00439,P14679,938
P00439,O60218,908
P00439,P07202,822
P00439,P17735,967
Q96NR8,P16499,788
Q96NR8,Q06278,914
Q96NR8,O94788,964
Q96NR8,Q92781,936
Q96NR8,P20839,895
Q96NR8,O95237,987
Q96NR8,P47895,987
Q96NR8,Q8TC12,903
Q96NR8,P00352,969
Q96NR8,P35913,739
Q96NR8,Q6NUM9,934
Q96NR8,Q9NYR8,788
Q96PR1,Q14722,770
Q96PR1,Q07699,756
Q96PR1,P48547,763
Q96PR1,Q13303,771
P31749,P11142,850
P31749,Q05513,974
P31749,O14788,751
P31749,P05106,781
P31749,P19634,749
P31749,Q9NZQ7,720
P31749,P42345,999
P31749,P06239,799
P31749,P62942,734
P31749,P14210,882
P31749,P07948,820
P31749,P14598,993
P31749,O00206,769
P31749,P0DP23,802
P31749,P35354,775
P31749,Q15759,940
P31749,P25963,849
P31749,P15153,864
P31749,P28482,988
P31749,P04839,994
P31749,P10721,818
P31749,P35222,979
P31749,P55211,989
P31749,Q9UBN7,712
P31749,P10415,993
P31749,P78527,889
P31749,P01106,928
P31749,P63000,865
P31749,P78352,747
P31749,Q13315,742
P31749,P11511,748
P31749,Q14573,967
P31749,P03372,913
P31749,P61073,750
P31749,O00329,976
P31749,O15379,811
P31749,P10275,895
P31749,P10636,872
P31749,Q04206,780
P31749,P05412,991
P31749,P18847,708
P31749,P15336,799
P31749,P26358,822
P31749,P01133,933
P31749,P35228,976
P31749,P16220,965
P31749,P01137,868
P31749,P13500,720
P31749,P06241,834
P31749,P24385,923
P31749,P51692,810
P31749,P01579,817
P31749,P01100,746
P31749,P27361,957
P31749,P00533,792
P31749,O15264,937
P31749,P14780,827
P31749,Q14643,981
P31749,P15056,783
P31749,P29590,732
P31749,Q08828,714
P31749,P67775,980
P31749,P08253,846
P31749,P45983,706
P31749,P18848,826
P31749,P08758,821
P31749,P37231,790
P31749,P29475,953
P31749,P13498,992
P31749,P09038,926
P31749,P11021,971
P31749,P53778,937
P31749,P09874,825
P31749,Q15080,993
P31749,O15530,999
P31749,P42574,945
P31749,Q16539,990
P31749,P19838,896
P31749,Q14457,918
P31749,P38936,995
P31749,Q07869,700
P31749,P19878,994
P31749,O14920,990
P31749,P42336,998
P31749,O15111,996
P31749,P01584,864
P31749,P01375,907
P31749,P04049,992
P31749,P29474,997
P31749,P49841,996
P31749,P12931,995
P31749,P42338,992
P31749,P04637,994
P31749,P35968,715
P31749,P99999,812
P31749,Q13370,943
P31749,P07437,810
P31749,P04150,791
P31749,Q13547,758
P31749,P07900,999
P31749,O60603,704
P31749,P10276,765
P31749,Q16665,932
P31749,P62714,736
P05106,P27361,758
P05106,P31749,781
P05106,P06756,999
P05106,P28482,728
P05106,P17252,723
P05106,P14770,888
P05106,P09429,759
P05106,P07359,886
P05106,P20701,954
P05106,P02671,978
P05106,P05771,768
P05106,Q9H244,704
P05106,P35968,979
P05106,P12931,998
P05106,P31645,741
P05106,P16109,928
P05106,P02679,980
P05106,P08514,999
P05106,P01137,764
P05106,P09619,727
P05106,P07900,722
P05106,P02675,952
Q8NER1,Q02156,950
Q8NER1,P35367,827
Q8NER1,Q07869,718
Q8NER1,P12931,934
Q8NER1,P21554,781
Q8NER1,Q9Y5Y9,806
Q8NER1,Q8TD43,747
Q8NER1,P25103,735
Q8NER1,P08908,740
Q8NER1,P35372,718
Q8NER1,P0DP23,998
Q8NER1,P56373,897
Q8NER1,Q96QT4,747
Q8NER1,Q15858,769
P07947,P12931,973
P07947,P09769,739
P07947,P10721,707
P07947,P07948,823
P07947,P04818,763
P07947,P06239,809
P07947,P00533,913
P07947,P06241,994
Q9H252,Q15125,901
Q9H252,Q99720,944
Q9H252,Q12809,883
Q9H252,P22459,742
Q14500,Q9NR82,936
Q14500,P56696,934
Q14500,P63252,973
Q14500,Q9UNX9,906
Q14500,O43526,948
Q14500,P78352,737
Q14500,P51787,954
Q14500,O43525,934
Q14500,P48050,977
Q9UN88,Q8N1C3,720
Q9UN88,O75899,754
Q9UN88,P18507,789
Q9UN88,P34903,771
Q9UN88,Q99928,776
Q9UN88,P78334,747
Q9UN88,P14867,867
Q9UN88,P47869,719
Q96KS0,P05129,901
Q96KS0,P17252,929
Q96KS0,Q9H6Z9,954
Q96KS0,Q16665,999
Q96KS0,Q9GZT9,942
Q96KS0,P05771,902
P21462,Q9NR96,724
P21462,P04083,999
P21462,Q9NR97,820
P21462,O00206,765
P21462,P25024,842
P21462,P01584,714
Q96RQ9,Q99707,903
Q96RQ9,O15382,922
Q96RQ9,P54687,925
Q96RQ9,P17174,908
Q96RQ9,P00505,934
Q96RQ9,P07101,908
Q96RQ9,P20711,914
Q96RQ9,P27338,950
Q96RQ9,Q6ZQY3,813
Q96RQ9,P00966,913
Q96RQ9,Q99259,813
Q96RQ9,Q02218,812
Q96RQ9,O75390,816
Q96RQ9,P21397,952
Q96RQ9,P17735,916
Q96RQ9,P19801,905
Q96RQ9,P07202,901
Q96RQ9,P14679,904
Q96RQ9,Q05329,813
Q96RQ9,P00439,904
Q96RQ9,P40926,838
P42685,P41240,762
Q92952,O15554,939
Q92952,P05771,909
Q92952,Q9Y691,933
Q92952,Q9NPA1,937
Q92952,Q9H2S1,932
Q92952,Q86W47,937
Q92952,Q9UGI6,907
Q92952,P17252,907
Q92952,Q12791,980
Q92952,P05129,917
Q92952,Q16558,945
P48051,P48549,998
P48051,O75899,962
P48051,P63252,710
P48051,Q9UBS5,960
P48051,P14416,835
P48051,P48544,924
P48051,Q92806,994
Q13224,Q12879,999
Q13224,O60359,800
Q13224,P42262,885
Q13224,O15399,998
Q13224,P06241,993
Q13224,Q8WXS5,822
Q13224,Q9UBN1,763
Q13224,P46098,818
Q13224,Q14957,998
Q13224,O75899,741
Q13224,P0DP23,910
Q13224,P42261,934
Q13224,P35222,757
Q13224,P29475,984
Q13224,P48058,853
Q13224,P17252,747
Q13224,Q05586,999
Q13224,Q9Y698,893
Q13224,Q16478,726
Q13224,Q13003,711
Q13224,P78352,999
Q13224,O60391,996
Q13224,P01584,773
Q13224,Q13002,813
Q13224,Q8TCU5,999
Q13224,Q9UF02,748
Q13224,P41594,842
Q13224,P42263,823
Q13224,P12931,933
Q13224,Q16620,897
Q13224,P16220,821
Q13224,P62955,767
P31213,Q04828,949
P31213,P51857,957
P31213,P10275,821
P31213,P11511,961
P31213,P05093,986
P31213,P42330,969
P31213,P18405,935
P06239,P20701,703
P06239,P36888,762
P06239,P29350,926
P06239,P10721,724
P06239,P07948,905
P06239,P31749,799
P06239,P00533,748
P06239,Q9NZQ7,715
P06239,P01579,749
P06239,P06241,998
P06239,P51692,790
P06239,P07900,834
P06239,P12931,876
P06239,P07947,809
P06239,P42336,777
P06239,Q06187,752
P06239,Q04759,940
P06239,P60568,913
P06239,P41240,912
P29475,P33402,912
P29475,P47989,923
P29475,Q96A70,940
P29475,P78352,996
P29475,P00966,960
P29475,P29474,906
P29475,Q14573,922
P29475,Q92736,958
P29475,P05089,951
P29475,P32929,729
P29475,Q13936,924
P29475,Q01668,918
P29475,P21817,954
P29475,P35228,939
P29475,Q12879,974
P29475,Q13224,984
P29475,O95180,920
P29475,P27361,936
P29475,O15399,945
P29475,Q9P0X4,919
P29475,Q14643,923
P29475,O43497,916
P29475,P04424,956
P29475,P31749,953
P29475,Q14957,922
P29475,P23634,969
P29475,P04839,700
P29475,P28482,915
P29475,P78540,959
P29475,P0DP23,999
P29475,Q05586,955
P08183,P10632,722
P08183,Q9NPD5,844
P08183,O75469,842
P08183,Q9Y6L6,883
P08183,Q9H244,705
Q8IVL6,Q32P28,758
P01106,P04637,997
P01106,P35968,723
P01106,P05412,970
P01106,Q04206,852
P01106,P49841,996
P01106,P12931,805
P01106,P07355,951
P01106,P01133,836
P01106,P18847,737
P01106,P26358,837
P01106,P16220,789
P01106,P01137,796
P01106,Q13547,991
P01106,P07900,975
P01106,P06401,705
P01106,Q16665,993
P01106,P09874,762
P01106,P78527,731
P01106,O15392,825
P01106,P60568,709
P01106,P10415,955
P01106,P42574,881
P01106,Q13315,871
P01106,Q16539,710
P01106,P19838,917
P01106,O14920,778
P01106,P03372,982
P01106,P38936,981
P01106,O15379,949
P01106,Q9UJU2,893
P01106,P10275,700
P01106,P42336,740
P01106,P01584,778
P01106,P01375,702
P01106,O15111,879
P01106,P04049,755
P01106,Q92769,838
P01106,P35354,715
P01106,P04626,886
P01106,P67775,779
P01106,P00519,785
P01106,P28482,983
P01106,Q9Y6K1,991
P01106,P08758,741
P01106,P35222,985
P01106,P09038,708
P01106,P55211,717
P01106,P11926,771
P01106,P11142,716
P01106,P24385,969
P01106,P01100,965
P01106,P27361,986
P01106,P15056,722
P01106,P42345,730
P01106,P00533,875
P01106,P31749,928
P01106,P14780,704
P01106,P00749,708
P01106,Q9UBC3,842
P01106,P29590,783
Q99928,P47870,763
Q99928,P18505,772
Q99928,O75899,774
Q99928,P18507,732
Q99928,Q9UBS5,706
Q99928,P31644,766
Q99928,Q9UN88,776
Q99928,P14867,832
Q99928,P28472,774
Q99928,P34903,735
P29274,Q16620,940
P29274,P21554,956
P29274,P41594,976
P29274,Q99808,718
P29274,P21589,868
P29274,P00813,907
P29274,P30542,784
P29274,P11362,718
P29274,P29275,937
P29274,P14416,997
P29274,P04629,857
P29274,P27487,767
O75911,P00352,951
O75911,Q6NUM9,936
O75911,Q8TC12,729
O75911,P47895,961
O75911,O95237,950
O75911,O94788,956
O75911,Q06278,910
O75911,Q9BTZ2,934
P54756,P54760,759
P54756,P29317,713
P54756,P00519,963
P05230,P14210,802
P05230,P17948,944
P05230,P00533,887
P05230,P09038,962
P05230,P35916,807
P05230,P36888,759
P05230,P04629,854
P05230,P10721,811
P05230,P21802,999
P05230,P04626,787
P05230,P16234,819
P05230,P07333,842
P05230,P11362,999
P05230,P22455,999
P05230,P08581,761
P05230,P08620,777
P05230,Q16620,770
P05230,P01137,813
P05230,P09619,842
P05230,P01133,841
P05230,P35968,919
P05230,P29317,704
P04746,P11217,970
P04746,P11216,972
P04746,O43451,998
P04746,P10253,956
P04746,P16233,811
P04746,P14410,993
P04746,Q8TET4,900
P42263,P00390,770
P42263,O15399,799
P42263,P42262,999
P42263,O60359,852
P42263,Q12879,886
P42263,Q13224,823
P42263,Q8WXS5,936
P42263,Q9UBN1,837
P42263,P07948,902
P42263,P42261,999
P42263,Q14957,809
P42263,P46098,796
P42263,Q05586,877
P42263,P48058,997
P42263,P78352,873
P42263,Q9Y698,984
P42263,Q8TCU5,802
P42263,A5X5Y0,715
P42263,O60391,791
P42263,P41594,782
P42263,Q9UF02,830
P42263,P62955,858
Q9UGI6,Q92952,907
Q9UGI6,Q86W47,982
Q9UGI6,Q12791,966
Q9UGI6,P05771,910
Q9UGI6,Q9H2S1,931
Q9UGI6,P0DP23,741
Q9UGI6,P05129,911
Q9UGI6,Q16558,936
Q9UGI6,P17252,912
Q9UGI6,Q9Y691,931
Q9UGI6,O15554,923
Q9UGI6,Q9NPA1,929
Q15185,P11142,928
Q15185,P08235,864
Q15185,P23219,956
Q15185,P35354,954
Q15185,P10275,946
Q15185,P35869,908
Q15185,P03372,935
Q15185,Q92731,817
Q15185,P41222,946
Q15185,Q9UBN7,849
Q15185,Q16647,961
Q15185,P06401,856
Q15185,Q9GZT9,783
Q15185,P07900,999
Q15185,P04150,997
Q06187,Q9NR97,744
Q06187,O00206,831
Q06187,P07948,997
Q06187,P29350,953
Q06187,Q9NR96,911
Q06187,P06239,752
Q06187,P06241,876
Q06187,P07900,716
Q06187,Q14571,712
Q06187,P42338,943
Q06187,Q9NYK1,772
Q06187,O14920,920
Q06187,Q96SW2,836
Q06187,O00329,978
Q06187,O15111,917
Q06187,P42336,946
Q06187,P29466,703
Q06187,P19838,759
Q06187,P05771,775
P16389,Q14721,923
P16389,Q13303,999
P16389,Q09470,995
P16389,O15554,747
P16389,Q9UQD0,769
P16389,Q99720,707
P16389,Q12809,816
P16389,P17658,986
P16389,P35498,721
P16389,P78352,853
P16389,P22001,934
P16389,P22460,982
P16389,Q14722,980
P16389,P22459,983
P16389,Q9BQ31,708
P16389,Q12791,716
P16389,Q99250,764
O00555,Q15878,950
O00555,Q9Y698,912
O00555,P05771,919
O00555,P54284,853
O00555,Q7Z3S7,932
O00555,Q06432,886
O00555,P21817,946
O00555,O00305,995
O00555,Q13936,952
O00555,O43497,778
O00555,Q9NY47,982
O00555,O60359,815
O00555,Q8IZS8,936
O00555,O95180,762
O00555,Q00975,945
O00555,Q09470,892
O00555,Q02641,919
O00555,P05129,980
O00555,O43526,734
O00555,P54289,951
O00555,Q08289,955
O00555,P17252,915
O00555,Q14003,724
O00555,P0DP23,977
Q99250,O60939,996
Q99250,P35498,948
Q99250,O43525,859
Q99250,Q9Y5Y9,752
Q99250,Q07699,991
Q99250,Q8TD43,830
Q99250,P16389,764
Q99250,P37088,741
Q99250,Q9UI33,744
Q99250,Q9NY72,950
Q99250,Q14524,838
Q99250,P51170,734
Q99250,O43497,721
Q99250,O95180,707
Q99250,Q9UQD0,802
Q99250,Q09470,840
Q99250,P51172,731
Q99250,P35499,944
Q99250,O43526,942
Q99250,Q15858,943
Q99250,P51168,739
Q99250,Q9NY46,982
Q99250,Q8IWT1,964
Q99250,P18507,774
Q99250,P0DP23,993
P50897,P33121,857
P50897,O60488,845
Q9NVS9,Q06278,932
Q9NVS9,P20711,895
Q9NVS9,O94903,817
Q9NVS9,Q96GD0,964
Q9NVS9,O00764,996
P30531,P18507,724
P30531,P31644,880
P30531,Q99259,829
P30531,O14764,932
P30531,Q16445,749
P30531,Q05329,865
Q09428,P11168,809
Q09428,Q15842,999
Q09428,Q14654,999
Q09428,Q8TD43,992
Q09428,O60706,898
Q13621,P05023,794
Q13621,P51170,719
Q13621,P48048,988
Q13621,P00797,767
Q13621,P30518,743
P35222,P42574,965
P35222,P19838,964
P35222,Q16539,838
P35222,P63000,768
P35222,P01106,985
P35222,P09874,749
P35222,P41240,731
P35222,Q9UBN7,734
P35222,P11388,736
P35222,P10415,781
P35222,Q9UJU2,999
P35222,P10275,996
P35222,P42336,901
P35222,P11362,947
P35222,P01584,745
P35222,P01375,715
P35222,O15111,757
P35222,Q6FHJ7,771
P35222,P03372,965
P35222,P08581,985
P35222,O14920,843
P35222,P01133,868
P35222,P04150,707
P35222,P26358,817
P35222,P35968,996
P35222,P05412,898
P35222,P04637,927
P35222,Q04206,920
P35222,P49841,999
P35222,P29317,759
P35222,P12931,999
P35222,Q16665,998
P35222,P10276,883
P35222,P17302,870
P35222,P19793,757
P35222,P16220,950
P35222,P01137,789
P35222,Q13547,985
P35222,P27361,873
P35222,Q13224,757
P35222,Q16790,703
P35222,P01579,713
P35222,P51692,717
P35222,P24385,972
P35222,P06241,986
P35222,P29590,700
P35222,P15056,795
P35222,Q8WUI4,777
P35222,P17948,799
P35222,P31749,979
P35222,P00533,998
P35222,P14780,799
P35222,P28482,736
P35222,P00352,738
P35222,P35354,768
P35222,P04626,998
P35222,P55287,993
P35222,P67775,701
P35222,P16234,756
P35222,P45983,719
P35222,P07949,731
P35222,P08253,803
P35222,P00519,949
P35222,P09038,718
P35222,P11021,700
P35222,P37231,994
P35222,P17252,748
P35222,P33151,999
P35222,P04629,745
Q96QT4,Q8NER1,747
Q01118,Q15858,711
Q01118,Q8IWT1,936
Q01118,O60939,855
Q01118,Q07699,976
Q01118,Q9NY72,973
Q01118,Q14524,916
P05771,Q92952,909
P05771,Q13936,916
P05771,P62714,915
P05771,Q9GZT9,905
P05771,Q01668,933
P05771,Q14571,917
P05771,P16220,757
P05771,O60840,902
P05771,Q96KS0,902
P05771,P42574,931
P05771,Q01959,917
P05771,Q04759,915
P05771,Q05655,966
P05771,Q15080,926
P05771,O15530,728
P05771,Q9H2S1,907
P05771,P10275,731
P05771,P04049,908
P05771,O00555,919
P05771,Q15904,903
P05771,Q14573,923
P05771,P19878,922
P05771,Q06187,775
P05771,P28482,928
P05771,Q9UGI6,910
P05771,P67775,914
P05771,P07948,947
P05771,P14598,975
P05771,P05129,946
P05771,Q13698,902
P05771,P17252,963
P05771,P01100,930
P05771,P27361,949
P05771,P47712,738
P05771,O15554,917
P05771,Q9H6Z9,919
P05771,P14679,922
P05771,Q08828,715
P05771,P15056,909
P05771,P05106,768
P05771,P42345,937
P05771,P19634,911
P05771,Q14643,937
Q05940,Q7RTT9,932
Q05940,P19113,713
Q05940,P23975,815
Q05940,P31645,886
Q05940,P21397,793
Q05940,P09172,702
Q05940,P27338,792
Q05940,P54219,904
Q05940,Q01959,966
Q05940,P20711,967
Q05940,P14416,814
Q05940,P07101,966
P30518,P07550,755
P30518,P00797,713
P30518,P47901,939
P30518,P37288,953
P30518,P32004,752
P30518,P12931,752
P30518,Q13621,743
P30518,P30556,796
O15554,Q09470,742
O15554,Q9Y691,925
O15554,Q9NPA1,934
O15554,Q9Y6H6,947
O15554,P0DP23,993
O15554,Q9UGI6,923
O15554,P17252,918
O15554,P05129,922
O15554,Q16558,942
O15554,P22001,858
O15554,P05771,917
O15554,Q9H2S1,922
O15554,Q92952,939
O15554,Q86W47,975
O15554,P51787,936
O15554,P16389,747
O15554,Q12791,981
O15554,Q01668,833
Q8IVH4,Q9UBK8,885
Q8IVH4,Q9Y4U1,947
Q8IVH4,Q99707,889
Q8IVH4,P22033,997
P22557,Q9BYV1,916
P22557,P21549,922
P22557,P13196,905
P22557,P23378,927
P22557,P34897,926
P22557,P00915,810
P22557,P34896,921
P22557,P30043,757
P33151,P29474,764
P33151,P19878,834
P33151,P12931,826
P33151,P35968,999
P33151,P06241,752
P33151,P19320,806
P33151,P16581,980
P33151,P00533,736
P33151,P17948,833
P33151,P10721,723
P33151,P35916,954
P33151,P35222,999
P78352,P12931,979
P78352,P42263,873
P78352,P04637,734
P78352,P41594,902
P78352,P78559,979
P78352,P16389,853
P78352,P22459,997
P78352,P62955,865
P78352,Q16620,860
P78352,P39086,943
P78352,P48050,935
P78352,P22460,857
P78352,P22001,737
P78352,Q16478,949
P78352,P33402,708
P78352,Q9Y698,999
P78352,Q13002,998
P78352,Q8TCU5,966
P78352,Q14500,737
P78352,O60391,942
P78352,P07550,795
P78352,P10636,753
P78352,P42261,994
P78352,P28223,915
P78352,P0DP23,989
P78352,P04626,771
P78352,P11137,827
P78352,Q14957,990
P78352,Q05586,998
P78352,Q16515,756
P78352,P17252,957
P78352,P48058,829
P78352,P29475,996
P78352,Q09470,898
P78352,P00390,721
P78352,P06241,996
P78352,O15399,976
P78352,Q9NZV8,877
P78352,P42262,968
P78352,Q05329,730
P78352,P08588,953
P78352,Q12879,999
P78352,Q13224,999
P78352,P31749,747
P78352,Q16099,717
P78352,Q8WXS5,901
P78352,P21728,735
O95342,Q9NPD5,841
O95342,Q9Y6L6,862
O95342,O75469,839
P35218,Q9Y2D0,734
Q96LZ3,P0DP23,720
Q96LZ3,P00441,904
Q96LZ3,O95644,948
Q96LZ3,P49841,906
Q6V0L0,P29762,815
Q6V0L0,P00352,953
Q6V0L0,P10632,927
Q6V0L0,Q06278,917
Q6V0L0,O94788,983
Q6V0L0,P47895,966
P02671,P05106,978
P02671,P19652,751
P02671,P04070,851
P02671,P00742,752
P02671,P01023,832
P02671,P00747,965
P02671,P02763,747
P02671,P00734,999
P02671,P02776,745
P02671,P07225,764
P02671,P00750,880
P02671,P01008,980
P02671,P02675,999
P02671,P02679,999
P02671,P05546,960
P02671,P08514,928
Q99808,P29274,718
Q99808,P27707,879
Q99808,P00813,736
Q99808,P23921,703
Q99808,P30542,880
Q99808,P55263,733
Q99808,Q14542,913
Q9NYR8,Q6NUM9,934
Q9NYR8,P00352,937
Q9NYR8,P08100,825
Q9NYR8,Q8TC12,747
Q9NYR8,O94788,942
Q9NYR8,P47895,940
Q9NYR8,O95237,958
Q9NYR8,Q96NR8,788
Q9NYR8,Q06278,917
Q96I15,Q16881,942
Q96I15,Q9HD40,715
Q96I15,Q96EN8,871
Q15842,Q07699,720
Q15842,O60706,999
Q15842,Q9NY72,731
Q15842,Q02156,901
Q15842,P22460,712
Q15842,P54289,728
Q15842,Q9UJ90,726
Q15842,Q9UK17,740
Q15842,Q14654,991
Q15842,Q9Y6H6,734
Q15842,Q09428,999
Q9UI33,Q9UQD0,776
Q9UI33,Q8IWT1,953
Q9UI33,O60939,805
Q9UI33,P35498,829
Q9UI33,Q16620,710
Q9UI33,Q07699,907
Q9UI33,Q9NY72,739
Q9UI33,Q99250,744
P42338,P09619,960
P42338,P06401,920
P42338,P12931,967
P42338,P35968,932
P42338,Q06187,943
P42338,P09769,702
P42338,P08581,925
P42338,P22455,724
P42338,P04049,939
P42338,O00329,998
P42338,P42336,998
P42338,P11362,933
P42338,O15530,973
P42338,P10828,907
P42338,Q05655,966
P42338,P10827,900
P42338,Q14457,789
P42338,P04629,932
P42338,P36888,930
P42338,P35916,735
P42338,O00206,924
P42338,P07948,957
P42338,P16234,957
P42338,P04626,972
P42338,P21802,754
P42338,P15153,965
P42338,P29350,919
P42338,P10721,961
P42338,P31749,992
P42338,P00533,993
P42338,P42345,943
P42338,P17948,908
P42338,P06241,951
P42338,Q05513,928
P42338,P41743,917
